"Step","251028_normalized_zwidth_v1 - geom/px","251028_normalized_zwidth_v1 - geom/px__MIN","251028_normalized_zwidth_v1 - geom/px__MAX"
"1","0.1","0.1","0.1"
"17","0.1","0.1","0.1"
"18","0.1","0.1","0.1"
"22","0.1","0.1","0.1"
"26","0.1","0.1","0.1"
"34","0.1","0.1","0.1"
"36","0.1","0.1","0.1"
"49","0.1","0.1","0.1"
"59","0.1","0.1","0.1"
"60","0.1","0.1","0.1"
"64","0.1","0.1","0.1"
"67","0.1","0.1","0.1"
"73","0.1","0.1","0.1"
"77","0.1","0.1","0.1"
"78","0.1","0.1","0.1"
"88","0.1","0.1","0.1"
"92","0.1","0.1","0.1"
"95","0.1","0.1","0.1"
"97","0.1","0.1","0.1"
"103","0.09940000001515728","0.09940000001515728","0.09940000001515728"
"119","0.09800000005052426","0.09800000005052426","0.09800000005052426"
"143","0.09800000005052426","0.09800000005052426","0.09800000005052426"
"149","0.09800000005052426","0.09800000005052426","0.09800000005052426"
"151","0.09800000005052426","0.09800000005052426","0.09800000005052426"
"154","0.09800000005052426","0.09800000005052426","0.09800000005052426"
"155","0.09800000005052426","0.09800000005052426","0.09800000005052426"
"157","0.09800000005052426","0.09800000005052426","0.09800000005052426"
"160","0.09800000005052426","0.09800000005052426","0.09800000005052426"
"163","0.09800000005052426","0.09800000005052426","0.09800000005052426"
"164","0.09800000005052426","0.09800000005052426","0.09800000005052426"
"167","0.09800000005052426","0.09800000005052426","0.09800000005052426"
"172","0.09800000005052426","0.09800000005052426","0.09800000005052426"
"174","0.09800000005052426","0.09800000005052426","0.09800000005052426"
"176","0.09800000005052426","0.09800000005052426","0.09800000005052426"
"185","0.09800000005052426","0.09800000005052426","0.09800000005052426"
"193","0.09800000005052426","0.09800000005052426","0.09800000005052426"
"212","0.0976000000606291","0.0976000000606291","0.0976000000606291"
"222","0.0960000001010485","0.0960000001010485","0.0960000001010485"
"225","0.0960000001010485","0.0960000001010485","0.0960000001010485"
"231","0.0960000001010485","0.0960000001010485","0.0960000001010485"
"247","0.0960000001010485","0.0960000001010485","0.0960000001010485"
"250","0.0960000001010485","0.0960000001010485","0.0960000001010485"
"259","0.0960000001010485","0.0960000001010485","0.0960000001010485"
"266","0.0960000001010485","0.0960000001010485","0.0960000001010485"
"274","0.0960000001010485","0.0960000001010485","0.0960000001010485"
"277","0.0960000001010485","0.0960000001010485","0.0960000001010485"
"278","0.0960000001010485","0.0960000001010485","0.0960000001010485"
"281","0.0960000001010485","0.0960000001010485","0.0960000001010485"
"290","0.0960000001010485","0.0960000001010485","0.0960000001010485"
"292","0.0960000001010485","0.0960000001010485","0.0960000001010485"
"295","0.0960000001010485","0.0960000001010485","0.0960000001010485"
"301","0.0960000001010485","0.0960000001010485","0.0960000001010485"
"304","0.0960000001010485","0.0960000001010485","0.0960000001010485"
"305","0.0960000001010485","0.0960000001010485","0.0960000001010485"
"309","0.0960000001010485","0.0960000001010485","0.0960000001010485"
"314","0.0960000001010485","0.0960000001010485","0.0960000001010485"
"317","0.0960000001010485","0.0960000001010485","0.0960000001010485"
"318","0.0960000001010485","0.0960000001010485","0.0960000001010485"
"337","0.09400000015157275","0.09400000015157275","0.09400000015157275"
"353","0.09400000015157275","0.09400000015157275","0.09400000015157275"
"361","0.09400000015157275","0.09400000015157275","0.09400000015157275"
"368","0.09400000015157275","0.09400000015157275","0.09400000015157275"
"372","0.09400000015157275","0.09400000015157275","0.09400000015157275"
"382","0.09400000015157275","0.09400000015157275","0.09400000015157275"
"389","0.09400000015157275","0.09400000015157275","0.09400000015157275"
"397","0.09400000015157275","0.09400000015157275","0.09400000015157275"
"405","0.09400000015157275","0.09400000015157275","0.09400000015157275"
"414","0.09400000015157275","0.09400000015157275","0.09400000015157275"
"425","0.09400000015157275","0.09400000015157275","0.09400000015157275"
"430","0.09400000015157275","0.09400000015157275","0.09400000015157275"
"435","0.09300000017683488","0.09300000017683488","0.09300000017683488"
"447","0.092000000202097","0.092000000202097","0.092000000202097"
"455","0.092000000202097","0.092000000202097","0.092000000202097"
"461","0.092000000202097","0.092000000202097","0.092000000202097"
"465","0.092000000202097","0.092000000202097","0.092000000202097"
"472","0.092000000202097","0.092000000202097","0.092000000202097"
"477","0.092000000202097","0.092000000202097","0.092000000202097"
"482","0.092000000202097","0.092000000202097","0.092000000202097"
"490","0.092000000202097","0.092000000202097","0.092000000202097"
"497","0.092000000202097","0.092000000202097","0.092000000202097"
"503","0.092000000202097","0.092000000202097","0.092000000202097"
"506","0.092000000202097","0.092000000202097","0.092000000202097"
"511","0.092000000202097","0.092000000202097","0.092000000202097"
"515","0.092000000202097","0.092000000202097","0.092000000202097"
"517","0.092000000202097","0.092000000202097","0.092000000202097"
"519","0.092000000202097","0.092000000202097","0.092000000202097"
"526","0.092000000202097","0.092000000202097","0.092000000202097"
"534","0.092000000202097","0.092000000202097","0.092000000202097"
"549","0.09020000024756883","0.09020000024756883","0.09020000024756883"
"550","0.09000000025262125","0.09000000025262125","0.09000000025262125"
"552","0.09000000025262125","0.09000000025262125","0.09000000025262125"
"568","0.09000000025262125","0.09000000025262125","0.09000000025262125"
"575","0.09000000025262125","0.09000000025262125","0.09000000025262125"
"578","0.09000000025262125","0.09000000025262125","0.09000000025262125"
"583","0.09000000025262125","0.09000000025262125","0.09000000025262125"
"585","0.09000000025262125","0.09000000025262125","0.09000000025262125"
"586","0.09000000025262125","0.09000000025262125","0.09000000025262125"
"589","0.09000000025262125","0.09000000025262125","0.09000000025262125"
"591","0.09000000025262125","0.09000000025262125","0.09000000025262125"
"595","0.09000000025262125","0.09000000025262125","0.09000000025262125"
"597","0.09000000025262125","0.09000000025262125","0.09000000025262125"
"613","0.09000000025262125","0.09000000025262125","0.09000000025262125"
"614","0.09000000025262125","0.09000000025262125","0.09000000025262125"
"646","0.09000000025262125","0.09000000025262125","0.09000000025262125"
"647","0.09000000025262125","0.09000000025262125","0.09000000025262125"
"648","0.09000000025262125","0.09000000025262125","0.09000000025262125"
"649","0.09000000025262125","0.09000000025262125","0.09000000025262125"
"651","0.09020000024756883","0.09020000024756883","0.09020000024756883"
"652","0.0904000002425164","0.0904000002425164","0.0904000002425164"
"653","0.09060000023746398","0.09060000023746398","0.09060000023746398"
"663","0.092000000202097","0.092000000202097","0.092000000202097"
"676","0.092000000202097","0.092000000202097","0.092000000202097"
"686","0.092000000202097","0.092000000202097","0.092000000202097"
"703","0.092000000202097","0.092000000202097","0.092000000202097"
"722","0.092000000202097","0.092000000202097","0.092000000202097"
"724","0.092000000202097","0.092000000202097","0.092000000202097"
"752","0.092000000202097","0.092000000202097","0.092000000202097"
"755","0.092000000202097","0.092000000202097","0.092000000202097"
"761","0.09220000019704458","0.09220000019704458","0.09220000019704458"
"763","0.09260000018693973","0.09260000018693973","0.09260000018693973"
"774","0.09400000015157275","0.09400000015157275","0.09400000015157275"
"776","0.09400000015157275","0.09400000015157275","0.09400000015157275"
"789","0.09400000015157275","0.09400000015157275","0.09400000015157275"
"802","0.09400000015157275","0.09400000015157275","0.09400000015157275"
"805","0.09400000015157275","0.09400000015157275","0.09400000015157275"
"807","0.09400000015157275","0.09400000015157275","0.09400000015157275"
"813","0.09400000015157275","0.09400000015157275","0.09400000015157275"
"827","0.09400000015157275","0.09400000015157275","0.09400000015157275"
"840","0.09400000015157275","0.09400000015157275","0.09400000015157275"
"855","0.09400000015157275","0.09400000015157275","0.09400000015157275"
"882","0.0960000001010485","0.0960000001010485","0.0960000001010485"
"883","0.0960000001010485","0.0960000001010485","0.0960000001010485"
"885","0.0960000001010485","0.0960000001010485","0.0960000001010485"
"886","0.0960000001010485","0.0960000001010485","0.0960000001010485"
"896","0.0960000001010485","0.0960000001010485","0.0960000001010485"
"904","0.0960000001010485","0.0960000001010485","0.0960000001010485"
"914","0.0960000001010485","0.0960000001010485","0.0960000001010485"
"922","0.0960000001010485","0.0960000001010485","0.0960000001010485"
"926","0.0960000001010485","0.0960000001010485","0.0960000001010485"
"939","0.0960000001010485","0.0960000001010485","0.0960000001010485"
"940","0.0960000001010485","0.0960000001010485","0.0960000001010485"
"946","0.0960000001010485","0.0960000001010485","0.0960000001010485"
"948","0.0960000001010485","0.0960000001010485","0.0960000001010485"
"949","0.0960000001010485","0.0960000001010485","0.0960000001010485"
"950","0.0960000001010485","0.0960000001010485","0.0960000001010485"
"955","0.0960000001010485","0.0960000001010485","0.0960000001010485"
"962","0.0960000001010485","0.0960000001010485","0.0960000001010485"
"963","0.0960000001010485","0.0960000001010485","0.0960000001010485"
"965","0.0960000001010485","0.0960000001010485","0.0960000001010485"
"972","0.0960000001010485","0.0960000001010485","0.0960000001010485"
"976","0.0960000001010485","0.0960000001010485","0.0960000001010485"
"991","0.09800000005052426","0.09800000005052426","0.09800000005052426"
"997","0.09800000005052426","0.09800000005052426","0.09800000005052426"
"998","0.09800000005052426","0.09800000005052426","0.09800000005052426"
"1001","0.09800000005052426","0.09800000005052426","0.09800000005052426"
"1011","0.09800000005052426","0.09800000005052426","0.09800000005052426"
"1021","0.09800000005052426","0.09800000005052426","0.09800000005052426"
"1026","0.09800000005052426","0.09800000005052426","0.09800000005052426"
"1050","0.09800000005052426","0.09800000005052426","0.09800000005052426"
"1054","0.09800000005052426","0.09800000005052426","0.09800000005052426"
"1063","0.09800000005052426","0.09800000005052426","0.09800000005052426"
"1067","0.09800000005052426","0.09800000005052426","0.09800000005052426"
"1074","0.09800000005052426","0.09800000005052426","0.09800000005052426"
"1075","0.09800000005052426","0.09800000005052426","0.09800000005052426"
"1082","0.09800000005052426","0.09800000005052426","0.09800000005052426"
"1085","0.09800000005052426","0.09800000005052426","0.09800000005052426"
"1088","0.09800000005052426","0.09800000005052426","0.09800000005052426"
"1104","0.1","0.1","0.1"
"1113","0.1","0.1","0.1"
"1121","0.1","0.1","0.1"
"1128","0.1","0.1","0.1"
"1129","0.1","0.1","0.1"
"1131","0.1","0.1","0.1"
"1132","0.1","0.1","0.1"
"1133","0.1","0.1","0.1"
"1137","0.1","0.1","0.1"
"1138","0.1","0.1","0.1"
"1143","0.1","0.1","0.1"
"1164","0.1","0.1","0.1"
"1165","0.1","0.1","0.1"
"1168","0.1","0.1","0.1"
"1183","0.1","0.1","0.1"
"1212","0.10199999994947576","0.10199999994947576","0.10199999994947576"
"1217","0.10199999994947576","0.10199999994947576","0.10199999994947576"
"1225","0.10199999994947576","0.10199999994947576","0.10199999994947576"
"1230","0.10199999994947576","0.10199999994947576","0.10199999994947576"
"1233","0.10199999994947576","0.10199999994947576","0.10199999994947576"
"1235","0.10199999994947576","0.10199999994947576","0.10199999994947576"
"1239","0.10199999994947576","0.10199999994947576","0.10199999994947576"
"1248","0.10199999994947576","0.10199999994947576","0.10199999994947576"
"1253","0.10199999994947576","0.10199999994947576","0.10199999994947576"
"1262","0.10199999994947576","0.10199999994947576","0.10199999994947576"
"1263","0.10199999994947576","0.10199999994947576","0.10199999994947576"
"1269","0.10199999994947576","0.10199999994947576","0.10199999994947576"
"1270","0.10199999994947576","0.10199999994947576","0.10199999994947576"
"1272","0.10199999994947576","0.10199999994947576","0.10199999994947576"
"1274","0.10199999994947576","0.10199999994947576","0.10199999994947576"
"1280","0.10199999994947576","0.10199999994947576","0.10199999994947576"
"1281","0.10199999994947576","0.10199999994947576","0.10199999994947576"
"1287","0.10199999994947576","0.10199999994947576","0.10199999994947576"
"1288","0.10199999994947576","0.10199999994947576","0.10199999994947576"
"1302","0.10199999994947576","0.10199999994947576","0.10199999994947576"
"1311","0.10219999994442333","0.10219999994442333","0.10219999994442333"
"1312","0.1023999999393709","0.1023999999393709","0.1023999999393709"
"1321","0.1039999998989515","0.1039999998989515","0.1039999998989515"
"1323","0.1039999998989515","0.1039999998989515","0.1039999998989515"
"1326","0.1039999998989515","0.1039999998989515","0.1039999998989515"
"1327","0.1039999998989515","0.1039999998989515","0.1039999998989515"
"1333","0.1039999998989515","0.1039999998989515","0.1039999998989515"
"1349","0.1039999998989515","0.1039999998989515","0.1039999998989515"
"1351","0.1039999998989515","0.1039999998989515","0.1039999998989515"
"1352","0.1039999998989515","0.1039999998989515","0.1039999998989515"
"1353","0.1039999998989515","0.1039999998989515","0.1039999998989515"
"1360","0.1039999998989515","0.1039999998989515","0.1039999998989515"
"1363","0.1039999998989515","0.1039999998989515","0.1039999998989515"
"1365","0.1039999998989515","0.1039999998989515","0.1039999998989515"
"1367","0.1039999998989515","0.1039999998989515","0.1039999998989515"
"1368","0.1039999998989515","0.1039999998989515","0.1039999998989515"
"1371","0.1039999998989515","0.1039999998989515","0.1039999998989515"
"1374","0.1039999998989515","0.1039999998989515","0.1039999998989515"
"1378","0.1039999998989515","0.1039999998989515","0.1039999998989515"
"1393","0.1039999998989515","0.1039999998989515","0.1039999998989515"
"1395","0.1039999998989515","0.1039999998989515","0.1039999998989515"
"1398","0.1039999998989515","0.1039999998989515","0.1039999998989515"
"1399","0.1039999998989515","0.1039999998989515","0.1039999998989515"
"1404","0.1039999998989515","0.1039999998989515","0.1039999998989515"
"1407","0.1039999998989515","0.1039999998989515","0.1039999998989515"
"1409","0.1039999998989515","0.1039999998989515","0.1039999998989515"
"1425","0.10499999987368938","0.10499999987368938","0.10499999987368938"
"1429","0.10579999985347968","0.10579999985347968","0.10579999985347968"
"1437","0.10599999984842726","0.10599999984842726","0.10599999984842726"
"1447","0.10599999984842726","0.10599999984842726","0.10599999984842726"
"1448","0.10599999984842726","0.10599999984842726","0.10599999984842726"
"1449","0.10599999984842726","0.10599999984842726","0.10599999984842726"
"1450","0.10599999984842726","0.10599999984842726","0.10599999984842726"
"1458","0.10599999984842726","0.10599999984842726","0.10599999984842726"
"1459","0.10599999984842726","0.10599999984842726","0.10599999984842726"
"1462","0.10599999984842726","0.10599999984842726","0.10599999984842726"
"1465","0.10599999984842726","0.10599999984842726","0.10599999984842726"
"1466","0.10599999984842726","0.10599999984842726","0.10599999984842726"
"1471","0.10599999984842726","0.10599999984842726","0.10599999984842726"
"1473","0.10599999984842726","0.10599999984842726","0.10599999984842726"
"1475","0.10599999984842726","0.10599999984842726","0.10599999984842726"
"1487","0.10599999984842726","0.10599999984842726","0.10599999984842726"
"1488","0.10599999984842726","0.10599999984842726","0.10599999984842726"
"1491","0.10599999984842726","0.10599999984842726","0.10599999984842726"
"1495","0.10599999984842726","0.10599999984842726","0.10599999984842726"
"1501","0.10599999984842726","0.10599999984842726","0.10599999984842726"
"1502","0.10599999984842726","0.10599999984842726","0.10599999984842726"
"1508","0.10599999984842726","0.10599999984842726","0.10599999984842726"
"1512","0.10599999984842726","0.10599999984842726","0.10599999984842726"
"1513","0.10599999984842726","0.10599999984842726","0.10599999984842726"
"1532","0.1063999998383224","0.1063999998383224","0.1063999998383224"
"1538","0.10759999980800786","0.10759999980800786","0.10759999980800786"
"1540","0.107999999797903","0.107999999797903","0.107999999797903"
"1541","0.107999999797903","0.107999999797903","0.107999999797903"
"1542","0.107999999797903","0.107999999797903","0.107999999797903"
"1547","0.107999999797903","0.107999999797903","0.107999999797903"
"1548","0.107999999797903","0.107999999797903","0.107999999797903"
"1551","0.107999999797903","0.107999999797903","0.107999999797903"
"1552","0.107999999797903","0.107999999797903","0.107999999797903"
"1573","0.107999999797903","0.107999999797903","0.107999999797903"
"1575","0.107999999797903","0.107999999797903","0.107999999797903"
"1577","0.107999999797903","0.107999999797903","0.107999999797903"
"1586","0.107999999797903","0.107999999797903","0.107999999797903"
"1589","0.107999999797903","0.107999999797903","0.107999999797903"
"1590","0.107999999797903","0.107999999797903","0.107999999797903"
"1599","0.107999999797903","0.107999999797903","0.107999999797903"
"1601","0.107999999797903","0.107999999797903","0.107999999797903"
"1608","0.107999999797903","0.107999999797903","0.107999999797903"
"1614","0.107999999797903","0.107999999797903","0.107999999797903"
"1617","0.107999999797903","0.107999999797903","0.107999999797903"
"1628","0.107999999797903","0.107999999797903","0.107999999797903"
"1634","0.107999999797903","0.107999999797903","0.107999999797903"
"1651","0.10999999974737876","0.10999999974737876","0.10999999974737876"
"1653","0.10999999974737876","0.10999999974737876","0.10999999974737876"
"1658","0.10999999974737876","0.10999999974737876","0.10999999974737876"
"1659","0.10999999974737876","0.10999999974737876","0.10999999974737876"
"1666","0.10999999974737876","0.10999999974737876","0.10999999974737876"
"1674","0.10999999974737876","0.10999999974737876","0.10999999974737876"
"1676","0.10999999974737876","0.10999999974737876","0.10999999974737876"
"1687","0.10999999974737876","0.10999999974737876","0.10999999974737876"
"1691","0.10999999974737876","0.10999999974737876","0.10999999974737876"
"1701","0.10999999974737876","0.10999999974737876","0.10999999974737876"
"1703","0.10999999974737876","0.10999999974737876","0.10999999974737876"
"1706","0.10999999974737876","0.10999999974737876","0.10999999974737876"
"1708","0.10999999974737876","0.10999999974737876","0.10999999974737876"
"1710","0.10999999974737876","0.10999999974737876","0.10999999974737876"
"1713","0.10999999974737876","0.10999999974737876","0.10999999974737876"
"1715","0.10999999974737876","0.10999999974737876","0.10999999974737876"
"1717","0.10999999974737876","0.10999999974737876","0.10999999974737876"
"1719","0.10999999974737876","0.10999999974737876","0.10999999974737876"
"1721","0.10999999974737876","0.10999999974737876","0.10999999974737876"
"1725","0.10999999974737876","0.10999999974737876","0.10999999974737876"
"1726","0.10999999974737876","0.10999999974737876","0.10999999974737876"
"1731","0.10999999974737876","0.10999999974737876","0.10999999974737876"
"1733","0.10999999974737876","0.10999999974737876","0.10999999974737876"
"1742","0.10999999974737876","0.10999999974737876","0.10999999974737876"
"1753","0.11059999973222148","0.11059999973222148","0.11059999973222148"
"1761","0.11199999969685451","0.11199999969685451","0.11199999969685451"
"1763","0.11199999969685451","0.11199999969685451","0.11199999969685451"
"1774","0.11199999969685451","0.11199999969685451","0.11199999969685451"
"1782","0.11199999969685451","0.11199999969685451","0.11199999969685451"
"1783","0.11199999969685451","0.11199999969685451","0.11199999969685451"
"1793","0.11199999969685451","0.11199999969685451","0.11199999969685451"
"1797","0.11199999969685451","0.11199999969685451","0.11199999969685451"
"1801","0.11199999969685451","0.11199999969685451","0.11199999969685451"
"1802","0.11199999969685451","0.11199999969685451","0.11199999969685451"
"1804","0.11199999969685451","0.11199999969685451","0.11199999969685451"
"1811","0.11199999969685451","0.11199999969685451","0.11199999969685451"
"1815","0.11199999969685451","0.11199999969685451","0.11199999969685451"
"1822","0.11199999969685451","0.11199999969685451","0.11199999969685451"
"1823","0.11199999969685451","0.11199999969685451","0.11199999969685451"
"1829","0.11199999969685451","0.11199999969685451","0.11199999969685451"
"1831","0.11199999969685451","0.11199999969685451","0.11199999969685451"
"1833","0.11199999969685451","0.11199999969685451","0.11199999969685451"
"1834","0.11199999969685451","0.11199999969685451","0.11199999969685451"
"1837","0.11199999969685451","0.11199999969685451","0.11199999969685451"
"1841","0.11199999969685451","0.11199999969685451","0.11199999969685451"
"1844","0.11199999969685451","0.11199999969685451","0.11199999969685451"
"1847","0.11199999969685451","0.11199999969685451","0.11199999969685451"
"1860","0.11199999969685451","0.11199999969685451","0.11199999969685451"
"1862","0.11239999968674966","0.11239999968674966","0.11239999968674966"
"1863","0.11259999968169723","0.11259999968169723","0.11259999968169723"
"1868","0.11359999965643511","0.11359999965643511","0.11359999965643511"
"1870","0.11399999964633026","0.11399999964633026","0.11399999964633026"
"1875","0.11399999964633026","0.11399999964633026","0.11399999964633026"
"1879","0.11399999964633026","0.11399999964633026","0.11399999964633026"
"1894","0.11399999964633026","0.11399999964633026","0.11399999964633026"
"1898","0.11399999964633026","0.11399999964633026","0.11399999964633026"
"1934","0.11399999964633026","0.11399999964633026","0.11399999964633026"
"1940","0.11399999964633026","0.11399999964633026","0.11399999964633026"
"1945","0.11399999964633026","0.11399999964633026","0.11399999964633026"
"1952","0.11399999964633026","0.11399999964633026","0.11399999964633026"
"1957","0.11399999964633026","0.11399999964633026","0.11399999964633026"
"1960","0.11399999964633026","0.11399999964633026","0.11399999964633026"
"1967","0.11399999964633026","0.11399999964633026","0.11399999964633026"
"1973","0.11459999963117298","0.11459999963117298","0.11459999963117298"
"1980","0.11599999959580601","0.11599999959580601","0.11599999959580601"
"1986","0.11599999959580601","0.11599999959580601","0.11599999959580601"
"1992","0.11599999959580601","0.11599999959580601","0.11599999959580601"
"2001","0.11599999959580601","0.11599999959580601","0.11599999959580601"
"2007","0.11599999959580601","0.11599999959580601","0.11599999959580601"
"2013","0.11599999959580601","0.11599999959580601","0.11599999959580601"
"2015","0.11599999959580601","0.11599999959580601","0.11599999959580601"
"2017","0.11599999959580601","0.11599999959580601","0.11599999959580601"
"2029","0.11599999959580601","0.11599999959580601","0.11599999959580601"
"2035","0.11599999959580601","0.11599999959580601","0.11599999959580601"
"2040","0.11599999959580601","0.11599999959580601","0.11599999959580601"
"2043","0.11599999959580601","0.11599999959580601","0.11599999959580601"
"2047","0.11599999959580601","0.11599999959580601","0.11599999959580601"
"2050","0.11599999959580601","0.11599999959580601","0.11599999959580601"
"2068","0.11599999959580601","0.11599999959580601","0.11599999959580601"
"2069","0.11599999959580601","0.11599999959580601","0.11599999959580601"
"2077","0.11599999959580601","0.11599999959580601","0.11599999959580601"
"2091","0.11799999954528176","0.11799999954528176","0.11799999954528176"
"2093","0.11799999954528176","0.11799999954528176","0.11799999954528176"
"2099","0.11799999954528176","0.11799999954528176","0.11799999954528176"
"2102","0.11799999954528176","0.11799999954528176","0.11799999954528176"
"2106","0.11799999954528176","0.11799999954528176","0.11799999954528176"
"2111","0.11799999954528176","0.11799999954528176","0.11799999954528176"
"2132","0.11799999954528176","0.11799999954528176","0.11799999954528176"
"2136","0.11799999954528176","0.11799999954528176","0.11799999954528176"
"2142","0.11799999954528176","0.11799999954528176","0.11799999954528176"
"2144","0.11799999954528176","0.11799999954528176","0.11799999954528176"
"2147","0.11799999954528176","0.11799999954528176","0.11799999954528176"
"2153","0.11799999954528176","0.11799999954528176","0.11799999954528176"
"2159","0.11799999954528176","0.11799999954528176","0.11799999954528176"
"2165","0.11799999954528176","0.11799999954528176","0.11799999954528176"
"2166","0.11799999954528176","0.11799999954528176","0.11799999954528176"
"2167","0.11799999954528176","0.11799999954528176","0.11799999954528176"
"2172","0.11799999954528176","0.11799999954528176","0.11799999954528176"
"2181","0.11799999954528176","0.11799999954528176","0.11799999954528176"
"2185","0.11799999954528176","0.11799999954528176","0.11799999954528176"
"2186","0.11799999954528176","0.11799999954528176","0.11799999954528176"
"2188","0.11799999954528176","0.11799999954528176","0.11799999954528176"
"2190","0.11799999954528176","0.11799999954528176","0.11799999954528176"
"2193","0.11859999953012448","0.11859999953012448","0.11859999953012448"
"2200","0.11999999949475751","0.11999999949475751","0.11999999949475751"
"2202","0.11999999949475751","0.11999999949475751","0.11999999949475751"
"2204","0.11999999949475751","0.11999999949475751","0.11999999949475751"
"2209","0.11999999949475751","0.11999999949475751","0.11999999949475751"
"2210","0.11999999949475751","0.11999999949475751","0.11999999949475751"
"2214","0.11999999949475751","0.11999999949475751","0.11999999949475751"
"2233","0.11999999949475751","0.11999999949475751","0.11999999949475751"
"2248","0.11999999949475751","0.11999999949475751","0.11999999949475751"
"2261","0.11999999949475751","0.11999999949475751","0.11999999949475751"
"2264","0.11999999949475751","0.11999999949475751","0.11999999949475751"
"2266","0.11999999949475751","0.11999999949475751","0.11999999949475751"
"2272","0.11999999949475751","0.11999999949475751","0.11999999949475751"
"2273","0.11999999949475751","0.11999999949475751","0.11999999949475751"
"2284","0.11999999949475751","0.11999999949475751","0.11999999949475751"
"2296","0.11999999949475751","0.11999999949475751","0.11999999949475751"
"2303","0.12059999947960023","0.12059999947960023","0.12059999947960023"
"2322","0.12199999944423326","0.12199999944423326","0.12199999944423326"
"2329","0.12199999944423326","0.12199999944423326","0.12199999944423326"
"2335","0.12199999944423326","0.12199999944423326","0.12199999944423326"
"2344","0.12199999944423326","0.12199999944423326","0.12199999944423326"
"2347","0.12199999944423326","0.12199999944423326","0.12199999944423326"
"2353","0.12199999944423326","0.12199999944423326","0.12199999944423326"
"2357","0.12199999944423326","0.12199999944423326","0.12199999944423326"
"2364","0.12199999944423326","0.12199999944423326","0.12199999944423326"
"2374","0.12199999944423326","0.12199999944423326","0.12199999944423326"
"2376","0.12199999944423326","0.12199999944423326","0.12199999944423326"
"2379","0.12199999944423326","0.12199999944423326","0.12199999944423326"
"2383","0.12199999944423326","0.12199999944423326","0.12199999944423326"
"2397","0.12199999944423326","0.12199999944423326","0.12199999944423326"
"2401","0.12199999944423326","0.12199999944423326","0.12199999944423326"
"2407","0.12199999944423326","0.12199999944423326","0.12199999944423326"
"2411","0.12219999943918083","0.12219999943918083","0.12219999943918083"
"2420","0.12399999939370901","0.12399999939370901","0.12399999939370901"
"2422","0.12399999939370901","0.12399999939370901","0.12399999939370901"
"2423","0.12399999939370901","0.12399999939370901","0.12399999939370901"
"2429","0.12399999939370901","0.12399999939370901","0.12399999939370901"
"2430","0.12399999939370901","0.12399999939370901","0.12399999939370901"
"2455","0.12399999939370901","0.12399999939370901","0.12399999939370901"
"2460","0.12399999939370901","0.12399999939370901","0.12399999939370901"
"2481","0.12399999939370901","0.12399999939370901","0.12399999939370901"
"2486","0.12399999939370901","0.12399999939370901","0.12399999939370901"
"2488","0.12399999939370901","0.12399999939370901","0.12399999939370901"
"2489","0.12399999939370901","0.12399999939370901","0.12399999939370901"
"2492","0.12399999939370901","0.12399999939370901","0.12399999939370901"
"2502","0.12399999939370901","0.12399999939370901","0.12399999939370901"
"2511","0.12399999939370901","0.12399999939370901","0.12399999939370901"
"2512","0.12399999939370901","0.12399999939370901","0.12399999939370901"
"2521","0.12419999938865658","0.12419999938865658","0.12419999938865658"
"2523","0.12459999937855173","0.12459999937855173","0.12459999937855173"
"2534","0.12599999934318476","0.12599999934318476","0.12599999934318476"
"2538","0.12599999934318476","0.12599999934318476","0.12599999934318476"
"2543","0.12599999934318476","0.12599999934318476","0.12599999934318476"
"2549","0.12599999934318476","0.12599999934318476","0.12599999934318476"
"2550","0.12599999934318476","0.12599999934318476","0.12599999934318476"
"2552","0.12599999934318476","0.12599999934318476","0.12599999934318476"
"2564","0.12599999934318476","0.12599999934318476","0.12599999934318476"
"2566","0.12599999934318476","0.12599999934318476","0.12599999934318476"
"2573","0.12599999934318476","0.12599999934318476","0.12599999934318476"
"2574","0.12599999934318476","0.12599999934318476","0.12599999934318476"
"2579","0.12599999934318476","0.12599999934318476","0.12599999934318476"
"2584","0.12599999934318476","0.12599999934318476","0.12599999934318476"
"2587","0.12599999934318476","0.12599999934318476","0.12599999934318476"
"2591","0.12599999934318476","0.12599999934318476","0.12599999934318476"
"2600","0.12599999934318476","0.12599999934318476","0.12599999934318476"
"2607","0.12599999934318476","0.12599999934318476","0.12599999934318476"
"2613","0.12599999934318476","0.12599999934318476","0.12599999934318476"
"2622","0.12599999934318476","0.12599999934318476","0.12599999934318476"
"2625","0.12599999934318476","0.12599999934318476","0.12599999934318476"
"2647","0.1279999992926605","0.1279999992926605","0.1279999992926605"
"2656","0.1279999992926605","0.1279999992926605","0.1279999992926605"
"2663","0.1279999992926605","0.1279999992926605","0.1279999992926605"
"2664","0.1279999992926605","0.1279999992926605","0.1279999992926605"
"2671","0.1279999992926605","0.1279999992926605","0.1279999992926605"
"2673","0.1279999992926605","0.1279999992926605","0.1279999992926605"
"2674","0.1279999992926605","0.1279999992926605","0.1279999992926605"
"2677","0.1279999992926605","0.1279999992926605","0.1279999992926605"
"2684","0.1279999992926605","0.1279999992926605","0.1279999992926605"
"2685","0.1279999992926605","0.1279999992926605","0.1279999992926605"
"2701","0.1279999992926605","0.1279999992926605","0.1279999992926605"
"2706","0.1279999992926605","0.1279999992926605","0.1279999992926605"
"2708","0.1279999992926605","0.1279999992926605","0.1279999992926605"
"2710","0.1279999992926605","0.1279999992926605","0.1279999992926605"
"2715","0.1279999992926605","0.1279999992926605","0.1279999992926605"
"2726","0.1279999992926605","0.1279999992926605","0.1279999992926605"
"2733","0.1279999992926605","0.1279999992926605","0.1279999992926605"
"2739","0.1279999992926605","0.1279999992926605","0.1279999992926605"
"2740","0.1279999992926605","0.1279999992926605","0.1279999992926605"
"2753","0.12999999924213626","0.12999999924213626","0.12999999924213626"
"2774","0.12999999924213626","0.12999999924213626","0.12999999924213626"
"2792","0.12999999924213626","0.12999999924213626","0.12999999924213626"
"2798","0.12999999924213626","0.12999999924213626","0.12999999924213626"
"2799","0.12999999924213626","0.12999999924213626","0.12999999924213626"
"2816","0.12999999924213626","0.12999999924213626","0.12999999924213626"
"2817","0.12999999924213626","0.12999999924213626","0.12999999924213626"
"2822","0.12999999924213626","0.12999999924213626","0.12999999924213626"
"2834","0.12999999924213626","0.12999999924213626","0.12999999924213626"
"2837","0.12999999924213626","0.12999999924213626","0.12999999924213626"
"2840","0.12999999924213626","0.12999999924213626","0.12999999924213626"
"2861","0.131999999191612","0.131999999191612","0.131999999191612"
"2864","0.131999999191612","0.131999999191612","0.131999999191612"
"2866","0.131999999191612","0.131999999191612","0.131999999191612"
"2872","0.131999999191612","0.131999999191612","0.131999999191612"
"2875","0.131999999191612","0.131999999191612","0.131999999191612"
"2885","0.131999999191612","0.131999999191612","0.131999999191612"
"2894","0.131999999191612","0.131999999191612","0.131999999191612"
"2903","0.131999999191612","0.131999999191612","0.131999999191612"
"2910","0.131999999191612","0.131999999191612","0.131999999191612"
"2912","0.131999999191612","0.131999999191612","0.131999999191612"
"2917","0.131999999191612","0.131999999191612","0.131999999191612"
"2928","0.131999999191612","0.131999999191612","0.131999999191612"
"2930","0.131999999191612","0.131999999191612","0.131999999191612"
"2939","0.131999999191612","0.131999999191612","0.131999999191612"
"2942","0.131999999191612","0.131999999191612","0.131999999191612"
"2947","0.131999999191612","0.131999999191612","0.131999999191612"
"2951","0.131999999191612","0.131999999191612","0.131999999191612"
"2959","0.131999999191612","0.131999999191612","0.131999999191612"
"2976","0.13399999914108776","0.13399999914108776","0.13399999914108776"
"2978","0.13399999914108776","0.13399999914108776","0.13399999914108776"
"2984","0.13399999914108776","0.13399999914108776","0.13399999914108776"
"2993","0.13399999914108776","0.13399999914108776","0.13399999914108776"
"2997","0.13399999914108776","0.13399999914108776","0.13399999914108776"
"3004","0.13399999914108776","0.13399999914108776","0.13399999914108776"
"3010","0.13399999914108776","0.13399999914108776","0.13399999914108776"
"3018","0.13399999914108776","0.13399999914108776","0.13399999914108776"
"3028","0.13399999914108776","0.13399999914108776","0.13399999914108776"
"3030","0.13399999914108776","0.13399999914108776","0.13399999914108776"
"3031","0.13399999914108776","0.13399999914108776","0.13399999914108776"
"3053","0.13399999914108776","0.13399999914108776","0.13399999914108776"
"3067","0.13399999914108776","0.13399999914108776","0.13399999914108776"
"3069","0.13399999914108776","0.13399999914108776","0.13399999914108776"
"3070","0.13399999914108776","0.13399999914108776","0.13399999914108776"
"3071","0.13419999913603534","0.13419999913603534","0.13419999913603534"
"3074","0.13479999912087806","0.13479999912087806","0.13479999912087806"
"3084","0.1359999990905635","0.1359999990905635","0.1359999990905635"
"3086","0.1359999990905635","0.1359999990905635","0.1359999990905635"
"3092","0.1359999990905635","0.1359999990905635","0.1359999990905635"
"3097","0.1359999990905635","0.1359999990905635","0.1359999990905635"
"3109","0.1359999990905635","0.1359999990905635","0.1359999990905635"
"3112","0.1359999990905635","0.1359999990905635","0.1359999990905635"
"3118","0.1359999990905635","0.1359999990905635","0.1359999990905635"
"3122","0.1359999990905635","0.1359999990905635","0.1359999990905635"
"3125","0.1359999990905635","0.1359999990905635","0.1359999990905635"
"3154","0.1359999990905635","0.1359999990905635","0.1359999990905635"
"3164","0.1359999990905635","0.1359999990905635","0.1359999990905635"
"3168","0.1359999990905635","0.1359999990905635","0.1359999990905635"
"3177","0.1359999990905635","0.1359999990905635","0.1359999990905635"
"3207","0.13799999904003926","0.13799999904003926","0.13799999904003926"
"3215","0.13799999904003926","0.13799999904003926","0.13799999904003926"
"3216","0.13799999904003926","0.13799999904003926","0.13799999904003926"
"3222","0.13799999904003926","0.13799999904003926","0.13799999904003926"
"3225","0.13799999904003926","0.13799999904003926","0.13799999904003926"
"3231","0.13799999904003926","0.13799999904003926","0.13799999904003926"
"3239","0.13799999904003926","0.13799999904003926","0.13799999904003926"
"3252","0.13799999904003926","0.13799999904003926","0.13799999904003926"
"3264","0.13799999904003926","0.13799999904003926","0.13799999904003926"
"3274","0.13799999904003926","0.13799999904003926","0.13799999904003926"
"3275","0.13799999904003926","0.13799999904003926","0.13799999904003926"
"3297","0.1393999990046723","0.1393999990046723","0.1393999990046723"
"3305","0.139999998989515","0.139999998989515","0.139999998989515"
"3307","0.139999998989515","0.139999998989515","0.139999998989515"
"3317","0.139999998989515","0.139999998989515","0.139999998989515"
"3319","0.139999998989515","0.139999998989515","0.139999998989515"
"3329","0.139999998989515","0.139999998989515","0.139999998989515"
"3336","0.139999998989515","0.139999998989515","0.139999998989515"
"3338","0.139999998989515","0.139999998989515","0.139999998989515"
"3342","0.139999998989515","0.139999998989515","0.139999998989515"
"3344","0.139999998989515","0.139999998989515","0.139999998989515"
"3354","0.139999998989515","0.139999998989515","0.139999998989515"
"3357","0.139999998989515","0.139999998989515","0.139999998989515"
"3361","0.139999998989515","0.139999998989515","0.139999998989515"
"3366","0.139999998989515","0.139999998989515","0.139999998989515"
"3368","0.139999998989515","0.139999998989515","0.139999998989515"
"3373","0.139999998989515","0.139999998989515","0.139999998989515"
"3374","0.139999998989515","0.139999998989515","0.139999998989515"
"3383","0.139999998989515","0.139999998989515","0.139999998989515"
"3386","0.139999998989515","0.139999998989515","0.139999998989515"
"3393","0.139999998989515","0.139999998989515","0.139999998989515"
"3394","0.139999998989515","0.139999998989515","0.139999998989515"
"3399","0.139999998989515","0.139999998989515","0.139999998989515"
"3400","0.139999998989515","0.139999998989515","0.139999998989515"
"3418","0.14199999893899076","0.14199999893899076","0.14199999893899076"
"3420","0.14199999893899076","0.14199999893899076","0.14199999893899076"
"3422","0.14199999893899076","0.14199999893899076","0.14199999893899076"
"3430","0.14199999893899076","0.14199999893899076","0.14199999893899076"
"3442","0.14199999893899076","0.14199999893899076","0.14199999893899076"
"3445","0.14199999893899076","0.14199999893899076","0.14199999893899076"
"3447","0.14199999893899076","0.14199999893899076","0.14199999893899076"
"3452","0.14199999893899076","0.14199999893899076","0.14199999893899076"
"3486","0.14199999893899076","0.14199999893899076","0.14199999893899076"
"3487","0.14199999893899076","0.14199999893899076","0.14199999893899076"
"3494","0.14199999893899076","0.14199999893899076","0.14199999893899076"
"3495","0.14199999893899076","0.14199999893899076","0.14199999893899076"
"3496","0.14199999893899076","0.14199999893899076","0.14199999893899076"
"3507","0.14199999893899076","0.14199999893899076","0.14199999893899076"
"3512","0.1423999989288859","0.1423999989288859","0.1423999989288859"
"3516","0.1431999989086762","0.1431999989086762","0.1431999989086762"
"3526","0.1439999988884665","0.1439999988884665","0.1439999988884665"
"3529","0.1439999988884665","0.1439999988884665","0.1439999988884665"
"3536","0.1439999988884665","0.1439999988884665","0.1439999988884665"
"3537","0.1439999988884665","0.1439999988884665","0.1439999988884665"
"3544","0.1439999988884665","0.1439999988884665","0.1439999988884665"
"3547","0.1439999988884665","0.1439999988884665","0.1439999988884665"
"3558","0.1439999988884665","0.1439999988884665","0.1439999988884665"
"3564","0.1439999988884665","0.1439999988884665","0.1439999988884665"
"3567","0.1439999988884665","0.1439999988884665","0.1439999988884665"
"3572","0.1439999988884665","0.1439999988884665","0.1439999988884665"
"3576","0.1439999988884665","0.1439999988884665","0.1439999988884665"
"3578","0.1439999988884665","0.1439999988884665","0.1439999988884665"
"3584","0.1439999988884665","0.1439999988884665","0.1439999988884665"
"3589","0.1439999988884665","0.1439999988884665","0.1439999988884665"
"3595","0.1439999988884665","0.1439999988884665","0.1439999988884665"
"3596","0.1439999988884665","0.1439999988884665","0.1439999988884665"
"3600","0.1439999988884665","0.1439999988884665","0.1439999988884665"
"3601","0.1439999988884665","0.1439999988884665","0.1439999988884665"
"3602","0.1439999988884665","0.1439999988884665","0.1439999988884665"
"3603","0.1439999988884665","0.1439999988884665","0.1439999988884665"
"3609","0.1439999988884665","0.1439999988884665","0.1439999988884665"
"3611","0.1439999988884665","0.1439999988884665","0.1439999988884665"
"3614","0.1439999988884665","0.1439999988884665","0.1439999988884665"
"3630","0.14599999883794226","0.14599999883794226","0.14599999883794226"
"3634","0.14599999883794226","0.14599999883794226","0.14599999883794226"
"3637","0.14599999883794226","0.14599999883794226","0.14599999883794226"
"3649","0.14599999883794226","0.14599999883794226","0.14599999883794226"
"3650","0.14599999883794226","0.14599999883794226","0.14599999883794226"
"3657","0.14599999883794226","0.14599999883794226","0.14599999883794226"
"3668","0.14599999883794226","0.14599999883794226","0.14599999883794226"
"3674","0.14599999883794226","0.14599999883794226","0.14599999883794226"
"3677","0.14599999883794226","0.14599999883794226","0.14599999883794226"
"3678","0.14599999883794226","0.14599999883794226","0.14599999883794226"
"3679","0.14599999883794226","0.14599999883794226","0.14599999883794226"
"3680","0.14599999883794226","0.14599999883794226","0.14599999883794226"
"3684","0.14599999883794226","0.14599999883794226","0.14599999883794226"
"3687","0.14599999883794226","0.14599999883794226","0.14599999883794226"
"3700","0.14599999883794226","0.14599999883794226","0.14599999883794226"
"3720","0.14599999883794226","0.14599999883794226","0.14599999883794226"
"3724","0.14599999883794226","0.14599999883794226","0.14599999883794226"
"3731","0.14619999883288984","0.14619999883288984","0.14619999883288984"
"3738","0.14759999879752286","0.14759999879752286","0.14759999879752286"
"3741","0.147999998787418","0.147999998787418","0.147999998787418"
"3747","0.147999998787418","0.147999998787418","0.147999998787418"
"3750","0.147999998787418","0.147999998787418","0.147999998787418"
"3751","0.147999998787418","0.147999998787418","0.147999998787418"
"3759","0.147999998787418","0.147999998787418","0.147999998787418"
"3766","0.147999998787418","0.147999998787418","0.147999998787418"
"3768","0.147999998787418","0.147999998787418","0.147999998787418"
"3784","0.147999998787418","0.147999998787418","0.147999998787418"
"3790","0.147999998787418","0.147999998787418","0.147999998787418"
"3795","0.147999998787418","0.147999998787418","0.147999998787418"
"3804","0.147999998787418","0.147999998787418","0.147999998787418"
"3813","0.147999998787418","0.147999998787418","0.147999998787418"
"3816","0.147999998787418","0.147999998787418","0.147999998787418"
"3819","0.147999998787418","0.147999998787418","0.147999998787418"
"3837","0.147999998787418","0.147999998787418","0.147999998787418"
"3839","0.147999998787418","0.147999998787418","0.147999998787418"
"3841","0.1481999987823656","0.1481999987823656","0.1481999987823656"
"3850","0.14999999873689376","0.14999999873689376","0.14999999873689376"
"3851","0.14999999873689376","0.14999999873689376","0.14999999873689376"
"3858","0.14999999873689376","0.14999999873689376","0.14999999873689376"
"3862","0.14999999873689376","0.14999999873689376","0.14999999873689376"
"3869","0.14999999873689376","0.14999999873689376","0.14999999873689376"
"3871","0.14999999873689376","0.14999999873689376","0.14999999873689376"
"3872","0.14999999873689376","0.14999999873689376","0.14999999873689376"
"3879","0.14999999873689376","0.14999999873689376","0.14999999873689376"
"3884","0.14999999873689376","0.14999999873689376","0.14999999873689376"
"3888","0.14999999873689376","0.14999999873689376","0.14999999873689376"
"3890","0.14999999873689376","0.14999999873689376","0.14999999873689376"
"3893","0.14999999873689376","0.14999999873689376","0.14999999873689376"
"3898","0.14999999873689376","0.14999999873689376","0.14999999873689376"
"3905","0.14999999873689376","0.14999999873689376","0.14999999873689376"
"3911","0.14999999873689376","0.14999999873689376","0.14999999873689376"
"3915","0.14999999873689376","0.14999999873689376","0.14999999873689376"
"3922","0.14999999873689376","0.14999999873689376","0.14999999873689376"
"3924","0.14999999873689376","0.14999999873689376","0.14999999873689376"
"3932","0.14999999873689376","0.14999999873689376","0.14999999873689376"
"3938","0.14999999873689376","0.14999999873689376","0.14999999873689376"
"3945","0.14999999873689376","0.14999999873689376","0.14999999873689376"
"3951","0.15019999873184134","0.15019999873184134","0.15019999873184134"
"3952","0.1503999987267889","0.1503999987267889","0.1503999987267889"
"3959","0.15179999869142194","0.15179999869142194","0.15179999869142194"
"3962","0.15199999868636951","0.15199999868636951","0.15199999868636951"
"3967","0.15199999868636951","0.15199999868636951","0.15199999868636951"
"3975","0.15199999868636951","0.15199999868636951","0.15199999868636951"
"3994","0.15199999868636951","0.15199999868636951","0.15199999868636951"
"4010","0.15199999868636951","0.15199999868636951","0.15199999868636951"
"4013","0.15199999868636951","0.15199999868636951","0.15199999868636951"
"4017","0.15199999868636951","0.15199999868636951","0.15199999868636951"
"4022","0.15199999868636951","0.15199999868636951","0.15199999868636951"
"4033","0.15199999868636951","0.15199999868636951","0.15199999868636951"
"4041","0.15199999868636951","0.15199999868636951","0.15199999868636951"
"4055","0.15199999868636951","0.15199999868636951","0.15199999868636951"
"4067","0.15339999865100254","0.15339999865100254","0.15339999865100254"
"4075","0.15399999863584526","0.15399999863584526","0.15399999863584526"
"4092","0.15399999863584526","0.15399999863584526","0.15399999863584526"
"4101","0.15399999863584526","0.15399999863584526","0.15399999863584526"
"4102","0.15399999863584526","0.15399999863584526","0.15399999863584526"
"4105","0.15399999863584526","0.15399999863584526","0.15399999863584526"
"4115","0.15399999863584526","0.15399999863584526","0.15399999863584526"
"4116","0.15399999863584526","0.15399999863584526","0.15399999863584526"
"4132","0.15399999863584526","0.15399999863584526","0.15399999863584526"
"4141","0.15399999863584526","0.15399999863584526","0.15399999863584526"
"4142","0.15399999863584526","0.15399999863584526","0.15399999863584526"
"4149","0.15399999863584526","0.15399999863584526","0.15399999863584526"
"4163","0.15399999863584526","0.15399999863584526","0.15399999863584526"
"4164","0.15399999863584526","0.15399999863584526","0.15399999863584526"
"4176","0.15519999860553071","0.15519999860553071","0.15519999860553071"
"4178","0.15559999859542586","0.15559999859542586","0.15559999859542586"
"4182","0.15599999858532101","0.15599999858532101","0.15599999858532101"
"4185","0.15599999858532101","0.15599999858532101","0.15599999858532101"
"4199","0.15599999858532101","0.15599999858532101","0.15599999858532101"
"4213","0.15599999858532101","0.15599999858532101","0.15599999858532101"
"4214","0.15599999858532101","0.15599999858532101","0.15599999858532101"
"4230","0.15599999858532101","0.15599999858532101","0.15599999858532101"
"4248","0.15599999858532101","0.15599999858532101","0.15599999858532101"
"4252","0.15599999858532101","0.15599999858532101","0.15599999858532101"
"4271","0.15599999858532101","0.15599999858532101","0.15599999858532101"
"4276","0.15599999858532101","0.15599999858532101","0.15599999858532101"
"4282","0.15639999857521616","0.15639999857521616","0.15639999857521616"
"4296","0.15799999853479677","0.15799999853479677","0.15799999853479677"
"4298","0.15799999853479677","0.15799999853479677","0.15799999853479677"
"4319","0.15799999853479677","0.15799999853479677","0.15799999853479677"
"4322","0.15799999853479677","0.15799999853479677","0.15799999853479677"
"4329","0.15799999853479677","0.15799999853479677","0.15799999853479677"
"4330","0.15799999853479677","0.15799999853479677","0.15799999853479677"
"4338","0.15799999853479677","0.15799999853479677","0.15799999853479677"
"4339","0.15799999853479677","0.15799999853479677","0.15799999853479677"
"4342","0.15799999853479677","0.15799999853479677","0.15799999853479677"
"4350","0.15799999853479677","0.15799999853479677","0.15799999853479677"
"4359","0.15799999853479677","0.15799999853479677","0.15799999853479677"
"4360","0.15799999853479677","0.15799999853479677","0.15799999853479677"
"4370","0.15799999853479677","0.15799999853479677","0.15799999853479677"
"4378","0.15799999853479677","0.15799999853479677","0.15799999853479677"
"4380","0.15799999853479677","0.15799999853479677","0.15799999853479677"
"4385","0.15799999853479677","0.15799999853479677","0.15799999853479677"
"4393","0.1585999985196395","0.1585999985196395","0.1585999985196395"
"4403","0.15999999848427252","0.15999999848427252","0.15999999848427252"
"4406","0.15999999848427252","0.15999999848427252","0.15999999848427252"
"4412","0.15999999848427252","0.15999999848427252","0.15999999848427252"
"4414","0.15999999848427252","0.15999999848427252","0.15999999848427252"
"4416","0.15999999848427252","0.15999999848427252","0.15999999848427252"
"4421","0.15999999848427252","0.15999999848427252","0.15999999848427252"
"4425","0.15999999848427252","0.15999999848427252","0.15999999848427252"
"4426","0.15999999848427252","0.15999999848427252","0.15999999848427252"
"4430","0.15999999848427252","0.15999999848427252","0.15999999848427252"
"4438","0.15999999848427252","0.15999999848427252","0.15999999848427252"
"4444","0.15999999848427252","0.15999999848427252","0.15999999848427252"
"4446","0.15999999848427252","0.15999999848427252","0.15999999848427252"
"4448","0.15999999848427252","0.15999999848427252","0.15999999848427252"
"4449","0.15999999848427252","0.15999999848427252","0.15999999848427252"
"4454","0.15999999848427252","0.15999999848427252","0.15999999848427252"
"4466","0.15999999848427252","0.15999999848427252","0.15999999848427252"
"4469","0.15999999848427252","0.15999999848427252","0.15999999848427252"
"4479","0.15999999848427252","0.15999999848427252","0.15999999848427252"
"4482","0.15999999848427252","0.15999999848427252","0.15999999848427252"
"4487","0.15999999848427252","0.15999999848427252","0.15999999848427252"
"4488","0.15999999848427252","0.15999999848427252","0.15999999848427252"
"4490","0.15999999848427252","0.15999999848427252","0.15999999848427252"
"4492","0.15999999848427252","0.15999999848427252","0.15999999848427252"
"4495","0.15999999848427252","0.15999999848427252","0.15999999848427252"
"4503","0.16059999846911524","0.16059999846911524","0.16059999846911524"
"4506","0.16119999845395797","0.16119999845395797","0.16119999845395797"
"4511","0.16199999843374827","0.16199999843374827","0.16199999843374827"
"4513","0.16199999843374827","0.16199999843374827","0.16199999843374827"
"4523","0.16199999843374827","0.16199999843374827","0.16199999843374827"
"4527","0.16199999843374827","0.16199999843374827","0.16199999843374827"
"4528","0.16199999843374827","0.16199999843374827","0.16199999843374827"
"4554","0.16199999843374827","0.16199999843374827","0.16199999843374827"
"4560","0.16199999843374827","0.16199999843374827","0.16199999843374827"
"4561","0.16199999843374827","0.16199999843374827","0.16199999843374827"
"4580","0.16199999843374827","0.16199999843374827","0.16199999843374827"
"4588","0.16199999843374827","0.16199999843374827","0.16199999843374827"
"4608","0.16199999843374827","0.16199999843374827","0.16199999843374827"
"4610","0.16199999843374827","0.16199999843374827","0.16199999843374827"
"4619","0.16379999838827644","0.16379999838827644","0.16379999838827644"
"4628","0.16399999838322402","0.16399999838322402","0.16399999838322402"
"4632","0.16399999838322402","0.16399999838322402","0.16399999838322402"
"4638","0.16399999838322402","0.16399999838322402","0.16399999838322402"
"4649","0.16399999838322402","0.16399999838322402","0.16399999838322402"
"4651","0.16399999838322402","0.16399999838322402","0.16399999838322402"
"4652","0.16399999838322402","0.16399999838322402","0.16399999838322402"
"4654","0.16399999838322402","0.16399999838322402","0.16399999838322402"
"4659","0.16399999838322402","0.16399999838322402","0.16399999838322402"
"4660","0.16399999838322402","0.16399999838322402","0.16399999838322402"
"4662","0.16399999838322402","0.16399999838322402","0.16399999838322402"
"4667","0.16399999838322402","0.16399999838322402","0.16399999838322402"
"4673","0.16399999838322402","0.16399999838322402","0.16399999838322402"
"4675","0.16399999838322402","0.16399999838322402","0.16399999838322402"
"4677","0.16399999838322402","0.16399999838322402","0.16399999838322402"
"4678","0.16399999838322402","0.16399999838322402","0.16399999838322402"
"4690","0.16399999838322402","0.16399999838322402","0.16399999838322402"
"4695","0.16399999838322402","0.16399999838322402","0.16399999838322402"
"4697","0.16399999838322402","0.16399999838322402","0.16399999838322402"
"4709","0.16399999838322402","0.16399999838322402","0.16399999838322402"
"4716","0.16399999838322402","0.16399999838322402","0.16399999838322402"
"4728","0.16559999834280462","0.16559999834280462","0.16559999834280462"
"4730","0.16599999833269977","0.16599999833269977","0.16599999833269977"
"4735","0.16599999833269977","0.16599999833269977","0.16599999833269977"
"4736","0.16599999833269977","0.16599999833269977","0.16599999833269977"
"4751","0.16599999833269977","0.16599999833269977","0.16599999833269977"
"4757","0.16599999833269977","0.16599999833269977","0.16599999833269977"
"4763","0.16599999833269977","0.16599999833269977","0.16599999833269977"
"4774","0.16599999833269977","0.16599999833269977","0.16599999833269977"
"4775","0.16599999833269977","0.16599999833269977","0.16599999833269977"
"4779","0.16599999833269977","0.16599999833269977","0.16599999833269977"
"4791","0.16599999833269977","0.16599999833269977","0.16599999833269977"
"4800","0.16599999833269977","0.16599999833269977","0.16599999833269977"
"4801","0.16599999833269977","0.16599999833269977","0.16599999833269977"
"4819","0.16599999833269977","0.16599999833269977","0.16599999833269977"
"4840","0.16799999828217552","0.16799999828217552","0.16799999828217552"
"4846","0.16799999828217552","0.16799999828217552","0.16799999828217552"
"4861","0.16799999828217552","0.16799999828217552","0.16799999828217552"
"4876","0.16799999828217552","0.16799999828217552","0.16799999828217552"
"4891","0.16799999828217552","0.16799999828217552","0.16799999828217552"
"4894","0.16799999828217552","0.16799999828217552","0.16799999828217552"
"4902","0.16799999828217552","0.16799999828217552","0.16799999828217552"
"4907","0.16799999828217552","0.16799999828217552","0.16799999828217552"
"4910","0.16799999828217552","0.16799999828217552","0.16799999828217552"
"4912","0.16799999828217552","0.16799999828217552","0.16799999828217552"
"4918","0.16799999828217552","0.16799999828217552","0.16799999828217552"
"4919","0.16799999828217552","0.16799999828217552","0.16799999828217552"
"4920","0.16799999828217552","0.16799999828217552","0.16799999828217552"
"4924","0.16799999828217552","0.16799999828217552","0.16799999828217552"
"4936","0.16799999828217552","0.16799999828217552","0.16799999828217552"
"4938","0.16799999828217552","0.16799999828217552","0.16799999828217552"
"4941","0.1681999982771231","0.1681999982771231","0.1681999982771231"
"4943","0.16859999826701824","0.16859999826701824","0.16859999826701824"
"4944","0.16879999826196582","0.16879999826196582","0.16879999826196582"
"4951","0.16999999823165127","0.16999999823165127","0.16999999823165127"
"4952","0.16999999823165127","0.16999999823165127","0.16999999823165127"
"4958","0.16999999823165127","0.16999999823165127","0.16999999823165127"
"4964","0.16999999823165127","0.16999999823165127","0.16999999823165127"
"4968","0.16999999823165127","0.16999999823165127","0.16999999823165127"
"4969","0.16999999823165127","0.16999999823165127","0.16999999823165127"
"4975","0.16999999823165127","0.16999999823165127","0.16999999823165127"
"4980","0.16999999823165127","0.16999999823165127","0.16999999823165127"
"4984","0.16999999823165127","0.16999999823165127","0.16999999823165127"
"4999","0.16999999823165127","0.16999999823165127","0.16999999823165127"
"5001","0.16999999823165127","0.16999999823165127","0.16999999823165127"
"5005","0.16999999823165127","0.16999999823165127","0.16999999823165127"
"5016","0.16999999823165127","0.16999999823165127","0.16999999823165127"
"5020","0.16999999823165127","0.16999999823165127","0.16999999823165127"
"5036","0.16999999823165127","0.16999999823165127","0.16999999823165127"
"5039","0.16999999823165127","0.16999999823165127","0.16999999823165127"
"5041","0.16999999823165127","0.16999999823165127","0.16999999823165127"
"5042","0.16999999823165127","0.16999999823165127","0.16999999823165127"
"5057","0.1713999981962843","0.1713999981962843","0.1713999981962843"
"5063","0.17199999818112702","0.17199999818112702","0.17199999818112702"
"5066","0.17199999818112702","0.17199999818112702","0.17199999818112702"
"5075","0.17199999818112702","0.17199999818112702","0.17199999818112702"
"5077","0.17199999818112702","0.17199999818112702","0.17199999818112702"
"5079","0.17199999818112702","0.17199999818112702","0.17199999818112702"
"5092","0.17199999818112702","0.17199999818112702","0.17199999818112702"
"5094","0.17199999818112702","0.17199999818112702","0.17199999818112702"
"5105","0.17199999818112702","0.17199999818112702","0.17199999818112702"
"5114","0.17199999818112702","0.17199999818112702","0.17199999818112702"
"5124","0.17199999818112702","0.17199999818112702","0.17199999818112702"
"5129","0.17199999818112702","0.17199999818112702","0.17199999818112702"
"5141","0.17199999818112702","0.17199999818112702","0.17199999818112702"
"5143","0.17199999818112702","0.17199999818112702","0.17199999818112702"
"5146","0.17199999818112702","0.17199999818112702","0.17199999818112702"
"5159","0.17199999818112702","0.17199999818112702","0.17199999818112702"
"5165","0.1729999981558649","0.1729999981558649","0.1729999981558649"
"5168","0.17359999814070762","0.17359999814070762","0.17359999814070762"
"5169","0.1737999981356552","0.1737999981356552","0.1737999981356552"
"5171","0.17399999813060277","0.17399999813060277","0.17399999813060277"
"5173","0.17399999813060277","0.17399999813060277","0.17399999813060277"
"5180","0.17399999813060277","0.17399999813060277","0.17399999813060277"
"5183","0.17399999813060277","0.17399999813060277","0.17399999813060277"
"5192","0.17399999813060277","0.17399999813060277","0.17399999813060277"
"5202","0.17399999813060277","0.17399999813060277","0.17399999813060277"
"5208","0.17399999813060277","0.17399999813060277","0.17399999813060277"
"5211","0.17399999813060277","0.17399999813060277","0.17399999813060277"
"5219","0.17399999813060277","0.17399999813060277","0.17399999813060277"
"5234","0.17399999813060277","0.17399999813060277","0.17399999813060277"
"5240","0.17399999813060277","0.17399999813060277","0.17399999813060277"
"5241","0.17399999813060277","0.17399999813060277","0.17399999813060277"
"5243","0.17399999813060277","0.17399999813060277","0.17399999813060277"
"5249","0.17399999813060277","0.17399999813060277","0.17399999813060277"
"5256","0.17399999813060277","0.17399999813060277","0.17399999813060277"
"5261","0.17399999813060277","0.17399999813060277","0.17399999813060277"
"5262","0.17399999813060277","0.17399999813060277","0.17399999813060277"
"5267","0.17399999813060277","0.17399999813060277","0.17399999813060277"
"5268","0.17399999813060277","0.17399999813060277","0.17399999813060277"
"5285","0.17599999808007852","0.17599999808007852","0.17599999808007852"
"5295","0.17599999808007852","0.17599999808007852","0.17599999808007852"
"5303","0.17599999808007852","0.17599999808007852","0.17599999808007852"
"5305","0.17599999808007852","0.17599999808007852","0.17599999808007852"
"5314","0.17599999808007852","0.17599999808007852","0.17599999808007852"
"5319","0.17599999808007852","0.17599999808007852","0.17599999808007852"
"5323","0.17599999808007852","0.17599999808007852","0.17599999808007852"
"5328","0.17599999808007852","0.17599999808007852","0.17599999808007852"
"5334","0.17599999808007852","0.17599999808007852","0.17599999808007852"
"5336","0.17599999808007852","0.17599999808007852","0.17599999808007852"
"5337","0.17599999808007852","0.17599999808007852","0.17599999808007852"
"5341","0.17599999808007852","0.17599999808007852","0.17599999808007852"
"5343","0.17599999808007852","0.17599999808007852","0.17599999808007852"
"5344","0.17599999808007852","0.17599999808007852","0.17599999808007852"
"5347","0.17599999808007852","0.17599999808007852","0.17599999808007852"
"5349","0.17599999808007852","0.17599999808007852","0.17599999808007852"
"5356","0.17599999808007852","0.17599999808007852","0.17599999808007852"
"5359","0.17599999808007852","0.17599999808007852","0.17599999808007852"
"5361","0.17599999808007852","0.17599999808007852","0.17599999808007852"
"5362","0.17599999808007852","0.17599999808007852","0.17599999808007852"
"5370","0.17599999808007852","0.17599999808007852","0.17599999808007852"
"5380","0.17599999808007852","0.17599999808007852","0.17599999808007852"
"5389","0.1777999980346067","0.1777999980346067","0.1777999980346067"
"5391","0.17799999802955427","0.17799999802955427","0.17799999802955427"
"5393","0.17799999802955427","0.17799999802955427","0.17799999802955427"
"5396","0.17799999802955427","0.17799999802955427","0.17799999802955427"
"5397","0.17799999802955427","0.17799999802955427","0.17799999802955427"
"5413","0.17799999802955427","0.17799999802955427","0.17799999802955427"
"5417","0.17799999802955427","0.17799999802955427","0.17799999802955427"
"5420","0.17799999802955427","0.17799999802955427","0.17799999802955427"
"5424","0.17799999802955427","0.17799999802955427","0.17799999802955427"
"5432","0.17799999802955427","0.17799999802955427","0.17799999802955427"
"5435","0.17799999802955427","0.17799999802955427","0.17799999802955427"
"5438","0.17799999802955427","0.17799999802955427","0.17799999802955427"
"5439","0.17799999802955427","0.17799999802955427","0.17799999802955427"
"5440","0.17799999802955427","0.17799999802955427","0.17799999802955427"
"5444","0.17799999802955427","0.17799999802955427","0.17799999802955427"
"5450","0.17799999802955427","0.17799999802955427","0.17799999802955427"
"5474","0.17799999802955427","0.17799999802955427","0.17799999802955427"
"5484","0.17799999802955427","0.17799999802955427","0.17799999802955427"
"5487","0.17799999802955427","0.17799999802955427","0.17799999802955427"
"5501","0.17999999797903002","0.17999999797903002","0.17999999797903002"
"5518","0.17999999797903002","0.17999999797903002","0.17999999797903002"
"5521","0.17999999797903002","0.17999999797903002","0.17999999797903002"
"5534","0.17999999797903002","0.17999999797903002","0.17999999797903002"
"5536","0.17999999797903002","0.17999999797903002","0.17999999797903002"
"5545","0.17999999797903002","0.17999999797903002","0.17999999797903002"
"5548","0.17999999797903002","0.17999999797903002","0.17999999797903002"
"5562","0.17999999797903002","0.17999999797903002","0.17999999797903002"
"5571","0.17999999797903002","0.17999999797903002","0.17999999797903002"
"5582","0.17999999797903002","0.17999999797903002","0.17999999797903002"
"5584","0.17999999797903002","0.17999999797903002","0.17999999797903002"
"5588","0.17999999797903002","0.17999999797903002","0.17999999797903002"
"5589","0.17999999797903002","0.17999999797903002","0.17999999797903002"
"5594","0.17999999797903002","0.17999999797903002","0.17999999797903002"
"5597","0.17999999797903002","0.17999999797903002","0.17999999797903002"
"5605","0.1809999979537679","0.1809999979537679","0.1809999979537679"
"5614","0.18199999792850577","0.18199999792850577","0.18199999792850577"
"5615","0.18199999792850577","0.18199999792850577","0.18199999792850577"
"5617","0.18199999792850577","0.18199999792850577","0.18199999792850577"
"5622","0.18199999792850577","0.18199999792850577","0.18199999792850577"
"5629","0.18199999792850577","0.18199999792850577","0.18199999792850577"
"5630","0.18199999792850577","0.18199999792850577","0.18199999792850577"
"5641","0.18199999792850577","0.18199999792850577","0.18199999792850577"
"5645","0.18199999792850577","0.18199999792850577","0.18199999792850577"
"5646","0.18199999792850577","0.18199999792850577","0.18199999792850577"
"5654","0.18199999792850577","0.18199999792850577","0.18199999792850577"
"5662","0.18199999792850577","0.18199999792850577","0.18199999792850577"
"5665","0.18199999792850577","0.18199999792850577","0.18199999792850577"
"5684","0.18199999792850577","0.18199999792850577","0.18199999792850577"
"5686","0.18199999792850577","0.18199999792850577","0.18199999792850577"
"5711","0.18219999792345334","0.18219999792345334","0.18219999792345334"
"5715","0.18299999790324364","0.18299999790324364","0.18299999790324364"
"5742","0.18399999787798152","0.18399999787798152","0.18399999787798152"
"5745","0.18399999787798152","0.18399999787798152","0.18399999787798152"
"5754","0.18399999787798152","0.18399999787798152","0.18399999787798152"
"5756","0.18399999787798152","0.18399999787798152","0.18399999787798152"
"5757","0.18399999787798152","0.18399999787798152","0.18399999787798152"
"5758","0.18399999787798152","0.18399999787798152","0.18399999787798152"
"5765","0.18399999787798152","0.18399999787798152","0.18399999787798152"
"5766","0.18399999787798152","0.18399999787798152","0.18399999787798152"
"5770","0.18399999787798152","0.18399999787798152","0.18399999787798152"
"5773","0.18399999787798152","0.18399999787798152","0.18399999787798152"
"5774","0.18399999787798152","0.18399999787798152","0.18399999787798152"
"5779","0.18399999787798152","0.18399999787798152","0.18399999787798152"
"5796","0.18399999787798152","0.18399999787798152","0.18399999787798152"
"5797","0.18399999787798152","0.18399999787798152","0.18399999787798152"
"5801","0.18399999787798152","0.18399999787798152","0.18399999787798152"
"5808","0.18399999787798152","0.18399999787798152","0.18399999787798152"
"5818","0.18399999787798152","0.18399999787798152","0.18399999787798152"
"5825","0.1849999978527194","0.1849999978527194","0.1849999978527194"
"5836","0.18599999782745727","0.18599999782745727","0.18599999782745727"
"5848","0.18599999782745727","0.18599999782745727","0.18599999782745727"
"5849","0.18599999782745727","0.18599999782745727","0.18599999782745727"
"5853","0.18599999782745727","0.18599999782745727","0.18599999782745727"
"5856","0.18599999782745727","0.18599999782745727","0.18599999782745727"
"5868","0.18599999782745727","0.18599999782745727","0.18599999782745727"
"5877","0.18599999782745727","0.18599999782745727","0.18599999782745727"
"5880","0.18599999782745727","0.18599999782745727","0.18599999782745727"
"5884","0.18599999782745727","0.18599999782745727","0.18599999782745727"
"5890","0.18599999782745727","0.18599999782745727","0.18599999782745727"
"5891","0.18599999782745727","0.18599999782745727","0.18599999782745727"
"5902","0.18599999782745727","0.18599999782745727","0.18599999782745727"
"5905","0.18599999782745727","0.18599999782745727","0.18599999782745727"
"5910","0.18599999782745727","0.18599999782745727","0.18599999782745727"
"5923","0.18599999782745727","0.18599999782745727","0.18599999782745727"
"5928","0.18599999782745727","0.18599999782745727","0.18599999782745727"
"5937","0.1873999977920903","0.1873999977920903","0.1873999977920903"
"5938","0.18759999778703787","0.18759999778703787","0.18759999778703787"
"5941","0.18799999777693302","0.18799999777693302","0.18799999777693302"
"5945","0.18799999777693302","0.18799999777693302","0.18799999777693302"
"5948","0.18799999777693302","0.18799999777693302","0.18799999777693302"
"5957","0.18799999777693302","0.18799999777693302","0.18799999777693302"
"5967","0.18799999777693302","0.18799999777693302","0.18799999777693302"
"5973","0.18799999777693302","0.18799999777693302","0.18799999777693302"
"5976","0.18799999777693302","0.18799999777693302","0.18799999777693302"
"5980","0.18799999777693302","0.18799999777693302","0.18799999777693302"
"5997","0.18799999777693302","0.18799999777693302","0.18799999777693302"
"6001","0.18799999777693302","0.18799999777693302","0.18799999777693302"
"6008","0.18799999777693302","0.18799999777693302","0.18799999777693302"
"6024","0.18799999777693302","0.18799999777693302","0.18799999777693302"
"6027","0.18799999777693302","0.18799999777693302","0.18799999777693302"
"6033","0.18799999777693302","0.18799999777693302","0.18799999777693302"
"6055","0.18999999772640877","0.18999999772640877","0.18999999772640877"
"6077","0.18999999772640877","0.18999999772640877","0.18999999772640877"
"6079","0.18999999772640877","0.18999999772640877","0.18999999772640877"
"6080","0.18999999772640877","0.18999999772640877","0.18999999772640877"
"6088","0.18999999772640877","0.18999999772640877","0.18999999772640877"
"6090","0.18999999772640877","0.18999999772640877","0.18999999772640877"
"6097","0.18999999772640877","0.18999999772640877","0.18999999772640877"
"6104","0.18999999772640877","0.18999999772640877","0.18999999772640877"
"6115","0.18999999772640877","0.18999999772640877","0.18999999772640877"
"6121","0.18999999772640877","0.18999999772640877","0.18999999772640877"
"6126","0.18999999772640877","0.18999999772640877","0.18999999772640877"
"6138","0.18999999772640877","0.18999999772640877","0.18999999772640877"
"6140","0.18999999772640877","0.18999999772640877","0.18999999772640877"
"6147","0.18999999772640877","0.18999999772640877","0.18999999772640877"
"6151","0.19019999772135635","0.19019999772135635","0.19019999772135635"
"6153","0.1905999977112515","0.1905999977112515","0.1905999977112515"
"6171","0.19199999767588452","0.19199999767588452","0.19199999767588452"
"6180","0.19199999767588452","0.19199999767588452","0.19199999767588452"
"6184","0.19199999767588452","0.19199999767588452","0.19199999767588452"
"6188","0.19199999767588452","0.19199999767588452","0.19199999767588452"
"6190","0.19199999767588452","0.19199999767588452","0.19199999767588452"
"6197","0.19199999767588452","0.19199999767588452","0.19199999767588452"
"6201","0.19199999767588452","0.19199999767588452","0.19199999767588452"
"6202","0.19199999767588452","0.19199999767588452","0.19199999767588452"
"6206","0.19199999767588452","0.19199999767588452","0.19199999767588452"
"6209","0.19199999767588452","0.19199999767588452","0.19199999767588452"
"6222","0.19199999767588452","0.19199999767588452","0.19199999767588452"
"6226","0.19199999767588452","0.19199999767588452","0.19199999767588452"
"6233","0.19199999767588452","0.19199999767588452","0.19199999767588452"
"6237","0.19199999767588452","0.19199999767588452","0.19199999767588452"
"6241","0.19199999767588452","0.19199999767588452","0.19199999767588452"
"6244","0.19199999767588452","0.19199999767588452","0.19199999767588452"
"6260","0.19199999767588452","0.19199999767588452","0.19199999767588452"
"6262","0.19239999766577967","0.19239999766577967","0.19239999766577967"
"6269","0.1937999976304127","0.1937999976304127","0.1937999976304127"
"6270","0.19399999762536027","0.19399999762536027","0.19399999762536027"
"6281","0.19399999762536027","0.19399999762536027","0.19399999762536027"
"6282","0.19399999762536027","0.19399999762536027","0.19399999762536027"
"6294","0.19399999762536027","0.19399999762536027","0.19399999762536027"
"6298","0.19399999762536027","0.19399999762536027","0.19399999762536027"
"6307","0.19399999762536027","0.19399999762536027","0.19399999762536027"
"6310","0.19399999762536027","0.19399999762536027","0.19399999762536027"
"6313","0.19399999762536027","0.19399999762536027","0.19399999762536027"
"6319","0.19399999762536027","0.19399999762536027","0.19399999762536027"
"6323","0.19399999762536027","0.19399999762536027","0.19399999762536027"
"6335","0.19399999762536027","0.19399999762536027","0.19399999762536027"
"6338","0.19399999762536027","0.19399999762536027","0.19399999762536027"
"6343","0.19399999762536027","0.19399999762536027","0.19399999762536027"
"6344","0.19399999762536027","0.19399999762536027","0.19399999762536027"
"6350","0.19399999762536027","0.19399999762536027","0.19399999762536027"
"6352","0.19399999762536027","0.19399999762536027","0.19399999762536027"
"6358","0.19399999762536027","0.19399999762536027","0.19399999762536027"
"6371","0.19419999762030785","0.19419999762030785","0.19419999762030785"
"6381","0.19599999757483602","0.19599999757483602","0.19599999757483602"
"6383","0.19599999757483602","0.19599999757483602","0.19599999757483602"
"6388","0.19599999757483602","0.19599999757483602","0.19599999757483602"
"6397","0.19599999757483602","0.19599999757483602","0.19599999757483602"
"6403","0.19599999757483602","0.19599999757483602","0.19599999757483602"
"6415","0.19599999757483602","0.19599999757483602","0.19599999757483602"
"6423","0.19599999757483602","0.19599999757483602","0.19599999757483602"
"6427","0.19599999757483602","0.19599999757483602","0.19599999757483602"
"6431","0.19599999757483602","0.19599999757483602","0.19599999757483602"
"6439","0.19599999757483602","0.19599999757483602","0.19599999757483602"
"6441","0.19599999757483602","0.19599999757483602","0.19599999757483602"
"6443","0.19599999757483602","0.19599999757483602","0.19599999757483602"
"6448","0.19599999757483602","0.19599999757483602","0.19599999757483602"
"6456","0.19599999757483602","0.19599999757483602","0.19599999757483602"
"6460","0.19599999757483602","0.19599999757483602","0.19599999757483602"
"6466","0.19599999757483602","0.19599999757483602","0.19599999757483602"
"6472","0.19599999757483602","0.19599999757483602","0.19599999757483602"
"6474","0.19599999757483602","0.19599999757483602","0.19599999757483602"
"6485","0.1969999975495739","0.1969999975495739","0.1969999975495739"
"6487","0.19739999753946905","0.19739999753946905","0.19739999753946905"
"6495","0.19799999752431177","0.19799999752431177","0.19799999752431177"
"6496","0.19799999752431177","0.19799999752431177","0.19799999752431177"
"6511","0.19799999752431177","0.19799999752431177","0.19799999752431177"
"6512","0.19799999752431177","0.19799999752431177","0.19799999752431177"
"6516","0.19799999752431177","0.19799999752431177","0.19799999752431177"
"6523","0.19799999752431177","0.19799999752431177","0.19799999752431177"
"6527","0.19799999752431177","0.19799999752431177","0.19799999752431177"
"6535","0.19799999752431177","0.19799999752431177","0.19799999752431177"
"6536","0.19799999752431177","0.19799999752431177","0.19799999752431177"
"6537","0.19799999752431177","0.19799999752431177","0.19799999752431177"
"6539","0.19799999752431177","0.19799999752431177","0.19799999752431177"
"6540","0.19799999752431177","0.19799999752431177","0.19799999752431177"
"6552","0.19799999752431177","0.19799999752431177","0.19799999752431177"
"6553","0.19799999752431177","0.19799999752431177","0.19799999752431177"
"6556","0.19799999752431177","0.19799999752431177","0.19799999752431177"
"6557","0.19799999752431177","0.19799999752431177","0.19799999752431177"
"6563","0.19799999752431177","0.19799999752431177","0.19799999752431177"
"6566","0.19799999752431177","0.19799999752431177","0.19799999752431177"
"6576","0.19799999752431177","0.19799999752431177","0.19799999752431177"
"6579","0.19799999752431177","0.19799999752431177","0.19799999752431177"
"6580","0.19799999752431177","0.19799999752431177","0.19799999752431177"
"6586","0.19799999752431177","0.19799999752431177","0.19799999752431177"
"6596","0.19919999749399722","0.19919999749399722","0.19919999749399722"
"6604","0.19999999747378752","0.19999999747378752","0.19999999747378752"
"6607","0.19999999747378752","0.19999999747378752","0.19999999747378752"
"6611","0.19999999747378752","0.19999999747378752","0.19999999747378752"
"6628","0.19999999747378752","0.19999999747378752","0.19999999747378752"
"6631","0.19999999747378752","0.19999999747378752","0.19999999747378752"
"6644","0.19999999747378752","0.19999999747378752","0.19999999747378752"
"6645","0.19999999747378752","0.19999999747378752","0.19999999747378752"
"6646","0.19999999747378752","0.19999999747378752","0.19999999747378752"
"6652","0.19999999747378752","0.19999999747378752","0.19999999747378752"
"6660","0.19999999747378752","0.19999999747378752","0.19999999747378752"
"6674","0.19999999747378752","0.19999999747378752","0.19999999747378752"
"6677","0.19999999747378752","0.19999999747378752","0.19999999747378752"
"6679","0.19999999747378752","0.19999999747378752","0.19999999747378752"
"6686","0.19999999747378752","0.19999999747378752","0.19999999747378752"
"6692","0.19999999747378752","0.19999999747378752","0.19999999747378752"
"6693","0.19999999747378752","0.19999999747378752","0.19999999747378752"
"6696","0.19999999747378752","0.19999999747378752","0.19999999747378752"
"6701","0.2001999974687351","0.2001999974687351","0.2001999974687351"
"6737","0.20199999742326327","0.20199999742326327","0.20199999742326327"
"6743","0.20199999742326327","0.20199999742326327","0.20199999742326327"
"6748","0.20199999742326327","0.20199999742326327","0.20199999742326327"
"6750","0.20199999742326327","0.20199999742326327","0.20199999742326327"
"6760","0.20199999742326327","0.20199999742326327","0.20199999742326327"
"6763","0.20199999742326327","0.20199999742326327","0.20199999742326327"
"6764","0.20199999742326327","0.20199999742326327","0.20199999742326327"
"6776","0.20199999742326327","0.20199999742326327","0.20199999742326327"
"6781","0.20199999742326327","0.20199999742326327","0.20199999742326327"
"6783","0.20199999742326327","0.20199999742326327","0.20199999742326327"
"6790","0.20199999742326327","0.20199999742326327","0.20199999742326327"
"6804","0.20199999742326327","0.20199999742326327","0.20199999742326327"
"6816","0.20319999739294872","0.20319999739294872","0.20319999739294872"
"6827","0.20399999737273902","0.20399999737273902","0.20399999737273902"
"6828","0.20399999737273902","0.20399999737273902","0.20399999737273902"
"6829","0.20399999737273902","0.20399999737273902","0.20399999737273902"
"6831","0.20399999737273902","0.20399999737273902","0.20399999737273902"
"6835","0.20399999737273902","0.20399999737273902","0.20399999737273902"
"6837","0.20399999737273902","0.20399999737273902","0.20399999737273902"
"6856","0.20399999737273902","0.20399999737273902","0.20399999737273902"
"6870","0.20399999737273902","0.20399999737273902","0.20399999737273902"
"6887","0.20399999737273902","0.20399999737273902","0.20399999737273902"
"6895","0.20399999737273902","0.20399999737273902","0.20399999737273902"
"6899","0.20399999737273902","0.20399999737273902","0.20399999737273902"
"6901","0.20399999737273902","0.20399999737273902","0.20399999737273902"
"6903","0.20399999737273902","0.20399999737273902","0.20399999737273902"
"6925","0.2049999973474769","0.2049999973474769","0.2049999973474769"
"6935","0.20599999732221477","0.20599999732221477","0.20599999732221477"
"6945","0.20599999732221477","0.20599999732221477","0.20599999732221477"
"6948","0.20599999732221477","0.20599999732221477","0.20599999732221477"
"6951","0.20599999732221477","0.20599999732221477","0.20599999732221477"
"6956","0.20599999732221477","0.20599999732221477","0.20599999732221477"
"6962","0.20599999732221477","0.20599999732221477","0.20599999732221477"
"6974","0.20599999732221477","0.20599999732221477","0.20599999732221477"
"6981","0.20599999732221477","0.20599999732221477","0.20599999732221477"
"6988","0.20599999732221477","0.20599999732221477","0.20599999732221477"
"6995","0.20599999732221477","0.20599999732221477","0.20599999732221477"
"7005","0.20599999732221477","0.20599999732221477","0.20599999732221477"
"7008","0.20599999732221477","0.20599999732221477","0.20599999732221477"
"7011","0.20599999732221477","0.20599999732221477","0.20599999732221477"
"7018","0.20599999732221477","0.20599999732221477","0.20599999732221477"
"7019","0.20599999732221477","0.20599999732221477","0.20599999732221477"
"7052","0.20799999727169052","0.20799999727169052","0.20799999727169052"
"7057","0.20799999727169052","0.20799999727169052","0.20799999727169052"
"7060","0.20799999727169052","0.20799999727169052","0.20799999727169052"
"7062","0.20799999727169052","0.20799999727169052","0.20799999727169052"
"7065","0.20799999727169052","0.20799999727169052","0.20799999727169052"
"7067","0.20799999727169052","0.20799999727169052","0.20799999727169052"
"7078","0.20799999727169052","0.20799999727169052","0.20799999727169052"
"7091","0.20799999727169052","0.20799999727169052","0.20799999727169052"
"7092","0.20799999727169052","0.20799999727169052","0.20799999727169052"
"7095","0.20799999727169052","0.20799999727169052","0.20799999727169052"
"7113","0.20799999727169052","0.20799999727169052","0.20799999727169052"
"7115","0.20799999727169052","0.20799999727169052","0.20799999727169052"
"7122","0.20799999727169052","0.20799999727169052","0.20799999727169052"
"7138","0.20799999727169052","0.20799999727169052","0.20799999727169052"
"7150","0.20999999722116627","0.20999999722116627","0.20999999722116627"
"7160","0.20999999722116627","0.20999999722116627","0.20999999722116627"
"7163","0.20999999722116627","0.20999999722116627","0.20999999722116627"
"7167","0.20999999722116627","0.20999999722116627","0.20999999722116627"
"7174","0.20999999722116627","0.20999999722116627","0.20999999722116627"
"7189","0.20999999722116627","0.20999999722116627","0.20999999722116627"
"7201","0.20999999722116627","0.20999999722116627","0.20999999722116627"
"7207","0.20999999722116627","0.20999999722116627","0.20999999722116627"
"7208","0.20999999722116627","0.20999999722116627","0.20999999722116627"
"7213","0.20999999722116627","0.20999999722116627","0.20999999722116627"
"7215","0.20999999722116627","0.20999999722116627","0.20999999722116627"
"7227","0.20999999722116627","0.20999999722116627","0.20999999722116627"
"7237","0.20999999722116627","0.20999999722116627","0.20999999722116627"
"7239","0.20999999722116627","0.20999999722116627","0.20999999722116627"
"7240","0.20999999722116627","0.20999999722116627","0.20999999722116627"
"7242","0.20999999722116627","0.20999999722116627","0.20999999722116627"
"7246","0.20999999722116627","0.20999999722116627","0.20999999722116627"
"7249","0.20999999722116627","0.20999999722116627","0.20999999722116627"
"7261","0.21199999717064202","0.21199999717064202","0.21199999717064202"
"7265","0.21199999717064202","0.21199999717064202","0.21199999717064202"
"7270","0.21199999717064202","0.21199999717064202","0.21199999717064202"
"7275","0.21199999717064202","0.21199999717064202","0.21199999717064202"
"7276","0.21199999717064202","0.21199999717064202","0.21199999717064202"
"7287","0.21199999717064202","0.21199999717064202","0.21199999717064202"
"7293","0.21199999717064202","0.21199999717064202","0.21199999717064202"
"7294","0.21199999717064202","0.21199999717064202","0.21199999717064202"
"7299","0.21199999717064202","0.21199999717064202","0.21199999717064202"
"7300","0.21199999717064202","0.21199999717064202","0.21199999717064202"
"7302","0.21199999717064202","0.21199999717064202","0.21199999717064202"
"7309","0.21199999717064202","0.21199999717064202","0.21199999717064202"
"7316","0.21199999717064202","0.21199999717064202","0.21199999717064202"
"7326","0.21199999717064202","0.21199999717064202","0.21199999717064202"
"7330","0.21199999717064202","0.21199999717064202","0.21199999717064202"
"7331","0.21199999717064202","0.21199999717064202","0.21199999717064202"
"7333","0.21199999717064202","0.21199999717064202","0.21199999717064202"
"7345","0.21199999717064202","0.21199999717064202","0.21199999717064202"
"7346","0.21199999717064202","0.21199999717064202","0.21199999717064202"
"7350","0.21199999717064202","0.21199999717064202","0.21199999717064202"
"7358","0.21199999717064202","0.21199999717064202","0.21199999717064202"
"7362","0.21239999716053717","0.21239999716053717","0.21239999716053717"
"7365","0.2129999971453799","0.2129999971453799","0.2129999971453799"
"7374","0.21399999712011777","0.21399999712011777","0.21399999712011777"
"7379","0.21399999712011777","0.21399999712011777","0.21399999712011777"
"7384","0.21399999712011777","0.21399999712011777","0.21399999712011777"
"7385","0.21399999712011777","0.21399999712011777","0.21399999712011777"
"7390","0.21399999712011777","0.21399999712011777","0.21399999712011777"
"7391","0.21399999712011777","0.21399999712011777","0.21399999712011777"
"7401","0.21399999712011777","0.21399999712011777","0.21399999712011777"
"7417","0.21399999712011777","0.21399999712011777","0.21399999712011777"
"7432","0.21399999712011777","0.21399999712011777","0.21399999712011777"
"7442","0.21399999712011777","0.21399999712011777","0.21399999712011777"
"7452","0.21399999712011777","0.21399999712011777","0.21399999712011777"
"7455","0.21399999712011777","0.21399999712011777","0.21399999712011777"
"7460","0.21399999712011777","0.21399999712011777","0.21399999712011777"
"7465","0.21399999712011777","0.21399999712011777","0.21399999712011777"
"7473","0.2145999971049605","0.2145999971049605","0.2145999971049605"
"7499","0.21599999706959352","0.21599999706959352","0.21599999706959352"
"7507","0.21599999706959352","0.21599999706959352","0.21599999706959352"
"7510","0.21599999706959352","0.21599999706959352","0.21599999706959352"
"7513","0.21599999706959352","0.21599999706959352","0.21599999706959352"
"7515","0.21599999706959352","0.21599999706959352","0.21599999706959352"
"7521","0.21599999706959352","0.21599999706959352","0.21599999706959352"
"7524","0.21599999706959352","0.21599999706959352","0.21599999706959352"
"7539","0.21599999706959352","0.21599999706959352","0.21599999706959352"
"7540","0.21599999706959352","0.21599999706959352","0.21599999706959352"
"7548","0.21599999706959352","0.21599999706959352","0.21599999706959352"
"7559","0.21599999706959352","0.21599999706959352","0.21599999706959352"
"7560","0.21599999706959352","0.21599999706959352","0.21599999706959352"
"7567","0.21599999706959352","0.21599999706959352","0.21599999706959352"
"7568","0.21599999706959352","0.21599999706959352","0.21599999706959352"
"7575","0.21599999706959352","0.21599999706959352","0.21599999706959352"
"7576","0.21599999706959352","0.21599999706959352","0.21599999706959352"
"7579","0.21599999706959352","0.21599999706959352","0.21599999706959352"
"7588","0.21759999702917412","0.21759999702917412","0.21759999702917412"
"7592","0.21799999701906927","0.21799999701906927","0.21799999701906927"
"7601","0.21799999701906927","0.21799999701906927","0.21799999701906927"
"7607","0.21799999701906927","0.21799999701906927","0.21799999701906927"
"7609","0.21799999701906927","0.21799999701906927","0.21799999701906927"
"7614","0.21799999701906927","0.21799999701906927","0.21799999701906927"
"7615","0.21799999701906927","0.21799999701906927","0.21799999701906927"
"7622","0.21799999701906927","0.21799999701906927","0.21799999701906927"
"7639","0.21799999701906927","0.21799999701906927","0.21799999701906927"
"7640","0.21799999701906927","0.21799999701906927","0.21799999701906927"
"7642","0.21799999701906927","0.21799999701906927","0.21799999701906927"
"7645","0.21799999701906927","0.21799999701906927","0.21799999701906927"
"7651","0.21799999701906927","0.21799999701906927","0.21799999701906927"
"7653","0.21799999701906927","0.21799999701906927","0.21799999701906927"
"7657","0.21799999701906927","0.21799999701906927","0.21799999701906927"
"7660","0.21799999701906927","0.21799999701906927","0.21799999701906927"
"7662","0.21799999701906927","0.21799999701906927","0.21799999701906927"
"7668","0.21799999701906927","0.21799999701906927","0.21799999701906927"
"7671","0.21799999701906927","0.21799999701906927","0.21799999701906927"
"7675","0.21799999701906927","0.21799999701906927","0.21799999701906927"
"7687","0.21799999701906927","0.21799999701906927","0.21799999701906927"
"7709","0.21999999696854503","0.21999999696854503","0.21999999696854503"
"7711","0.21999999696854503","0.21999999696854503","0.21999999696854503"
"7714","0.21999999696854503","0.21999999696854503","0.21999999696854503"
"7718","0.21999999696854503","0.21999999696854503","0.21999999696854503"
"7723","0.21999999696854503","0.21999999696854503","0.21999999696854503"
"7732","0.21999999696854503","0.21999999696854503","0.21999999696854503"
"7740","0.21999999696854503","0.21999999696854503","0.21999999696854503"
"7756","0.21999999696854503","0.21999999696854503","0.21999999696854503"
"7761","0.21999999696854503","0.21999999696854503","0.21999999696854503"
"7762","0.21999999696854503","0.21999999696854503","0.21999999696854503"
"7777","0.21999999696854503","0.21999999696854503","0.21999999696854503"
"7795","0.21999999696854503","0.21999999696854503","0.21999999696854503"
"7800","0.21999999696854503","0.21999999696854503","0.21999999696854503"
"7803","0.22059999695338775","0.22059999695338775","0.22059999695338775"
"7810","0.22199999691802078","0.22199999691802078","0.22199999691802078"
"7811","0.22199999691802078","0.22199999691802078","0.22199999691802078"
"7815","0.22199999691802078","0.22199999691802078","0.22199999691802078"
"7825","0.22199999691802078","0.22199999691802078","0.22199999691802078"
"7834","0.22199999691802078","0.22199999691802078","0.22199999691802078"
"7838","0.22199999691802078","0.22199999691802078","0.22199999691802078"
"7839","0.22199999691802078","0.22199999691802078","0.22199999691802078"
"7844","0.22199999691802078","0.22199999691802078","0.22199999691802078"
"7849","0.22199999691802078","0.22199999691802078","0.22199999691802078"
"7851","0.22199999691802078","0.22199999691802078","0.22199999691802078"
"7856","0.22199999691802078","0.22199999691802078","0.22199999691802078"
"7859","0.22199999691802078","0.22199999691802078","0.22199999691802078"
"7864","0.22199999691802078","0.22199999691802078","0.22199999691802078"
"7868","0.22199999691802078","0.22199999691802078","0.22199999691802078"
"7872","0.22199999691802078","0.22199999691802078","0.22199999691802078"
"7875","0.22199999691802078","0.22199999691802078","0.22199999691802078"
"7884","0.22199999691802078","0.22199999691802078","0.22199999691802078"
"7886","0.22199999691802078","0.22199999691802078","0.22199999691802078"
"7895","0.22199999691802078","0.22199999691802078","0.22199999691802078"
"7899","0.22199999691802078","0.22199999691802078","0.22199999691802078"
"7902","0.22199999691802078","0.22199999691802078","0.22199999691802078"
"7905","0.22199999691802078","0.22199999691802078","0.22199999691802078"
"7909","0.22199999691802078","0.22199999691802078","0.22199999691802078"
"7913","0.2225999969028635","0.2225999969028635","0.2225999969028635"
"7918","0.22359999687760138","0.22359999687760138","0.22359999687760138"
"7940","0.22399999686749653","0.22399999686749653","0.22399999686749653"
"7942","0.22399999686749653","0.22399999686749653","0.22399999686749653"
"7946","0.22399999686749653","0.22399999686749653","0.22399999686749653"
"7954","0.22399999686749653","0.22399999686749653","0.22399999686749653"
"7955","0.22399999686749653","0.22399999686749653","0.22399999686749653"
"7963","0.22399999686749653","0.22399999686749653","0.22399999686749653"
"7968","0.22399999686749653","0.22399999686749653","0.22399999686749653"
"7973","0.22399999686749653","0.22399999686749653","0.22399999686749653"
"7974","0.22399999686749653","0.22399999686749653","0.22399999686749653"
"7993","0.22399999686749653","0.22399999686749653","0.22399999686749653"
"7995","0.22399999686749653","0.22399999686749653","0.22399999686749653"
"8005","0.22399999686749653","0.22399999686749653","0.22399999686749653"
"8009","0.22399999686749653","0.22399999686749653","0.22399999686749653"
"8019","0.22399999686749653","0.22399999686749653","0.22399999686749653"
"8037","0.22599999681697228","0.22599999681697228","0.22599999681697228"
"8051","0.22599999681697228","0.22599999681697228","0.22599999681697228"
"8053","0.22599999681697228","0.22599999681697228","0.22599999681697228"
"8056","0.22599999681697228","0.22599999681697228","0.22599999681697228"
"8060","0.22599999681697228","0.22599999681697228","0.22599999681697228"
"8065","0.22599999681697228","0.22599999681697228","0.22599999681697228"
"8067","0.22599999681697228","0.22599999681697228","0.22599999681697228"
"8074","0.22599999681697228","0.22599999681697228","0.22599999681697228"
"8082","0.22599999681697228","0.22599999681697228","0.22599999681697228"
"8089","0.22599999681697228","0.22599999681697228","0.22599999681697228"
"8091","0.22599999681697228","0.22599999681697228","0.22599999681697228"
"8093","0.22599999681697228","0.22599999681697228","0.22599999681697228"
"8096","0.22599999681697228","0.22599999681697228","0.22599999681697228"
"8097","0.22599999681697228","0.22599999681697228","0.22599999681697228"
"8102","0.22599999681697228","0.22599999681697228","0.22599999681697228"
"8107","0.22599999681697228","0.22599999681697228","0.22599999681697228"
"8109","0.22599999681697228","0.22599999681697228","0.22599999681697228"
"8113","0.22599999681697228","0.22599999681697228","0.22599999681697228"
"8130","0.22599999681697228","0.22599999681697228","0.22599999681697228"
"8134","0.22679999679676258","0.22679999679676258","0.22679999679676258"
"8136","0.22719999678665773","0.22719999678665773","0.22719999678665773"
"8137","0.2273999967816053","0.2273999967816053","0.2273999967816053"
"8140","0.22799999676644803","0.22799999676644803","0.22799999676644803"
"8144","0.22799999676644803","0.22799999676644803","0.22799999676644803"
"8148","0.22799999676644803","0.22799999676644803","0.22799999676644803"
"8149","0.22799999676644803","0.22799999676644803","0.22799999676644803"
"8152","0.22799999676644803","0.22799999676644803","0.22799999676644803"
"8153","0.22799999676644803","0.22799999676644803","0.22799999676644803"
"8154","0.22799999676644803","0.22799999676644803","0.22799999676644803"
"8167","0.22799999676644803","0.22799999676644803","0.22799999676644803"
"8176","0.22799999676644803","0.22799999676644803","0.22799999676644803"
"8187","0.22799999676644803","0.22799999676644803","0.22799999676644803"
"8190","0.22799999676644803","0.22799999676644803","0.22799999676644803"
"8198","0.22799999676644803","0.22799999676644803","0.22799999676644803"
"8199","0.22799999676644803","0.22799999676644803","0.22799999676644803"
"8203","0.22799999676644803","0.22799999676644803","0.22799999676644803"
"8205","0.22799999676644803","0.22799999676644803","0.22799999676644803"
"8207","0.22799999676644803","0.22799999676644803","0.22799999676644803"
"8210","0.22799999676644803","0.22799999676644803","0.22799999676644803"
"8224","0.22799999676644803","0.22799999676644803","0.22799999676644803"
"8232","0.22799999676644803","0.22799999676644803","0.22799999676644803"
"8236","0.22799999676644803","0.22799999676644803","0.22799999676644803"
"8241","0.2281999967613956","0.2281999967613956","0.2281999967613956"
"8260","0.22999999671592378","0.22999999671592378","0.22999999671592378"
"8261","0.22999999671592378","0.22999999671592378","0.22999999671592378"
"8267","0.22999999671592378","0.22999999671592378","0.22999999671592378"
"8270","0.22999999671592378","0.22999999671592378","0.22999999671592378"
"8271","0.22999999671592378","0.22999999671592378","0.22999999671592378"
"8283","0.22999999671592378","0.22999999671592378","0.22999999671592378"
"8285","0.22999999671592378","0.22999999671592378","0.22999999671592378"
"8288","0.22999999671592378","0.22999999671592378","0.22999999671592378"
"8290","0.22999999671592378","0.22999999671592378","0.22999999671592378"
"8295","0.22999999671592378","0.22999999671592378","0.22999999671592378"
"8308","0.22999999671592378","0.22999999671592378","0.22999999671592378"
"8312","0.22999999671592378","0.22999999671592378","0.22999999671592378"
"8319","0.22999999671592378","0.22999999671592378","0.22999999671592378"
"8331","0.22999999671592378","0.22999999671592378","0.22999999671592378"
"8332","0.22999999671592378","0.22999999671592378","0.22999999671592378"
"8335","0.22999999671592378","0.22999999671592378","0.22999999671592378"
"8337","0.22999999671592378","0.22999999671592378","0.22999999671592378"
"8340","0.22999999671592378","0.22999999671592378","0.22999999671592378"
"8344","0.22999999671592378","0.22999999671592378","0.22999999671592378"
"8355","0.23099999669066165","0.23099999669066165","0.23099999669066165"
"8373","0.23199999666539953","0.23199999666539953","0.23199999666539953"
"8378","0.23199999666539953","0.23199999666539953","0.23199999666539953"
"8391","0.23199999666539953","0.23199999666539953","0.23199999666539953"
"8394","0.23199999666539953","0.23199999666539953","0.23199999666539953"
"8399","0.23199999666539953","0.23199999666539953","0.23199999666539953"
"8414","0.23199999666539953","0.23199999666539953","0.23199999666539953"
"8419","0.23199999666539953","0.23199999666539953","0.23199999666539953"
"8423","0.23199999666539953","0.23199999666539953","0.23199999666539953"
"8424","0.23199999666539953","0.23199999666539953","0.23199999666539953"
"8425","0.23199999666539953","0.23199999666539953","0.23199999666539953"
"8426","0.23199999666539953","0.23199999666539953","0.23199999666539953"
"8434","0.23199999666539953","0.23199999666539953","0.23199999666539953"
"8435","0.23199999666539953","0.23199999666539953","0.23199999666539953"
"8449","0.23199999666539953","0.23199999666539953","0.23199999666539953"
"8458","0.23199999666539953","0.23199999666539953","0.23199999666539953"
"8462","0.23239999665529468","0.23239999665529468","0.23239999665529468"
"8468","0.23359999662498013","0.23359999662498013","0.23359999662498013"
"8475","0.23399999661487528","0.23399999661487528","0.23399999661487528"
"8476","0.23399999661487528","0.23399999661487528","0.23399999661487528"
"8486","0.23399999661487528","0.23399999661487528","0.23399999661487528"
"8493","0.23399999661487528","0.23399999661487528","0.23399999661487528"
"8506","0.23399999661487528","0.23399999661487528","0.23399999661487528"
"8510","0.23399999661487528","0.23399999661487528","0.23399999661487528"
"8511","0.23399999661487528","0.23399999661487528","0.23399999661487528"
"8516","0.23399999661487528","0.23399999661487528","0.23399999661487528"
"8529","0.23399999661487528","0.23399999661487528","0.23399999661487528"
"8533","0.23399999661487528","0.23399999661487528","0.23399999661487528"
"8545","0.23399999661487528","0.23399999661487528","0.23399999661487528"
"8548","0.23399999661487528","0.23399999661487528","0.23399999661487528"
"8552","0.23399999661487528","0.23399999661487528","0.23399999661487528"
"8570","0.23399999661487528","0.23399999661487528","0.23399999661487528"
"8580","0.23599999656435103","0.23599999656435103","0.23599999656435103"
"8585","0.23599999656435103","0.23599999656435103","0.23599999656435103"
"8590","0.23599999656435103","0.23599999656435103","0.23599999656435103"
"8591","0.23599999656435103","0.23599999656435103","0.23599999656435103"
"8592","0.23599999656435103","0.23599999656435103","0.23599999656435103"
"8611","0.23599999656435103","0.23599999656435103","0.23599999656435103"
"8620","0.23599999656435103","0.23599999656435103","0.23599999656435103"
"8622","0.23599999656435103","0.23599999656435103","0.23599999656435103"
"8623","0.23599999656435103","0.23599999656435103","0.23599999656435103"
"8633","0.23599999656435103","0.23599999656435103","0.23599999656435103"
"8662","0.23599999656435103","0.23599999656435103","0.23599999656435103"
"8667","0.23599999656435103","0.23599999656435103","0.23599999656435103"
"8670","0.23599999656435103","0.23599999656435103","0.23599999656435103"
"8677","0.23599999656435103","0.23599999656435103","0.23599999656435103"
"8685","0.2369999965390889","0.2369999965390889","0.2369999965390889"
"8688","0.23759999652393163","0.23759999652393163","0.23759999652393163"
"8692","0.23799999651382678","0.23799999651382678","0.23799999651382678"
"8715","0.23799999651382678","0.23799999651382678","0.23799999651382678"
"8723","0.23799999651382678","0.23799999651382678","0.23799999651382678"
"8724","0.23799999651382678","0.23799999651382678","0.23799999651382678"
"8725","0.23799999651382678","0.23799999651382678","0.23799999651382678"
"8728","0.23799999651382678","0.23799999651382678","0.23799999651382678"
"8737","0.23799999651382678","0.23799999651382678","0.23799999651382678"
"8753","0.23799999651382678","0.23799999651382678","0.23799999651382678"
"8764","0.23799999651382678","0.23799999651382678","0.23799999651382678"
"8779","0.23799999651382678","0.23799999651382678","0.23799999651382678"
"8784","0.23799999651382678","0.23799999651382678","0.23799999651382678"
"8785","0.23799999651382678","0.23799999651382678","0.23799999651382678"
"8792","0.23839999650372193","0.23839999650372193","0.23839999650372193"
"8815","0.23999999646330253","0.23999999646330253","0.23999999646330253"
"8817","0.23999999646330253","0.23999999646330253","0.23999999646330253"
"8825","0.23999999646330253","0.23999999646330253","0.23999999646330253"
"8826","0.23999999646330253","0.23999999646330253","0.23999999646330253"
"8835","0.23999999646330253","0.23999999646330253","0.23999999646330253"
"8844","0.23999999646330253","0.23999999646330253","0.23999999646330253"
"8847","0.23999999646330253","0.23999999646330253","0.23999999646330253"
"8857","0.23999999646330253","0.23999999646330253","0.23999999646330253"
"8862","0.23999999646330253","0.23999999646330253","0.23999999646330253"
"8864","0.23999999646330253","0.23999999646330253","0.23999999646330253"
"8870","0.23999999646330253","0.23999999646330253","0.23999999646330253"
"8872","0.23999999646330253","0.23999999646330253","0.23999999646330253"
"8874","0.23999999646330253","0.23999999646330253","0.23999999646330253"
"8879","0.23999999646330253","0.23999999646330253","0.23999999646330253"
"8882","0.23999999646330253","0.23999999646330253","0.23999999646330253"
"8887","0.23999999646330253","0.23999999646330253","0.23999999646330253"
"8896","0.23999999646330253","0.23999999646330253","0.23999999646330253"
"8907","0.24139999642793555","0.24139999642793555","0.24139999642793555"
"8917","0.24199999641277828","0.24199999641277828","0.24199999641277828"
"8924","0.24199999641277828","0.24199999641277828","0.24199999641277828"
"8929","0.24199999641277828","0.24199999641277828","0.24199999641277828"
"8944","0.24199999641277828","0.24199999641277828","0.24199999641277828"
"8946","0.24199999641277828","0.24199999641277828","0.24199999641277828"
"8948","0.24199999641277828","0.24199999641277828","0.24199999641277828"
"8954","0.24199999641277828","0.24199999641277828","0.24199999641277828"
"8968","0.24199999641277828","0.24199999641277828","0.24199999641277828"
"8972","0.24199999641277828","0.24199999641277828","0.24199999641277828"
"8976","0.24199999641277828","0.24199999641277828","0.24199999641277828"
"8982","0.24199999641277828","0.24199999641277828","0.24199999641277828"
"8983","0.24199999641277828","0.24199999641277828","0.24199999641277828"
"8984","0.24199999641277828","0.24199999641277828","0.24199999641277828"
"8998","0.24199999641277828","0.24199999641277828","0.24199999641277828"
"9012","0.24239999640267343","0.24239999640267343","0.24239999640267343"
"9019","0.24379999636730645","0.24379999636730645","0.24379999636730645"
"9023","0.24399999636225403","0.24399999636225403","0.24399999636225403"
"9026","0.24399999636225403","0.24399999636225403","0.24399999636225403"
"9028","0.24399999636225403","0.24399999636225403","0.24399999636225403"
"9031","0.24399999636225403","0.24399999636225403","0.24399999636225403"
"9032","0.24399999636225403","0.24399999636225403","0.24399999636225403"
"9060","0.24399999636225403","0.24399999636225403","0.24399999636225403"
"9062","0.24399999636225403","0.24399999636225403","0.24399999636225403"
"9065","0.24399999636225403","0.24399999636225403","0.24399999636225403"
"9069","0.24399999636225403","0.24399999636225403","0.24399999636225403"
"9086","0.24399999636225403","0.24399999636225403","0.24399999636225403"
"9096","0.24399999636225403","0.24399999636225403","0.24399999636225403"
"9103","0.24399999636225403","0.24399999636225403","0.24399999636225403"
"9104","0.24399999636225403","0.24399999636225403","0.24399999636225403"
"9142","0.24599999631172978","0.24599999631172978","0.24599999631172978"
"9143","0.24599999631172978","0.24599999631172978","0.24599999631172978"
"9144","0.24599999631172978","0.24599999631172978","0.24599999631172978"
"9156","0.24599999631172978","0.24599999631172978","0.24599999631172978"
"9163","0.24599999631172978","0.24599999631172978","0.24599999631172978"
"9167","0.24599999631172978","0.24599999631172978","0.24599999631172978"
"9168","0.24599999631172978","0.24599999631172978","0.24599999631172978"
"9177","0.24599999631172978","0.24599999631172978","0.24599999631172978"
"9178","0.24599999631172978","0.24599999631172978","0.24599999631172978"
"9189","0.24599999631172978","0.24599999631172978","0.24599999631172978"
"9190","0.24599999631172978","0.24599999631172978","0.24599999631172978"
"9191","0.24599999631172978","0.24599999631172978","0.24599999631172978"
"9194","0.24599999631172978","0.24599999631172978","0.24599999631172978"
"9198","0.24599999631172978","0.24599999631172978","0.24599999631172978"
"9211","0.24599999631172978","0.24599999631172978","0.24599999631172978"
"9212","0.24599999631172978","0.24599999631172978","0.24599999631172978"
"9214","0.24599999631172978","0.24599999631172978","0.24599999631172978"
"9223","0.24599999631172978","0.24599999631172978","0.24599999631172978"
"9244","0.24799999626120553","0.24799999626120553","0.24799999626120553"
"9246","0.24799999626120553","0.24799999626120553","0.24799999626120553"
"9248","0.24799999626120553","0.24799999626120553","0.24799999626120553"
"9277","0.24799999626120553","0.24799999626120553","0.24799999626120553"
"9290","0.24799999626120553","0.24799999626120553","0.24799999626120553"
"9299","0.24799999626120553","0.24799999626120553","0.24799999626120553"
"9300","0.24799999626120553","0.24799999626120553","0.24799999626120553"
"9304","0.24799999626120553","0.24799999626120553","0.24799999626120553"
"9305","0.24799999626120553","0.24799999626120553","0.24799999626120553"
"9310","0.24799999626120553","0.24799999626120553","0.24799999626120553"
"9316","0.24799999626120553","0.24799999626120553","0.24799999626120553"
"9332","0.24799999626120553","0.24799999626120553","0.24799999626120553"
"9333","0.24799999626120553","0.24799999626120553","0.24799999626120553"
"9337","0.24799999626120553","0.24799999626120553","0.24799999626120553"
"9338","0.24799999626120553","0.24799999626120553","0.24799999626120553"
"9339","0.24799999626120553","0.24799999626120553","0.24799999626120553"
"9340","0.24799999626120553","0.24799999626120553","0.24799999626120553"
"9341","0.2481999962561531","0.2481999962561531","0.2481999962561531"
"9344","0.24879999624099583","0.24879999624099583","0.24879999624099583"
"9347","0.24939999622583855","0.24939999622583855","0.24939999622583855"
"9349","0.2497999962157337","0.2497999962157337","0.2497999962157337"
"9353","0.24999999621068128","0.24999999621068128","0.24999999621068128"
"9367","0.24999999621068128","0.24999999621068128","0.24999999621068128"
"9376","0.24999999621068128","0.24999999621068128","0.24999999621068128"
"9380","0.24999999621068128","0.24999999621068128","0.24999999621068128"
"9382","0.24999999621068128","0.24999999621068128","0.24999999621068128"
"9391","0.24999999621068128","0.24999999621068128","0.24999999621068128"
"9395","0.24999999621068128","0.24999999621068128","0.24999999621068128"
"9398","0.24999999621068128","0.24999999621068128","0.24999999621068128"
"9400","0.24999999621068128","0.24999999621068128","0.24999999621068128"
"9401","0.24999999621068128","0.24999999621068128","0.24999999621068128"
"9424","0.24999999621068128","0.24999999621068128","0.24999999621068128"
"9428","0.24999999621068128","0.24999999621068128","0.24999999621068128"
"9435","0.24999999621068128","0.24999999621068128","0.24999999621068128"
"9439","0.24999999621068128","0.24999999621068128","0.24999999621068128"
"9445","0.24999999621068128","0.24999999621068128","0.24999999621068128"
"9448","0.24999999621068128","0.24999999621068128","0.24999999621068128"
"9450","0.24999999621068128","0.24999999621068128","0.24999999621068128"
"9457","0.2513999961753143","0.2513999961753143","0.2513999961753143"
"9466","0.251999996160157","0.251999996160157","0.251999996160157"
"9468","0.251999996160157","0.251999996160157","0.251999996160157"
"9471","0.251999996160157","0.251999996160157","0.251999996160157"
"9474","0.251999996160157","0.251999996160157","0.251999996160157"
"9485","0.251999996160157","0.251999996160157","0.251999996160157"
"9486","0.251999996160157","0.251999996160157","0.251999996160157"
"9491","0.251999996160157","0.251999996160157","0.251999996160157"
"9503","0.251999996160157","0.251999996160157","0.251999996160157"
"9533","0.251999996160157","0.251999996160157","0.251999996160157"
"9536","0.251999996160157","0.251999996160157","0.251999996160157"
"9543","0.251999996160157","0.251999996160157","0.251999996160157"
"9555","0.251999996160157","0.251999996160157","0.251999996160157"
"9557","0.251999996160157","0.251999996160157","0.251999996160157"
"9559","0.251999996160157","0.251999996160157","0.251999996160157"
"9562","0.25239999615005215","0.25239999615005215","0.25239999615005215"
"9570","0.25399999610963275","0.25399999610963275","0.25399999610963275"
"9572","0.25399999610963275","0.25399999610963275","0.25399999610963275"
"9573","0.25399999610963275","0.25399999610963275","0.25399999610963275"
"9587","0.25399999610963275","0.25399999610963275","0.25399999610963275"
"9590","0.25399999610963275","0.25399999610963275","0.25399999610963275"
"9606","0.25399999610963275","0.25399999610963275","0.25399999610963275"
"9607","0.25399999610963275","0.25399999610963275","0.25399999610963275"
"9608","0.25399999610963275","0.25399999610963275","0.25399999610963275"
"9613","0.25399999610963275","0.25399999610963275","0.25399999610963275"
"9617","0.25399999610963275","0.25399999610963275","0.25399999610963275"
"9622","0.25399999610963275","0.25399999610963275","0.25399999610963275"
"9634","0.25399999610963275","0.25399999610963275","0.25399999610963275"
"9636","0.25399999610963275","0.25399999610963275","0.25399999610963275"
"9638","0.25399999610963275","0.25399999610963275","0.25399999610963275"
"9646","0.25399999610963275","0.25399999610963275","0.25399999610963275"
"9649","0.25399999610963275","0.25399999610963275","0.25399999610963275"
"9650","0.25399999610963275","0.25399999610963275","0.25399999610963275"
"9662","0.25399999610963275","0.25399999610963275","0.25399999610963275"
"9663","0.25399999610963275","0.25399999610963275","0.25399999610963275"
"9669","0.25399999610963275","0.25399999610963275","0.25399999610963275"
"9678","0.25559999606921335","0.25559999606921335","0.25559999606921335"
"9682","0.2559999960591085","0.2559999960591085","0.2559999960591085"
"9685","0.2559999960591085","0.2559999960591085","0.2559999960591085"
"9689","0.2559999960591085","0.2559999960591085","0.2559999960591085"
"9695","0.2559999960591085","0.2559999960591085","0.2559999960591085"
"9697","0.2559999960591085","0.2559999960591085","0.2559999960591085"
"9706","0.2559999960591085","0.2559999960591085","0.2559999960591085"
"9712","0.2559999960591085","0.2559999960591085","0.2559999960591085"
"9714","0.2559999960591085","0.2559999960591085","0.2559999960591085"
"9741","0.2559999960591085","0.2559999960591085","0.2559999960591085"
"9744","0.2559999960591085","0.2559999960591085","0.2559999960591085"
"9752","0.2559999960591085","0.2559999960591085","0.2559999960591085"
"9753","0.2559999960591085","0.2559999960591085","0.2559999960591085"
"9755","0.2559999960591085","0.2559999960591085","0.2559999960591085"
"9761","0.2559999960591085","0.2559999960591085","0.2559999960591085"
"9765","0.2559999960591085","0.2559999960591085","0.2559999960591085"
"9773","0.2559999960591085","0.2559999960591085","0.2559999960591085"
"9789","0.2577999960136367","0.2577999960136367","0.2577999960136367"
"9790","0.25799999600858425","0.25799999600858425","0.25799999600858425"
"9801","0.25799999600858425","0.25799999600858425","0.25799999600858425"
"9819","0.25799999600858425","0.25799999600858425","0.25799999600858425"
"9827","0.25799999600858425","0.25799999600858425","0.25799999600858425"
"9837","0.25799999600858425","0.25799999600858425","0.25799999600858425"
"9848","0.25799999600858425","0.25799999600858425","0.25799999600858425"
"9853","0.25799999600858425","0.25799999600858425","0.25799999600858425"
"9870","0.25799999600858425","0.25799999600858425","0.25799999600858425"
"9882","0.25799999600858425","0.25799999600858425","0.25799999600858425"
"9884","0.25799999600858425","0.25799999600858425","0.25799999600858425"
"9885","0.25799999600858425","0.25799999600858425","0.25799999600858425"
"9901","0.25999999595806","0.25999999595806","0.25999999595806"
"9902","0.25999999595806","0.25999999595806","0.25999999595806"
"9904","0.25999999595806","0.25999999595806","0.25999999595806"
"9906","0.25999999595806","0.25999999595806","0.25999999595806"
"9907","0.25999999595806","0.25999999595806","0.25999999595806"
"9910","0.25999999595806","0.25999999595806","0.25999999595806"
"9919","0.25999999595806","0.25999999595806","0.25999999595806"
"9920","0.25999999595806","0.25999999595806","0.25999999595806"
"9934","0.25999999595806","0.25999999595806","0.25999999595806"
"9942","0.25999999595806","0.25999999595806","0.25999999595806"
"9955","0.25999999595806","0.25999999595806","0.25999999595806"
"9959","0.25999999595806","0.25999999595806","0.25999999595806"
"9966","0.25999999595806","0.25999999595806","0.25999999595806"
"9970","0.25999999595806","0.25999999595806","0.25999999595806"
"9984","0.25999999595806","0.25999999595806","0.25999999595806"
"9994","0.25999999595806","0.25999999595806","0.25999999595806"
"10004","0.2607999959378503","0.2607999959378503","0.2607999959378503"
"10008","0.2615999959176406","0.2615999959176406","0.2615999959176406"
"10018","0.26199999590753575","0.26199999590753575","0.26199999590753575"
"10021","0.26199999590753575","0.26199999590753575","0.26199999590753575"
"10024","0.26199999590753575","0.26199999590753575","0.26199999590753575"
"10027","0.26199999590753575","0.26199999590753575","0.26199999590753575"
"10030","0.26199999590753575","0.26199999590753575","0.26199999590753575"
"10039","0.26199999590753575","0.26199999590753575","0.26199999590753575"
"10045","0.26199999590753575","0.26199999590753575","0.26199999590753575"
"10048","0.26199999590753575","0.26199999590753575","0.26199999590753575"
"10049","0.26199999590753575","0.26199999590753575","0.26199999590753575"
"10054","0.26199999590753575","0.26199999590753575","0.26199999590753575"
"10068","0.26199999590753575","0.26199999590753575","0.26199999590753575"
"10070","0.26199999590753575","0.26199999590753575","0.26199999590753575"
"10072","0.26199999590753575","0.26199999590753575","0.26199999590753575"
"10073","0.26199999590753575","0.26199999590753575","0.26199999590753575"
"10076","0.26199999590753575","0.26199999590753575","0.26199999590753575"
"10078","0.26199999590753575","0.26199999590753575","0.26199999590753575"
"10085","0.26199999590753575","0.26199999590753575","0.26199999590753575"
"10087","0.26199999590753575","0.26199999590753575","0.26199999590753575"
"10088","0.26199999590753575","0.26199999590753575","0.26199999590753575"
"10090","0.26199999590753575","0.26199999590753575","0.26199999590753575"
"10092","0.26199999590753575","0.26199999590753575","0.26199999590753575"
"10098","0.26199999590753575","0.26199999590753575","0.26199999590753575"
"10105","0.26199999590753575","0.26199999590753575","0.26199999590753575"
"10106","0.26199999590753575","0.26199999590753575","0.26199999590753575"
"10107","0.26199999590753575","0.26199999590753575","0.26199999590753575"
"10113","0.2625999958923785","0.2625999958923785","0.2625999958923785"
"10130","0.2639999958570115","0.2639999958570115","0.2639999958570115"
"10141","0.2639999958570115","0.2639999958570115","0.2639999958570115"
"10143","0.2639999958570115","0.2639999958570115","0.2639999958570115"
"10153","0.2639999958570115","0.2639999958570115","0.2639999958570115"
"10154","0.2639999958570115","0.2639999958570115","0.2639999958570115"
"10157","0.2639999958570115","0.2639999958570115","0.2639999958570115"
"10159","0.2639999958570115","0.2639999958570115","0.2639999958570115"
"10160","0.2639999958570115","0.2639999958570115","0.2639999958570115"
"10164","0.2639999958570115","0.2639999958570115","0.2639999958570115"
"10167","0.2639999958570115","0.2639999958570115","0.2639999958570115"
"10171","0.2639999958570115","0.2639999958570115","0.2639999958570115"
"10185","0.2639999958570115","0.2639999958570115","0.2639999958570115"
"10201","0.2639999958570115","0.2639999958570115","0.2639999958570115"
"10207","0.2639999958570115","0.2639999958570115","0.2639999958570115"
"10210","0.2639999958570115","0.2639999958570115","0.2639999958570115"
"10213","0.2639999958570115","0.2639999958570115","0.2639999958570115"
"10229","0.2657999958115397","0.2657999958115397","0.2657999958115397"
"10233","0.26599999580648725","0.26599999580648725","0.26599999580648725"
"10235","0.26599999580648725","0.26599999580648725","0.26599999580648725"
"10238","0.26599999580648725","0.26599999580648725","0.26599999580648725"
"10248","0.26599999580648725","0.26599999580648725","0.26599999580648725"
"10249","0.26599999580648725","0.26599999580648725","0.26599999580648725"
"10259","0.26599999580648725","0.26599999580648725","0.26599999580648725"
"10265","0.26599999580648725","0.26599999580648725","0.26599999580648725"
"10269","0.26599999580648725","0.26599999580648725","0.26599999580648725"
"10270","0.26599999580648725","0.26599999580648725","0.26599999580648725"
"10281","0.26599999580648725","0.26599999580648725","0.26599999580648725"
"10286","0.26599999580648725","0.26599999580648725","0.26599999580648725"
"10290","0.26599999580648725","0.26599999580648725","0.26599999580648725"
"10291","0.26599999580648725","0.26599999580648725","0.26599999580648725"
"10296","0.26599999580648725","0.26599999580648725","0.26599999580648725"
"10301","0.26599999580648725","0.26599999580648725","0.26599999580648725"
"10304","0.26599999580648725","0.26599999580648725","0.26599999580648725"
"10318","0.26599999580648725","0.26599999580648725","0.26599999580648725"
"10320","0.26599999580648725","0.26599999580648725","0.26599999580648725"
"10326","0.26599999580648725","0.26599999580648725","0.26599999580648725"
"10330","0.26599999580648725","0.26599999580648725","0.26599999580648725"
"10331","0.26619999580143483","0.26619999580143483","0.26619999580143483"
"10333","0.26659999579133","0.26659999579133","0.26659999579133"
"10335","0.26699999578122513","0.26699999578122513","0.26699999578122513"
"10337","0.2673999957711203","0.2673999957711203","0.2673999957711203"
"10352","0.267999995755963","0.267999995755963","0.267999995755963"
"10354","0.267999995755963","0.267999995755963","0.267999995755963"
"10358","0.267999995755963","0.267999995755963","0.267999995755963"
"10369","0.267999995755963","0.267999995755963","0.267999995755963"
"10373","0.267999995755963","0.267999995755963","0.267999995755963"
"10381","0.267999995755963","0.267999995755963","0.267999995755963"
"10390","0.267999995755963","0.267999995755963","0.267999995755963"
"10395","0.267999995755963","0.267999995755963","0.267999995755963"
"10399","0.267999995755963","0.267999995755963","0.267999995755963"
"10402","0.267999995755963","0.267999995755963","0.267999995755963"
"10403","0.267999995755963","0.267999995755963","0.267999995755963"
"10413","0.267999995755963","0.267999995755963","0.267999995755963"
"10414","0.267999995755963","0.267999995755963","0.267999995755963"
"10433","0.267999995755963","0.267999995755963","0.267999995755963"
"10437","0.267999995755963","0.267999995755963","0.267999995755963"
"10443","0.26859999574080573","0.26859999574080573","0.26859999574080573"
"10446","0.26919999572564846","0.26919999572564846","0.26919999572564846"
"10454","0.26999999570543876","0.26999999570543876","0.26999999570543876"
"10459","0.26999999570543876","0.26999999570543876","0.26999999570543876"
"10470","0.26999999570543876","0.26999999570543876","0.26999999570543876"
"10476","0.26999999570543876","0.26999999570543876","0.26999999570543876"
"10513","0.26999999570543876","0.26999999570543876","0.26999999570543876"
"10515","0.26999999570543876","0.26999999570543876","0.26999999570543876"
"10518","0.26999999570543876","0.26999999570543876","0.26999999570543876"
"10525","0.26999999570543876","0.26999999570543876","0.26999999570543876"
"10526","0.26999999570543876","0.26999999570543876","0.26999999570543876"
"10528","0.26999999570543876","0.26999999570543876","0.26999999570543876"
"10532","0.26999999570543876","0.26999999570543876","0.26999999570543876"
"10535","0.26999999570543876","0.26999999570543876","0.26999999570543876"
"10542","0.26999999570543876","0.26999999570543876","0.26999999570543876"
"10543","0.26999999570543876","0.26999999570543876","0.26999999570543876"
"10556","0.2711999956751242","0.2711999956751242","0.2711999956751242"
"10565","0.2719999956549145","0.2719999956549145","0.2719999956549145"
"10573","0.2719999956549145","0.2719999956549145","0.2719999956549145"
"10578","0.2719999956549145","0.2719999956549145","0.2719999956549145"
"10582","0.2719999956549145","0.2719999956549145","0.2719999956549145"
"10589","0.2719999956549145","0.2719999956549145","0.2719999956549145"
"10607","0.2719999956549145","0.2719999956549145","0.2719999956549145"
"10628","0.2719999956549145","0.2719999956549145","0.2719999956549145"
"10633","0.2719999956549145","0.2719999956549145","0.2719999956549145"
"10636","0.2719999956549145","0.2719999956549145","0.2719999956549145"
"10641","0.2719999956549145","0.2719999956549145","0.2719999956549145"
"10662","0.27239999564480966","0.27239999564480966","0.27239999564480966"
"10663","0.27259999563975723","0.27259999563975723","0.27259999563975723"
"10667","0.27339999561954753","0.27339999561954753","0.27339999561954753"
"10674","0.27399999560439026","0.27399999560439026","0.27399999560439026"
"10678","0.27399999560439026","0.27399999560439026","0.27399999560439026"
"10689","0.27399999560439026","0.27399999560439026","0.27399999560439026"
"10698","0.27399999560439026","0.27399999560439026","0.27399999560439026"
"10709","0.27399999560439026","0.27399999560439026","0.27399999560439026"
"10727","0.27399999560439026","0.27399999560439026","0.27399999560439026"
"10731","0.27399999560439026","0.27399999560439026","0.27399999560439026"
"10733","0.27399999560439026","0.27399999560439026","0.27399999560439026"
"10740","0.27399999560439026","0.27399999560439026","0.27399999560439026"
"10744","0.27399999560439026","0.27399999560439026","0.27399999560439026"
"10752","0.27399999560439026","0.27399999560439026","0.27399999560439026"
"10755","0.27399999560439026","0.27399999560439026","0.27399999560439026"
"10758","0.27399999560439026","0.27399999560439026","0.27399999560439026"
"10759","0.27399999560439026","0.27399999560439026","0.27399999560439026"
"10764","0.27399999560439026","0.27399999560439026","0.27399999560439026"
"10765","0.27399999560439026","0.27399999560439026","0.27399999560439026"
"10771","0.27419999559933783","0.27419999559933783","0.27419999559933783"
"10774","0.27479999558418056","0.27479999558418056","0.27479999558418056"
"10778","0.27559999556397086","0.27559999556397086","0.27559999556397086"
"10780","0.275999995553866","0.275999995553866","0.275999995553866"
"10786","0.275999995553866","0.275999995553866","0.275999995553866"
"10808","0.275999995553866","0.275999995553866","0.275999995553866"
"10813","0.275999995553866","0.275999995553866","0.275999995553866"
"10814","0.275999995553866","0.275999995553866","0.275999995553866"
"10815","0.275999995553866","0.275999995553866","0.275999995553866"
"10824","0.275999995553866","0.275999995553866","0.275999995553866"
"10825","0.275999995553866","0.275999995553866","0.275999995553866"
"10828","0.275999995553866","0.275999995553866","0.275999995553866"
"10829","0.275999995553866","0.275999995553866","0.275999995553866"
"10834","0.275999995553866","0.275999995553866","0.275999995553866"
"10843","0.275999995553866","0.275999995553866","0.275999995553866"
"10848","0.275999995553866","0.275999995553866","0.275999995553866"
"10865","0.275999995553866","0.275999995553866","0.275999995553866"
"10875","0.275999995553866","0.275999995553866","0.275999995553866"
"10882","0.27639999554376116","0.27639999554376116","0.27639999554376116"
"10887","0.27739999551849903","0.27739999551849903","0.27739999551849903"
"10895","0.27799999550334176","0.27799999550334176","0.27799999550334176"
"10896","0.27799999550334176","0.27799999550334176","0.27799999550334176"
"10897","0.27799999550334176","0.27799999550334176","0.27799999550334176"
"10916","0.27799999550334176","0.27799999550334176","0.27799999550334176"
"10917","0.27799999550334176","0.27799999550334176","0.27799999550334176"
"10921","0.27799999550334176","0.27799999550334176","0.27799999550334176"
"10929","0.27799999550334176","0.27799999550334176","0.27799999550334176"
"10932","0.27799999550334176","0.27799999550334176","0.27799999550334176"
"10942","0.27799999550334176","0.27799999550334176","0.27799999550334176"
"10950","0.27799999550334176","0.27799999550334176","0.27799999550334176"
"10955","0.27799999550334176","0.27799999550334176","0.27799999550334176"
"10958","0.27799999550334176","0.27799999550334176","0.27799999550334176"
"10972","0.27799999550334176","0.27799999550334176","0.27799999550334176"
"10975","0.27799999550334176","0.27799999550334176","0.27799999550334176"
"10980","0.27799999550334176","0.27799999550334176","0.27799999550334176"
"10982","0.27799999550334176","0.27799999550334176","0.27799999550334176"
"10984","0.27799999550334176","0.27799999550334176","0.27799999550334176"
"10985","0.27799999550334176","0.27799999550334176","0.27799999550334176"
"10992","0.2783999954932369","0.2783999954932369","0.2783999954932369"
"11004","0.2799999954528175","0.2799999954528175","0.2799999954528175"
"11009","0.2799999954528175","0.2799999954528175","0.2799999954528175"
"11013","0.2799999954528175","0.2799999954528175","0.2799999954528175"
"11014","0.2799999954528175","0.2799999954528175","0.2799999954528175"
"11015","0.2799999954528175","0.2799999954528175","0.2799999954528175"
"11016","0.2799999954528175","0.2799999954528175","0.2799999954528175"
"11019","0.2799999954528175","0.2799999954528175","0.2799999954528175"
"11031","0.2799999954528175","0.2799999954528175","0.2799999954528175"
"11036","0.2799999954528175","0.2799999954528175","0.2799999954528175"
"11040","0.2799999954528175","0.2799999954528175","0.2799999954528175"
"11051","0.2799999954528175","0.2799999954528175","0.2799999954528175"
"11053","0.2799999954528175","0.2799999954528175","0.2799999954528175"
"11058","0.2799999954528175","0.2799999954528175","0.2799999954528175"
"11067","0.2799999954528175","0.2799999954528175","0.2799999954528175"
"11072","0.2799999954528175","0.2799999954528175","0.2799999954528175"
"11075","0.2799999954528175","0.2799999954528175","0.2799999954528175"
"11088","0.2799999954528175","0.2799999954528175","0.2799999954528175"
"11089","0.2799999954528175","0.2799999954528175","0.2799999954528175"
"11091","0.2799999954528175","0.2799999954528175","0.2799999954528175"
"11094","0.2799999954528175","0.2799999954528175","0.2799999954528175"
"11101","0.2801999954477651","0.2801999954477651","0.2801999954477651"
"11115","0.28199999540229326","0.28199999540229326","0.28199999540229326"
"11118","0.28199999540229326","0.28199999540229326","0.28199999540229326"
"11124","0.28199999540229326","0.28199999540229326","0.28199999540229326"
"11127","0.28199999540229326","0.28199999540229326","0.28199999540229326"
"11134","0.28199999540229326","0.28199999540229326","0.28199999540229326"
"11147","0.28199999540229326","0.28199999540229326","0.28199999540229326"
"11161","0.28199999540229326","0.28199999540229326","0.28199999540229326"
"11162","0.28199999540229326","0.28199999540229326","0.28199999540229326"
"11165","0.28199999540229326","0.28199999540229326","0.28199999540229326"
"11176","0.28199999540229326","0.28199999540229326","0.28199999540229326"
"11179","0.28199999540229326","0.28199999540229326","0.28199999540229326"
"11180","0.28199999540229326","0.28199999540229326","0.28199999540229326"
"11183","0.28199999540229326","0.28199999540229326","0.28199999540229326"
"11195","0.28199999540229326","0.28199999540229326","0.28199999540229326"
"11197","0.28199999540229326","0.28199999540229326","0.28199999540229326"
"11204","0.28199999540229326","0.28199999540229326","0.28199999540229326"
"11215","0.28299999537703113","0.28299999537703113","0.28299999537703113"
"11216","0.2831999953719787","0.2831999953719787","0.2831999953719787"
"11217","0.2833999953669263","0.2833999953669263","0.2833999953669263"
"11219","0.28379999535682143","0.28379999535682143","0.28379999535682143"
"11230","0.283999995351769","0.283999995351769","0.283999995351769"
"11232","0.283999995351769","0.283999995351769","0.283999995351769"
"11233","0.283999995351769","0.283999995351769","0.283999995351769"
"11235","0.283999995351769","0.283999995351769","0.283999995351769"
"11258","0.283999995351769","0.283999995351769","0.283999995351769"
"11259","0.283999995351769","0.283999995351769","0.283999995351769"
"11263","0.283999995351769","0.283999995351769","0.283999995351769"
"11269","0.283999995351769","0.283999995351769","0.283999995351769"
"11273","0.283999995351769","0.283999995351769","0.283999995351769"
"11278","0.283999995351769","0.283999995351769","0.283999995351769"
"11293","0.283999995351769","0.283999995351769","0.283999995351769"
"11296","0.283999995351769","0.283999995351769","0.283999995351769"
"11301","0.283999995351769","0.283999995351769","0.283999995351769"
"11306","0.283999995351769","0.283999995351769","0.283999995351769"
"11310","0.283999995351769","0.283999995351769","0.283999995351769"
"11316","0.283999995351769","0.283999995351769","0.283999995351769"
"11328","0.2855999953113496","0.2855999953113496","0.2855999953113496"
"11329","0.2857999953062972","0.2857999953062972","0.2857999953062972"
"11330","0.28599999530124476","0.28599999530124476","0.28599999530124476"
"11340","0.28599999530124476","0.28599999530124476","0.28599999530124476"
"11346","0.28599999530124476","0.28599999530124476","0.28599999530124476"
"11348","0.28599999530124476","0.28599999530124476","0.28599999530124476"
"11350","0.28599999530124476","0.28599999530124476","0.28599999530124476"
"11354","0.28599999530124476","0.28599999530124476","0.28599999530124476"
"11355","0.28599999530124476","0.28599999530124476","0.28599999530124476"
"11359","0.28599999530124476","0.28599999530124476","0.28599999530124476"
"11364","0.28599999530124476","0.28599999530124476","0.28599999530124476"
"11365","0.28599999530124476","0.28599999530124476","0.28599999530124476"
"11366","0.28599999530124476","0.28599999530124476","0.28599999530124476"
"11368","0.28599999530124476","0.28599999530124476","0.28599999530124476"
"11374","0.28599999530124476","0.28599999530124476","0.28599999530124476"
"11385","0.28599999530124476","0.28599999530124476","0.28599999530124476"
"11392","0.28599999530124476","0.28599999530124476","0.28599999530124476"
"11397","0.28599999530124476","0.28599999530124476","0.28599999530124476"
"11406","0.28599999530124476","0.28599999530124476","0.28599999530124476"
"11410","0.28599999530124476","0.28599999530124476","0.28599999530124476"
"11413","0.28599999530124476","0.28599999530124476","0.28599999530124476"
"11414","0.28599999530124476","0.28599999530124476","0.28599999530124476"
"11416","0.28599999530124476","0.28599999530124476","0.28599999530124476"
"11431","0.28619999529619233","0.28619999529619233","0.28619999529619233"
"11437","0.2873999952658778","0.2873999952658778","0.2873999952658778"
"11443","0.2879999952507205","0.2879999952507205","0.2879999952507205"
"11444","0.2879999952507205","0.2879999952507205","0.2879999952507205"
"11459","0.2879999952507205","0.2879999952507205","0.2879999952507205"
"11460","0.2879999952507205","0.2879999952507205","0.2879999952507205"
"11462","0.2879999952507205","0.2879999952507205","0.2879999952507205"
"11463","0.2879999952507205","0.2879999952507205","0.2879999952507205"
"11466","0.2879999952507205","0.2879999952507205","0.2879999952507205"
"11469","0.2879999952507205","0.2879999952507205","0.2879999952507205"
"11471","0.2879999952507205","0.2879999952507205","0.2879999952507205"
"11477","0.2879999952507205","0.2879999952507205","0.2879999952507205"
"11486","0.2879999952507205","0.2879999952507205","0.2879999952507205"
"11513","0.2879999952507205","0.2879999952507205","0.2879999952507205"
"11519","0.2879999952507205","0.2879999952507205","0.2879999952507205"
"11530","0.2879999952507205","0.2879999952507205","0.2879999952507205"
"11532","0.2879999952507205","0.2879999952507205","0.2879999952507205"
"11543","0.28859999523556323","0.28859999523556323","0.28859999523556323"
"11544","0.2887999952305108","0.2887999952305108","0.2887999952305108"
"11551","0.28999999520019626","0.28999999520019626","0.28999999520019626"
"11552","0.28999999520019626","0.28999999520019626","0.28999999520019626"
"11557","0.28999999520019626","0.28999999520019626","0.28999999520019626"
"11560","0.28999999520019626","0.28999999520019626","0.28999999520019626"
"11565","0.28999999520019626","0.28999999520019626","0.28999999520019626"
"11568","0.28999999520019626","0.28999999520019626","0.28999999520019626"
"11570","0.28999999520019626","0.28999999520019626","0.28999999520019626"
"11584","0.28999999520019626","0.28999999520019626","0.28999999520019626"
"11587","0.28999999520019626","0.28999999520019626","0.28999999520019626"
"11588","0.28999999520019626","0.28999999520019626","0.28999999520019626"
"11591","0.28999999520019626","0.28999999520019626","0.28999999520019626"
"11594","0.28999999520019626","0.28999999520019626","0.28999999520019626"
"11595","0.28999999520019626","0.28999999520019626","0.28999999520019626"
"11606","0.28999999520019626","0.28999999520019626","0.28999999520019626"
"11607","0.28999999520019626","0.28999999520019626","0.28999999520019626"
"11608","0.28999999520019626","0.28999999520019626","0.28999999520019626"
"11616","0.28999999520019626","0.28999999520019626","0.28999999520019626"
"11617","0.28999999520019626","0.28999999520019626","0.28999999520019626"
"11620","0.28999999520019626","0.28999999520019626","0.28999999520019626"
"11624","0.28999999520019626","0.28999999520019626","0.28999999520019626"
"11626","0.28999999520019626","0.28999999520019626","0.28999999520019626"
"11630","0.28999999520019626","0.28999999520019626","0.28999999520019626"
"11633","0.28999999520019626","0.28999999520019626","0.28999999520019626"
"11635","0.28999999520019626","0.28999999520019626","0.28999999520019626"
"11639","0.28999999520019626","0.28999999520019626","0.28999999520019626"
"11642","0.28999999520019626","0.28999999520019626","0.28999999520019626"
"11648","0.28999999520019626","0.28999999520019626","0.28999999520019626"
"11652","0.2903999951900914","0.2903999951900914","0.2903999951900914"
"11657","0.2913999951648293","0.2913999951648293","0.2913999951648293"
"11660","0.291999995149672","0.291999995149672","0.291999995149672"
"11662","0.291999995149672","0.291999995149672","0.291999995149672"
"11667","0.291999995149672","0.291999995149672","0.291999995149672"
"11670","0.291999995149672","0.291999995149672","0.291999995149672"
"11673","0.291999995149672","0.291999995149672","0.291999995149672"
"11676","0.291999995149672","0.291999995149672","0.291999995149672"
"11706","0.291999995149672","0.291999995149672","0.291999995149672"
"11713","0.291999995149672","0.291999995149672","0.291999995149672"
"11718","0.291999995149672","0.291999995149672","0.291999995149672"
"11722","0.291999995149672","0.291999995149672","0.291999995149672"
"11733","0.291999995149672","0.291999995149672","0.291999995149672"
"11743","0.291999995149672","0.291999995149672","0.291999995149672"
"11745","0.291999995149672","0.291999995149672","0.291999995149672"
"11748","0.291999995149672","0.291999995149672","0.291999995149672"
"11754","0.291999995149672","0.291999995149672","0.291999995149672"
"11757","0.291999995149672","0.291999995149672","0.291999995149672"
"11783","0.29399999509914776","0.29399999509914776","0.29399999509914776"
"11790","0.29399999509914776","0.29399999509914776","0.29399999509914776"
"11795","0.29399999509914776","0.29399999509914776","0.29399999509914776"
"11798","0.29399999509914776","0.29399999509914776","0.29399999509914776"
"11800","0.29399999509914776","0.29399999509914776","0.29399999509914776"
"11801","0.29399999509914776","0.29399999509914776","0.29399999509914776"
"11810","0.29399999509914776","0.29399999509914776","0.29399999509914776"
"11814","0.29399999509914776","0.29399999509914776","0.29399999509914776"
"11816","0.29399999509914776","0.29399999509914776","0.29399999509914776"
"11817","0.29399999509914776","0.29399999509914776","0.29399999509914776"
"11839","0.29399999509914776","0.29399999509914776","0.29399999509914776"
"11863","0.29399999509914776","0.29399999509914776","0.29399999509914776"
"11864","0.29399999509914776","0.29399999509914776","0.29399999509914776"
"11869","0.29399999509914776","0.29399999509914776","0.29399999509914776"
"11875","0.29499999507388563","0.29499999507388563","0.29499999507388563"
"11877","0.2953999950637808","0.2953999950637808","0.2953999950637808"
"11880","0.2959999950486235","0.2959999950486235","0.2959999950486235"
"11890","0.2959999950486235","0.2959999950486235","0.2959999950486235"
"11891","0.2959999950486235","0.2959999950486235","0.2959999950486235"
"11906","0.2959999950486235","0.2959999950486235","0.2959999950486235"
"11920","0.2959999950486235","0.2959999950486235","0.2959999950486235"
"11934","0.2959999950486235","0.2959999950486235","0.2959999950486235"
"11939","0.2959999950486235","0.2959999950486235","0.2959999950486235"
"11940","0.2959999950486235","0.2959999950486235","0.2959999950486235"
"11951","0.2959999950486235","0.2959999950486235","0.2959999950486235"
"11953","0.2959999950486235","0.2959999950486235","0.2959999950486235"
"11954","0.2959999950486235","0.2959999950486235","0.2959999950486235"
"11956","0.2959999950486235","0.2959999950486235","0.2959999950486235"
"11969","0.2959999950486235","0.2959999950486235","0.2959999950486235"
"11983","0.29659999503346623","0.29659999503346623","0.29659999503346623"
"11986","0.29719999501830896","0.29719999501830896","0.29719999501830896"
"11989","0.2977999950031517","0.2977999950031517","0.2977999950031517"
"11990","0.29799999499809926","0.29799999499809926","0.29799999499809926"
"11991","0.29799999499809926","0.29799999499809926","0.29799999499809926"
"11992","0.29799999499809926","0.29799999499809926","0.29799999499809926"
"11993","0.29799999499809926","0.29799999499809926","0.29799999499809926"
"11997","0.29799999499809926","0.29799999499809926","0.29799999499809926"
"12018","0.29799999499809926","0.29799999499809926","0.29799999499809926"
"12019","0.29799999499809926","0.29799999499809926","0.29799999499809926"
"12025","0.29799999499809926","0.29799999499809926","0.29799999499809926"
"12039","0.29799999499809926","0.29799999499809926","0.29799999499809926"
"12047","0.29799999499809926","0.29799999499809926","0.29799999499809926"
"12049","0.29799999499809926","0.29799999499809926","0.29799999499809926"
"12057","0.29799999499809926","0.29799999499809926","0.29799999499809926"
"12059","0.29799999499809926","0.29799999499809926","0.29799999499809926"
"12065","0.29799999499809926","0.29799999499809926","0.29799999499809926"
"12070","0.29799999499809926","0.29799999499809926","0.29799999499809926"
"12079","0.29799999499809926","0.29799999499809926","0.29799999499809926"
"12085","0.29799999499809926","0.29799999499809926","0.29799999499809926"
"12086","0.29799999499809926","0.29799999499809926","0.29799999499809926"
"12096","0.2991999949677847","0.2991999949677847","0.2991999949677847"
"12102","0.299999994947575","0.299999994947575","0.299999994947575"
"12112","0.299999994947575","0.299999994947575","0.299999994947575"
"12115","0.299999994947575","0.299999994947575","0.299999994947575"
"12120","0.299999994947575","0.299999994947575","0.299999994947575"
"12124","0.299999994947575","0.299999994947575","0.299999994947575"
"12132","0.299999994947575","0.299999994947575","0.299999994947575"
"12140","0.299999994947575","0.299999994947575","0.299999994947575"
"12141","0.299999994947575","0.299999994947575","0.299999994947575"
"12144","0.299999994947575","0.299999994947575","0.299999994947575"
"12145","0.299999994947575","0.299999994947575","0.299999994947575"
"12152","0.299999994947575","0.299999994947575","0.299999994947575"
"12157","0.299999994947575","0.299999994947575","0.299999994947575"
"12161","0.299999994947575","0.299999994947575","0.299999994947575"
"12171","0.299999994947575","0.299999994947575","0.299999994947575"
"12172","0.299999994947575","0.299999994947575","0.299999994947575"
"12173","0.299999994947575","0.299999994947575","0.299999994947575"
"12177","0.299999994947575","0.299999994947575","0.299999994947575"
"12187","0.299999994947575","0.299999994947575","0.299999994947575"
"12189","0.299999994947575","0.299999994947575","0.299999994947575"
"12190","0.299999994947575","0.299999994947575","0.299999994947575"
"12197","0.299999994947575","0.299999994947575","0.299999994947575"
"12215","0.30199999489705076","0.30199999489705076","0.30199999489705076"
"12239","0.30199999489705076","0.30199999489705076","0.30199999489705076"
"12240","0.30199999489705076","0.30199999489705076","0.30199999489705076"
"12241","0.30199999489705076","0.30199999489705076","0.30199999489705076"
"12243","0.30199999489705076","0.30199999489705076","0.30199999489705076"
"12257","0.30199999489705076","0.30199999489705076","0.30199999489705076"
"12275","0.30199999489705076","0.30199999489705076","0.30199999489705076"
"12277","0.30199999489705076","0.30199999489705076","0.30199999489705076"
"12279","0.30199999489705076","0.30199999489705076","0.30199999489705076"
"12293","0.30199999489705076","0.30199999489705076","0.30199999489705076"
"12295","0.30199999489705076","0.30199999489705076","0.30199999489705076"
"12297","0.30199999489705076","0.30199999489705076","0.30199999489705076"
"12305","0.30199999489705076","0.30199999489705076","0.30199999489705076"
"12312","0.3023999948869459","0.3023999948869459","0.3023999948869459"
"12313","0.3025999948818935","0.3025999948818935","0.3025999948818935"
"12317","0.3033999948616838","0.3033999948616838","0.3033999948616838"
"12319","0.30379999485157894","0.30379999485157894","0.30379999485157894"
"12329","0.3039999948465265","0.3039999948465265","0.3039999948465265"
"12330","0.3039999948465265","0.3039999948465265","0.3039999948465265"
"12331","0.3039999948465265","0.3039999948465265","0.3039999948465265"
"12337","0.3039999948465265","0.3039999948465265","0.3039999948465265"
"12342","0.3039999948465265","0.3039999948465265","0.3039999948465265"
"12345","0.3039999948465265","0.3039999948465265","0.3039999948465265"
"12346","0.3039999948465265","0.3039999948465265","0.3039999948465265"
"12349","0.3039999948465265","0.3039999948465265","0.3039999948465265"
"12353","0.3039999948465265","0.3039999948465265","0.3039999948465265"
"12367","0.3039999948465265","0.3039999948465265","0.3039999948465265"
"12373","0.3039999948465265","0.3039999948465265","0.3039999948465265"
"12378","0.3039999948465265","0.3039999948465265","0.3039999948465265"
"12380","0.3039999948465265","0.3039999948465265","0.3039999948465265"
"12389","0.3039999948465265","0.3039999948465265","0.3039999948465265"
"12397","0.3039999948465265","0.3039999948465265","0.3039999948465265"
"12411","0.3039999948465265","0.3039999948465265","0.3039999948465265"
"12415","0.3039999948465265","0.3039999948465265","0.3039999948465265"
"12435","0.30599999479600226","0.30599999479600226","0.30599999479600226"
"12437","0.30599999479600226","0.30599999479600226","0.30599999479600226"
"12466","0.30599999479600226","0.30599999479600226","0.30599999479600226"
"12472","0.30599999479600226","0.30599999479600226","0.30599999479600226"
"12477","0.30599999479600226","0.30599999479600226","0.30599999479600226"
"12479","0.30599999479600226","0.30599999479600226","0.30599999479600226"
"12498","0.30599999479600226","0.30599999479600226","0.30599999479600226"
"12499","0.30599999479600226","0.30599999479600226","0.30599999479600226"
"12502","0.30599999479600226","0.30599999479600226","0.30599999479600226"
"12503","0.30599999479600226","0.30599999479600226","0.30599999479600226"
"12512","0.30599999479600226","0.30599999479600226","0.30599999479600226"
"12514","0.30599999479600226","0.30599999479600226","0.30599999479600226"
"12524","0.30599999479600226","0.30599999479600226","0.30599999479600226"
"12526","0.30599999479600226","0.30599999479600226","0.30599999479600226"
"12527","0.30599999479600226","0.30599999479600226","0.30599999479600226"
"12533","0.306599994780845","0.306599994780845","0.306599994780845"
"12535","0.30699999477074014","0.30699999477074014","0.30699999477074014"
"12547","0.307999994745478","0.307999994745478","0.307999994745478"
"12550","0.307999994745478","0.307999994745478","0.307999994745478"
"12567","0.307999994745478","0.307999994745478","0.307999994745478"
"12573","0.307999994745478","0.307999994745478","0.307999994745478"
"12575","0.307999994745478","0.307999994745478","0.307999994745478"
"12587","0.307999994745478","0.307999994745478","0.307999994745478"
"12599","0.307999994745478","0.307999994745478","0.307999994745478"
"12602","0.307999994745478","0.307999994745478","0.307999994745478"
"12609","0.307999994745478","0.307999994745478","0.307999994745478"
"12617","0.307999994745478","0.307999994745478","0.307999994745478"
"12631","0.307999994745478","0.307999994745478","0.307999994745478"
"12633","0.307999994745478","0.307999994745478","0.307999994745478"
"12639","0.307999994745478","0.307999994745478","0.307999994745478"
"12642","0.30839999473537316","0.30839999473537316","0.30839999473537316"
"12643","0.30859999473032074","0.30859999473032074","0.30859999473032074"
"12644","0.3087999947252683","0.3087999947252683","0.3087999947252683"
"12657","0.30999999469495376","0.30999999469495376","0.30999999469495376"
"12663","0.30999999469495376","0.30999999469495376","0.30999999469495376"
"12672","0.30999999469495376","0.30999999469495376","0.30999999469495376"
"12676","0.30999999469495376","0.30999999469495376","0.30999999469495376"
"12708","0.30999999469495376","0.30999999469495376","0.30999999469495376"
"12713","0.30999999469495376","0.30999999469495376","0.30999999469495376"
"12714","0.30999999469495376","0.30999999469495376","0.30999999469495376"
"12723","0.30999999469495376","0.30999999469495376","0.30999999469495376"
"12725","0.30999999469495376","0.30999999469495376","0.30999999469495376"
"12731","0.30999999469495376","0.30999999469495376","0.30999999469495376"
"12732","0.30999999469495376","0.30999999469495376","0.30999999469495376"
"12735","0.30999999469495376","0.30999999469495376","0.30999999469495376"
"12736","0.30999999469495376","0.30999999469495376","0.30999999469495376"
"12737","0.30999999469495376","0.30999999469495376","0.30999999469495376"
"12743","0.30999999469495376","0.30999999469495376","0.30999999469495376"
"12749","0.30999999469495376","0.30999999469495376","0.30999999469495376"
"12758","0.31159999465453436","0.31159999465453436","0.31159999465453436"
"12759","0.31179999464948194","0.31179999464948194","0.31179999464948194"
"12766","0.3119999946444295","0.3119999946444295","0.3119999946444295"
"12767","0.3119999946444295","0.3119999946444295","0.3119999946444295"
"12772","0.3119999946444295","0.3119999946444295","0.3119999946444295"
"12773","0.3119999946444295","0.3119999946444295","0.3119999946444295"
"12778","0.3119999946444295","0.3119999946444295","0.3119999946444295"
"12790","0.3119999946444295","0.3119999946444295","0.3119999946444295"
"12807","0.3119999946444295","0.3119999946444295","0.3119999946444295"
"12809","0.3119999946444295","0.3119999946444295","0.3119999946444295"
"12815","0.3119999946444295","0.3119999946444295","0.3119999946444295"
"12816","0.3119999946444295","0.3119999946444295","0.3119999946444295"
"12820","0.3119999946444295","0.3119999946444295","0.3119999946444295"
"12826","0.3119999946444295","0.3119999946444295","0.3119999946444295"
"12829","0.3119999946444295","0.3119999946444295","0.3119999946444295"
"12833","0.3119999946444295","0.3119999946444295","0.3119999946444295"
"12834","0.3119999946444295","0.3119999946444295","0.3119999946444295"
"12842","0.3119999946444295","0.3119999946444295","0.3119999946444295"
"12850","0.3119999946444295","0.3119999946444295","0.3119999946444295"
"12851","0.3119999946444295","0.3119999946444295","0.3119999946444295"
"12858","0.3119999946444295","0.3119999946444295","0.3119999946444295"
"12865","0.3129999946191674","0.3129999946191674","0.3129999946191674"
"12882","0.31399999459390526","0.31399999459390526","0.31399999459390526"
"12883","0.31399999459390526","0.31399999459390526","0.31399999459390526"
"12885","0.31399999459390526","0.31399999459390526","0.31399999459390526"
"12889","0.31399999459390526","0.31399999459390526","0.31399999459390526"
"12894","0.31399999459390526","0.31399999459390526","0.31399999459390526"
"12898","0.31399999459390526","0.31399999459390526","0.31399999459390526"
"12904","0.31399999459390526","0.31399999459390526","0.31399999459390526"
"12924","0.31399999459390526","0.31399999459390526","0.31399999459390526"
"12930","0.31399999459390526","0.31399999459390526","0.31399999459390526"
"12931","0.31399999459390526","0.31399999459390526","0.31399999459390526"
"12932","0.31399999459390526","0.31399999459390526","0.31399999459390526"
"12935","0.31399999459390526","0.31399999459390526","0.31399999459390526"
"12942","0.31399999459390526","0.31399999459390526","0.31399999459390526"
"12957","0.31399999459390526","0.31399999459390526","0.31399999459390526"
"12960","0.31399999459390526","0.31399999459390526","0.31399999459390526"
"12966","0.31399999459390526","0.31399999459390526","0.31399999459390526"
"12971","0.31419999458885284","0.31419999458885284","0.31419999458885284"
"12972","0.3143999945838004","0.3143999945838004","0.3143999945838004"
"12973","0.314599994578748","0.314599994578748","0.314599994578748"
"12976","0.3151999945635907","0.3151999945635907","0.3151999945635907"
"12982","0.315999994543381","0.315999994543381","0.315999994543381"
"12998","0.315999994543381","0.315999994543381","0.315999994543381"
"12999","0.315999994543381","0.315999994543381","0.315999994543381"
"13002","0.315999994543381","0.315999994543381","0.315999994543381"
"13010","0.315999994543381","0.315999994543381","0.315999994543381"
"13012","0.315999994543381","0.315999994543381","0.315999994543381"
"13016","0.315999994543381","0.315999994543381","0.315999994543381"
"13021","0.315999994543381","0.315999994543381","0.315999994543381"
"13026","0.315999994543381","0.315999994543381","0.315999994543381"
"13035","0.315999994543381","0.315999994543381","0.315999994543381"
"13036","0.315999994543381","0.315999994543381","0.315999994543381"
"13039","0.315999994543381","0.315999994543381","0.315999994543381"
"13040","0.315999994543381","0.315999994543381","0.315999994543381"
"13043","0.315999994543381","0.315999994543381","0.315999994543381"
"13047","0.315999994543381","0.315999994543381","0.315999994543381"
"13057","0.315999994543381","0.315999994543381","0.315999994543381"
"13062","0.315999994543381","0.315999994543381","0.315999994543381"
"13066","0.315999994543381","0.315999994543381","0.315999994543381"
"13073","0.315999994543381","0.315999994543381","0.315999994543381"
"13082","0.31639999453327616","0.31639999453327616","0.31639999453327616"
"13091","0.31799999449285676","0.31799999449285676","0.31799999449285676"
"13098","0.31799999449285676","0.31799999449285676","0.31799999449285676"
"13101","0.31799999449285676","0.31799999449285676","0.31799999449285676"
"13105","0.31799999449285676","0.31799999449285676","0.31799999449285676"
"13110","0.31799999449285676","0.31799999449285676","0.31799999449285676"
"13112","0.31799999449285676","0.31799999449285676","0.31799999449285676"
"13114","0.31799999449285676","0.31799999449285676","0.31799999449285676"
"13116","0.31799999449285676","0.31799999449285676","0.31799999449285676"
"13130","0.31799999449285676","0.31799999449285676","0.31799999449285676"
"13137","0.31799999449285676","0.31799999449285676","0.31799999449285676"
"13139","0.31799999449285676","0.31799999449285676","0.31799999449285676"
"13143","0.31799999449285676","0.31799999449285676","0.31799999449285676"
"13150","0.31799999449285676","0.31799999449285676","0.31799999449285676"
"13159","0.31799999449285676","0.31799999449285676","0.31799999449285676"
"13173","0.31799999449285676","0.31799999449285676","0.31799999449285676"
"13175","0.31799999449285676","0.31799999449285676","0.31799999449285676"
"13177","0.31799999449285676","0.31799999449285676","0.31799999449285676"
"13183","0.31799999449285676","0.31799999449285676","0.31799999449285676"
"13186","0.31799999449285676","0.31799999449285676","0.31799999449285676"
"13191","0.31819999448780434","0.31819999448780434","0.31819999448780434"
"13199","0.31979999444738494","0.31979999444738494","0.31979999444738494"
"13205","0.3199999944423325","0.3199999944423325","0.3199999944423325"
"13209","0.3199999944423325","0.3199999944423325","0.3199999944423325"
"13210","0.3199999944423325","0.3199999944423325","0.3199999944423325"
"13223","0.3199999944423325","0.3199999944423325","0.3199999944423325"
"13233","0.3199999944423325","0.3199999944423325","0.3199999944423325"
"13237","0.3199999944423325","0.3199999944423325","0.3199999944423325"
"13238","0.3199999944423325","0.3199999944423325","0.3199999944423325"
"13239","0.3199999944423325","0.3199999944423325","0.3199999944423325"
"13254","0.3199999944423325","0.3199999944423325","0.3199999944423325"
"13259","0.3199999944423325","0.3199999944423325","0.3199999944423325"
"13268","0.3199999944423325","0.3199999944423325","0.3199999944423325"
"13279","0.3199999944423325","0.3199999944423325","0.3199999944423325"
"13290","0.3199999944423325","0.3199999944423325","0.3199999944423325"
"13296","0.3199999944423325","0.3199999944423325","0.3199999944423325"
"13300","0.3199999944423325","0.3199999944423325","0.3199999944423325"
"13304","0.3207999944221228","0.3207999944221228","0.3207999944221228"
"13305","0.3209999944170704","0.3209999944170704","0.3209999944170704"
"13311","0.32199999439180826","0.32199999439180826","0.32199999439180826"
"13312","0.32199999439180826","0.32199999439180826","0.32199999439180826"
"13319","0.32199999439180826","0.32199999439180826","0.32199999439180826"
"13322","0.32199999439180826","0.32199999439180826","0.32199999439180826"
"13324","0.32199999439180826","0.32199999439180826","0.32199999439180826"
"13325","0.32199999439180826","0.32199999439180826","0.32199999439180826"
"13329","0.32199999439180826","0.32199999439180826","0.32199999439180826"
"13333","0.32199999439180826","0.32199999439180826","0.32199999439180826"
"13336","0.32199999439180826","0.32199999439180826","0.32199999439180826"
"13337","0.32199999439180826","0.32199999439180826","0.32199999439180826"
"13339","0.32199999439180826","0.32199999439180826","0.32199999439180826"
"13341","0.32199999439180826","0.32199999439180826","0.32199999439180826"
"13348","0.32199999439180826","0.32199999439180826","0.32199999439180826"
"13350","0.32199999439180826","0.32199999439180826","0.32199999439180826"
"13353","0.32199999439180826","0.32199999439180826","0.32199999439180826"
"13355","0.32199999439180826","0.32199999439180826","0.32199999439180826"
"13358","0.32199999439180826","0.32199999439180826","0.32199999439180826"
"13376","0.32199999439180826","0.32199999439180826","0.32199999439180826"
"13382","0.32199999439180826","0.32199999439180826","0.32199999439180826"
"13389","0.32199999439180826","0.32199999439180826","0.32199999439180826"
"13394","0.32199999439180826","0.32199999439180826","0.32199999439180826"
"13399","0.32199999439180826","0.32199999439180826","0.32199999439180826"
"13401","0.32199999439180826","0.32199999439180826","0.32199999439180826"
"13403","0.32199999439180826","0.32199999439180826","0.32199999439180826"
"13423","0.323999994341284","0.323999994341284","0.323999994341284"
"13453","0.323999994341284","0.323999994341284","0.323999994341284"
"13454","0.323999994341284","0.323999994341284","0.323999994341284"
"13457","0.323999994341284","0.323999994341284","0.323999994341284"
"13466","0.323999994341284","0.323999994341284","0.323999994341284"
"13468","0.323999994341284","0.323999994341284","0.323999994341284"
"13470","0.323999994341284","0.323999994341284","0.323999994341284"
"13478","0.323999994341284","0.323999994341284","0.323999994341284"
"13489","0.323999994341284","0.323999994341284","0.323999994341284"
"13494","0.323999994341284","0.323999994341284","0.323999994341284"
"13497","0.323999994341284","0.323999994341284","0.323999994341284"
"13499","0.323999994341284","0.323999994341284","0.323999994341284"
"13501","0.323999994341284","0.323999994341284","0.323999994341284"
"13514","0.323999994341284","0.323999994341284","0.323999994341284"
"13515","0.323999994341284","0.323999994341284","0.323999994341284"
"13519","0.323999994341284","0.323999994341284","0.323999994341284"
"13520","0.323999994341284","0.323999994341284","0.323999994341284"
"13523","0.32459999432612674","0.32459999432612674","0.32459999432612674"
"13533","0.32599999429075976","0.32599999429075976","0.32599999429075976"
"13543","0.32599999429075976","0.32599999429075976","0.32599999429075976"
"13547","0.32599999429075976","0.32599999429075976","0.32599999429075976"
"13548","0.32599999429075976","0.32599999429075976","0.32599999429075976"
"13554","0.32599999429075976","0.32599999429075976","0.32599999429075976"
"13563","0.32599999429075976","0.32599999429075976","0.32599999429075976"
"13564","0.32599999429075976","0.32599999429075976","0.32599999429075976"
"13567","0.32599999429075976","0.32599999429075976","0.32599999429075976"
"13569","0.32599999429075976","0.32599999429075976","0.32599999429075976"
"13570","0.32599999429075976","0.32599999429075976","0.32599999429075976"
"13587","0.32599999429075976","0.32599999429075976","0.32599999429075976"
"13591","0.32599999429075976","0.32599999429075976","0.32599999429075976"
"13594","0.32599999429075976","0.32599999429075976","0.32599999429075976"
"13597","0.32599999429075976","0.32599999429075976","0.32599999429075976"
"13598","0.32599999429075976","0.32599999429075976","0.32599999429075976"
"13604","0.32599999429075976","0.32599999429075976","0.32599999429075976"
"13605","0.32599999429075976","0.32599999429075976","0.32599999429075976"
"13615","0.32599999429075976","0.32599999429075976","0.32599999429075976"
"13617","0.32599999429075976","0.32599999429075976","0.32599999429075976"
"13618","0.32599999429075976","0.32599999429075976","0.32599999429075976"
"13621","0.32599999429075976","0.32599999429075976","0.32599999429075976"
"13625","0.32599999429075976","0.32599999429075976","0.32599999429075976"
"13627","0.32599999429075976","0.32599999429075976","0.32599999429075976"
"13632","0.3263999942806549","0.3263999942806549","0.3263999942806549"
"13637","0.3273999942553928","0.3273999942553928","0.3273999942553928"
"13648","0.3279999942402355","0.3279999942402355","0.3279999942402355"
"13660","0.3279999942402355","0.3279999942402355","0.3279999942402355"
"13693","0.3279999942402355","0.3279999942402355","0.3279999942402355"
"13698","0.3279999942402355","0.3279999942402355","0.3279999942402355"
"13699","0.3279999942402355","0.3279999942402355","0.3279999942402355"
"13709","0.3279999942402355","0.3279999942402355","0.3279999942402355"
"13727","0.3279999942402355","0.3279999942402355","0.3279999942402355"
"13728","0.3279999942402355","0.3279999942402355","0.3279999942402355"
"13743","0.32859999422507824","0.32859999422507824","0.32859999422507824"
"13749","0.3297999941947637","0.3297999941947637","0.3297999941947637"
"13768","0.32999999418971127","0.32999999418971127","0.32999999418971127"
"13776","0.32999999418971127","0.32999999418971127","0.32999999418971127"
"13783","0.32999999418971127","0.32999999418971127","0.32999999418971127"
"13801","0.32999999418971127","0.32999999418971127","0.32999999418971127"
"13803","0.32999999418971127","0.32999999418971127","0.32999999418971127"
"13813","0.32999999418971127","0.32999999418971127","0.32999999418971127"
"13817","0.32999999418971127","0.32999999418971127","0.32999999418971127"
"13822","0.32999999418971127","0.32999999418971127","0.32999999418971127"
"13843","0.32999999418971127","0.32999999418971127","0.32999999418971127"
"13845","0.32999999418971127","0.32999999418971127","0.32999999418971127"
"13849","0.32999999418971127","0.32999999418971127","0.32999999418971127"
"13850","0.32999999418971127","0.32999999418971127","0.32999999418971127"
"13854","0.33079999416950157","0.33079999416950157","0.33079999416950157"
"13862","0.331999994139187","0.331999994139187","0.331999994139187"
"13867","0.331999994139187","0.331999994139187","0.331999994139187"
"13882","0.331999994139187","0.331999994139187","0.331999994139187"
"13888","0.331999994139187","0.331999994139187","0.331999994139187"
"13891","0.331999994139187","0.331999994139187","0.331999994139187"
"13901","0.331999994139187","0.331999994139187","0.331999994139187"
"13909","0.331999994139187","0.331999994139187","0.331999994139187"
"13933","0.331999994139187","0.331999994139187","0.331999994139187"
"13948","0.331999994139187","0.331999994139187","0.331999994139187"
"13949","0.331999994139187","0.331999994139187","0.331999994139187"
"13958","0.331999994139187","0.331999994139187","0.331999994139187"
"13963","0.33259999412402974","0.33259999412402974","0.33259999412402974"
"13975","0.33399999408866277","0.33399999408866277","0.33399999408866277"
"13977","0.33399999408866277","0.33399999408866277","0.33399999408866277"
"13986","0.33399999408866277","0.33399999408866277","0.33399999408866277"
"13996","0.33399999408866277","0.33399999408866277","0.33399999408866277"
"14000","0.33399999408866277","0.33399999408866277","0.33399999408866277"
"14001","0.33399999408866277","0.33399999408866277","0.33399999408866277"
"14019","0.33399999408866277","0.33399999408866277","0.33399999408866277"
"14029","0.33399999408866277","0.33399999408866277","0.33399999408866277"
"14050","0.33399999408866277","0.33399999408866277","0.33399999408866277"
"14059","0.33399999408866277","0.33399999408866277","0.33399999408866277"
"14067","0.33399999408866277","0.33399999408866277","0.33399999408866277"
"14068","0.33399999408866277","0.33399999408866277","0.33399999408866277"
"14079","0.33579999404319094","0.33579999404319094","0.33579999404319094"
"14080","0.3359999940381385","0.3359999940381385","0.3359999940381385"
"14081","0.3359999940381385","0.3359999940381385","0.3359999940381385"
"14083","0.3359999940381385","0.3359999940381385","0.3359999940381385"
"14091","0.3359999940381385","0.3359999940381385","0.3359999940381385"
"14093","0.3359999940381385","0.3359999940381385","0.3359999940381385"
"14094","0.3359999940381385","0.3359999940381385","0.3359999940381385"
"14097","0.3359999940381385","0.3359999940381385","0.3359999940381385"
"14112","0.3359999940381385","0.3359999940381385","0.3359999940381385"
"14117","0.3359999940381385","0.3359999940381385","0.3359999940381385"
"14131","0.3359999940381385","0.3359999940381385","0.3359999940381385"
"14137","0.3359999940381385","0.3359999940381385","0.3359999940381385"
"14138","0.3359999940381385","0.3359999940381385","0.3359999940381385"
"14142","0.3359999940381385","0.3359999940381385","0.3359999940381385"
"14149","0.3359999940381385","0.3359999940381385","0.3359999940381385"
"14153","0.3359999940381385","0.3359999940381385","0.3359999940381385"
"14154","0.3359999940381385","0.3359999940381385","0.3359999940381385"
"14162","0.3359999940381385","0.3359999940381385","0.3359999940381385"
"14170","0.3359999940381385","0.3359999940381385","0.3359999940381385"
"14171","0.3359999940381385","0.3359999940381385","0.3359999940381385"
"14178","0.3359999940381385","0.3359999940381385","0.3359999940381385"
"14182","0.33639999402803367","0.33639999402803367","0.33639999402803367"
"14186","0.33719999400782397","0.33719999400782397","0.33719999400782397"
"14192","0.33799999398761427","0.33799999398761427","0.33799999398761427"
"14195","0.33799999398761427","0.33799999398761427","0.33799999398761427"
"14207","0.33799999398761427","0.33799999398761427","0.33799999398761427"
"14208","0.33799999398761427","0.33799999398761427","0.33799999398761427"
"14214","0.33799999398761427","0.33799999398761427","0.33799999398761427"
"14228","0.33799999398761427","0.33799999398761427","0.33799999398761427"
"14230","0.33799999398761427","0.33799999398761427","0.33799999398761427"
"14247","0.33799999398761427","0.33799999398761427","0.33799999398761427"
"14251","0.33799999398761427","0.33799999398761427","0.33799999398761427"
"14253","0.33799999398761427","0.33799999398761427","0.33799999398761427"
"14254","0.33799999398761427","0.33799999398761427","0.33799999398761427"
"14256","0.33799999398761427","0.33799999398761427","0.33799999398761427"
"14276","0.33799999398761427","0.33799999398761427","0.33799999398761427"
"14279","0.33799999398761427","0.33799999398761427","0.33799999398761427"
"14281","0.33799999398761427","0.33799999398761427","0.33799999398761427"
"14282","0.33799999398761427","0.33799999398761427","0.33799999398761427"
"14292","0.3375999939977191","0.3375999939977191","0.3375999939977191"
"14298","0.33639999402803367","0.33639999402803367","0.33639999402803367"
"14299","0.3361999940330861","0.3361999940330861","0.3361999940330861"
"14307","0.3359999940381385","0.3359999940381385","0.3359999940381385"
"14319","0.3359999940381385","0.3359999940381385","0.3359999940381385"
"14322","0.3359999940381385","0.3359999940381385","0.3359999940381385"
"14337","0.3359999940381385","0.3359999940381385","0.3359999940381385"
"14338","0.3359999940381385","0.3359999940381385","0.3359999940381385"
"14344","0.3359999940381385","0.3359999940381385","0.3359999940381385"
"14345","0.3359999940381385","0.3359999940381385","0.3359999940381385"
"14349","0.3359999940381385","0.3359999940381385","0.3359999940381385"
"14359","0.3359999940381385","0.3359999940381385","0.3359999940381385"
"14367","0.3359999940381385","0.3359999940381385","0.3359999940381385"
"14378","0.3359999940381385","0.3359999940381385","0.3359999940381385"
"14380","0.3359999940381385","0.3359999940381385","0.3359999940381385"
"14383","0.3359999940381385","0.3359999940381385","0.3359999940381385"
"14390","0.3359999940381385","0.3359999940381385","0.3359999940381385"
"14392","0.3359999940381385","0.3359999940381385","0.3359999940381385"
"14419","0.33799999398761427","0.33799999398761427","0.33799999398761427"
"14423","0.33799999398761427","0.33799999398761427","0.33799999398761427"
"14437","0.33799999398761427","0.33799999398761427","0.33799999398761427"
"14440","0.33799999398761427","0.33799999398761427","0.33799999398761427"
"14443","0.33799999398761427","0.33799999398761427","0.33799999398761427"
"14449","0.33799999398761427","0.33799999398761427","0.33799999398761427"
"14452","0.33799999398761427","0.33799999398761427","0.33799999398761427"
"14458","0.33799999398761427","0.33799999398761427","0.33799999398761427"
"14462","0.33799999398761427","0.33799999398761427","0.33799999398761427"
"14479","0.33799999398761427","0.33799999398761427","0.33799999398761427"
"14482","0.33799999398761427","0.33799999398761427","0.33799999398761427"
"14483","0.33799999398761427","0.33799999398761427","0.33799999398761427"
"14484","0.33799999398761427","0.33799999398761427","0.33799999398761427"
"14485","0.33799999398761427","0.33799999398761427","0.33799999398761427"
"14495","0.33799999398761427","0.33799999398761427","0.33799999398761427"
"14508","0.33799999398761427","0.33799999398761427","0.33799999398761427"
"14510","0.33799999398761427","0.33799999398761427","0.33799999398761427"
"14512","0.3383999939775094","0.3383999939775094","0.3383999939775094"
"14513","0.338599993972457","0.338599993972457","0.338599993972457"
"14516","0.3391999939572997","0.3391999939572997","0.3391999939572997"
"14518","0.33959999394719487","0.33959999394719487","0.33959999394719487"
"14530","0.33999999393709","0.33999999393709","0.33999999393709"
"14540","0.33999999393709","0.33999999393709","0.33999999393709"
"14553","0.33999999393709","0.33999999393709","0.33999999393709"
"14568","0.33999999393709","0.33999999393709","0.33999999393709"
"14571","0.33999999393709","0.33999999393709","0.33999999393709"
"14576","0.33999999393709","0.33999999393709","0.33999999393709"
"14590","0.33999999393709","0.33999999393709","0.33999999393709"
"14594","0.33999999393709","0.33999999393709","0.33999999393709"
"14611","0.33999999393709","0.33999999393709","0.33999999393709"
"14612","0.33999999393709","0.33999999393709","0.33999999393709"
"14613","0.33999999393709","0.33999999393709","0.33999999393709"
"14627","0.34139999390172304","0.34139999390172304","0.34139999390172304"
"14630","0.34199999388656577","0.34199999388656577","0.34199999388656577"
"14631","0.34199999388656577","0.34199999388656577","0.34199999388656577"
"14635","0.34199999388656577","0.34199999388656577","0.34199999388656577"
"14641","0.34199999388656577","0.34199999388656577","0.34199999388656577"
"14647","0.34199999388656577","0.34199999388656577","0.34199999388656577"
"14653","0.34199999388656577","0.34199999388656577","0.34199999388656577"
"14654","0.34199999388656577","0.34199999388656577","0.34199999388656577"
"14656","0.34199999388656577","0.34199999388656577","0.34199999388656577"
"14664","0.34199999388656577","0.34199999388656577","0.34199999388656577"
"14666","0.34199999388656577","0.34199999388656577","0.34199999388656577"
"14668","0.34199999388656577","0.34199999388656577","0.34199999388656577"
"14672","0.34199999388656577","0.34199999388656577","0.34199999388656577"
"14673","0.34199999388656577","0.34199999388656577","0.34199999388656577"
"14678","0.34199999388656577","0.34199999388656577","0.34199999388656577"
"14688","0.34199999388656577","0.34199999388656577","0.34199999388656577"
"14690","0.34199999388656577","0.34199999388656577","0.34199999388656577"
"14693","0.34199999388656577","0.34199999388656577","0.34199999388656577"
"14698","0.34199999388656577","0.34199999388656577","0.34199999388656577"
"14709","0.34199999388656577","0.34199999388656577","0.34199999388656577"
"14711","0.34199999388656577","0.34199999388656577","0.34199999388656577"
"14716","0.34199999388656577","0.34199999388656577","0.34199999388656577"
"14718","0.34199999388656577","0.34199999388656577","0.34199999388656577"
"14719","0.34199999388656577","0.34199999388656577","0.34199999388656577"
"14724","0.34199999388656577","0.34199999388656577","0.34199999388656577"
"14725","0.34199999388656577","0.34199999388656577","0.34199999388656577"
"14734","0.34279999386635607","0.34279999386635607","0.34279999386635607"
"14737","0.3433999938511988","0.3433999938511988","0.3433999938511988"
"14738","0.34359999384614637","0.34359999384614637","0.34359999384614637"
"14747","0.3439999938360415","0.3439999938360415","0.3439999938360415"
"14748","0.3439999938360415","0.3439999938360415","0.3439999938360415"
"14750","0.3439999938360415","0.3439999938360415","0.3439999938360415"
"14754","0.3439999938360415","0.3439999938360415","0.3439999938360415"
"14757","0.3439999938360415","0.3439999938360415","0.3439999938360415"
"14758","0.3439999938360415","0.3439999938360415","0.3439999938360415"
"14763","0.3439999938360415","0.3439999938360415","0.3439999938360415"
"14772","0.3439999938360415","0.3439999938360415","0.3439999938360415"
"14779","0.3439999938360415","0.3439999938360415","0.3439999938360415"
"14783","0.3439999938360415","0.3439999938360415","0.3439999938360415"
"14785","0.3439999938360415","0.3439999938360415","0.3439999938360415"
"14788","0.3439999938360415","0.3439999938360415","0.3439999938360415"
"14793","0.3439999938360415","0.3439999938360415","0.3439999938360415"
"14799","0.3439999938360415","0.3439999938360415","0.3439999938360415"
"14801","0.3439999938360415","0.3439999938360415","0.3439999938360415"
"14805","0.3439999938360415","0.3439999938360415","0.3439999938360415"
"14806","0.3439999938360415","0.3439999938360415","0.3439999938360415"
"14826","0.3439999938360415","0.3439999938360415","0.3439999938360415"
"14831","0.3439999938360415","0.3439999938360415","0.3439999938360415"
"14850","0.34599999378551727","0.34599999378551727","0.34599999378551727"
"14862","0.34599999378551727","0.34599999378551727","0.34599999378551727"
"14870","0.34599999378551727","0.34599999378551727","0.34599999378551727"
"14875","0.34599999378551727","0.34599999378551727","0.34599999378551727"
"14877","0.34599999378551727","0.34599999378551727","0.34599999378551727"
"14879","0.34599999378551727","0.34599999378551727","0.34599999378551727"
"14885","0.34599999378551727","0.34599999378551727","0.34599999378551727"
"14889","0.34599999378551727","0.34599999378551727","0.34599999378551727"
"14895","0.34599999378551727","0.34599999378551727","0.34599999378551727"
"14900","0.34599999378551727","0.34599999378551727","0.34599999378551727"
"14906","0.34599999378551727","0.34599999378551727","0.34599999378551727"
"14907","0.34599999378551727","0.34599999378551727","0.34599999378551727"
"14908","0.34599999378551727","0.34599999378551727","0.34599999378551727"
"14910","0.34599999378551727","0.34599999378551727","0.34599999378551727"
"14917","0.34599999378551727","0.34599999378551727","0.34599999378551727"
"14925","0.34599999378551727","0.34599999378551727","0.34599999378551727"
"14929","0.34599999378551727","0.34599999378551727","0.34599999378551727"
"14932","0.34599999378551727","0.34599999378551727","0.34599999378551727"
"14940","0.34599999378551727","0.34599999378551727","0.34599999378551727"
"14956","0.3471999937552027","0.3471999937552027","0.3471999937552027"
"14960","0.347999993734993","0.347999993734993","0.347999993734993"
"14968","0.347999993734993","0.347999993734993","0.347999993734993"
"14978","0.347999993734993","0.347999993734993","0.347999993734993"
"14981","0.347999993734993","0.347999993734993","0.347999993734993"
"14983","0.347999993734993","0.347999993734993","0.347999993734993"
"14989","0.347999993734993","0.347999993734993","0.347999993734993"
"15004","0.347999993734993","0.347999993734993","0.347999993734993"
"15012","0.347999993734993","0.347999993734993","0.347999993734993"
"15014","0.347999993734993","0.347999993734993","0.347999993734993"
"15017","0.347999993734993","0.347999993734993","0.347999993734993"
"15021","0.347999993734993","0.347999993734993","0.347999993734993"
"15033","0.347999993734993","0.347999993734993","0.347999993734993"
"15034","0.347999993734993","0.347999993734993","0.347999993734993"
"15042","0.347999993734993","0.347999993734993","0.347999993734993"
"15048","0.347999993734993","0.347999993734993","0.347999993734993"
"15055","0.347999993734993","0.347999993734993","0.347999993734993"
"15064","0.3487999937147833","0.3487999937147833","0.3487999937147833"
"15077","0.34999999368446877","0.34999999368446877","0.34999999368446877"
"15078","0.34999999368446877","0.34999999368446877","0.34999999368446877"
"15084","0.34999999368446877","0.34999999368446877","0.34999999368446877"
"15086","0.34999999368446877","0.34999999368446877","0.34999999368446877"
"15088","0.34999999368446877","0.34999999368446877","0.34999999368446877"
"15092","0.34999999368446877","0.34999999368446877","0.34999999368446877"
"15099","0.34999999368446877","0.34999999368446877","0.34999999368446877"
"15111","0.34999999368446877","0.34999999368446877","0.34999999368446877"
"15114","0.34999999368446877","0.34999999368446877","0.34999999368446877"
"15124","0.34999999368446877","0.34999999368446877","0.34999999368446877"
"15132","0.34999999368446877","0.34999999368446877","0.34999999368446877"
"15140","0.34999999368446877","0.34999999368446877","0.34999999368446877"
"15150","0.34999999368446877","0.34999999368446877","0.34999999368446877"
"15151","0.34999999368446877","0.34999999368446877","0.34999999368446877"
"15158","0.34999999368446877","0.34999999368446877","0.34999999368446877"
"15159","0.34999999368446877","0.34999999368446877","0.34999999368446877"
"15165","0.34999999368446877","0.34999999368446877","0.34999999368446877"
"15177","0.3513999936491018","0.3513999936491018","0.3513999936491018"
"15179","0.35179999363899694","0.35179999363899694","0.35179999363899694"
"15183","0.3519999936339445","0.3519999936339445","0.3519999936339445"
"15187","0.3519999936339445","0.3519999936339445","0.3519999936339445"
"15198","0.3519999936339445","0.3519999936339445","0.3519999936339445"
"15219","0.3519999936339445","0.3519999936339445","0.3519999936339445"
"15223","0.3519999936339445","0.3519999936339445","0.3519999936339445"
"15226","0.3519999936339445","0.3519999936339445","0.3519999936339445"
"15228","0.3519999936339445","0.3519999936339445","0.3519999936339445"
"15230","0.3519999936339445","0.3519999936339445","0.3519999936339445"
"15234","0.3519999936339445","0.3519999936339445","0.3519999936339445"
"15235","0.3519999936339445","0.3519999936339445","0.3519999936339445"
"15240","0.3519999936339445","0.3519999936339445","0.3519999936339445"
"15243","0.3519999936339445","0.3519999936339445","0.3519999936339445"
"15245","0.3519999936339445","0.3519999936339445","0.3519999936339445"
"15249","0.3519999936339445","0.3519999936339445","0.3519999936339445"
"15261","0.3519999936339445","0.3519999936339445","0.3519999936339445"
"15283","0.3513999936491018","0.3513999936491018","0.3513999936491018"
"15290","0.34999999368446877","0.34999999368446877","0.34999999368446877"
"15303","0.34999999368446877","0.34999999368446877","0.34999999368446877"
"15307","0.34999999368446877","0.34999999368446877","0.34999999368446877"
"15308","0.34999999368446877","0.34999999368446877","0.34999999368446877"
"15310","0.34999999368446877","0.34999999368446877","0.34999999368446877"
"15330","0.34999999368446877","0.34999999368446877","0.34999999368446877"
"15347","0.34999999368446877","0.34999999368446877","0.34999999368446877"
"15350","0.34999999368446877","0.34999999368446877","0.34999999368446877"
"15354","0.34999999368446877","0.34999999368446877","0.34999999368446877"
"15363","0.34999999368446877","0.34999999368446877","0.34999999368446877"
"15367","0.34999999368446877","0.34999999368446877","0.34999999368446877"
"15386","0.34999999368446877","0.34999999368446877","0.34999999368446877"
"15390","0.34999999368446877","0.34999999368446877","0.34999999368446877"
"15405","0.3519999936339445","0.3519999936339445","0.3519999936339445"
"15417","0.3519999936339445","0.3519999936339445","0.3519999936339445"
"15422","0.3519999936339445","0.3519999936339445","0.3519999936339445"
"15435","0.3519999936339445","0.3519999936339445","0.3519999936339445"
"15442","0.3519999936339445","0.3519999936339445","0.3519999936339445"
"15444","0.3519999936339445","0.3519999936339445","0.3519999936339445"
"15445","0.3519999936339445","0.3519999936339445","0.3519999936339445"
"15449","0.3519999936339445","0.3519999936339445","0.3519999936339445"
"15451","0.3519999936339445","0.3519999936339445","0.3519999936339445"
"15455","0.3519999936339445","0.3519999936339445","0.3519999936339445"
"15460","0.3519999936339445","0.3519999936339445","0.3519999936339445"
"15465","0.3519999936339445","0.3519999936339445","0.3519999936339445"
"15468","0.3519999936339445","0.3519999936339445","0.3519999936339445"
"15469","0.3519999936339445","0.3519999936339445","0.3519999936339445"
"15475","0.3519999936339445","0.3519999936339445","0.3519999936339445"
"15476","0.3519999936339445","0.3519999936339445","0.3519999936339445"
"15477","0.3519999936339445","0.3519999936339445","0.3519999936339445"
"15482","0.3519999936339445","0.3519999936339445","0.3519999936339445"
"15491","0.3519999936339445","0.3519999936339445","0.3519999936339445"
"15505","0.3529999936086824","0.3529999936086824","0.3529999936086824"
"15507","0.35339999359857754","0.35339999359857754","0.35339999359857754"
"15513","0.35399999358342027","0.35399999358342027","0.35399999358342027"
"15517","0.35399999358342027","0.35399999358342027","0.35399999358342027"
"15536","0.35399999358342027","0.35399999358342027","0.35399999358342027"
"15546","0.35399999358342027","0.35399999358342027","0.35399999358342027"
"15550","0.35399999358342027","0.35399999358342027","0.35399999358342027"
"15553","0.35399999358342027","0.35399999358342027","0.35399999358342027"
"15567","0.35399999358342027","0.35399999358342027","0.35399999358342027"
"15568","0.35399999358342027","0.35399999358342027","0.35399999358342027"
"15574","0.35399999358342027","0.35399999358342027","0.35399999358342027"
"15582","0.35399999358342027","0.35399999358342027","0.35399999358342027"
"15584","0.35399999358342027","0.35399999358342027","0.35399999358342027"
"15594","0.35399999358342027","0.35399999358342027","0.35399999358342027"
"15606","0.35399999358342027","0.35399999358342027","0.35399999358342027"
"15607","0.35399999358342027","0.35399999358342027","0.35399999358342027"
"15620","0.3519999936339445","0.3519999936339445","0.3519999936339445"
"15631","0.3519999936339445","0.3519999936339445","0.3519999936339445"
"15641","0.3519999936339445","0.3519999936339445","0.3519999936339445"
"15644","0.3519999936339445","0.3519999936339445","0.3519999936339445"
"15646","0.3519999936339445","0.3519999936339445","0.3519999936339445"
"15662","0.3519999936339445","0.3519999936339445","0.3519999936339445"
"15663","0.3519999936339445","0.3519999936339445","0.3519999936339445"
"15667","0.3519999936339445","0.3519999936339445","0.3519999936339445"
"15674","0.3519999936339445","0.3519999936339445","0.3519999936339445"
"15682","0.3519999936339445","0.3519999936339445","0.3519999936339445"
"15684","0.3519999936339445","0.3519999936339445","0.3519999936339445"
"15685","0.3519999936339445","0.3519999936339445","0.3519999936339445"
"15687","0.3519999936339445","0.3519999936339445","0.3519999936339445"
"15688","0.3519999936339445","0.3519999936339445","0.3519999936339445"
"15692","0.3519999936339445","0.3519999936339445","0.3519999936339445"
"15693","0.3519999936339445","0.3519999936339445","0.3519999936339445"
"15701","0.3519999936339445","0.3519999936339445","0.3519999936339445"
"15707","0.3519999936339445","0.3519999936339445","0.3519999936339445"
"15712","0.3519999936339445","0.3519999936339445","0.3519999936339445"
"15713","0.3519999936339445","0.3519999936339445","0.3519999936339445"
"15714","0.3519999936339445","0.3519999936339445","0.3519999936339445"
"15716","0.3519999936339445","0.3519999936339445","0.3519999936339445"
"15736","0.35399999358342027","0.35399999358342027","0.35399999358342027"
"15741","0.35399999358342027","0.35399999358342027","0.35399999358342027"
"15747","0.35399999358342027","0.35399999358342027","0.35399999358342027"
"15748","0.35399999358342027","0.35399999358342027","0.35399999358342027"
"15749","0.35399999358342027","0.35399999358342027","0.35399999358342027"
"15750","0.35399999358342027","0.35399999358342027","0.35399999358342027"
"15774","0.35399999358342027","0.35399999358342027","0.35399999358342027"
"15777","0.35399999358342027","0.35399999358342027","0.35399999358342027"
"15789","0.35399999358342027","0.35399999358342027","0.35399999358342027"
"15801","0.35399999358342027","0.35399999358342027","0.35399999358342027"
"15803","0.35399999358342027","0.35399999358342027","0.35399999358342027"
"15805","0.35399999358342027","0.35399999358342027","0.35399999358342027"
"15808","0.35399999358342027","0.35399999358342027","0.35399999358342027"
"15816","0.35399999358342027","0.35399999358342027","0.35399999358342027"
"15817","0.35399999358342027","0.35399999358342027","0.35399999358342027"
"15819","0.35399999358342027","0.35399999358342027","0.35399999358342027"
"15827","0.35399999358342027","0.35399999358342027","0.35399999358342027"
"15829","0.35399999358342027","0.35399999358342027","0.35399999358342027"
"15832","0.3543999935733154","0.3543999935733154","0.3543999935733154"
"15838","0.35559999354300087","0.35559999354300087","0.35559999354300087"
"15845","0.355999993532896","0.355999993532896","0.355999993532896"
"15846","0.355999993532896","0.355999993532896","0.355999993532896"
"15857","0.355999993532896","0.355999993532896","0.355999993532896"
"15861","0.355999993532896","0.355999993532896","0.355999993532896"
"15879","0.355999993532896","0.355999993532896","0.355999993532896"
"15889","0.355999993532896","0.355999993532896","0.355999993532896"
"15890","0.355999993532896","0.355999993532896","0.355999993532896"
"15891","0.355999993532896","0.355999993532896","0.355999993532896"
"15898","0.355999993532896","0.355999993532896","0.355999993532896"
"15899","0.355999993532896","0.355999993532896","0.355999993532896"
"15900","0.355999993532896","0.355999993532896","0.355999993532896"
"15901","0.355999993532896","0.355999993532896","0.355999993532896"
"15904","0.355999993532896","0.355999993532896","0.355999993532896"
"15912","0.355999993532896","0.355999993532896","0.355999993532896"
"15913","0.355999993532896","0.355999993532896","0.355999993532896"
"15917","0.355999993532896","0.355999993532896","0.355999993532896"
"15919","0.355999993532896","0.355999993532896","0.355999993532896"
"15923","0.355999993532896","0.355999993532896","0.355999993532896"
"15924","0.355999993532896","0.355999993532896","0.355999993532896"
"15927","0.355999993532896","0.355999993532896","0.355999993532896"
"15928","0.355999993532896","0.355999993532896","0.355999993532896"
"15942","0.35639999352279117","0.35639999352279117","0.35639999352279117"
"15953","0.35799999348237177","0.35799999348237177","0.35799999348237177"
"15955","0.35799999348237177","0.35799999348237177","0.35799999348237177"
"15957","0.35799999348237177","0.35799999348237177","0.35799999348237177"
"15961","0.35799999348237177","0.35799999348237177","0.35799999348237177"
"15976","0.35799999348237177","0.35799999348237177","0.35799999348237177"
"15987","0.35799999348237177","0.35799999348237177","0.35799999348237177"
"15992","0.35799999348237177","0.35799999348237177","0.35799999348237177"
"15997","0.35799999348237177","0.35799999348237177","0.35799999348237177"
"16000","0.35799999348237177","0.35799999348237177","0.35799999348237177"
"16001","0.35799999348237177","0.35799999348237177","0.35799999348237177"
"16012","0.35799999348237177","0.35799999348237177","0.35799999348237177"
"16020","0.35799999348237177","0.35799999348237177","0.35799999348237177"
"16032","0.35799999348237177","0.35799999348237177","0.35799999348237177"
"16036","0.35799999348237177","0.35799999348237177","0.35799999348237177"
"16052","0.3583999934722669","0.3583999934722669","0.3583999934722669"
"16056","0.3591999934520572","0.3591999934520572","0.3591999934520572"
"16059","0.35979999343689995","0.35979999343689995","0.35979999343689995"
"16071","0.3599999934318475","0.3599999934318475","0.3599999934318475"
"16074","0.3599999934318475","0.3599999934318475","0.3599999934318475"
"16076","0.3599999934318475","0.3599999934318475","0.3599999934318475"
"16087","0.3599999934318475","0.3599999934318475","0.3599999934318475"
"16089","0.3599999934318475","0.3599999934318475","0.3599999934318475"
"16092","0.3599999934318475","0.3599999934318475","0.3599999934318475"
"16101","0.3599999934318475","0.3599999934318475","0.3599999934318475"
"16104","0.3599999934318475","0.3599999934318475","0.3599999934318475"
"16118","0.3599999934318475","0.3599999934318475","0.3599999934318475"
"16143","0.3599999934318475","0.3599999934318475","0.3599999934318475"
"16146","0.3599999934318475","0.3599999934318475","0.3599999934318475"
"16148","0.3599999934318475","0.3599999934318475","0.3599999934318475"
"16155","0.3599999934318475","0.3599999934318475","0.3599999934318475"
"16164","0.3607999934116378","0.3607999934116378","0.3607999934116378"
"16165","0.3609999934065854","0.3609999934065854","0.3609999934065854"
"16182","0.36199999338132327","0.36199999338132327","0.36199999338132327"
"16184","0.36199999338132327","0.36199999338132327","0.36199999338132327"
"16190","0.36199999338132327","0.36199999338132327","0.36199999338132327"
"16194","0.36199999338132327","0.36199999338132327","0.36199999338132327"
"16195","0.36199999338132327","0.36199999338132327","0.36199999338132327"
"16203","0.36199999338132327","0.36199999338132327","0.36199999338132327"
"16204","0.36199999338132327","0.36199999338132327","0.36199999338132327"
"16206","0.36199999338132327","0.36199999338132327","0.36199999338132327"
"16208","0.36199999338132327","0.36199999338132327","0.36199999338132327"
"16215","0.36199999338132327","0.36199999338132327","0.36199999338132327"
"16216","0.36199999338132327","0.36199999338132327","0.36199999338132327"
"16224","0.36199999338132327","0.36199999338132327","0.36199999338132327"
"16226","0.36199999338132327","0.36199999338132327","0.36199999338132327"
"16239","0.36199999338132327","0.36199999338132327","0.36199999338132327"
"16241","0.36199999338132327","0.36199999338132327","0.36199999338132327"
"16243","0.36199999338132327","0.36199999338132327","0.36199999338132327"
"16250","0.36199999338132327","0.36199999338132327","0.36199999338132327"
"16255","0.36199999338132327","0.36199999338132327","0.36199999338132327"
"16261","0.36199999338132327","0.36199999338132327","0.36199999338132327"
"16269","0.36199999338132327","0.36199999338132327","0.36199999338132327"
"16273","0.362599993366166","0.362599993366166","0.362599993366166"
"16274","0.36279999336111357","0.36279999336111357","0.36279999336111357"
"16279","0.36379999333585145","0.36379999333585145","0.36379999333585145"
"16281","0.363999993330799","0.363999993330799","0.363999993330799"
"16285","0.363999993330799","0.363999993330799","0.363999993330799"
"16288","0.363999993330799","0.363999993330799","0.363999993330799"
"16291","0.363999993330799","0.363999993330799","0.363999993330799"
"16309","0.363999993330799","0.363999993330799","0.363999993330799"
"16315","0.363999993330799","0.363999993330799","0.363999993330799"
"16317","0.363999993330799","0.363999993330799","0.363999993330799"
"16319","0.363999993330799","0.363999993330799","0.363999993330799"
"16320","0.363999993330799","0.363999993330799","0.363999993330799"
"16330","0.363999993330799","0.363999993330799","0.363999993330799"
"16334","0.363999993330799","0.363999993330799","0.363999993330799"
"16337","0.363999993330799","0.363999993330799","0.363999993330799"
"16340","0.363999993330799","0.363999993330799","0.363999993330799"
"16342","0.363999993330799","0.363999993330799","0.363999993330799"
"16343","0.363999993330799","0.363999993330799","0.363999993330799"
"16349","0.363999993330799","0.363999993330799","0.363999993330799"
"16351","0.363999993330799","0.363999993330799","0.363999993330799"
"16353","0.363999993330799","0.363999993330799","0.363999993330799"
"16358","0.363999993330799","0.363999993330799","0.363999993330799"
"16370","0.363999993330799","0.363999993330799","0.363999993330799"
"16382","0.36439999332069417","0.36439999332069417","0.36439999332069417"
"16396","0.36599999328027477","0.36599999328027477","0.36599999328027477"
"16400","0.36599999328027477","0.36599999328027477","0.36599999328027477"
"16411","0.36599999328027477","0.36599999328027477","0.36599999328027477"
"16431","0.36599999328027477","0.36599999328027477","0.36599999328027477"
"16453","0.36599999328027477","0.36599999328027477","0.36599999328027477"
"16458","0.36599999328027477","0.36599999328027477","0.36599999328027477"
"16467","0.36599999328027477","0.36599999328027477","0.36599999328027477"
"16470","0.36599999328027477","0.36599999328027477","0.36599999328027477"
"16474","0.36599999328027477","0.36599999328027477","0.36599999328027477"
"16484","0.36599999328027477","0.36599999328027477","0.36599999328027477"
"16486","0.36599999328027477","0.36599999328027477","0.36599999328027477"
"16488","0.36599999328027477","0.36599999328027477","0.36599999328027477"
"16489","0.36599999328027477","0.36599999328027477","0.36599999328027477"
"16491","0.36619999327522235","0.36619999327522235","0.36619999327522235"
"16492","0.3663999932701699","0.3663999932701699","0.3663999932701699"
"16498","0.36759999323985537","0.36759999323985537","0.36759999323985537"
"16502","0.3679999932297505","0.3679999932297505","0.3679999932297505"
"16503","0.3679999932297505","0.3679999932297505","0.3679999932297505"
"16517","0.3679999932297505","0.3679999932297505","0.3679999932297505"
"16519","0.3679999932297505","0.3679999932297505","0.3679999932297505"
"16523","0.3679999932297505","0.3679999932297505","0.3679999932297505"
"16528","0.3679999932297505","0.3679999932297505","0.3679999932297505"
"16530","0.3679999932297505","0.3679999932297505","0.3679999932297505"
"16531","0.3679999932297505","0.3679999932297505","0.3679999932297505"
"16535","0.3679999932297505","0.3679999932297505","0.3679999932297505"
"16541","0.3679999932297505","0.3679999932297505","0.3679999932297505"
"16542","0.3679999932297505","0.3679999932297505","0.3679999932297505"
"16545","0.3679999932297505","0.3679999932297505","0.3679999932297505"
"16555","0.3679999932297505","0.3679999932297505","0.3679999932297505"
"16557","0.3679999932297505","0.3679999932297505","0.3679999932297505"
"16572","0.3679999932297505","0.3679999932297505","0.3679999932297505"
"16586","0.3679999932297505","0.3679999932297505","0.3679999932297505"
"16587","0.3679999932297505","0.3679999932297505","0.3679999932297505"
"16588","0.3679999932297505","0.3679999932297505","0.3679999932297505"
"16597","0.3679999932297505","0.3679999932297505","0.3679999932297505"
"16614","0.36999999317922627","0.36999999317922627","0.36999999317922627"
"16616","0.36999999317922627","0.36999999317922627","0.36999999317922627"
"16617","0.36999999317922627","0.36999999317922627","0.36999999317922627"
"16618","0.36999999317922627","0.36999999317922627","0.36999999317922627"
"16622","0.36999999317922627","0.36999999317922627","0.36999999317922627"
"16624","0.36999999317922627","0.36999999317922627","0.36999999317922627"
"16626","0.36999999317922627","0.36999999317922627","0.36999999317922627"
"16629","0.36999999317922627","0.36999999317922627","0.36999999317922627"
"16631","0.36999999317922627","0.36999999317922627","0.36999999317922627"
"16637","0.36999999317922627","0.36999999317922627","0.36999999317922627"
"16640","0.36999999317922627","0.36999999317922627","0.36999999317922627"
"16649","0.36999999317922627","0.36999999317922627","0.36999999317922627"
"16650","0.36999999317922627","0.36999999317922627","0.36999999317922627"
"16655","0.36999999317922627","0.36999999317922627","0.36999999317922627"
"16656","0.36999999317922627","0.36999999317922627","0.36999999317922627"
"16671","0.36999999317922627","0.36999999317922627","0.36999999317922627"
"16673","0.36999999317922627","0.36999999317922627","0.36999999317922627"
"16686","0.36999999317922627","0.36999999317922627","0.36999999317922627"
"16687","0.36999999317922627","0.36999999317922627","0.36999999317922627"
"16692","0.36999999317922627","0.36999999317922627","0.36999999317922627"
"16694","0.36999999317922627","0.36999999317922627","0.36999999317922627"
"16706","0.36999999317922627","0.36999999317922627","0.36999999317922627"
"16725","0.371999993128702","0.371999993128702","0.371999993128702"
"16726","0.371999993128702","0.371999993128702","0.371999993128702"
"16732","0.371999993128702","0.371999993128702","0.371999993128702"
"16735","0.371999993128702","0.371999993128702","0.371999993128702"
"16737","0.371999993128702","0.371999993128702","0.371999993128702"
"16740","0.371999993128702","0.371999993128702","0.371999993128702"
"16746","0.371999993128702","0.371999993128702","0.371999993128702"
"16753","0.371999993128702","0.371999993128702","0.371999993128702"
"16759","0.371999993128702","0.371999993128702","0.371999993128702"
"16760","0.371999993128702","0.371999993128702","0.371999993128702"
"16763","0.371999993128702","0.371999993128702","0.371999993128702"
"16765","0.371999993128702","0.371999993128702","0.371999993128702"
"16768","0.371999993128702","0.371999993128702","0.371999993128702"
"16781","0.371999993128702","0.371999993128702","0.371999993128702"
"16784","0.371999993128702","0.371999993128702","0.371999993128702"
"16787","0.371999993128702","0.371999993128702","0.371999993128702"
"16793","0.371999993128702","0.371999993128702","0.371999993128702"
"16795","0.371999993128702","0.371999993128702","0.371999993128702"
"16796","0.371999993128702","0.371999993128702","0.371999993128702"
"16799","0.371999993128702","0.371999993128702","0.371999993128702"
"16802","0.371999993128702","0.371999993128702","0.371999993128702"
"16805","0.371999993128702","0.371999993128702","0.371999993128702"
"16815","0.371999993128702","0.371999993128702","0.371999993128702"
"16823","0.37259999311354475","0.37259999311354475","0.37259999311354475"
"16824","0.3727999931084923","0.3727999931084923","0.3727999931084923"
"16826","0.3731999930983875","0.3731999930983875","0.3731999930983875"
"16833","0.3739999930781778","0.3739999930781778","0.3739999930781778"
"16854","0.3739999930781778","0.3739999930781778","0.3739999930781778"
"16862","0.3739999930781778","0.3739999930781778","0.3739999930781778"
"16867","0.3739999930781778","0.3739999930781778","0.3739999930781778"
"16877","0.3739999930781778","0.3739999930781778","0.3739999930781778"
"16878","0.3739999930781778","0.3739999930781778","0.3739999930781778"
"16881","0.3739999930781778","0.3739999930781778","0.3739999930781778"
"16883","0.3739999930781778","0.3739999930781778","0.3739999930781778"
"16885","0.3739999930781778","0.3739999930781778","0.3739999930781778"
"16893","0.3739999930781778","0.3739999930781778","0.3739999930781778"
"16894","0.3739999930781778","0.3739999930781778","0.3739999930781778"
"16900","0.3739999930781778","0.3739999930781778","0.3739999930781778"
"16902","0.3739999930781778","0.3739999930781778","0.3739999930781778"
"16905","0.3739999930781778","0.3739999930781778","0.3739999930781778"
"16909","0.3739999930781778","0.3739999930781778","0.3739999930781778"
"16914","0.3739999930781778","0.3739999930781778","0.3739999930781778"
"16917","0.3739999930781778","0.3739999930781778","0.3739999930781778"
"16919","0.3739999930781778","0.3739999930781778","0.3739999930781778"
"16924","0.3739999930781778","0.3739999930781778","0.3739999930781778"
"16928","0.3739999930781778","0.3739999930781778","0.3739999930781778"
"16932","0.3743999930680729","0.3743999930680729","0.3743999930680729"
"16936","0.3751999930478632","0.3751999930478632","0.3751999930478632"
"16941","0.3759999930276535","0.3759999930276535","0.3759999930276535"
"16952","0.3759999930276535","0.3759999930276535","0.3759999930276535"
"16955","0.3759999930276535","0.3759999930276535","0.3759999930276535"
"16971","0.3759999930276535","0.3759999930276535","0.3759999930276535"
"16981","0.3759999930276535","0.3759999930276535","0.3759999930276535"
"16982","0.3759999930276535","0.3759999930276535","0.3759999930276535"
"16983","0.3759999930276535","0.3759999930276535","0.3759999930276535"
"16991","0.3759999930276535","0.3759999930276535","0.3759999930276535"
"16994","0.3759999930276535","0.3759999930276535","0.3759999930276535"
"17007","0.3759999930276535","0.3759999930276535","0.3759999930276535"
"17014","0.3759999930276535","0.3759999930276535","0.3759999930276535"
"17026","0.3759999930276535","0.3759999930276535","0.3759999930276535"
"17031","0.3759999930276535","0.3759999930276535","0.3759999930276535"
"17034","0.3759999930276535","0.3759999930276535","0.3759999930276535"
"17038","0.3759999930276535","0.3759999930276535","0.3759999930276535"
"17042","0.3763999930175487","0.3763999930175487","0.3763999930175487"
"17064","0.3779999929771293","0.3779999929771293","0.3779999929771293"
"17065","0.3779999929771293","0.3779999929771293","0.3779999929771293"
"17068","0.3779999929771293","0.3779999929771293","0.3779999929771293"
"17078","0.3779999929771293","0.3779999929771293","0.3779999929771293"
"17102","0.3779999929771293","0.3779999929771293","0.3779999929771293"
"17104","0.3779999929771293","0.3779999929771293","0.3779999929771293"
"17112","0.3779999929771293","0.3779999929771293","0.3779999929771293"
"17113","0.3779999929771293","0.3779999929771293","0.3779999929771293"
"17114","0.3779999929771293","0.3779999929771293","0.3779999929771293"
"17133","0.3779999929771293","0.3779999929771293","0.3779999929771293"
"17140","0.3779999929771293","0.3779999929771293","0.3779999929771293"
"17143","0.3779999929771293","0.3779999929771293","0.3779999929771293"
"17161","0.379999992926605","0.379999992926605","0.379999992926605"
"17169","0.379999992926605","0.379999992926605","0.379999992926605"
"17179","0.379999992926605","0.379999992926605","0.379999992926605"
"17206","0.379999992926605","0.379999992926605","0.379999992926605"
"17207","0.379999992926605","0.379999992926605","0.379999992926605"
"17226","0.379999992926605","0.379999992926605","0.379999992926605"
"17230","0.379999992926605","0.379999992926605","0.379999992926605"
"17236","0.379999992926605","0.379999992926605","0.379999992926605"
"17248","0.379999992926605","0.379999992926605","0.379999992926605"
"17249","0.379999992926605","0.379999992926605","0.379999992926605"
"17257","0.379999992926605","0.379999992926605","0.379999992926605"
"17258","0.379999992926605","0.379999992926605","0.379999992926605"
"17260","0.379999992926605","0.379999992926605","0.379999992926605"
"17286","0.3819999928760808","0.3819999928760808","0.3819999928760808"
"17292","0.3819999928760808","0.3819999928760808","0.3819999928760808"
"17299","0.3819999928760808","0.3819999928760808","0.3819999928760808"
"17307","0.3819999928760808","0.3819999928760808","0.3819999928760808"
"17313","0.3819999928760808","0.3819999928760808","0.3819999928760808"
"17317","0.3819999928760808","0.3819999928760808","0.3819999928760808"
"17323","0.3819999928760808","0.3819999928760808","0.3819999928760808"
"17324","0.3819999928760808","0.3819999928760808","0.3819999928760808"
"17329","0.3819999928760808","0.3819999928760808","0.3819999928760808"
"17332","0.3819999928760808","0.3819999928760808","0.3819999928760808"
"17337","0.3819999928760808","0.3819999928760808","0.3819999928760808"
"17346","0.3819999928760808","0.3819999928760808","0.3819999928760808"
"17349","0.3819999928760808","0.3819999928760808","0.3819999928760808"
"17354","0.3819999928760808","0.3819999928760808","0.3819999928760808"
"17357","0.3819999928760808","0.3819999928760808","0.3819999928760808"
"17358","0.3819999928760808","0.3819999928760808","0.3819999928760808"
"17361","0.3819999928760808","0.3819999928760808","0.3819999928760808"
"17364","0.3819999928760808","0.3819999928760808","0.3819999928760808"
"17369","0.3819999928760808","0.3819999928760808","0.3819999928760808"
"17370","0.3819999928760808","0.3819999928760808","0.3819999928760808"
"17373","0.3825999928609235","0.3825999928609235","0.3825999928609235"
"17382","0.3839999928255565","0.3839999928255565","0.3839999928255565"
"17384","0.3839999928255565","0.3839999928255565","0.3839999928255565"
"17387","0.3839999928255565","0.3839999928255565","0.3839999928255565"
"17390","0.3839999928255565","0.3839999928255565","0.3839999928255565"
"17400","0.3839999928255565","0.3839999928255565","0.3839999928255565"
"17406","0.3839999928255565","0.3839999928255565","0.3839999928255565"
"17409","0.3839999928255565","0.3839999928255565","0.3839999928255565"
"17411","0.3839999928255565","0.3839999928255565","0.3839999928255565"
"17418","0.3839999928255565","0.3839999928255565","0.3839999928255565"
"17431","0.3839999928255565","0.3839999928255565","0.3839999928255565"
"17449","0.3839999928255565","0.3839999928255565","0.3839999928255565"
"17451","0.3839999928255565","0.3839999928255565","0.3839999928255565"
"17459","0.3839999928255565","0.3839999928255565","0.3839999928255565"
"17467","0.3839999928255565","0.3839999928255565","0.3839999928255565"
"17475","0.3839999928255565","0.3839999928255565","0.3839999928255565"
"17483","0.38459999281039925","0.38459999281039925","0.38459999281039925"
"17485","0.3849999928002944","0.3849999928002944","0.3849999928002944"
"17489","0.3857999927800847","0.3857999927800847","0.3857999927800847"
"17500","0.3859999927750323","0.3859999927750323","0.3859999927750323"
"17515","0.3859999927750323","0.3859999927750323","0.3859999927750323"
"17518","0.3859999927750323","0.3859999927750323","0.3859999927750323"
"17522","0.3859999927750323","0.3859999927750323","0.3859999927750323"
"17523","0.3859999927750323","0.3859999927750323","0.3859999927750323"
"17528","0.3859999927750323","0.3859999927750323","0.3859999927750323"
"17541","0.3859999927750323","0.3859999927750323","0.3859999927750323"
"17544","0.3859999927750323","0.3859999927750323","0.3859999927750323"
"17546","0.3859999927750323","0.3859999927750323","0.3859999927750323"
"17549","0.3859999927750323","0.3859999927750323","0.3859999927750323"
"17566","0.3859999927750323","0.3859999927750323","0.3859999927750323"
"17568","0.3859999927750323","0.3859999927750323","0.3859999927750323"
"17572","0.3859999927750323","0.3859999927750323","0.3859999927750323"
"17582","0.3859999927750323","0.3859999927750323","0.3859999927750323"
"17587","0.3859999927750323","0.3859999927750323","0.3859999927750323"
"17595","0.38699999274977015","0.38699999274977015","0.38699999274977015"
"17600","0.387999992724508","0.387999992724508","0.387999992724508"
"17609","0.387999992724508","0.387999992724508","0.387999992724508"
"17618","0.387999992724508","0.387999992724508","0.387999992724508"
"17621","0.387999992724508","0.387999992724508","0.387999992724508"
"17634","0.387999992724508","0.387999992724508","0.387999992724508"
"17639","0.387999992724508","0.387999992724508","0.387999992724508"
"17647","0.387999992724508","0.387999992724508","0.387999992724508"
"17650","0.387999992724508","0.387999992724508","0.387999992724508"
"17652","0.387999992724508","0.387999992724508","0.387999992724508"
"17658","0.387999992724508","0.387999992724508","0.387999992724508"
"17660","0.387999992724508","0.387999992724508","0.387999992724508"
"17662","0.387999992724508","0.387999992724508","0.387999992724508"
"17665","0.387999992724508","0.387999992724508","0.387999992724508"
"17673","0.387999992724508","0.387999992724508","0.387999992724508"
"17683","0.387999992724508","0.387999992724508","0.387999992724508"
"17685","0.387999992724508","0.387999992724508","0.387999992724508"
"17689","0.387999992724508","0.387999992724508","0.387999992724508"
"17690","0.387999992724508","0.387999992724508","0.387999992724508"
"17695","0.387999992724508","0.387999992724508","0.387999992724508"
"17699","0.387999992724508","0.387999992724508","0.387999992724508"
"17702","0.3883999927144032","0.3883999927144032","0.3883999927144032"
"17727","0.3899999926739838","0.3899999926739838","0.3899999926739838"
"17734","0.3899999926739838","0.3899999926739838","0.3899999926739838"
"17735","0.3899999926739838","0.3899999926739838","0.3899999926739838"
"17742","0.3899999926739838","0.3899999926739838","0.3899999926739838"
"17749","0.3899999926739838","0.3899999926739838","0.3899999926739838"
"17750","0.3899999926739838","0.3899999926739838","0.3899999926739838"
"17757","0.3899999926739838","0.3899999926739838","0.3899999926739838"
"17761","0.3899999926739838","0.3899999926739838","0.3899999926739838"
"17763","0.3899999926739838","0.3899999926739838","0.3899999926739838"
"17766","0.3899999926739838","0.3899999926739838","0.3899999926739838"
"17768","0.3899999926739838","0.3899999926739838","0.3899999926739838"
"17777","0.3899999926739838","0.3899999926739838","0.3899999926739838"
"17779","0.3899999926739838","0.3899999926739838","0.3899999926739838"
"17782","0.3899999926739838","0.3899999926739838","0.3899999926739838"
"17785","0.3899999926739838","0.3899999926739838","0.3899999926739838"
"17786","0.3899999926739838","0.3899999926739838","0.3899999926739838"
"17792","0.3899999926739838","0.3899999926739838","0.3899999926739838"
"17796","0.3899999926739838","0.3899999926739838","0.3899999926739838"
"17798","0.3899999926739838","0.3899999926739838","0.3899999926739838"
"17799","0.3899999926739838","0.3899999926739838","0.3899999926739838"
"17807","0.3899999926739838","0.3899999926739838","0.3899999926739838"
"17810","0.3899999926739838","0.3899999926739838","0.3899999926739838"
"17820","0.3919999926234595","0.3919999926234595","0.3919999926234595"
"17825","0.3919999926234595","0.3919999926234595","0.3919999926234595"
"17836","0.3919999926234595","0.3919999926234595","0.3919999926234595"
"17841","0.3919999926234595","0.3919999926234595","0.3919999926234595"
"17845","0.3919999926234595","0.3919999926234595","0.3919999926234595"
"17855","0.3919999926234595","0.3919999926234595","0.3919999926234595"
"17858","0.3919999926234595","0.3919999926234595","0.3919999926234595"
"17862","0.3919999926234595","0.3919999926234595","0.3919999926234595"
"17866","0.3919999926234595","0.3919999926234595","0.3919999926234595"
"17874","0.3919999926234595","0.3919999926234595","0.3919999926234595"
"17878","0.3919999926234595","0.3919999926234595","0.3919999926234595"
"17884","0.3919999926234595","0.3919999926234595","0.3919999926234595"
"17899","0.3919999926234595","0.3919999926234595","0.3919999926234595"
"17916","0.3919999926234595","0.3919999926234595","0.3919999926234595"
"17934","0.3939999925729353","0.3939999925729353","0.3939999925729353"
"17945","0.3939999925729353","0.3939999925729353","0.3939999925729353"
"17950","0.3939999925729353","0.3939999925729353","0.3939999925729353"
"17953","0.3939999925729353","0.3939999925729353","0.3939999925729353"
"17954","0.3939999925729353","0.3939999925729353","0.3939999925729353"
"17962","0.3939999925729353","0.3939999925729353","0.3939999925729353"
"17966","0.3939999925729353","0.3939999925729353","0.3939999925729353"
"17975","0.3939999925729353","0.3939999925729353","0.3939999925729353"
"17986","0.3939999925729353","0.3939999925729353","0.3939999925729353"
"17991","0.3939999925729353","0.3939999925729353","0.3939999925729353"
"17995","0.3939999925729353","0.3939999925729353","0.3939999925729353"
"18001","0.3939999925729353","0.3939999925729353","0.3939999925729353"
"18007","0.3939999925729353","0.3939999925729353","0.3939999925729353"
"18013","0.3939999925729353","0.3939999925729353","0.3939999925729353"
"18023","0.3939999925729353","0.3939999925729353","0.3939999925729353"
"18027","0.3939999925729353","0.3939999925729353","0.3939999925729353"
"18034","0.3947999925527256","0.3947999925527256","0.3947999925527256"
"18037","0.3953999925375683","0.3953999925375683","0.3953999925375683"
"18046","0.395999992522411","0.395999992522411","0.395999992522411"
"18054","0.395999992522411","0.395999992522411","0.395999992522411"
"18055","0.395999992522411","0.395999992522411","0.395999992522411"
"18062","0.395999992522411","0.395999992522411","0.395999992522411"
"18068","0.395999992522411","0.395999992522411","0.395999992522411"
"18069","0.395999992522411","0.395999992522411","0.395999992522411"
"18086","0.395999992522411","0.395999992522411","0.395999992522411"
"18091","0.395999992522411","0.395999992522411","0.395999992522411"
"18094","0.395999992522411","0.395999992522411","0.395999992522411"
"18102","0.395999992522411","0.395999992522411","0.395999992522411"
"18108","0.395999992522411","0.395999992522411","0.395999992522411"
"18109","0.395999992522411","0.395999992522411","0.395999992522411"
"18117","0.395999992522411","0.395999992522411","0.395999992522411"
"18118","0.395999992522411","0.395999992522411","0.395999992522411"
"18119","0.395999992522411","0.395999992522411","0.395999992522411"
"18121","0.395999992522411","0.395999992522411","0.395999992522411"
"18122","0.395999992522411","0.395999992522411","0.395999992522411"
"18136","0.395999992522411","0.395999992522411","0.395999992522411"
"18137","0.395999992522411","0.395999992522411","0.395999992522411"
"18145","0.3969999924971489","0.3969999924971489","0.3969999924971489"
"18161","0.3979999924718868","0.3979999924718868","0.3979999924718868"
"18171","0.3979999924718868","0.3979999924718868","0.3979999924718868"
"18173","0.3979999924718868","0.3979999924718868","0.3979999924718868"
"18177","0.3979999924718868","0.3979999924718868","0.3979999924718868"
"18181","0.3979999924718868","0.3979999924718868","0.3979999924718868"
"18182","0.3979999924718868","0.3979999924718868","0.3979999924718868"
"18185","0.3979999924718868","0.3979999924718868","0.3979999924718868"
"18192","0.3979999924718868","0.3979999924718868","0.3979999924718868"
"18193","0.3979999924718868","0.3979999924718868","0.3979999924718868"
"18203","0.3979999924718868","0.3979999924718868","0.3979999924718868"
"18205","0.3979999924718868","0.3979999924718868","0.3979999924718868"
"18217","0.3979999924718868","0.3979999924718868","0.3979999924718868"
"18218","0.3979999924718868","0.3979999924718868","0.3979999924718868"
"18236","0.3979999924718868","0.3979999924718868","0.3979999924718868"
"18254","0.3987999924516771","0.3987999924516771","0.3987999924516771"
"18260","0.3999999924213625","0.3999999924213625","0.3999999924213625"
"18262","0.3999999924213625","0.3999999924213625","0.3999999924213625"
"18265","0.3999999924213625","0.3999999924213625","0.3999999924213625"
"18277","0.3999999924213625","0.3999999924213625","0.3999999924213625"
"18308","0.3999999924213625","0.3999999924213625","0.3999999924213625"
"18312","0.3999999924213625","0.3999999924213625","0.3999999924213625"
"18319","0.3999999924213625","0.3999999924213625","0.3999999924213625"
"18322","0.3999999924213625","0.3999999924213625","0.3999999924213625"
"18330","0.3999999924213625","0.3999999924213625","0.3999999924213625"
"18332","0.3999999924213625","0.3999999924213625","0.3999999924213625"
"18334","0.3999999924213625","0.3999999924213625","0.3999999924213625"
"18347","0.3999999924213625","0.3999999924213625","0.3999999924213625"
"18363","0.40059999240620525","0.40059999240620525","0.40059999240620525"
"18364","0.4007999924011528","0.4007999924011528","0.4007999924011528"
"18365","0.4009999923961004","0.4009999923961004","0.4009999923961004"
"18370","0.4019999923708383","0.4019999923708383","0.4019999923708383"
"18373","0.4019999923708383","0.4019999923708383","0.4019999923708383"
"18385","0.4019999923708383","0.4019999923708383","0.4019999923708383"
"18391","0.4019999923708383","0.4019999923708383","0.4019999923708383"
"18397","0.4019999923708383","0.4019999923708383","0.4019999923708383"
"18405","0.4019999923708383","0.4019999923708383","0.4019999923708383"
"18409","0.4019999923708383","0.4019999923708383","0.4019999923708383"
"18413","0.4019999923708383","0.4019999923708383","0.4019999923708383"
"18416","0.4019999923708383","0.4019999923708383","0.4019999923708383"
"18431","0.4019999923708383","0.4019999923708383","0.4019999923708383"
"18432","0.4019999923708383","0.4019999923708383","0.4019999923708383"
"18436","0.4019999923708383","0.4019999923708383","0.4019999923708383"
"18437","0.4019999923708383","0.4019999923708383","0.4019999923708383"
"18442","0.4019999923708383","0.4019999923708383","0.4019999923708383"
"18447","0.4019999923708383","0.4019999923708383","0.4019999923708383"
"18450","0.4019999923708383","0.4019999923708383","0.4019999923708383"
"18452","0.4019999923708383","0.4019999923708383","0.4019999923708383"
"18453","0.4019999923708383","0.4019999923708383","0.4019999923708383"
"18456","0.4019999923708383","0.4019999923708383","0.4019999923708383"
"18471","0.40219999236578585","0.40219999236578585","0.40219999236578585"
"18477","0.4033999923354713","0.4033999923354713","0.4033999923354713"
"18479","0.40379999232536645","0.40379999232536645","0.40379999232536645"
"18483","0.403999992320314","0.403999992320314","0.403999992320314"
"18487","0.403999992320314","0.403999992320314","0.403999992320314"
"18489","0.403999992320314","0.403999992320314","0.403999992320314"
"18494","0.403999992320314","0.403999992320314","0.403999992320314"
"18500","0.403999992320314","0.403999992320314","0.403999992320314"
"18507","0.403999992320314","0.403999992320314","0.403999992320314"
"18522","0.403999992320314","0.403999992320314","0.403999992320314"
"18531","0.403999992320314","0.403999992320314","0.403999992320314"
"18533","0.403999992320314","0.403999992320314","0.403999992320314"
"18536","0.403999992320314","0.403999992320314","0.403999992320314"
"18542","0.403999992320314","0.403999992320314","0.403999992320314"
"18550","0.403999992320314","0.403999992320314","0.403999992320314"
"18551","0.403999992320314","0.403999992320314","0.403999992320314"
"18571","0.403999992320314","0.403999992320314","0.403999992320314"
"18577","0.403999992320314","0.403999992320314","0.403999992320314"
"18581","0.4041999923152616","0.4041999923152616","0.4041999923152616"
"18584","0.4047999923001043","0.4047999923001043","0.4047999923001043"
"18585","0.4049999922950519","0.4049999922950519","0.4049999922950519"
"18590","0.4059999922697898","0.4059999922697898","0.4059999922697898"
"18594","0.4059999922697898","0.4059999922697898","0.4059999922697898"
"18613","0.4059999922697898","0.4059999922697898","0.4059999922697898"
"18620","0.4059999922697898","0.4059999922697898","0.4059999922697898"
"18635","0.4059999922697898","0.4059999922697898","0.4059999922697898"
"18637","0.4059999922697898","0.4059999922697898","0.4059999922697898"
"18651","0.4059999922697898","0.4059999922697898","0.4059999922697898"
"18664","0.4059999922697898","0.4059999922697898","0.4059999922697898"
"18667","0.4059999922697898","0.4059999922697898","0.4059999922697898"
"18668","0.4059999922697898","0.4059999922697898","0.4059999922697898"
"18669","0.4059999922697898","0.4059999922697898","0.4059999922697898"
"18670","0.4059999922697898","0.4059999922697898","0.4059999922697898"
"18672","0.4059999922697898","0.4059999922697898","0.4059999922697898"
"18673","0.4059999922697898","0.4059999922697898","0.4059999922697898"
"18678","0.4059999922697898","0.4059999922697898","0.4059999922697898"
"18685","0.4059999922697898","0.4059999922697898","0.4059999922697898"
"18689","0.4059999922697898","0.4059999922697898","0.4059999922697898"
"18692","0.40559999227989463","0.40559999227989463","0.40559999227989463"
"18705","0.403999992320314","0.403999992320314","0.403999992320314"
"18711","0.403999992320314","0.403999992320314","0.403999992320314"
"18722","0.403999992320314","0.403999992320314","0.403999992320314"
"18740","0.403999992320314","0.403999992320314","0.403999992320314"
"18743","0.403999992320314","0.403999992320314","0.403999992320314"
"18755","0.403999992320314","0.403999992320314","0.403999992320314"
"18776","0.403999992320314","0.403999992320314","0.403999992320314"
"18780","0.403999992320314","0.403999992320314","0.403999992320314"
"18781","0.403999992320314","0.403999992320314","0.403999992320314"
"18793","0.403999992320314","0.403999992320314","0.403999992320314"
"18800","0.403999992320314","0.403999992320314","0.403999992320314"
"18803","0.40459999230515675","0.40459999230515675","0.40459999230515675"
"18806","0.4051999922899995","0.4051999922899995","0.4051999922899995"
"18818","0.4059999922697898","0.4059999922697898","0.4059999922697898"
"18820","0.4059999922697898","0.4059999922697898","0.4059999922697898"
"18821","0.4059999922697898","0.4059999922697898","0.4059999922697898"
"18825","0.4059999922697898","0.4059999922697898","0.4059999922697898"
"18826","0.4059999922697898","0.4059999922697898","0.4059999922697898"
"18841","0.4059999922697898","0.4059999922697898","0.4059999922697898"
"18844","0.4059999922697898","0.4059999922697898","0.4059999922697898"
"18849","0.4059999922697898","0.4059999922697898","0.4059999922697898"
"18864","0.4059999922697898","0.4059999922697898","0.4059999922697898"
"18870","0.4059999922697898","0.4059999922697898","0.4059999922697898"
"18872","0.4059999922697898","0.4059999922697898","0.4059999922697898"
"18874","0.4059999922697898","0.4059999922697898","0.4059999922697898"
"18876","0.4059999922697898","0.4059999922697898","0.4059999922697898"
"18878","0.4059999922697898","0.4059999922697898","0.4059999922697898"
"18879","0.4059999922697898","0.4059999922697898","0.4059999922697898"
"18888","0.4059999922697898","0.4059999922697898","0.4059999922697898"
"18891","0.4059999922697898","0.4059999922697898","0.4059999922697898"
"18894","0.4059999922697898","0.4059999922697898","0.4059999922697898"
"18898","0.4059999922697898","0.4059999922697898","0.4059999922697898"
"18904","0.4059999922697898","0.4059999922697898","0.4059999922697898"
"18913","0.4065999922546325","0.4065999922546325","0.4065999922546325"
"18920","0.40799999221926553","0.40799999221926553","0.40799999221926553"
"18923","0.40799999221926553","0.40799999221926553","0.40799999221926553"
"18925","0.40799999221926553","0.40799999221926553","0.40799999221926553"
"18934","0.40799999221926553","0.40799999221926553","0.40799999221926553"
"18935","0.40799999221926553","0.40799999221926553","0.40799999221926553"
"18938","0.40799999221926553","0.40799999221926553","0.40799999221926553"
"18946","0.40799999221926553","0.40799999221926553","0.40799999221926553"
"18949","0.40799999221926553","0.40799999221926553","0.40799999221926553"
"18950","0.40799999221926553","0.40799999221926553","0.40799999221926553"
"18951","0.40799999221926553","0.40799999221926553","0.40799999221926553"
"18975","0.40799999221926553","0.40799999221926553","0.40799999221926553"
"18976","0.40799999221926553","0.40799999221926553","0.40799999221926553"
"18983","0.40799999221926553","0.40799999221926553","0.40799999221926553"
"18985","0.40799999221926553","0.40799999221926553","0.40799999221926553"
"18987","0.40799999221926553","0.40799999221926553","0.40799999221926553"
"18990","0.40799999221926553","0.40799999221926553","0.40799999221926553"
"18996","0.40799999221926553","0.40799999221926553","0.40799999221926553"
"19003","0.40799999221926553","0.40799999221926553","0.40799999221926553"
"19006","0.40799999221926553","0.40799999221926553","0.40799999221926553"
"19007","0.40799999221926553","0.40799999221926553","0.40799999221926553"
"19010","0.40799999221926553","0.40799999221926553","0.40799999221926553"
"19027","0.4065999922546325","0.4065999922546325","0.4065999922546325"
"19032","0.4059999922697898","0.4059999922697898","0.4059999922697898"
"19040","0.4059999922697898","0.4059999922697898","0.4059999922697898"
"19042","0.4059999922697898","0.4059999922697898","0.4059999922697898"
"19044","0.4059999922697898","0.4059999922697898","0.4059999922697898"
"19046","0.4059999922697898","0.4059999922697898","0.4059999922697898"
"19062","0.4059999922697898","0.4059999922697898","0.4059999922697898"
"19069","0.4059999922697898","0.4059999922697898","0.4059999922697898"
"19073","0.4059999922697898","0.4059999922697898","0.4059999922697898"
"19076","0.4059999922697898","0.4059999922697898","0.4059999922697898"
"19093","0.4059999922697898","0.4059999922697898","0.4059999922697898"
"19095","0.4059999922697898","0.4059999922697898","0.4059999922697898"
"19109","0.4059999922697898","0.4059999922697898","0.4059999922697898"
"19111","0.4059999922697898","0.4059999922697898","0.4059999922697898"
"19116","0.4059999922697898","0.4059999922697898","0.4059999922697898"
"19126","0.4059999922697898","0.4059999922697898","0.4059999922697898"
"19136","0.40719999223947523","0.40719999223947523","0.40719999223947523"
"19139","0.40779999222431795","0.40779999222431795","0.40779999222431795"
"19140","0.40799999221926553","0.40799999221926553","0.40799999221926553"
"19148","0.40799999221926553","0.40799999221926553","0.40799999221926553"
"19167","0.40799999221926553","0.40799999221926553","0.40799999221926553"
"19168","0.40799999221926553","0.40799999221926553","0.40799999221926553"
"19170","0.40799999221926553","0.40799999221926553","0.40799999221926553"
"19177","0.40799999221926553","0.40799999221926553","0.40799999221926553"
"19180","0.40799999221926553","0.40799999221926553","0.40799999221926553"
"19197","0.40799999221926553","0.40799999221926553","0.40799999221926553"
"19199","0.40799999221926553","0.40799999221926553","0.40799999221926553"
"19201","0.40799999221926553","0.40799999221926553","0.40799999221926553"
"19208","0.40799999221926553","0.40799999221926553","0.40799999221926553"
"19210","0.40799999221926553","0.40799999221926553","0.40799999221926553"
"19216","0.40799999221926553","0.40799999221926553","0.40799999221926553"
"19222","0.40799999221926553","0.40799999221926553","0.40799999221926553"
"19225","0.40799999221926553","0.40799999221926553","0.40799999221926553"
"19236","0.40799999221926553","0.40799999221926553","0.40799999221926553"
"19251","0.4099999921687413","0.4099999921687413","0.4099999921687413"
"19256","0.4099999921687413","0.4099999921687413","0.4099999921687413"
"19258","0.4099999921687413","0.4099999921687413","0.4099999921687413"
"19261","0.4099999921687413","0.4099999921687413","0.4099999921687413"
"19263","0.4099999921687413","0.4099999921687413","0.4099999921687413"
"19266","0.4099999921687413","0.4099999921687413","0.4099999921687413"
"19281","0.4099999921687413","0.4099999921687413","0.4099999921687413"
"19290","0.4099999921687413","0.4099999921687413","0.4099999921687413"
"19296","0.4099999921687413","0.4099999921687413","0.4099999921687413"
"19297","0.4099999921687413","0.4099999921687413","0.4099999921687413"
"19320","0.4099999921687413","0.4099999921687413","0.4099999921687413"
"19326","0.4099999921687413","0.4099999921687413","0.4099999921687413"
"19350","0.4099999921687413","0.4099999921687413","0.4099999921687413"
"19359","0.4081999922142131","0.4081999922142131","0.4081999922142131"
"19371","0.40799999221926553","0.40799999221926553","0.40799999221926553"
"19377","0.40799999221926553","0.40799999221926553","0.40799999221926553"
"19381","0.40799999221926553","0.40799999221926553","0.40799999221926553"
"19388","0.40799999221926553","0.40799999221926553","0.40799999221926553"
"19389","0.40799999221926553","0.40799999221926553","0.40799999221926553"
"19396","0.40799999221926553","0.40799999221926553","0.40799999221926553"
"19405","0.40799999221926553","0.40799999221926553","0.40799999221926553"
"19408","0.40799999221926553","0.40799999221926553","0.40799999221926553"
"19411","0.40799999221926553","0.40799999221926553","0.40799999221926553"
"19414","0.40799999221926553","0.40799999221926553","0.40799999221926553"
"19416","0.40799999221926553","0.40799999221926553","0.40799999221926553"
"19435","0.40799999221926553","0.40799999221926553","0.40799999221926553"
"19446","0.40799999221926553","0.40799999221926553","0.40799999221926553"
"19450","0.40799999221926553","0.40799999221926553","0.40799999221926553"
"19464","0.40879999219905583","0.40879999219905583","0.40879999219905583"
"19471","0.4099999921687413","0.4099999921687413","0.4099999921687413"
"19478","0.4099999921687413","0.4099999921687413","0.4099999921687413"
"19481","0.4099999921687413","0.4099999921687413","0.4099999921687413"
"19486","0.4099999921687413","0.4099999921687413","0.4099999921687413"
"19489","0.4099999921687413","0.4099999921687413","0.4099999921687413"
"19494","0.4099999921687413","0.4099999921687413","0.4099999921687413"
"19499","0.4099999921687413","0.4099999921687413","0.4099999921687413"
"19507","0.4099999921687413","0.4099999921687413","0.4099999921687413"
"19510","0.4099999921687413","0.4099999921687413","0.4099999921687413"
"19511","0.4099999921687413","0.4099999921687413","0.4099999921687413"
"19516","0.4099999921687413","0.4099999921687413","0.4099999921687413"
"19518","0.4099999921687413","0.4099999921687413","0.4099999921687413"
"19525","0.4099999921687413","0.4099999921687413","0.4099999921687413"
"19529","0.4099999921687413","0.4099999921687413","0.4099999921687413"
"19534","0.4099999921687413","0.4099999921687413","0.4099999921687413"
"19545","0.4099999921687413","0.4099999921687413","0.4099999921687413"
"19546","0.4099999921687413","0.4099999921687413","0.4099999921687413"
"19548","0.4099999921687413","0.4099999921687413","0.4099999921687413"
"19564","0.4099999921687413","0.4099999921687413","0.4099999921687413"
"19567","0.4099999921687413","0.4099999921687413","0.4099999921687413"
"19570","0.4099999921687413","0.4099999921687413","0.4099999921687413"
"19572","0.41039999215863643","0.41039999215863643","0.41039999215863643"
"19581","0.41199999211821703","0.41199999211821703","0.41199999211821703"
"19582","0.41199999211821703","0.41199999211821703","0.41199999211821703"
"19585","0.41199999211821703","0.41199999211821703","0.41199999211821703"
"19592","0.41199999211821703","0.41199999211821703","0.41199999211821703"
"19595","0.41199999211821703","0.41199999211821703","0.41199999211821703"
"19603","0.41199999211821703","0.41199999211821703","0.41199999211821703"
"19604","0.41199999211821703","0.41199999211821703","0.41199999211821703"
"19618","0.41199999211821703","0.41199999211821703","0.41199999211821703"
"19620","0.41199999211821703","0.41199999211821703","0.41199999211821703"
"19627","0.41199999211821703","0.41199999211821703","0.41199999211821703"
"19634","0.41199999211821703","0.41199999211821703","0.41199999211821703"
"19653","0.41199999211821703","0.41199999211821703","0.41199999211821703"
"19654","0.41199999211821703","0.41199999211821703","0.41199999211821703"
"19659","0.41199999211821703","0.41199999211821703","0.41199999211821703"
"19660","0.41199999211821703","0.41199999211821703","0.41199999211821703"
"19673","0.41199999211821703","0.41199999211821703","0.41199999211821703"
"19676","0.41199999211821703","0.41199999211821703","0.41199999211821703"
"19680","0.41199999211821703","0.41199999211821703","0.41199999211821703"
"19681","0.4121999921131646","0.4121999921131646","0.4121999921131646"
"19683","0.41259999210305975","0.41259999210305975","0.41259999210305975"
"19686","0.4131999920879025","0.4131999920879025","0.4131999920879025"
"19695","0.4139999920676928","0.4139999920676928","0.4139999920676928"
"19704","0.4139999920676928","0.4139999920676928","0.4139999920676928"
"19709","0.4139999920676928","0.4139999920676928","0.4139999920676928"
"19711","0.4139999920676928","0.4139999920676928","0.4139999920676928"
"19712","0.4139999920676928","0.4139999920676928","0.4139999920676928"
"19716","0.4139999920676928","0.4139999920676928","0.4139999920676928"
"19718","0.4139999920676928","0.4139999920676928","0.4139999920676928"
"19725","0.4139999920676928","0.4139999920676928","0.4139999920676928"
"19740","0.4139999920676928","0.4139999920676928","0.4139999920676928"
"19761","0.4139999920676928","0.4139999920676928","0.4139999920676928"
"19768","0.4139999920676928","0.4139999920676928","0.4139999920676928"
"19777","0.4139999920676928","0.4139999920676928","0.4139999920676928"
"19787","0.4139999920676928","0.4139999920676928","0.4139999920676928"
"19805","0.41599999201716853","0.41599999201716853","0.41599999201716853"
"19809","0.41599999201716853","0.41599999201716853","0.41599999201716853"
"19836","0.41599999201716853","0.41599999201716853","0.41599999201716853"
"19839","0.41599999201716853","0.41599999201716853","0.41599999201716853"
"19841","0.41599999201716853","0.41599999201716853","0.41599999201716853"
"19843","0.41599999201716853","0.41599999201716853","0.41599999201716853"
"19864","0.41599999201716853","0.41599999201716853","0.41599999201716853"
"19878","0.41599999201716853","0.41599999201716853","0.41599999201716853"
"19883","0.41599999201716853","0.41599999201716853","0.41599999201716853"
"19891","0.41599999201716853","0.41599999201716853","0.41599999201716853"
"19899","0.41599999201716853","0.41599999201716853","0.41599999201716853"
"19900","0.41599999201716853","0.41599999201716853","0.41599999201716853"
"19901","0.41579999202222095","0.41579999202222095","0.41579999202222095"
"19906","0.4147999920474831","0.4147999920474831","0.4147999920474831"
"19911","0.4139999920676928","0.4139999920676928","0.4139999920676928"
"19912","0.4139999920676928","0.4139999920676928","0.4139999920676928"
"19916","0.4139999920676928","0.4139999920676928","0.4139999920676928"
"19918","0.4139999920676928","0.4139999920676928","0.4139999920676928"
"19924","0.4139999920676928","0.4139999920676928","0.4139999920676928"
"19929","0.4139999920676928","0.4139999920676928","0.4139999920676928"
"19931","0.4139999920676928","0.4139999920676928","0.4139999920676928"
"19934","0.4139999920676928","0.4139999920676928","0.4139999920676928"
"19935","0.4139999920676928","0.4139999920676928","0.4139999920676928"
"19937","0.4139999920676928","0.4139999920676928","0.4139999920676928"
"19938","0.4139999920676928","0.4139999920676928","0.4139999920676928"
"19939","0.4139999920676928","0.4139999920676928","0.4139999920676928"
"19946","0.4139999920676928","0.4139999920676928","0.4139999920676928"
"19950","0.4139999920676928","0.4139999920676928","0.4139999920676928"
"19981","0.4139999920676928","0.4139999920676928","0.4139999920676928"
"19986","0.4139999920676928","0.4139999920676928","0.4139999920676928"
"19992","0.4139999920676928","0.4139999920676928","0.4139999920676928"
"20001","0.4139999920676928","0.4139999920676928","0.4139999920676928"
"20010","0.4139999920676928","0.4139999920676928","0.4139999920676928"
"20011","0.41419999206264035","0.41419999206264035","0.41419999206264035"
"20014","0.4147999920474831","0.4147999920474831","0.4147999920474831"
"20018","0.4155999920272734","0.4155999920272734","0.4155999920272734"
"20019","0.41579999202222095","0.41579999202222095","0.41579999202222095"
"20026","0.41599999201716853","0.41599999201716853","0.41599999201716853"
"20029","0.41599999201716853","0.41599999201716853","0.41599999201716853"
"20033","0.41599999201716853","0.41599999201716853","0.41599999201716853"
"20043","0.41599999201716853","0.41599999201716853","0.41599999201716853"
"20046","0.41599999201716853","0.41599999201716853","0.41599999201716853"
"20054","0.41599999201716853","0.41599999201716853","0.41599999201716853"
"20062","0.41599999201716853","0.41599999201716853","0.41599999201716853"
"20069","0.41599999201716853","0.41599999201716853","0.41599999201716853"
"20072","0.41599999201716853","0.41599999201716853","0.41599999201716853"
"20079","0.41599999201716853","0.41599999201716853","0.41599999201716853"
"20088","0.41599999201716853","0.41599999201716853","0.41599999201716853"
"20092","0.41599999201716853","0.41599999201716853","0.41599999201716853"
"20101","0.41599999201716853","0.41599999201716853","0.41599999201716853"
"20118","0.41599999201716853","0.41599999201716853","0.41599999201716853"
"20120","0.41599999201716853","0.41599999201716853","0.41599999201716853"
"20122","0.4163999920070637","0.4163999920070637","0.4163999920070637"
"20129","0.4177999919716967","0.4177999919716967","0.4177999919716967"
"20130","0.4179999919666443","0.4179999919666443","0.4179999919666443"
"20131","0.4179999919666443","0.4179999919666443","0.4179999919666443"
"20135","0.4179999919666443","0.4179999919666443","0.4179999919666443"
"20137","0.4179999919666443","0.4179999919666443","0.4179999919666443"
"20156","0.4179999919666443","0.4179999919666443","0.4179999919666443"
"20166","0.4179999919666443","0.4179999919666443","0.4179999919666443"
"20170","0.4179999919666443","0.4179999919666443","0.4179999919666443"
"20178","0.4179999919666443","0.4179999919666443","0.4179999919666443"
"20184","0.4179999919666443","0.4179999919666443","0.4179999919666443"
"20192","0.4179999919666443","0.4179999919666443","0.4179999919666443"
"20199","0.4179999919666443","0.4179999919666443","0.4179999919666443"
"20205","0.4179999919666443","0.4179999919666443","0.4179999919666443"
"20208","0.4179999919666443","0.4179999919666443","0.4179999919666443"
"20209","0.4179999919666443","0.4179999919666443","0.4179999919666443"
"20213","0.4179999919666443","0.4179999919666443","0.4179999919666443"
"20231","0.41819999196159185","0.41819999196159185","0.41819999196159185"
"20232","0.41839999195653943","0.41839999195653943","0.41839999195653943"
"20233","0.418599991951487","0.418599991951487","0.418599991951487"
"20241","0.41999999191612003","0.41999999191612003","0.41999999191612003"
"20249","0.41999999191612003","0.41999999191612003","0.41999999191612003"
"20252","0.41999999191612003","0.41999999191612003","0.41999999191612003"
"20253","0.41999999191612003","0.41999999191612003","0.41999999191612003"
"20257","0.41999999191612003","0.41999999191612003","0.41999999191612003"
"20259","0.41999999191612003","0.41999999191612003","0.41999999191612003"
"20265","0.41999999191612003","0.41999999191612003","0.41999999191612003"
"20266","0.41999999191612003","0.41999999191612003","0.41999999191612003"
"20277","0.41999999191612003","0.41999999191612003","0.41999999191612003"
"20278","0.41999999191612003","0.41999999191612003","0.41999999191612003"
"20285","0.41999999191612003","0.41999999191612003","0.41999999191612003"
"20290","0.41999999191612003","0.41999999191612003","0.41999999191612003"
"20297","0.41999999191612003","0.41999999191612003","0.41999999191612003"
"20302","0.41999999191612003","0.41999999191612003","0.41999999191612003"
"20315","0.41999999191612003","0.41999999191612003","0.41999999191612003"
"20317","0.41999999191612003","0.41999999191612003","0.41999999191612003"
"20337","0.41999999191612003","0.41999999191612003","0.41999999191612003"
"20338","0.41999999191612003","0.41999999191612003","0.41999999191612003"
"20345","0.4209999918908579","0.4209999918908579","0.4209999918908579"
"20350","0.4219999918655958","0.4219999918655958","0.4219999918655958"
"20355","0.4219999918655958","0.4219999918655958","0.4219999918655958"
"20372","0.4219999918655958","0.4219999918655958","0.4219999918655958"
"20381","0.4219999918655958","0.4219999918655958","0.4219999918655958"
"20384","0.4219999918655958","0.4219999918655958","0.4219999918655958"
"20386","0.4219999918655958","0.4219999918655958","0.4219999918655958"
"20387","0.4219999918655958","0.4219999918655958","0.4219999918655958"
"20390","0.4219999918655958","0.4219999918655958","0.4219999918655958"
"20392","0.4219999918655958","0.4219999918655958","0.4219999918655958"
"20393","0.4219999918655958","0.4219999918655958","0.4219999918655958"
"20397","0.4219999918655958","0.4219999918655958","0.4219999918655958"
"20399","0.4219999918655958","0.4219999918655958","0.4219999918655958"
"20401","0.4219999918655958","0.4219999918655958","0.4219999918655958"
"20407","0.4219999918655958","0.4219999918655958","0.4219999918655958"
"20411","0.4219999918655958","0.4219999918655958","0.4219999918655958"
"20421","0.4219999918655958","0.4219999918655958","0.4219999918655958"
"20423","0.4219999918655958","0.4219999918655958","0.4219999918655958"
"20425","0.4219999918655958","0.4219999918655958","0.4219999918655958"
"20434","0.4219999918655958","0.4219999918655958","0.4219999918655958"
"20435","0.4219999918655958","0.4219999918655958","0.4219999918655958"
"20437","0.4219999918655958","0.4219999918655958","0.4219999918655958"
"20442","0.4219999918655958","0.4219999918655958","0.4219999918655958"
"20462","0.41999999191612003","0.41999999191612003","0.41999999191612003"
"20463","0.41999999191612003","0.41999999191612003","0.41999999191612003"
"20484","0.41999999191612003","0.41999999191612003","0.41999999191612003"
"20494","0.41999999191612003","0.41999999191612003","0.41999999191612003"
"20525","0.41999999191612003","0.41999999191612003","0.41999999191612003"
"20535","0.41999999191612003","0.41999999191612003","0.41999999191612003"
"20548","0.41999999191612003","0.41999999191612003","0.41999999191612003"
"20554","0.41999999191612003","0.41999999191612003","0.41999999191612003"
"20557","0.41999999191612003","0.41999999191612003","0.41999999191612003"
"20568","0.42159999187570063","0.42159999187570063","0.42159999187570063"
"20569","0.4217999918706482","0.4217999918706482","0.4217999918706482"
"20574","0.4219999918655958","0.4219999918655958","0.4219999918655958"
"20577","0.4219999918655958","0.4219999918655958","0.4219999918655958"
"20579","0.4219999918655958","0.4219999918655958","0.4219999918655958"
"20587","0.4219999918655958","0.4219999918655958","0.4219999918655958"
"20588","0.4219999918655958","0.4219999918655958","0.4219999918655958"
"20596","0.4219999918655958","0.4219999918655958","0.4219999918655958"
"20597","0.4219999918655958","0.4219999918655958","0.4219999918655958"
"20602","0.4219999918655958","0.4219999918655958","0.4219999918655958"
"20607","0.4219999918655958","0.4219999918655958","0.4219999918655958"
"20609","0.4219999918655958","0.4219999918655958","0.4219999918655958"
"20621","0.4219999918655958","0.4219999918655958","0.4219999918655958"
"20628","0.4219999918655958","0.4219999918655958","0.4219999918655958"
"20633","0.4219999918655958","0.4219999918655958","0.4219999918655958"
"20652","0.4219999918655958","0.4219999918655958","0.4219999918655958"
"20655","0.4219999918655958","0.4219999918655958","0.4219999918655958"
"20659","0.4219999918655958","0.4219999918655958","0.4219999918655958"
"20667","0.4219999918655958","0.4219999918655958","0.4219999918655958"
"20668","0.4219999918655958","0.4219999918655958","0.4219999918655958"
"20683","0.42399999181507153","0.42399999181507153","0.42399999181507153"
"20695","0.42399999181507153","0.42399999181507153","0.42399999181507153"
"20706","0.42399999181507153","0.42399999181507153","0.42399999181507153"
"20713","0.42399999181507153","0.42399999181507153","0.42399999181507153"
"20721","0.42399999181507153","0.42399999181507153","0.42399999181507153"
"20723","0.42399999181507153","0.42399999181507153","0.42399999181507153"
"20725","0.42399999181507153","0.42399999181507153","0.42399999181507153"
"20731","0.42399999181507153","0.42399999181507153","0.42399999181507153"
"20748","0.42399999181507153","0.42399999181507153","0.42399999181507153"
"20756","0.42399999181507153","0.42399999181507153","0.42399999181507153"
"20763","0.42399999181507153","0.42399999181507153","0.42399999181507153"
"20766","0.42399999181507153","0.42399999181507153","0.42399999181507153"
"20772","0.42399999181507153","0.42399999181507153","0.42399999181507153"
"20774","0.42399999181507153","0.42399999181507153","0.42399999181507153"
"20781","0.4241999918100191","0.4241999918100191","0.4241999918100191"
"20792","0.4259999917645473","0.4259999917645473","0.4259999917645473"
"20795","0.4259999917645473","0.4259999917645473","0.4259999917645473"
"20797","0.4259999917645473","0.4259999917645473","0.4259999917645473"
"20814","0.4259999917645473","0.4259999917645473","0.4259999917645473"
"20817","0.4259999917645473","0.4259999917645473","0.4259999917645473"
"20820","0.4259999917645473","0.4259999917645473","0.4259999917645473"
"20828","0.4259999917645473","0.4259999917645473","0.4259999917645473"
"20833","0.4259999917645473","0.4259999917645473","0.4259999917645473"
"20835","0.4259999917645473","0.4259999917645473","0.4259999917645473"
"20847","0.4259999917645473","0.4259999917645473","0.4259999917645473"
"20851","0.4259999917645473","0.4259999917645473","0.4259999917645473"
"20853","0.4259999917645473","0.4259999917645473","0.4259999917645473"
"20854","0.4259999917645473","0.4259999917645473","0.4259999917645473"
"20855","0.4259999917645473","0.4259999917645473","0.4259999917645473"
"20868","0.4259999917645473","0.4259999917645473","0.4259999917645473"
"20872","0.4259999917645473","0.4259999917645473","0.4259999917645473"
"20873","0.4259999917645473","0.4259999917645473","0.4259999917645473"
"20891","0.42619999175949486","0.42619999175949486","0.42619999175949486"
"20893","0.42659999174939","0.42659999174939","0.42659999174939"
"20895","0.42699999173928516","0.42699999173928516","0.42699999173928516"
"20926","0.42799999171402303","0.42799999171402303","0.42799999171402303"
"20930","0.42799999171402303","0.42799999171402303","0.42799999171402303"
"20944","0.42799999171402303","0.42799999171402303","0.42799999171402303"
"20971","0.42799999171402303","0.42799999171402303","0.42799999171402303"
"20973","0.42799999171402303","0.42799999171402303","0.42799999171402303"
"20978","0.42799999171402303","0.42799999171402303","0.42799999171402303"
"20982","0.42799999171402303","0.42799999171402303","0.42799999171402303"
"20984","0.42799999171402303","0.42799999171402303","0.42799999171402303"
"20987","0.42799999171402303","0.42799999171402303","0.42799999171402303"
"20993","0.42799999171402303","0.42799999171402303","0.42799999171402303"
"20995","0.42799999171402303","0.42799999171402303","0.42799999171402303"
"21001","0.4281999917089706","0.4281999917089706","0.4281999917089706"
"21018","0.4299999916634988","0.4299999916634988","0.4299999916634988"
"21022","0.4299999916634988","0.4299999916634988","0.4299999916634988"
"21047","0.4299999916634988","0.4299999916634988","0.4299999916634988"
"21048","0.4299999916634988","0.4299999916634988","0.4299999916634988"
"21051","0.4299999916634988","0.4299999916634988","0.4299999916634988"
"21056","0.4299999916634988","0.4299999916634988","0.4299999916634988"
"21059","0.4299999916634988","0.4299999916634988","0.4299999916634988"
"21069","0.4299999916634988","0.4299999916634988","0.4299999916634988"
"21071","0.4299999916634988","0.4299999916634988","0.4299999916634988"
"21075","0.4299999916634988","0.4299999916634988","0.4299999916634988"
"21077","0.4299999916634988","0.4299999916634988","0.4299999916634988"
"21079","0.4299999916634988","0.4299999916634988","0.4299999916634988"
"21083","0.4299999916634988","0.4299999916634988","0.4299999916634988"
"21084","0.4299999916634988","0.4299999916634988","0.4299999916634988"
"21089","0.4299999916634988","0.4299999916634988","0.4299999916634988"
"21092","0.4299999916634988","0.4299999916634988","0.4299999916634988"
"21093","0.4299999916634988","0.4299999916634988","0.4299999916634988"
"21096","0.4299999916634988","0.4299999916634988","0.4299999916634988"
"21098","0.4299999916634988","0.4299999916634988","0.4299999916634988"
"21102","0.4299999916634988","0.4299999916634988","0.4299999916634988"
"21115","0.4289999916887609","0.4289999916887609","0.4289999916887609"
"21116","0.42879999169381333","0.42879999169381333","0.42879999169381333"
"21118","0.4283999917039182","0.4283999917039182","0.4283999917039182"
"21123","0.42799999171402303","0.42799999171402303","0.42799999171402303"
"21128","0.42799999171402303","0.42799999171402303","0.42799999171402303"
"21141","0.42799999171402303","0.42799999171402303","0.42799999171402303"
"21144","0.42799999171402303","0.42799999171402303","0.42799999171402303"
"21149","0.42799999171402303","0.42799999171402303","0.42799999171402303"
"21157","0.42799999171402303","0.42799999171402303","0.42799999171402303"
"21160","0.42799999171402303","0.42799999171402303","0.42799999171402303"
"21164","0.42799999171402303","0.42799999171402303","0.42799999171402303"
"21194","0.42799999171402303","0.42799999171402303","0.42799999171402303"
"21201","0.42799999171402303","0.42799999171402303","0.42799999171402303"
"21218","0.42799999171402303","0.42799999171402303","0.42799999171402303"
"21226","0.4267999917443376","0.4267999917443376","0.4267999917443376"
"21230","0.4259999917645473","0.4259999917645473","0.4259999917645473"
"21243","0.4259999917645473","0.4259999917645473","0.4259999917645473"
"21254","0.4259999917645473","0.4259999917645473","0.4259999917645473"
"21268","0.4259999917645473","0.4259999917645473","0.4259999917645473"
"21271","0.4259999917645473","0.4259999917645473","0.4259999917645473"
"21276","0.4259999917645473","0.4259999917645473","0.4259999917645473"
"21278","0.4259999917645473","0.4259999917645473","0.4259999917645473"
"21279","0.4259999917645473","0.4259999917645473","0.4259999917645473"
"21284","0.4259999917645473","0.4259999917645473","0.4259999917645473"
"21290","0.4259999917645473","0.4259999917645473","0.4259999917645473"
"21312","0.4259999917645473","0.4259999917645473","0.4259999917645473"
"21314","0.4259999917645473","0.4259999917645473","0.4259999917645473"
"21324","0.4259999917645473","0.4259999917645473","0.4259999917645473"
"21327","0.4259999917645473","0.4259999917645473","0.4259999917645473"
"21338","0.4275999917241279","0.4275999917241279","0.4275999917241279"
"21341","0.42799999171402303","0.42799999171402303","0.42799999171402303"
"21352","0.42799999171402303","0.42799999171402303","0.42799999171402303"
"21355","0.42799999171402303","0.42799999171402303","0.42799999171402303"
"21356","0.42799999171402303","0.42799999171402303","0.42799999171402303"
"21357","0.42799999171402303","0.42799999171402303","0.42799999171402303"
"21364","0.42799999171402303","0.42799999171402303","0.42799999171402303"
"21370","0.42799999171402303","0.42799999171402303","0.42799999171402303"
"21382","0.42799999171402303","0.42799999171402303","0.42799999171402303"
"21383","0.42799999171402303","0.42799999171402303","0.42799999171402303"
"21392","0.42799999171402303","0.42799999171402303","0.42799999171402303"
"21404","0.42799999171402303","0.42799999171402303","0.42799999171402303"
"21410","0.42799999171402303","0.42799999171402303","0.42799999171402303"
"21435","0.42799999171402303","0.42799999171402303","0.42799999171402303"
"21441","0.4281999917089706","0.4281999917089706","0.4281999917089706"
"21444","0.42879999169381333","0.42879999169381333","0.42879999169381333"
"21447","0.42939999167865606","0.42939999167865606","0.42939999167865606"
"21449","0.4297999916685512","0.4297999916685512","0.4297999916685512"
"21459","0.4299999916634988","0.4299999916634988","0.4299999916634988"
"21472","0.4299999916634988","0.4299999916634988","0.4299999916634988"
"21474","0.4299999916634988","0.4299999916634988","0.4299999916634988"
"21487","0.4299999916634988","0.4299999916634988","0.4299999916634988"
"21491","0.4299999916634988","0.4299999916634988","0.4299999916634988"
"21493","0.4299999916634988","0.4299999916634988","0.4299999916634988"
"21495","0.4299999916634988","0.4299999916634988","0.4299999916634988"
"21500","0.4299999916634988","0.4299999916634988","0.4299999916634988"
"21504","0.4299999916634988","0.4299999916634988","0.4299999916634988"
"21505","0.4299999916634988","0.4299999916634988","0.4299999916634988"
"21513","0.4299999916634988","0.4299999916634988","0.4299999916634988"
"21530","0.4299999916634988","0.4299999916634988","0.4299999916634988"
"21547","0.4299999916634988","0.4299999916634988","0.4299999916634988"
"21549","0.4299999916634988","0.4299999916634988","0.4299999916634988"
"21573","0.42879999169381333","0.42879999169381333","0.42879999169381333"
"21574","0.42879999169381333","0.42879999169381333","0.42879999169381333"
"21587","0.42879999169381333","0.42879999169381333","0.42879999169381333"
"21588","0.42879999169381333","0.42879999169381333","0.42879999169381333"
"21590","0.42879999169381333","0.42879999169381333","0.42879999169381333"
"21593","0.42879999169381333","0.42879999169381333","0.42879999169381333"
"21594","0.42879999169381333","0.42879999169381333","0.42879999169381333"
"21597","0.42879999169381333","0.42879999169381333","0.42879999169381333"
"21598","0.42879999169381333","0.42879999169381333","0.42879999169381333"
"21603","0.42879999169381333","0.42879999169381333","0.42879999169381333"
"21614","0.42879999169381333","0.42879999169381333","0.42879999169381333"
"21622","0.42879999169381333","0.42879999169381333","0.42879999169381333"
"21625","0.42879999169381333","0.42879999169381333","0.42879999169381333"
"21630","0.42879999169381333","0.42879999169381333","0.42879999169381333"
"21639","0.42879999169381333","0.42879999169381333","0.42879999169381333"
"21641","0.42879999169381333","0.42879999169381333","0.42879999169381333"
"21651","0.42879999169381333","0.42879999169381333","0.42879999169381333"
"21657","0.42879999169381333","0.42879999169381333","0.42879999169381333"
"21666","0.4299999916634988","0.4299999916634988","0.4299999916634988"
"21667","0.43019999165844636","0.43019999165844636","0.43019999165844636"
"21684","0.4307999916432891","0.4307999916432891","0.4307999916432891"
"21693","0.4307999916432891","0.4307999916432891","0.4307999916432891"
"21703","0.4307999916432891","0.4307999916432891","0.4307999916432891"
"21708","0.4307999916432891","0.4307999916432891","0.4307999916432891"
"21714","0.4307999916432891","0.4307999916432891","0.4307999916432891"
"21716","0.4307999916432891","0.4307999916432891","0.4307999916432891"
"21723","0.4307999916432891","0.4307999916432891","0.4307999916432891"
"21729","0.4307999916432891","0.4307999916432891","0.4307999916432891"
"21730","0.4307999916432891","0.4307999916432891","0.4307999916432891"
"21737","0.4307999916432891","0.4307999916432891","0.4307999916432891"
"21740","0.4307999916432891","0.4307999916432891","0.4307999916432891"
"21747","0.4307999916432891","0.4307999916432891","0.4307999916432891"
"21757","0.4307999916432891","0.4307999916432891","0.4307999916432891"
"21765","0.4307999916432891","0.4307999916432891","0.4307999916432891"
"21770","0.4307999916432891","0.4307999916432891","0.4307999916432891"
"21778","0.4291999916837085","0.4291999916837085","0.4291999916837085"
"21784","0.42879999169381333","0.42879999169381333","0.42879999169381333"
"21788","0.42879999169381333","0.42879999169381333","0.42879999169381333"
"21801","0.42879999169381333","0.42879999169381333","0.42879999169381333"
"21806","0.42879999169381333","0.42879999169381333","0.42879999169381333"
"21809","0.42879999169381333","0.42879999169381333","0.42879999169381333"
"21816","0.42879999169381333","0.42879999169381333","0.42879999169381333"
"21829","0.42879999169381333","0.42879999169381333","0.42879999169381333"
"21831","0.42879999169381333","0.42879999169381333","0.42879999169381333"
"21853","0.42879999169381333","0.42879999169381333","0.42879999169381333"
"21856","0.42879999169381333","0.42879999169381333","0.42879999169381333"
"21866","0.42879999169381333","0.42879999169381333","0.42879999169381333"
"21876","0.42879999169381333","0.42879999169381333","0.42879999169381333"
"21881","0.42859999169886576","0.42859999169886576","0.42859999169886576"
"21887","0.4273999917291803","0.4273999917291803","0.4273999917291803"
"21890","0.4267999917443376","0.4267999917443376","0.4267999917443376"
"21892","0.4267999917443376","0.4267999917443376","0.4267999917443376"
"21893","0.4267999917443376","0.4267999917443376","0.4267999917443376"
"21898","0.4267999917443376","0.4267999917443376","0.4267999917443376"
"21901","0.4267999917443376","0.4267999917443376","0.4267999917443376"
"21907","0.4267999917443376","0.4267999917443376","0.4267999917443376"
"21915","0.4267999917443376","0.4267999917443376","0.4267999917443376"
"21920","0.4267999917443376","0.4267999917443376","0.4267999917443376"
"21925","0.4267999917443376","0.4267999917443376","0.4267999917443376"
"21947","0.4267999917443376","0.4267999917443376","0.4267999917443376"
"21953","0.4267999917443376","0.4267999917443376","0.4267999917443376"
"21955","0.4267999917443376","0.4267999917443376","0.4267999917443376"
"21962","0.4267999917443376","0.4267999917443376","0.4267999917443376"
"21970","0.4267999917443376","0.4267999917443376","0.4267999917443376"
"21976","0.4267999917443376","0.4267999917443376","0.4267999917443376"
"21985","0.4267999917443376","0.4267999917443376","0.4267999917443376"
"21986","0.4267999917443376","0.4267999917443376","0.4267999917443376"
"21988","0.4267999917443376","0.4267999917443376","0.4267999917443376"
"22003","0.42879999169381333","0.42879999169381333","0.42879999169381333"
"22005","0.42879999169381333","0.42879999169381333","0.42879999169381333"
"22011","0.42879999169381333","0.42879999169381333","0.42879999169381333"
"22022","0.42879999169381333","0.42879999169381333","0.42879999169381333"
"22024","0.42879999169381333","0.42879999169381333","0.42879999169381333"
"22026","0.42879999169381333","0.42879999169381333","0.42879999169381333"
"22028","0.42879999169381333","0.42879999169381333","0.42879999169381333"
"22033","0.42879999169381333","0.42879999169381333","0.42879999169381333"
"22060","0.42879999169381333","0.42879999169381333","0.42879999169381333"
"22064","0.42879999169381333","0.42879999169381333","0.42879999169381333"
"22065","0.42879999169381333","0.42879999169381333","0.42879999169381333"
"22076","0.42879999169381333","0.42879999169381333","0.42879999169381333"
"22081","0.42879999169381333","0.42879999169381333","0.42879999169381333"
"22087","0.42879999169381333","0.42879999169381333","0.42879999169381333"
"22088","0.42879999169381333","0.42879999169381333","0.42879999169381333"
"22106","0.4275999917241279","0.4275999917241279","0.4275999917241279"
"22118","0.4267999917443376","0.4267999917443376","0.4267999917443376"
"22133","0.4267999917443376","0.4267999917443376","0.4267999917443376"
"22134","0.4267999917443376","0.4267999917443376","0.4267999917443376"
"22141","0.4267999917443376","0.4267999917443376","0.4267999917443376"
"22152","0.4267999917443376","0.4267999917443376","0.4267999917443376"
"22153","0.4267999917443376","0.4267999917443376","0.4267999917443376"
"22173","0.4267999917443376","0.4267999917443376","0.4267999917443376"
"22195","0.4267999917443376","0.4267999917443376","0.4267999917443376"
"22197","0.4267999917443376","0.4267999917443376","0.4267999917443376"
"22205","0.4267999917443376","0.4267999917443376","0.4267999917443376"
"22218","0.425199991784757","0.425199991784757","0.425199991784757"
"22228","0.42479999179486183","0.42479999179486183","0.42479999179486183"
"22229","0.42479999179486183","0.42479999179486183","0.42479999179486183"
"22245","0.42479999179486183","0.42479999179486183","0.42479999179486183"
"22272","0.42479999179486183","0.42479999179486183","0.42479999179486183"
"22284","0.42479999179486183","0.42479999179486183","0.42479999179486183"
"22285","0.42479999179486183","0.42479999179486183","0.42479999179486183"
"22288","0.42479999179486183","0.42479999179486183","0.42479999179486183"
"22289","0.42479999179486183","0.42479999179486183","0.42479999179486183"
"22291","0.42479999179486183","0.42479999179486183","0.42479999179486183"
"22301","0.42479999179486183","0.42479999179486183","0.42479999179486183"
"22309","0.42479999179486183","0.42479999179486183","0.42479999179486183"
"22312","0.42479999179486183","0.42479999179486183","0.42479999179486183"
"22317","0.42479999179486183","0.42479999179486183","0.42479999179486183"
"22318","0.42479999179486183","0.42479999179486183","0.42479999179486183"
"22321","0.42459999179991426","0.42459999179991426","0.42459999179991426"
"22335","0.4227999918453861","0.4227999918453861","0.4227999918453861"
"22337","0.4227999918453861","0.4227999918453861","0.4227999918453861"
"22340","0.4227999918453861","0.4227999918453861","0.4227999918453861"
"22345","0.4227999918453861","0.4227999918453861","0.4227999918453861"
"22352","0.4227999918453861","0.4227999918453861","0.4227999918453861"
"22358","0.4227999918453861","0.4227999918453861","0.4227999918453861"
"22361","0.4227999918453861","0.4227999918453861","0.4227999918453861"
"22365","0.4227999918453861","0.4227999918453861","0.4227999918453861"
"22375","0.4227999918453861","0.4227999918453861","0.4227999918453861"
"22379","0.4227999918453861","0.4227999918453861","0.4227999918453861"
"22384","0.4227999918453861","0.4227999918453861","0.4227999918453861"
"22387","0.4227999918453861","0.4227999918453861","0.4227999918453861"
"22392","0.4227999918453861","0.4227999918453861","0.4227999918453861"
"22393","0.4227999918453861","0.4227999918453861","0.4227999918453861"
"22401","0.4227999918453861","0.4227999918453861","0.4227999918453861"
"22406","0.4227999918453861","0.4227999918453861","0.4227999918453861"
"22427","0.4227999918453861","0.4227999918453861","0.4227999918453861"
"22429","0.4227999918453861","0.4227999918453861","0.4227999918453861"
"22452","0.42479999179486183","0.42479999179486183","0.42479999179486183"
"22467","0.42479999179486183","0.42479999179486183","0.42479999179486183"
"22481","0.42479999179486183","0.42479999179486183","0.42479999179486183"
"22486","0.42479999179486183","0.42479999179486183","0.42479999179486183"
"22487","0.42479999179486183","0.42479999179486183","0.42479999179486183"
"22493","0.42479999179486183","0.42479999179486183","0.42479999179486183"
"22502","0.42479999179486183","0.42479999179486183","0.42479999179486183"
"22524","0.42479999179486183","0.42479999179486183","0.42479999179486183"
"22527","0.42479999179486183","0.42479999179486183","0.42479999179486183"
"22531","0.42479999179486183","0.42479999179486183","0.42479999179486183"
"22535","0.42479999179486183","0.42479999179486183","0.42479999179486183"
"22536","0.42479999179486183","0.42479999179486183","0.42479999179486183"
"22538","0.42479999179486183","0.42479999179486183","0.42479999179486183"
"22544","0.42559999177465213","0.42559999177465213","0.42559999177465213"
"22552","0.4267999917443376","0.4267999917443376","0.4267999917443376"
"22566","0.4267999917443376","0.4267999917443376","0.4267999917443376"
"22574","0.4267999917443376","0.4267999917443376","0.4267999917443376"
"22578","0.4267999917443376","0.4267999917443376","0.4267999917443376"
"22581","0.4267999917443376","0.4267999917443376","0.4267999917443376"
"22594","0.4267999917443376","0.4267999917443376","0.4267999917443376"
"22598","0.4267999917443376","0.4267999917443376","0.4267999917443376"
"22599","0.4267999917443376","0.4267999917443376","0.4267999917443376"
"22600","0.4267999917443376","0.4267999917443376","0.4267999917443376"
"22608","0.4267999917443376","0.4267999917443376","0.4267999917443376"
"22615","0.4267999917443376","0.4267999917443376","0.4267999917443376"
"22618","0.4267999917443376","0.4267999917443376","0.4267999917443376"
"22632","0.4267999917443376","0.4267999917443376","0.4267999917443376"
"22635","0.4267999917443376","0.4267999917443376","0.4267999917443376"
"22644","0.4267999917443376","0.4267999917443376","0.4267999917443376"
"22645","0.4267999917443376","0.4267999917443376","0.4267999917443376"
"22647","0.4267999917443376","0.4267999917443376","0.4267999917443376"
"22649","0.4267999917443376","0.4267999917443376","0.4267999917443376"
"22651","0.42659999174939","0.42659999174939","0.42659999174939"
"22661","0.42479999179486183","0.42479999179486183","0.42479999179486183"
"22667","0.42479999179486183","0.42479999179486183","0.42479999179486183"
"22670","0.42479999179486183","0.42479999179486183","0.42479999179486183"
"22689","0.42479999179486183","0.42479999179486183","0.42479999179486183"
"22694","0.42479999179486183","0.42479999179486183","0.42479999179486183"
"22705","0.42479999179486183","0.42479999179486183","0.42479999179486183"
"22712","0.42479999179486183","0.42479999179486183","0.42479999179486183"
"22714","0.42479999179486183","0.42479999179486183","0.42479999179486183"
"22716","0.42479999179486183","0.42479999179486183","0.42479999179486183"
"22718","0.42479999179486183","0.42479999179486183","0.42479999179486183"
"22724","0.42479999179486183","0.42479999179486183","0.42479999179486183"
"22730","0.42479999179486183","0.42479999179486183","0.42479999179486183"
"22736","0.42479999179486183","0.42479999179486183","0.42479999179486183"
"22747","0.42479999179486183","0.42479999179486183","0.42479999179486183"
"22759","0.42479999179486183","0.42479999179486183","0.42479999179486183"
"22781","0.4267999917443376","0.4267999917443376","0.4267999917443376"
"22790","0.4267999917443376","0.4267999917443376","0.4267999917443376"
"22807","0.4267999917443376","0.4267999917443376","0.4267999917443376"
"22814","0.4267999917443376","0.4267999917443376","0.4267999917443376"
"22815","0.4267999917443376","0.4267999917443376","0.4267999917443376"
"22820","0.4267999917443376","0.4267999917443376","0.4267999917443376"
"22821","0.4267999917443376","0.4267999917443376","0.4267999917443376"
"22827","0.4267999917443376","0.4267999917443376","0.4267999917443376"
"22833","0.4267999917443376","0.4267999917443376","0.4267999917443376"
"22836","0.4267999917443376","0.4267999917443376","0.4267999917443376"
"22838","0.4267999917443376","0.4267999917443376","0.4267999917443376"
"22844","0.4267999917443376","0.4267999917443376","0.4267999917443376"
"22847","0.4267999917443376","0.4267999917443376","0.4267999917443376"
"22849","0.4267999917443376","0.4267999917443376","0.4267999917443376"
"22853","0.4267999917443376","0.4267999917443376","0.4267999917443376"
"22862","0.4267999917443376","0.4267999917443376","0.4267999917443376"
"22866","0.4267999917443376","0.4267999917443376","0.4267999917443376"
"22867","0.4267999917443376","0.4267999917443376","0.4267999917443376"
"22869","0.4267999917443376","0.4267999917443376","0.4267999917443376"
"22870","0.4267999917443376","0.4267999917443376","0.4267999917443376"
"22880","0.42479999179486183","0.42479999179486183","0.42479999179486183"
"22893","0.42479999179486183","0.42479999179486183","0.42479999179486183"
"22900","0.42479999179486183","0.42479999179486183","0.42479999179486183"
"22901","0.42479999179486183","0.42479999179486183","0.42479999179486183"
"22917","0.42479999179486183","0.42479999179486183","0.42479999179486183"
"22924","0.42479999179486183","0.42479999179486183","0.42479999179486183"
"22931","0.42479999179486183","0.42479999179486183","0.42479999179486183"
"22936","0.42479999179486183","0.42479999179486183","0.42479999179486183"
"22957","0.42479999179486183","0.42479999179486183","0.42479999179486183"
"22959","0.42479999179486183","0.42479999179486183","0.42479999179486183"
"22960","0.42479999179486183","0.42479999179486183","0.42479999179486183"
"22961","0.42479999179486183","0.42479999179486183","0.42479999179486183"
"22966","0.42479999179486183","0.42479999179486183","0.42479999179486183"
"22967","0.42479999179486183","0.42479999179486183","0.42479999179486183"
"22972","0.42479999179486183","0.42479999179486183","0.42479999179486183"
"22974","0.42479999179486183","0.42479999179486183","0.42479999179486183"
"22976","0.42479999179486183","0.42479999179486183","0.42479999179486183"
"22978","0.42479999179486183","0.42479999179486183","0.42479999179486183"
"22994","0.4267999917443376","0.4267999917443376","0.4267999917443376"
"23000","0.4267999917443376","0.4267999917443376","0.4267999917443376"
"23001","0.4267999917443376","0.4267999917443376","0.4267999917443376"
"23003","0.4267999917443376","0.4267999917443376","0.4267999917443376"
"23005","0.4267999917443376","0.4267999917443376","0.4267999917443376"
"23006","0.4267999917443376","0.4267999917443376","0.4267999917443376"
"23010","0.4267999917443376","0.4267999917443376","0.4267999917443376"
"23012","0.4267999917443376","0.4267999917443376","0.4267999917443376"
"23014","0.4267999917443376","0.4267999917443376","0.4267999917443376"
"23018","0.4267999917443376","0.4267999917443376","0.4267999917443376"
"23020","0.4267999917443376","0.4267999917443376","0.4267999917443376"
"23021","0.4267999917443376","0.4267999917443376","0.4267999917443376"
"23024","0.4267999917443376","0.4267999917443376","0.4267999917443376"
"23031","0.4267999917443376","0.4267999917443376","0.4267999917443376"
"23034","0.4267999917443376","0.4267999917443376","0.4267999917443376"
"23036","0.4267999917443376","0.4267999917443376","0.4267999917443376"
"23048","0.4267999917443376","0.4267999917443376","0.4267999917443376"
"23056","0.4267999917443376","0.4267999917443376","0.4267999917443376"
"23067","0.4267999917443376","0.4267999917443376","0.4267999917443376"
"23084","0.4267999917443376","0.4267999917443376","0.4267999917443376"
"23087","0.4267999917443376","0.4267999917443376","0.4267999917443376"
"23090","0.4267999917443376","0.4267999917443376","0.4267999917443376"
"23091","0.42699999173928516","0.42699999173928516","0.42699999173928516"
"23120","0.42879999169381333","0.42879999169381333","0.42879999169381333"
"23125","0.42879999169381333","0.42879999169381333","0.42879999169381333"
"23132","0.42879999169381333","0.42879999169381333","0.42879999169381333"
"23136","0.42879999169381333","0.42879999169381333","0.42879999169381333"
"23139","0.42879999169381333","0.42879999169381333","0.42879999169381333"
"23142","0.42879999169381333","0.42879999169381333","0.42879999169381333"
"23143","0.42879999169381333","0.42879999169381333","0.42879999169381333"
"23150","0.42879999169381333","0.42879999169381333","0.42879999169381333"
"23154","0.42879999169381333","0.42879999169381333","0.42879999169381333"
"23159","0.42879999169381333","0.42879999169381333","0.42879999169381333"
"23163","0.42879999169381333","0.42879999169381333","0.42879999169381333"
"23165","0.42879999169381333","0.42879999169381333","0.42879999169381333"
"23171","0.42879999169381333","0.42879999169381333","0.42879999169381333"
"23176","0.42879999169381333","0.42879999169381333","0.42879999169381333"
"23179","0.42879999169381333","0.42879999169381333","0.42879999169381333"
"23182","0.42879999169381333","0.42879999169381333","0.42879999169381333"
"23195","0.42879999169381333","0.42879999169381333","0.42879999169381333"
"23215","0.4307999916432891","0.4307999916432891","0.4307999916432891"
"23224","0.4307999916432891","0.4307999916432891","0.4307999916432891"
"23226","0.4307999916432891","0.4307999916432891","0.4307999916432891"
"23227","0.4307999916432891","0.4307999916432891","0.4307999916432891"
"23231","0.4307999916432891","0.4307999916432891","0.4307999916432891"
"23232","0.4307999916432891","0.4307999916432891","0.4307999916432891"
"23236","0.4307999916432891","0.4307999916432891","0.4307999916432891"
"23246","0.4307999916432891","0.4307999916432891","0.4307999916432891"
"23277","0.4307999916432891","0.4307999916432891","0.4307999916432891"
"23278","0.4307999916432891","0.4307999916432891","0.4307999916432891"
"23285","0.4307999916432891","0.4307999916432891","0.4307999916432891"
"23286","0.4307999916432891","0.4307999916432891","0.4307999916432891"
"23295","0.4307999916432891","0.4307999916432891","0.4307999916432891"
"23300","0.4307999916432891","0.4307999916432891","0.4307999916432891"
"23303","0.4307999916432891","0.4307999916432891","0.4307999916432891"
"23304","0.4307999916432891","0.4307999916432891","0.4307999916432891"
"23308","0.4307999916432891","0.4307999916432891","0.4307999916432891"
"23323","0.43279999159276483","0.43279999159276483","0.43279999159276483"
"23325","0.43279999159276483","0.43279999159276483","0.43279999159276483"
"23326","0.43279999159276483","0.43279999159276483","0.43279999159276483"
"23329","0.43279999159276483","0.43279999159276483","0.43279999159276483"
"23332","0.43279999159276483","0.43279999159276483","0.43279999159276483"
"23335","0.43279999159276483","0.43279999159276483","0.43279999159276483"
"23342","0.43279999159276483","0.43279999159276483","0.43279999159276483"
"23346","0.43279999159276483","0.43279999159276483","0.43279999159276483"
"23348","0.43279999159276483","0.43279999159276483","0.43279999159276483"
"23364","0.43279999159276483","0.43279999159276483","0.43279999159276483"
"23376","0.43279999159276483","0.43279999159276483","0.43279999159276483"
"23385","0.43279999159276483","0.43279999159276483","0.43279999159276483"
"23402","0.43279999159276483","0.43279999159276483","0.43279999159276483"
"23410","0.43279999159276483","0.43279999159276483","0.43279999159276483"
"23411","0.43279999159276483","0.43279999159276483","0.43279999159276483"
"23414","0.43279999159276483","0.43279999159276483","0.43279999159276483"
"23419","0.43279999159276483","0.43279999159276483","0.43279999159276483"
"23425","0.43179999161802696","0.43179999161802696","0.43179999161802696"
"23430","0.4307999916432891","0.4307999916432891","0.4307999916432891"
"23435","0.4307999916432891","0.4307999916432891","0.4307999916432891"
"23437","0.4307999916432891","0.4307999916432891","0.4307999916432891"
"23442","0.4307999916432891","0.4307999916432891","0.4307999916432891"
"23443","0.4307999916432891","0.4307999916432891","0.4307999916432891"
"23450","0.4307999916432891","0.4307999916432891","0.4307999916432891"
"23455","0.4307999916432891","0.4307999916432891","0.4307999916432891"
"23462","0.4307999916432891","0.4307999916432891","0.4307999916432891"
"23463","0.4307999916432891","0.4307999916432891","0.4307999916432891"
"23468","0.4307999916432891","0.4307999916432891","0.4307999916432891"
"23474","0.4307999916432891","0.4307999916432891","0.4307999916432891"
"23477","0.4307999916432891","0.4307999916432891","0.4307999916432891"
"23479","0.4307999916432891","0.4307999916432891","0.4307999916432891"
"23482","0.4307999916432891","0.4307999916432891","0.4307999916432891"
"23498","0.4307999916432891","0.4307999916432891","0.4307999916432891"
"23509","0.4307999916432891","0.4307999916432891","0.4307999916432891"
"23514","0.4307999916432891","0.4307999916432891","0.4307999916432891"
"23521","0.4307999916432891","0.4307999916432891","0.4307999916432891"
"23527","0.4307999916432891","0.4307999916432891","0.4307999916432891"
"23533","0.4313999916281318","0.4313999916281318","0.4313999916281318"
"23543","0.43279999159276483","0.43279999159276483","0.43279999159276483"
"23549","0.43279999159276483","0.43279999159276483","0.43279999159276483"
"23554","0.43279999159276483","0.43279999159276483","0.43279999159276483"
"23561","0.43279999159276483","0.43279999159276483","0.43279999159276483"
"23580","0.43279999159276483","0.43279999159276483","0.43279999159276483"
"23586","0.43279999159276483","0.43279999159276483","0.43279999159276483"
"23589","0.43279999159276483","0.43279999159276483","0.43279999159276483"
"23590","0.43279999159276483","0.43279999159276483","0.43279999159276483"
"23597","0.43279999159276483","0.43279999159276483","0.43279999159276483"
"23598","0.43279999159276483","0.43279999159276483","0.43279999159276483"
"23602","0.43279999159276483","0.43279999159276483","0.43279999159276483"
"23606","0.43279999159276483","0.43279999159276483","0.43279999159276483"
"23610","0.43279999159276483","0.43279999159276483","0.43279999159276483"
"23611","0.43279999159276483","0.43279999159276483","0.43279999159276483"
"23617","0.43279999159276483","0.43279999159276483","0.43279999159276483"
"23619","0.43279999159276483","0.43279999159276483","0.43279999159276483"
"23620","0.43279999159276483","0.43279999159276483","0.43279999159276483"
"23625","0.43279999159276483","0.43279999159276483","0.43279999159276483"
"23636","0.43279999159276483","0.43279999159276483","0.43279999159276483"
"23645","0.4337999915675027","0.4337999915675027","0.4337999915675027"
"23652","0.4347999915422406","0.4347999915422406","0.4347999915422406"
"23654","0.4347999915422406","0.4347999915422406","0.4347999915422406"
"23660","0.4347999915422406","0.4347999915422406","0.4347999915422406"
"23662","0.4347999915422406","0.4347999915422406","0.4347999915422406"
"23664","0.4347999915422406","0.4347999915422406","0.4347999915422406"
"23670","0.4347999915422406","0.4347999915422406","0.4347999915422406"
"23699","0.4347999915422406","0.4347999915422406","0.4347999915422406"
"23708","0.4347999915422406","0.4347999915422406","0.4347999915422406"
"23713","0.4347999915422406","0.4347999915422406","0.4347999915422406"
"23725","0.4347999915422406","0.4347999915422406","0.4347999915422406"
"23727","0.4347999915422406","0.4347999915422406","0.4347999915422406"
"23737","0.4347999915422406","0.4347999915422406","0.4347999915422406"
"23744","0.4347999915422406","0.4347999915422406","0.4347999915422406"
"23748","0.4347999915422406","0.4347999915422406","0.4347999915422406"
"23753","0.43419999155739786","0.43419999155739786","0.43419999155739786"
"23755","0.4337999915675027","0.4337999915675027","0.4337999915675027"
"23764","0.43279999159276483","0.43279999159276483","0.43279999159276483"
"23766","0.43279999159276483","0.43279999159276483","0.43279999159276483"
"23774","0.43279999159276483","0.43279999159276483","0.43279999159276483"
"23784","0.43279999159276483","0.43279999159276483","0.43279999159276483"
"23796","0.43279999159276483","0.43279999159276483","0.43279999159276483"
"23797","0.43279999159276483","0.43279999159276483","0.43279999159276483"
"23801","0.43279999159276483","0.43279999159276483","0.43279999159276483"
"23803","0.43279999159276483","0.43279999159276483","0.43279999159276483"
"23814","0.43279999159276483","0.43279999159276483","0.43279999159276483"
"23815","0.43279999159276483","0.43279999159276483","0.43279999159276483"
"23819","0.43279999159276483","0.43279999159276483","0.43279999159276483"
"23824","0.43279999159276483","0.43279999159276483","0.43279999159276483"
"23829","0.43279999159276483","0.43279999159276483","0.43279999159276483"
"23844","0.43279999159276483","0.43279999159276483","0.43279999159276483"
"23850","0.43279999159276483","0.43279999159276483","0.43279999159276483"
"23852","0.43279999159276483","0.43279999159276483","0.43279999159276483"
"23857","0.43279999159276483","0.43279999159276483","0.43279999159276483"
"23858","0.43279999159276483","0.43279999159276483","0.43279999159276483"
"23859","0.43279999159276483","0.43279999159276483","0.43279999159276483"
"23865","0.43179999161802696","0.43179999161802696","0.43179999161802696"
"23873","0.4307999916432891","0.4307999916432891","0.4307999916432891"
"23876","0.4307999916432891","0.4307999916432891","0.4307999916432891"
"23877","0.4307999916432891","0.4307999916432891","0.4307999916432891"
"23880","0.4307999916432891","0.4307999916432891","0.4307999916432891"
"23883","0.4307999916432891","0.4307999916432891","0.4307999916432891"
"23894","0.4307999916432891","0.4307999916432891","0.4307999916432891"
"23895","0.4307999916432891","0.4307999916432891","0.4307999916432891"
"23903","0.4307999916432891","0.4307999916432891","0.4307999916432891"
"23910","0.4307999916432891","0.4307999916432891","0.4307999916432891"
"23913","0.4307999916432891","0.4307999916432891","0.4307999916432891"
"23919","0.4307999916432891","0.4307999916432891","0.4307999916432891"
"23921","0.4307999916432891","0.4307999916432891","0.4307999916432891"
"23922","0.4307999916432891","0.4307999916432891","0.4307999916432891"
"23936","0.4307999916432891","0.4307999916432891","0.4307999916432891"
"23942","0.4307999916432891","0.4307999916432891","0.4307999916432891"
"23945","0.4307999916432891","0.4307999916432891","0.4307999916432891"
"23946","0.4307999916432891","0.4307999916432891","0.4307999916432891"
"23952","0.4307999916432891","0.4307999916432891","0.4307999916432891"
"23961","0.4307999916432891","0.4307999916432891","0.4307999916432891"
"23963","0.4307999916432891","0.4307999916432891","0.4307999916432891"
"23974","0.4315999916230794","0.4315999916230794","0.4315999916230794"
"23985","0.43279999159276483","0.43279999159276483","0.43279999159276483"
"24000","0.43279999159276483","0.43279999159276483","0.43279999159276483"
"24003","0.43279999159276483","0.43279999159276483","0.43279999159276483"
"24031","0.43279999159276483","0.43279999159276483","0.43279999159276483"
"24032","0.43279999159276483","0.43279999159276483","0.43279999159276483"
"24033","0.43279999159276483","0.43279999159276483","0.43279999159276483"
"24037","0.43279999159276483","0.43279999159276483","0.43279999159276483"
"24045","0.43279999159276483","0.43279999159276483","0.43279999159276483"
"24047","0.43279999159276483","0.43279999159276483","0.43279999159276483"
"24055","0.43279999159276483","0.43279999159276483","0.43279999159276483"
"24079","0.43279999159276483","0.43279999159276483","0.43279999159276483"
"24082","0.43319999158266","0.43319999158266","0.43319999158266"
"24087","0.43419999155739786","0.43419999155739786","0.43419999155739786"
"24096","0.4347999915422406","0.4347999915422406","0.4347999915422406"
"24100","0.4347999915422406","0.4347999915422406","0.4347999915422406"
"24103","0.4347999915422406","0.4347999915422406","0.4347999915422406"
"24119","0.4347999915422406","0.4347999915422406","0.4347999915422406"
"24120","0.4347999915422406","0.4347999915422406","0.4347999915422406"
"24129","0.4347999915422406","0.4347999915422406","0.4347999915422406"
"24130","0.4347999915422406","0.4347999915422406","0.4347999915422406"
"24132","0.4347999915422406","0.4347999915422406","0.4347999915422406"
"24139","0.4347999915422406","0.4347999915422406","0.4347999915422406"
"24140","0.4347999915422406","0.4347999915422406","0.4347999915422406"
"24165","0.4347999915422406","0.4347999915422406","0.4347999915422406"
"24166","0.4347999915422406","0.4347999915422406","0.4347999915422406"
"24167","0.4347999915422406","0.4347999915422406","0.4347999915422406"
"24171","0.4347999915422406","0.4347999915422406","0.4347999915422406"
"24180","0.4347999915422406","0.4347999915422406","0.4347999915422406"
"24181","0.4347999915422406","0.4347999915422406","0.4347999915422406"
"24182","0.4347999915422406","0.4347999915422406","0.4347999915422406"
"24190","0.4347999915422406","0.4347999915422406","0.4347999915422406"
"24194","0.4355999915220309","0.4355999915220309","0.4355999915220309"
"24197","0.4361999915068736","0.4361999915068736","0.4361999915068736"
"24199","0.43659999149676876","0.43659999149676876","0.43659999149676876"
"24209","0.43679999149171633","0.43679999149171633","0.43679999149171633"
"24217","0.43679999149171633","0.43679999149171633","0.43679999149171633"
"24224","0.43679999149171633","0.43679999149171633","0.43679999149171633"
"24231","0.43679999149171633","0.43679999149171633","0.43679999149171633"
"24240","0.43679999149171633","0.43679999149171633","0.43679999149171633"
"24246","0.43679999149171633","0.43679999149171633","0.43679999149171633"
"24252","0.43679999149171633","0.43679999149171633","0.43679999149171633"
"24255","0.43679999149171633","0.43679999149171633","0.43679999149171633"
"24267","0.43679999149171633","0.43679999149171633","0.43679999149171633"
"24275","0.43679999149171633","0.43679999149171633","0.43679999149171633"
"24284","0.43679999149171633","0.43679999149171633","0.43679999149171633"
"24291","0.43679999149171633","0.43679999149171633","0.43679999149171633"
"24298","0.43679999149171633","0.43679999149171633","0.43679999149171633"
"24299","0.43679999149171633","0.43679999149171633","0.43679999149171633"
"24312","0.4387999914411921","0.4387999914411921","0.4387999914411921"
"24315","0.4387999914411921","0.4387999914411921","0.4387999914411921"
"24334","0.4387999914411921","0.4387999914411921","0.4387999914411921"
"24349","0.4387999914411921","0.4387999914411921","0.4387999914411921"
"24366","0.4387999914411921","0.4387999914411921","0.4387999914411921"
"24372","0.4387999914411921","0.4387999914411921","0.4387999914411921"
"24380","0.4387999914411921","0.4387999914411921","0.4387999914411921"
"24382","0.4387999914411921","0.4387999914411921","0.4387999914411921"
"24384","0.4387999914411921","0.4387999914411921","0.4387999914411921"
"24388","0.4387999914411921","0.4387999914411921","0.4387999914411921"
"24389","0.4387999914411921","0.4387999914411921","0.4387999914411921"
"24391","0.4387999914411921","0.4387999914411921","0.4387999914411921"
"24392","0.4387999914411921","0.4387999914411921","0.4387999914411921"
"24396","0.4387999914411921","0.4387999914411921","0.4387999914411921"
"24397","0.4387999914411921","0.4387999914411921","0.4387999914411921"
"24402","0.4387999914411921","0.4387999914411921","0.4387999914411921"
"24411","0.4385999914462445","0.4385999914462445","0.4385999914462445"
"24416","0.43759999147150663","0.43759999147150663","0.43759999147150663"
"24417","0.43739999147655906","0.43739999147655906","0.43739999147655906"
"24425","0.43679999149171633","0.43679999149171633","0.43679999149171633"
"24428","0.43679999149171633","0.43679999149171633","0.43679999149171633"
"24429","0.43679999149171633","0.43679999149171633","0.43679999149171633"
"24431","0.43679999149171633","0.43679999149171633","0.43679999149171633"
"24434","0.43679999149171633","0.43679999149171633","0.43679999149171633"
"24439","0.43679999149171633","0.43679999149171633","0.43679999149171633"
"24443","0.43679999149171633","0.43679999149171633","0.43679999149171633"
"24450","0.43679999149171633","0.43679999149171633","0.43679999149171633"
"24456","0.43679999149171633","0.43679999149171633","0.43679999149171633"
"24461","0.43679999149171633","0.43679999149171633","0.43679999149171633"
"24463","0.43679999149171633","0.43679999149171633","0.43679999149171633"
"24465","0.43679999149171633","0.43679999149171633","0.43679999149171633"
"24471","0.43679999149171633","0.43679999149171633","0.43679999149171633"
"24480","0.43679999149171633","0.43679999149171633","0.43679999149171633"
"24481","0.43679999149171633","0.43679999149171633","0.43679999149171633"
"24486","0.43679999149171633","0.43679999149171633","0.43679999149171633"
"24487","0.43679999149171633","0.43679999149171633","0.43679999149171633"
"24488","0.43679999149171633","0.43679999149171633","0.43679999149171633"
"24499","0.43679999149171633","0.43679999149171633","0.43679999149171633"
"24501","0.43679999149171633","0.43679999149171633","0.43679999149171633"
"24504","0.43679999149171633","0.43679999149171633","0.43679999149171633"
"24509","0.43679999149171633","0.43679999149171633","0.43679999149171633"
"24512","0.43679999149171633","0.43679999149171633","0.43679999149171633"
"24518","0.43679999149171633","0.43679999149171633","0.43679999149171633"
"24522","0.4371999914816115","0.4371999914816115","0.4371999914816115"
"24523","0.43739999147655906","0.43739999147655906","0.43739999147655906"
"24538","0.4387999914411921","0.4387999914411921","0.4387999914411921"
"24544","0.4387999914411921","0.4387999914411921","0.4387999914411921"
"24554","0.4387999914411921","0.4387999914411921","0.4387999914411921"
"24556","0.4387999914411921","0.4387999914411921","0.4387999914411921"
"24558","0.4387999914411921","0.4387999914411921","0.4387999914411921"
"24561","0.4387999914411921","0.4387999914411921","0.4387999914411921"
"24566","0.4387999914411921","0.4387999914411921","0.4387999914411921"
"24573","0.4387999914411921","0.4387999914411921","0.4387999914411921"
"24577","0.4387999914411921","0.4387999914411921","0.4387999914411921"
"24584","0.4387999914411921","0.4387999914411921","0.4387999914411921"
"24585","0.4387999914411921","0.4387999914411921","0.4387999914411921"
"24589","0.4387999914411921","0.4387999914411921","0.4387999914411921"
"24590","0.4387999914411921","0.4387999914411921","0.4387999914411921"
"24592","0.4387999914411921","0.4387999914411921","0.4387999914411921"
"24595","0.4387999914411921","0.4387999914411921","0.4387999914411921"
"24621","0.4387999914411921","0.4387999914411921","0.4387999914411921"
"24628","0.4387999914411921","0.4387999914411921","0.4387999914411921"
"24645","0.43679999149171633","0.43679999149171633","0.43679999149171633"
"24653","0.43679999149171633","0.43679999149171633","0.43679999149171633"
"24654","0.43679999149171633","0.43679999149171633","0.43679999149171633"
"24662","0.43679999149171633","0.43679999149171633","0.43679999149171633"
"24673","0.43679999149171633","0.43679999149171633","0.43679999149171633"
"24678","0.43679999149171633","0.43679999149171633","0.43679999149171633"
"24682","0.43679999149171633","0.43679999149171633","0.43679999149171633"
"24685","0.43679999149171633","0.43679999149171633","0.43679999149171633"
"24690","0.43679999149171633","0.43679999149171633","0.43679999149171633"
"24695","0.43679999149171633","0.43679999149171633","0.43679999149171633"
"24715","0.43679999149171633","0.43679999149171633","0.43679999149171633"
"24719","0.43679999149171633","0.43679999149171633","0.43679999149171633"
"24723","0.43679999149171633","0.43679999149171633","0.43679999149171633"
"24735","0.43679999149171633","0.43679999149171633","0.43679999149171633"
"24737","0.43679999149171633","0.43679999149171633","0.43679999149171633"
"24738","0.43679999149171633","0.43679999149171633","0.43679999149171633"
"24740","0.43679999149171633","0.43679999149171633","0.43679999149171633"
"24756","0.4347999915422406","0.4347999915422406","0.4347999915422406"
"24759","0.4347999915422406","0.4347999915422406","0.4347999915422406"
"24776","0.4347999915422406","0.4347999915422406","0.4347999915422406"
"24777","0.4347999915422406","0.4347999915422406","0.4347999915422406"
"24779","0.4347999915422406","0.4347999915422406","0.4347999915422406"
"24795","0.4347999915422406","0.4347999915422406","0.4347999915422406"
"24796","0.4347999915422406","0.4347999915422406","0.4347999915422406"
"24802","0.4347999915422406","0.4347999915422406","0.4347999915422406"
"24803","0.4347999915422406","0.4347999915422406","0.4347999915422406"
"24810","0.4347999915422406","0.4347999915422406","0.4347999915422406"
"24811","0.4347999915422406","0.4347999915422406","0.4347999915422406"
"24812","0.4347999915422406","0.4347999915422406","0.4347999915422406"
"24817","0.4347999915422406","0.4347999915422406","0.4347999915422406"
"24820","0.4347999915422406","0.4347999915422406","0.4347999915422406"
"24831","0.4347999915422406","0.4347999915422406","0.4347999915422406"
"24834","0.4347999915422406","0.4347999915422406","0.4347999915422406"
"24842","0.4347999915422406","0.4347999915422406","0.4347999915422406"
"24843","0.4347999915422406","0.4347999915422406","0.4347999915422406"
"24844","0.4347999915422406","0.4347999915422406","0.4347999915422406"
"24852","0.43439999155234543","0.43439999155234543","0.43439999155234543"
"24859","0.4329999915877124","0.4329999915877124","0.4329999915877124"
"24868","0.43279999159276483","0.43279999159276483","0.43279999159276483"
"24875","0.43279999159276483","0.43279999159276483","0.43279999159276483"
"24876","0.43279999159276483","0.43279999159276483","0.43279999159276483"
"24887","0.43279999159276483","0.43279999159276483","0.43279999159276483"
"24890","0.43279999159276483","0.43279999159276483","0.43279999159276483"
"24894","0.43279999159276483","0.43279999159276483","0.43279999159276483"
"24896","0.43279999159276483","0.43279999159276483","0.43279999159276483"
"24897","0.43279999159276483","0.43279999159276483","0.43279999159276483"
"24899","0.43279999159276483","0.43279999159276483","0.43279999159276483"
"24904","0.43279999159276483","0.43279999159276483","0.43279999159276483"
"24907","0.43279999159276483","0.43279999159276483","0.43279999159276483"
"24914","0.43279999159276483","0.43279999159276483","0.43279999159276483"
"24920","0.43279999159276483","0.43279999159276483","0.43279999159276483"
"24926","0.43279999159276483","0.43279999159276483","0.43279999159276483"
"24927","0.43279999159276483","0.43279999159276483","0.43279999159276483"
"24932","0.43279999159276483","0.43279999159276483","0.43279999159276483"
"24934","0.43279999159276483","0.43279999159276483","0.43279999159276483"
"24935","0.43279999159276483","0.43279999159276483","0.43279999159276483"
"24942","0.43279999159276483","0.43279999159276483","0.43279999159276483"
"24960","0.43279999159276483","0.43279999159276483","0.43279999159276483"
"24964","0.43359999157255513","0.43359999157255513","0.43359999157255513"
"24967","0.43419999155739786","0.43419999155739786","0.43419999155739786"
"24970","0.4347999915422406","0.4347999915422406","0.4347999915422406"
"24975","0.4347999915422406","0.4347999915422406","0.4347999915422406"
"24977","0.4347999915422406","0.4347999915422406","0.4347999915422406"
"24988","0.4347999915422406","0.4347999915422406","0.4347999915422406"
"25005","0.4347999915422406","0.4347999915422406","0.4347999915422406"
"25006","0.4347999915422406","0.4347999915422406","0.4347999915422406"
"25008","0.4347999915422406","0.4347999915422406","0.4347999915422406"
"25009","0.4347999915422406","0.4347999915422406","0.4347999915422406"
"25016","0.4347999915422406","0.4347999915422406","0.4347999915422406"
"25026","0.4347999915422406","0.4347999915422406","0.4347999915422406"
"25027","0.4347999915422406","0.4347999915422406","0.4347999915422406"
"25032","0.4347999915422406","0.4347999915422406","0.4347999915422406"
"25033","0.4347999915422406","0.4347999915422406","0.4347999915422406"
"25035","0.4347999915422406","0.4347999915422406","0.4347999915422406"
"25038","0.4347999915422406","0.4347999915422406","0.4347999915422406"
"25053","0.4347999915422406","0.4347999915422406","0.4347999915422406"
"25055","0.4347999915422406","0.4347999915422406","0.4347999915422406"
"25056","0.4347999915422406","0.4347999915422406","0.4347999915422406"
"25060","0.4347999915422406","0.4347999915422406","0.4347999915422406"
"25062","0.4347999915422406","0.4347999915422406","0.4347999915422406"
"25067","0.4347999915422406","0.4347999915422406","0.4347999915422406"
"25077","0.43339999157760756","0.43339999157760756","0.43339999157760756"
"25092","0.43279999159276483","0.43279999159276483","0.43279999159276483"
"25105","0.43279999159276483","0.43279999159276483","0.43279999159276483"
"25106","0.43279999159276483","0.43279999159276483","0.43279999159276483"
"25114","0.43279999159276483","0.43279999159276483","0.43279999159276483"
"25126","0.43279999159276483","0.43279999159276483","0.43279999159276483"
"25137","0.43279999159276483","0.43279999159276483","0.43279999159276483"
"25140","0.43279999159276483","0.43279999159276483","0.43279999159276483"
"25141","0.43279999159276483","0.43279999159276483","0.43279999159276483"
"25142","0.43279999159276483","0.43279999159276483","0.43279999159276483"
"25145","0.43279999159276483","0.43279999159276483","0.43279999159276483"
"25161","0.43279999159276483","0.43279999159276483","0.43279999159276483"
"25162","0.43279999159276483","0.43279999159276483","0.43279999159276483"
"25168","0.43279999159276483","0.43279999159276483","0.43279999159276483"
"25172","0.43279999159276483","0.43279999159276483","0.43279999159276483"
"25179","0.43279999159276483","0.43279999159276483","0.43279999159276483"
"25180","0.43279999159276483","0.43279999159276483","0.43279999159276483"
"25181","0.4329999915877124","0.4329999915877124","0.4329999915877124"
"25182","0.43319999158266","0.43319999158266","0.43319999158266"
"25190","0.4347999915422406","0.4347999915422406","0.4347999915422406"
"25196","0.4347999915422406","0.4347999915422406","0.4347999915422406"
"25203","0.4347999915422406","0.4347999915422406","0.4347999915422406"
"25206","0.4347999915422406","0.4347999915422406","0.4347999915422406"
"25213","0.4347999915422406","0.4347999915422406","0.4347999915422406"
"25217","0.4347999915422406","0.4347999915422406","0.4347999915422406"
"25228","0.4347999915422406","0.4347999915422406","0.4347999915422406"
"25230","0.4347999915422406","0.4347999915422406","0.4347999915422406"
"25231","0.4347999915422406","0.4347999915422406","0.4347999915422406"
"25238","0.4347999915422406","0.4347999915422406","0.4347999915422406"
"25239","0.4347999915422406","0.4347999915422406","0.4347999915422406"
"25252","0.4347999915422406","0.4347999915422406","0.4347999915422406"
"25258","0.4347999915422406","0.4347999915422406","0.4347999915422406"
"25262","0.4347999915422406","0.4347999915422406","0.4347999915422406"
"25265","0.4347999915422406","0.4347999915422406","0.4347999915422406"
"25277","0.4347999915422406","0.4347999915422406","0.4347999915422406"
"25289","0.4347999915422406","0.4347999915422406","0.4347999915422406"
"25300","0.43553367931745013","0.43553367931745013","0.43553367931745013"
"25302","0.43553367931745013","0.43553367931745013","0.43553367931745013"
"25304","0.43553367931745013","0.43553367931745013","0.43553367931745013"
"25310","0.43553367931745013","0.43553367931745013","0.43553367931745013"
"25330","0.43553367931745013","0.43553367931745013","0.43553367931745013"
"25335","0.43553367931745013","0.43553367931745013","0.43553367931745013"
"25339","0.43553367931745013","0.43553367931745013","0.43553367931745013"
"25340","0.43553367931745013","0.43553367931745013","0.43553367931745013"
"25346","0.43553367931745013","0.43553367931745013","0.43553367931745013"
"25347","0.43553367931745013","0.43553367931745013","0.43553367931745013"
"25349","0.43553367931745013","0.43553367931745013","0.43553367931745013"
"25352","0.43553367931745013","0.43553367931745013","0.43553367931745013"
"25358","0.43553367931745013","0.43553367931745013","0.43553367931745013"
"25371","0.43553367931745013","0.43553367931745013","0.43553367931745013"
"25381","0.43553367931745013","0.43553367931745013","0.43553367931745013"
"25386","0.43553367931745013","0.43553367931745013","0.43553367931745013"
"25388","0.43553367931745013","0.43553367931745013","0.43553367931745013"
"25391","0.43553367931745013","0.43553367931745013","0.43553367931745013"
"25401","0.4357336793123977","0.4357336793123977","0.4357336793123977"
"25409","0.4373336792719783","0.4373336792719783","0.4373336792719783"
"25423","0.4375336792669259","0.4375336792669259","0.4375336792669259"
"25437","0.4375336792669259","0.4375336792669259","0.4375336792669259"
"25440","0.4375336792669259","0.4375336792669259","0.4375336792669259"
"25447","0.4375336792669259","0.4375336792669259","0.4375336792669259"
"25457","0.4375336792669259","0.4375336792669259","0.4375336792669259"
"25468","0.4375336792669259","0.4375336792669259","0.4375336792669259"
"25469","0.4375336792669259","0.4375336792669259","0.4375336792669259"
"25474","0.4375336792669259","0.4375336792669259","0.4375336792669259"
"25479","0.4375336792669259","0.4375336792669259","0.4375336792669259"
"25494","0.4375336792669259","0.4375336792669259","0.4375336792669259"
"25500","0.4375336792669259","0.4375336792669259","0.4375336792669259"
"25503","0.4375336792669259","0.4375336792669259","0.4375336792669259"
"25523","0.43953367921640163","0.43953367921640163","0.43953367921640163"
"25539","0.43953367921640163","0.43953367921640163","0.43953367921640163"
"25540","0.43953367921640163","0.43953367921640163","0.43953367921640163"
"25543","0.43953367921640163","0.43953367921640163","0.43953367921640163"
"25566","0.43953367921640163","0.43953367921640163","0.43953367921640163"
"25567","0.43953367921640163","0.43953367921640163","0.43953367921640163"
"25575","0.43953367921640163","0.43953367921640163","0.43953367921640163"
"25581","0.43953367921640163","0.43953367921640163","0.43953367921640163"
"25591","0.43953367921640163","0.43953367921640163","0.43953367921640163"
"25592","0.43953367921640163","0.43953367921640163","0.43953367921640163"
"25596","0.43953367921640163","0.43953367921640163","0.43953367921640163"
"25597","0.43953367921640163","0.43953367921640163","0.43953367921640163"
"25607","0.43953367921640163","0.43953367921640163","0.43953367921640163"
"25617","0.43953367921640163","0.43953367921640163","0.43953367921640163"
"25621","0.4397336792113492","0.4397336792113492","0.4397336792113492"
"25626","0.4407336791860871","0.4407336791860871","0.4407336791860871"
"25628","0.44113367917598223","0.44113367917598223","0.44113367917598223"
"25640","0.4415336791658774","0.4415336791658774","0.4415336791658774"
"25646","0.4415336791658774","0.4415336791658774","0.4415336791658774"
"25653","0.4415336791658774","0.4415336791658774","0.4415336791658774"
"25662","0.4415336791658774","0.4415336791658774","0.4415336791658774"
"25670","0.4415336791658774","0.4415336791658774","0.4415336791658774"
"25675","0.4415336791658774","0.4415336791658774","0.4415336791658774"
"25679","0.4415336791658774","0.4415336791658774","0.4415336791658774"
"25683","0.4415336791658774","0.4415336791658774","0.4415336791658774"
"25693","0.4415336791658774","0.4415336791658774","0.4415336791658774"
"25695","0.4415336791658774","0.4415336791658774","0.4415336791658774"
"25706","0.4415336791658774","0.4415336791658774","0.4415336791658774"
"25710","0.4415336791658774","0.4415336791658774","0.4415336791658774"
"25722","0.4415336791658774","0.4415336791658774","0.4415336791658774"
"25725","0.4415336791658774","0.4415336791658774","0.4415336791658774"
"25730","0.4415336791658774","0.4415336791658774","0.4415336791658774"
"25733","0.4421336791507201","0.4421336791507201","0.4421336791507201"
"25740","0.44353367911535313","0.44353367911535313","0.44353367911535313"
"25751","0.44353367911535313","0.44353367911535313","0.44353367911535313"
"25758","0.44353367911535313","0.44353367911535313","0.44353367911535313"
"25759","0.44353367911535313","0.44353367911535313","0.44353367911535313"
"25764","0.44353367911535313","0.44353367911535313","0.44353367911535313"
"25765","0.44353367911535313","0.44353367911535313","0.44353367911535313"
"25771","0.44353367911535313","0.44353367911535313","0.44353367911535313"
"25774","0.44353367911535313","0.44353367911535313","0.44353367911535313"
"25775","0.44353367911535313","0.44353367911535313","0.44353367911535313"
"25779","0.44353367911535313","0.44353367911535313","0.44353367911535313"
"25781","0.44353367911535313","0.44353367911535313","0.44353367911535313"
"25785","0.44353367911535313","0.44353367911535313","0.44353367911535313"
"25791","0.44353367911535313","0.44353367911535313","0.44353367911535313"
"25805","0.44353367911535313","0.44353367911535313","0.44353367911535313"
"25815","0.44353367911535313","0.44353367911535313","0.44353367911535313"
"25822","0.44353367911535313","0.44353367911535313","0.44353367911535313"
"25829","0.44353367911535313","0.44353367911535313","0.44353367911535313"
"25836","0.44353367911535313","0.44353367911535313","0.44353367911535313"
"25839","0.44353367911535313","0.44353367911535313","0.44353367911535313"
"25846","0.4423336791456677","0.4423336791456677","0.4423336791456677"
"25850","0.4415336791658774","0.4415336791658774","0.4415336791658774"
"25858","0.4415336791658774","0.4415336791658774","0.4415336791658774"
"25871","0.4415336791658774","0.4415336791658774","0.4415336791658774"
"25897","0.4415336791658774","0.4415336791658774","0.4415336791658774"
"25899","0.4415336791658774","0.4415336791658774","0.4415336791658774"
"25906","0.4415336791658774","0.4415336791658774","0.4415336791658774"
"25912","0.4415336791658774","0.4415336791658774","0.4415336791658774"
"25914","0.4415336791658774","0.4415336791658774","0.4415336791658774"
"25925","0.4415336791658774","0.4415336791658774","0.4415336791658774"
"25926","0.4415336791658774","0.4415336791658774","0.4415336791658774"
"25932","0.4415336791658774","0.4415336791658774","0.4415336791658774"
"25934","0.4415336791658774","0.4415336791658774","0.4415336791658774"
"25938","0.4415336791658774","0.4415336791658774","0.4415336791658774"
"25940","0.4415336791658774","0.4415336791658774","0.4415336791658774"
"25941","0.4415336791658774","0.4415336791658774","0.4415336791658774"
"25943","0.4415336791658774","0.4415336791658774","0.4415336791658774"
"25951","0.4413336791709298","0.4413336791709298","0.4413336791709298"
"25958","0.4399336792062968","0.4399336792062968","0.4399336792062968"
"25961","0.43953367921640163","0.43953367921640163","0.43953367921640163"
"25964","0.43953367921640163","0.43953367921640163","0.43953367921640163"
"25965","0.43953367921640163","0.43953367921640163","0.43953367921640163"
"25966","0.43953367921640163","0.43953367921640163","0.43953367921640163"
"25971","0.43953367921640163","0.43953367921640163","0.43953367921640163"
"25985","0.43953367921640163","0.43953367921640163","0.43953367921640163"
"26016","0.43953367921640163","0.43953367921640163","0.43953367921640163"
"26019","0.43953367921640163","0.43953367921640163","0.43953367921640163"
"26029","0.43953367921640163","0.43953367921640163","0.43953367921640163"
"26032","0.43953367921640163","0.43953367921640163","0.43953367921640163"
"26042","0.43953367921640163","0.43953367921640163","0.43953367921640163"
"26044","0.43953367921640163","0.43953367921640163","0.43953367921640163"
"26046","0.43953367921640163","0.43953367921640163","0.43953367921640163"
"26050","0.43953367921640163","0.43953367921640163","0.43953367921640163"
"26068","0.43793367925682103","0.43793367925682103","0.43793367925682103"
"26071","0.4375336792669259","0.4375336792669259","0.4375336792669259"
"26075","0.4375336792669259","0.4375336792669259","0.4375336792669259"
"26079","0.4375336792669259","0.4375336792669259","0.4375336792669259"
"26082","0.4375336792669259","0.4375336792669259","0.4375336792669259"
"26085","0.4375336792669259","0.4375336792669259","0.4375336792669259"
"26090","0.4375336792669259","0.4375336792669259","0.4375336792669259"
"26094","0.4375336792669259","0.4375336792669259","0.4375336792669259"
"26106","0.4375336792669259","0.4375336792669259","0.4375336792669259"
"26113","0.4375336792669259","0.4375336792669259","0.4375336792669259"
"26115","0.4375336792669259","0.4375336792669259","0.4375336792669259"
"26121","0.4375336792669259","0.4375336792669259","0.4375336792669259"
"26132","0.4375336792669259","0.4375336792669259","0.4375336792669259"
"26154","0.4375336792669259","0.4375336792669259","0.4375336792669259"
"26155","0.4375336792669259","0.4375336792669259","0.4375336792669259"
"26159","0.4375336792669259","0.4375336792669259","0.4375336792669259"
"26164","0.4375336792669259","0.4375336792669259","0.4375336792669259"
"26167","0.4375336792669259","0.4375336792669259","0.4375336792669259"
"26169","0.4375336792669259","0.4375336792669259","0.4375336792669259"
"26210","0.43953367921640163","0.43953367921640163","0.43953367921640163"
"26217","0.43953367921640163","0.43953367921640163","0.43953367921640163"
"26227","0.43953367921640163","0.43953367921640163","0.43953367921640163"
"26235","0.43953367921640163","0.43953367921640163","0.43953367921640163"
"26239","0.43953367921640163","0.43953367921640163","0.43953367921640163"
"26240","0.43953367921640163","0.43953367921640163","0.43953367921640163"
"26253","0.43953367921640163","0.43953367921640163","0.43953367921640163"
"26260","0.43953367921640163","0.43953367921640163","0.43953367921640163"
"26264","0.43953367921640163","0.43953367921640163","0.43953367921640163"
"26266","0.43953367921640163","0.43953367921640163","0.43953367921640163"
"26267","0.43953367921640163","0.43953367921640163","0.43953367921640163"
"26295","0.4415336791658774","0.4415336791658774","0.4415336791658774"
"26298","0.4415336791658774","0.4415336791658774","0.4415336791658774"
"26307","0.4415336791658774","0.4415336791658774","0.4415336791658774"
"26311","0.4415336791658774","0.4415336791658774","0.4415336791658774"
"26320","0.4415336791658774","0.4415336791658774","0.4415336791658774"
"26332","0.4415336791658774","0.4415336791658774","0.4415336791658774"
"26333","0.4415336791658774","0.4415336791658774","0.4415336791658774"
"26343","0.4415336791658774","0.4415336791658774","0.4415336791658774"
"26348","0.4415336791658774","0.4415336791658774","0.4415336791658774"
"26357","0.4415336791658774","0.4415336791658774","0.4415336791658774"
"26365","0.4415336791658774","0.4415336791658774","0.4415336791658774"
"26366","0.4415336791658774","0.4415336791658774","0.4415336791658774"
"26370","0.4415336791658774","0.4415336791658774","0.4415336791658774"
"26377","0.4415336791658774","0.4415336791658774","0.4415336791658774"
"26383","0.4415336791658774","0.4415336791658774","0.4415336791658774"
"26387","0.4415336791658774","0.4415336791658774","0.4415336791658774"
"26393","0.44093367918103465","0.44093367918103465","0.44093367918103465"
"26398","0.4399336792062968","0.4399336792062968","0.4399336792062968"
"26411","0.43953367921640163","0.43953367921640163","0.43953367921640163"
"26423","0.43953367921640163","0.43953367921640163","0.43953367921640163"
"26431","0.43953367921640163","0.43953367921640163","0.43953367921640163"
"26444","0.43953367921640163","0.43953367921640163","0.43953367921640163"
"26453","0.43953367921640163","0.43953367921640163","0.43953367921640163"
"26464","0.43953367921640163","0.43953367921640163","0.43953367921640163"
"26481","0.43953367921640163","0.43953367921640163","0.43953367921640163"
"26482","0.43953367921640163","0.43953367921640163","0.43953367921640163"
"26483","0.43953367921640163","0.43953367921640163","0.43953367921640163"
"26484","0.43953367921640163","0.43953367921640163","0.43953367921640163"
"26502","0.4399336792062968","0.4399336792062968","0.4399336792062968"
"26507","0.44093367918103465","0.44093367918103465","0.44093367918103465"
"26510","0.4415336791658774","0.4415336791658774","0.4415336791658774"
"26511","0.4415336791658774","0.4415336791658774","0.4415336791658774"
"26529","0.4415336791658774","0.4415336791658774","0.4415336791658774"
"26546","0.4415336791658774","0.4415336791658774","0.4415336791658774"
"26547","0.4415336791658774","0.4415336791658774","0.4415336791658774"
"26557","0.4415336791658774","0.4415336791658774","0.4415336791658774"
"26565","0.4415336791658774","0.4415336791658774","0.4415336791658774"
"26569","0.4415336791658774","0.4415336791658774","0.4415336791658774"
"26572","0.4415336791658774","0.4415336791658774","0.4415336791658774"
"26578","0.4415336791658774","0.4415336791658774","0.4415336791658774"
"26589","0.4415336791658774","0.4415336791658774","0.4415336791658774"
"26591","0.4415336791658774","0.4415336791658774","0.4415336791658774"
"26598","0.4415336791658774","0.4415336791658774","0.4415336791658774"
"26602","0.4415336791658774","0.4415336791658774","0.4415336791658774"
"26625","0.43993896878382655","0.43993896878382655","0.43993896878382655"
"26626","0.43993896878382655","0.43993896878382655","0.43993896878382655"
"26628","0.43993896878382655","0.43993896878382655","0.43993896878382655"
"26629","0.43993896878382655","0.43993896878382655","0.43993896878382655"
"26635","0.43993896878382655","0.43993896878382655","0.43993896878382655"
"26660","0.43993896878382655","0.43993896878382655","0.43993896878382655"
"26663","0.43993896878382655","0.43993896878382655","0.43993896878382655"
"26669","0.43993896878382655","0.43993896878382655","0.43993896878382655"
"26674","0.43993896878382655","0.43993896878382655","0.43993896878382655"
"26686","0.43993896878382655","0.43993896878382655","0.43993896878382655"
"26691","0.43993896878382655","0.43993896878382655","0.43993896878382655"
"26694","0.43993896878382655","0.43993896878382655","0.43993896878382655"
"26701","0.43993896878382655","0.43993896878382655","0.43993896878382655"
"26708","0.43993896878382655","0.43993896878382655","0.43993896878382655"
"26709","0.43993896878382655","0.43993896878382655","0.43993896878382655"
"26737","0.4379389688343508","0.4379389688343508","0.4379389688343508"
"26738","0.4379389688343508","0.4379389688343508","0.4379389688343508"
"26741","0.4379389688343508","0.4379389688343508","0.4379389688343508"
"26752","0.4379389688343508","0.4379389688343508","0.4379389688343508"
"26753","0.4379389688343508","0.4379389688343508","0.4379389688343508"
"26759","0.4379389688343508","0.4379389688343508","0.4379389688343508"
"26762","0.4379389688343508","0.4379389688343508","0.4379389688343508"
"26763","0.4379389688343508","0.4379389688343508","0.4379389688343508"
"26767","0.4379389688343508","0.4379389688343508","0.4379389688343508"
"26768","0.4379389688343508","0.4379389688343508","0.4379389688343508"
"26777","0.4379389688343508","0.4379389688343508","0.4379389688343508"
"26782","0.4379389688343508","0.4379389688343508","0.4379389688343508"
"26790","0.4379389688343508","0.4379389688343508","0.4379389688343508"
"26798","0.4379389688343508","0.4379389688343508","0.4379389688343508"
"26799","0.4379389688343508","0.4379389688343508","0.4379389688343508"
"26809","0.4379389688343508","0.4379389688343508","0.4379389688343508"
"26819","0.4379389688343508","0.4379389688343508","0.4379389688343508"
"26821","0.4379389688343508","0.4379389688343508","0.4379389688343508"
"26834","0.4371389688545605","0.4371389688545605","0.4371389688545605"
"26835","0.4369389688596129","0.4369389688596129","0.4369389688596129"
"26837","0.43653896886971777","0.43653896886971777","0.43653896886971777"
"26847","0.43593896888487504","0.43593896888487504","0.43593896888487504"
"26862","0.43593896888487504","0.43593896888487504","0.43593896888487504"
"26868","0.43593896888487504","0.43593896888487504","0.43593896888487504"
"26877","0.43593896888487504","0.43593896888487504","0.43593896888487504"
"26888","0.43593896888487504","0.43593896888487504","0.43593896888487504"
"26891","0.43593896888487504","0.43593896888487504","0.43593896888487504"
"26925","0.43593896888487504","0.43593896888487504","0.43593896888487504"
"26929","0.43593896888487504","0.43593896888487504","0.43593896888487504"
"26934","0.43593896888487504","0.43593896888487504","0.43593896888487504"
"26938","0.43593896888487504","0.43593896888487504","0.43593896888487504"
"26945","0.43493896891013717","0.43493896891013717","0.43493896891013717"
"26951","0.4339389689353993","0.4339389689353993","0.4339389689353993"
"26952","0.4339389689353993","0.4339389689353993","0.4339389689353993"
"26959","0.4339389689353993","0.4339389689353993","0.4339389689353993"
"26960","0.4339389689353993","0.4339389689353993","0.4339389689353993"
"26969","0.4339389689353993","0.4339389689353993","0.4339389689353993"
"26973","0.4339389689353993","0.4339389689353993","0.4339389689353993"
"26980","0.4339389689353993","0.4339389689353993","0.4339389689353993"
"26981","0.4339389689353993","0.4339389689353993","0.4339389689353993"
"26990","0.4339389689353993","0.4339389689353993","0.4339389689353993"
"26993","0.4339389689353993","0.4339389689353993","0.4339389689353993"
"27004","0.4339389689353993","0.4339389689353993","0.4339389689353993"
"27014","0.4339389689353993","0.4339389689353993","0.4339389689353993"
"27015","0.4339389689353993","0.4339389689353993","0.4339389689353993"
"27033","0.4339389689353993","0.4339389689353993","0.4339389689353993"
"27041","0.4339389689353993","0.4339389689353993","0.4339389689353993"
"27046","0.4339389689353993","0.4339389689353993","0.4339389689353993"
"27067","0.43193896898592354","0.43193896898592354","0.43193896898592354"
"27070","0.43193896898592354","0.43193896898592354","0.43193896898592354"
"27085","0.43193896898592354","0.43193896898592354","0.43193896898592354"
"27087","0.43193896898592354","0.43193896898592354","0.43193896898592354"
"27093","0.43193896898592354","0.43193896898592354","0.43193896898592354"
"27104","0.43193896898592354","0.43193896898592354","0.43193896898592354"
"27128","0.43193896898592354","0.43193896898592354","0.43193896898592354"
"27132","0.43193896898592354","0.43193896898592354","0.43193896898592354"
"27139","0.43193896898592354","0.43193896898592354","0.43193896898592354"
"27140","0.43193896898592354","0.43193896898592354","0.43193896898592354"
"27142","0.43193896898592354","0.43193896898592354","0.43193896898592354"
"27170","0.4339389689353993","0.4339389689353993","0.4339389689353993"
"27180","0.4339389689353993","0.4339389689353993","0.4339389689353993"
"27181","0.4339389689353993","0.4339389689353993","0.4339389689353993"
"27185","0.4339389689353993","0.4339389689353993","0.4339389689353993"
"27188","0.4339389689353993","0.4339389689353993","0.4339389689353993"
"27190","0.4339389689353993","0.4339389689353993","0.4339389689353993"
"27192","0.4339389689353993","0.4339389689353993","0.4339389689353993"
"27200","0.4339389689353993","0.4339389689353993","0.4339389689353993"
"27201","0.4339389689353993","0.4339389689353993","0.4339389689353993"
"27204","0.4339389689353993","0.4339389689353993","0.4339389689353993"
"27209","0.4339389689353993","0.4339389689353993","0.4339389689353993"
"27214","0.4339389689353993","0.4339389689353993","0.4339389689353993"
"27217","0.4339389689353993","0.4339389689353993","0.4339389689353993"
"27225","0.4339389689353993","0.4339389689353993","0.4339389689353993"
"27236","0.4339389689353993","0.4339389689353993","0.4339389689353993"
"27240","0.4339389689353993","0.4339389689353993","0.4339389689353993"
"27248","0.4339389689353993","0.4339389689353993","0.4339389689353993"
"27252","0.4339389689353993","0.4339389689353993","0.4339389689353993"
"27255","0.4339389689353993","0.4339389689353993","0.4339389689353993"
"27263","0.4339389689353993","0.4339389689353993","0.4339389689353993"
"27273","0.434538968920242","0.434538968920242","0.434538968920242"
"27278","0.4355389688949799","0.4355389688949799","0.4355389688949799"
"27286","0.43593896888487504","0.43593896888487504","0.43593896888487504"
"27287","0.43593896888487504","0.43593896888487504","0.43593896888487504"
"27305","0.43593896888487504","0.43593896888487504","0.43593896888487504"
"27316","0.43593896888487504","0.43593896888487504","0.43593896888487504"
"27318","0.43593896888487504","0.43593896888487504","0.43593896888487504"
"27327","0.43593896888487504","0.43593896888487504","0.43593896888487504"
"27337","0.43593896888487504","0.43593896888487504","0.43593896888487504"
"27351","0.43593896888487504","0.43593896888487504","0.43593896888487504"
"27367","0.43593896888487504","0.43593896888487504","0.43593896888487504"
"27373","0.43593896888487504","0.43593896888487504","0.43593896888487504"
"27380","0.43593896888487504","0.43593896888487504","0.43593896888487504"
"27392","0.4379389688343508","0.4379389688343508","0.4379389688343508"
"27396","0.4379389688343508","0.4379389688343508","0.4379389688343508"
"27401","0.4379389688343508","0.4379389688343508","0.4379389688343508"
"27402","0.4379389688343508","0.4379389688343508","0.4379389688343508"
"27409","0.4379389688343508","0.4379389688343508","0.4379389688343508"
"27415","0.4379389688343508","0.4379389688343508","0.4379389688343508"
"27433","0.4379389688343508","0.4379389688343508","0.4379389688343508"
"27436","0.4379389688343508","0.4379389688343508","0.4379389688343508"
"27443","0.4379389688343508","0.4379389688343508","0.4379389688343508"
"27446","0.4379389688343508","0.4379389688343508","0.4379389688343508"
"27454","0.4379389688343508","0.4379389688343508","0.4379389688343508"
"27458","0.4379389688343508","0.4379389688343508","0.4379389688343508"
"27464","0.4379389688343508","0.4379389688343508","0.4379389688343508"
"27467","0.4379389688343508","0.4379389688343508","0.4379389688343508"
"27470","0.4379389688343508","0.4379389688343508","0.4379389688343508"
"27473","0.4379389688343508","0.4379389688343508","0.4379389688343508"
"27476","0.4379389688343508","0.4379389688343508","0.4379389688343508"
"27477","0.4379389688343508","0.4379389688343508","0.4379389688343508"
"27480","0.4379389688343508","0.4379389688343508","0.4379389688343508"
"27481","0.4379389688343508","0.4379389688343508","0.4379389688343508"
"27494","0.4387389688141411","0.4387389688141411","0.4387389688141411"
"27506","0.43993896878382655","0.43993896878382655","0.43993896878382655"
"27509","0.43993896878382655","0.43993896878382655","0.43993896878382655"
"27511","0.43993896878382655","0.43993896878382655","0.43993896878382655"
"27513","0.43993896878382655","0.43993896878382655","0.43993896878382655"
"27515","0.43993896878382655","0.43993896878382655","0.43993896878382655"
"27517","0.43993896878382655","0.43993896878382655","0.43993896878382655"
"27526","0.43993896878382655","0.43993896878382655","0.43993896878382655"
"27528","0.43993896878382655","0.43993896878382655","0.43993896878382655"
"27531","0.43993896878382655","0.43993896878382655","0.43993896878382655"
"27542","0.43993896878382655","0.43993896878382655","0.43993896878382655"
"27545","0.43993896878382655","0.43993896878382655","0.43993896878382655"
"27549","0.43993896878382655","0.43993896878382655","0.43993896878382655"
"27554","0.43993896878382655","0.43993896878382655","0.43993896878382655"
"27556","0.43993896878382655","0.43993896878382655","0.43993896878382655"
"27567","0.43993896878382655","0.43993896878382655","0.43993896878382655"
"27570","0.43993896878382655","0.43993896878382655","0.43993896878382655"
"27590","0.43993896878382655","0.43993896878382655","0.43993896878382655"
"27591","0.43993896878382655","0.43993896878382655","0.43993896878382655"
"27592","0.43993896878382655","0.43993896878382655","0.43993896878382655"
"27595","0.43993896878382655","0.43993896878382655","0.43993896878382655"
"27596","0.43993896878382655","0.43993896878382655","0.43993896878382655"
"27601","0.43973896878887897","0.43973896878887897","0.43973896878887897"
"27614","0.4379389688343508","0.4379389688343508","0.4379389688343508"
"27618","0.4379389688343508","0.4379389688343508","0.4379389688343508"
"27630","0.4379389688343508","0.4379389688343508","0.4379389688343508"
"27631","0.4379389688343508","0.4379389688343508","0.4379389688343508"
"27634","0.4379389688343508","0.4379389688343508","0.4379389688343508"
"27650","0.4379389688343508","0.4379389688343508","0.4379389688343508"
"27651","0.4379389688343508","0.4379389688343508","0.4379389688343508"
"27652","0.4379389688343508","0.4379389688343508","0.4379389688343508"
"27658","0.4379389688343508","0.4379389688343508","0.4379389688343508"
"27661","0.4379389688343508","0.4379389688343508","0.4379389688343508"
"27663","0.4379389688343508","0.4379389688343508","0.4379389688343508"
"27680","0.4379389688343508","0.4379389688343508","0.4379389688343508"
"27681","0.4379389688343508","0.4379389688343508","0.4379389688343508"
"27683","0.4379389688343508","0.4379389688343508","0.4379389688343508"
"27685","0.4379389688343508","0.4379389688343508","0.4379389688343508"
"27702","0.4379389688343508","0.4379389688343508","0.4379389688343508"
"27712","0.43833896882424594","0.43833896882424594","0.43833896882424594"
"27717","0.4393389687989838","0.4393389687989838","0.4393389687989838"
"27728","0.43993896878382655","0.43993896878382655","0.43993896878382655"
"27732","0.43993896878382655","0.43993896878382655","0.43993896878382655"
"27744","0.43993896878382655","0.43993896878382655","0.43993896878382655"
"27753","0.43993896878382655","0.43993896878382655","0.43993896878382655"
"27761","0.43993896878382655","0.43993896878382655","0.43993896878382655"
"27765","0.43993896878382655","0.43993896878382655","0.43993896878382655"
"27770","0.43993896878382655","0.43993896878382655","0.43993896878382655"
"27775","0.43993896878382655","0.43993896878382655","0.43993896878382655"
"27782","0.43993896878382655","0.43993896878382655","0.43993896878382655"
"27791","0.43993896878382655","0.43993896878382655","0.43993896878382655"
"27794","0.43993896878382655","0.43993896878382655","0.43993896878382655"
"27800","0.43993896878382655","0.43993896878382655","0.43993896878382655"
"27815","0.43993896878382655","0.43993896878382655","0.43993896878382655"
"27821","0.43973896878887897","0.43973896878887897","0.43973896878887897"
"27833","0.4379389688343508","0.4379389688343508","0.4379389688343508"
"27834","0.4379389688343508","0.4379389688343508","0.4379389688343508"
"27849","0.4379389688343508","0.4379389688343508","0.4379389688343508"
"27864","0.4379389688343508","0.4379389688343508","0.4379389688343508"
"27868","0.4379389688343508","0.4379389688343508","0.4379389688343508"
"27870","0.4379389688343508","0.4379389688343508","0.4379389688343508"
"27889","0.4379389688343508","0.4379389688343508","0.4379389688343508"
"27900","0.4379389688343508","0.4379389688343508","0.4379389688343508"
"27908","0.4379389688343508","0.4379389688343508","0.4379389688343508"
"27913","0.4379389688343508","0.4379389688343508","0.4379389688343508"
"27918","0.4379389688343508","0.4379389688343508","0.4379389688343508"
"27919","0.4379389688343508","0.4379389688343508","0.4379389688343508"
"27921","0.4379389688343508","0.4379389688343508","0.4379389688343508"
"27926","0.4379389688343508","0.4379389688343508","0.4379389688343508"
"27929","0.4379389688343508","0.4379389688343508","0.4379389688343508"
"27931","0.43813896882929837","0.43813896882929837","0.43813896882929837"
"27936","0.43913896880403624","0.43913896880403624","0.43913896880403624"
"27938","0.4395389687939314","0.4395389687939314","0.4395389687939314"
"27946","0.43993896878382655","0.43993896878382655","0.43993896878382655"
"27949","0.43993896878382655","0.43993896878382655","0.43993896878382655"
"27956","0.43993896878382655","0.43993896878382655","0.43993896878382655"
"27969","0.43993896878382655","0.43993896878382655","0.43993896878382655"
"27970","0.43993896878382655","0.43993896878382655","0.43993896878382655"
"27974","0.43993896878382655","0.43993896878382655","0.43993896878382655"
"27989","0.43993896878382655","0.43993896878382655","0.43993896878382655"
"27993","0.43993896878382655","0.43993896878382655","0.43993896878382655"
"27995","0.43993896878382655","0.43993896878382655","0.43993896878382655"
"28001","0.43993896878382655","0.43993896878382655","0.43993896878382655"
"28007","0.43993896878382655","0.43993896878382655","0.43993896878382655"
"28011","0.43993896878382655","0.43993896878382655","0.43993896878382655"
"28015","0.43993896878382655","0.43993896878382655","0.43993896878382655"
"28016","0.43993896878382655","0.43993896878382655","0.43993896878382655"
"28025","0.43993896878382655","0.43993896878382655","0.43993896878382655"
"28030","0.43993896878382655","0.43993896878382655","0.43993896878382655"
"28048","0.43833896882424594","0.43833896882424594","0.43833896882424594"
"28070","0.4379389688343508","0.4379389688343508","0.4379389688343508"
"28077","0.4379389688343508","0.4379389688343508","0.4379389688343508"
"28078","0.4379389688343508","0.4379389688343508","0.4379389688343508"
"28079","0.4379389688343508","0.4379389688343508","0.4379389688343508"
"28083","0.4379389688343508","0.4379389688343508","0.4379389688343508"
"28084","0.4379389688343508","0.4379389688343508","0.4379389688343508"
"28093","0.4379389688343508","0.4379389688343508","0.4379389688343508"
"28099","0.4379389688343508","0.4379389688343508","0.4379389688343508"
"28108","0.4379389688343508","0.4379389688343508","0.4379389688343508"
"28113","0.4379389688343508","0.4379389688343508","0.4379389688343508"
"28116","0.4379389688343508","0.4379389688343508","0.4379389688343508"
"28118","0.4379389688343508","0.4379389688343508","0.4379389688343508"
"28127","0.4379389688343508","0.4379389688343508","0.4379389688343508"
"28133","0.4379389688343508","0.4379389688343508","0.4379389688343508"
"28134","0.4379389688343508","0.4379389688343508","0.4379389688343508"
"28157","0.43653896886971777","0.43653896886971777","0.43653896886971777"
"28166","0.43593896888487504","0.43593896888487504","0.43593896888487504"
"28167","0.43593896888487504","0.43593896888487504","0.43593896888487504"
"28173","0.43593896888487504","0.43593896888487504","0.43593896888487504"
"28174","0.43593896888487504","0.43593896888487504","0.43593896888487504"
"28188","0.43593896888487504","0.43593896888487504","0.43593896888487504"
"28194","0.43593896888487504","0.43593896888487504","0.43593896888487504"
"28195","0.43593896888487504","0.43593896888487504","0.43593896888487504"
"28198","0.43593896888487504","0.43593896888487504","0.43593896888487504"
"28199","0.43593896888487504","0.43593896888487504","0.43593896888487504"
"28215","0.43593896888487504","0.43593896888487504","0.43593896888487504"
"28229","0.43593896888487504","0.43593896888487504","0.43593896888487504"
"28232","0.43593896888487504","0.43593896888487504","0.43593896888487504"
"28236","0.43593896888487504","0.43593896888487504","0.43593896888487504"
"28242","0.43593896888487504","0.43593896888487504","0.43593896888487504"
"28244","0.43593896888487504","0.43593896888487504","0.43593896888487504"
"28248","0.43593896888487504","0.43593896888487504","0.43593896888487504"
"28250","0.43593896888487504","0.43593896888487504","0.43593896888487504"
"28251","0.43593896888487504","0.43593896888487504","0.43593896888487504"
"28260","0.43593896888487504","0.43593896888487504","0.43593896888487504"
"28268","0.43753896884445564","0.43753896884445564","0.43753896884445564"
"28274","0.4379389688343508","0.4379389688343508","0.4379389688343508"
"28286","0.4379389688343508","0.4379389688343508","0.4379389688343508"
"28309","0.4379389688343508","0.4379389688343508","0.4379389688343508"
"28332","0.4379389688343508","0.4379389688343508","0.4379389688343508"
"28337","0.4379389688343508","0.4379389688343508","0.4379389688343508"
"28340","0.4379389688343508","0.4379389688343508","0.4379389688343508"
"28345","0.4379389688343508","0.4379389688343508","0.4379389688343508"
"28361","0.4379389688343508","0.4379389688343508","0.4379389688343508"
"28363","0.4379389688343508","0.4379389688343508","0.4379389688343508"
"28371","0.4377389688394032","0.4377389688394032","0.4377389688394032"
"28372","0.43753896884445564","0.43753896884445564","0.43753896884445564"
"28373","0.43733896884950807","0.43733896884950807","0.43733896884950807"
"28375","0.4369389688596129","0.4369389688596129","0.4369389688596129"
"28378","0.4363389688747702","0.4363389688747702","0.4363389688747702"
"28387","0.43593896888487504","0.43593896888487504","0.43593896888487504"
"28394","0.43593896888487504","0.43593896888487504","0.43593896888487504"
"28395","0.43593896888487504","0.43593896888487504","0.43593896888487504"
"28399","0.43593896888487504","0.43593896888487504","0.43593896888487504"
"28404","0.43593896888487504","0.43593896888487504","0.43593896888487504"
"28409","0.43593896888487504","0.43593896888487504","0.43593896888487504"
"28410","0.43593896888487504","0.43593896888487504","0.43593896888487504"
"28414","0.43593896888487504","0.43593896888487504","0.43593896888487504"
"28417","0.43593896888487504","0.43593896888487504","0.43593896888487504"
"28449","0.43593896888487504","0.43593896888487504","0.43593896888487504"
"28453","0.43593896888487504","0.43593896888487504","0.43593896888487504"
"28458","0.43593896888487504","0.43593896888487504","0.43593896888487504"
"28460","0.43593896888487504","0.43593896888487504","0.43593896888487504"
"28464","0.43593896888487504","0.43593896888487504","0.43593896888487504"
"28470","0.43593896888487504","0.43593896888487504","0.43593896888487504"
"28472","0.43593896888487504","0.43593896888487504","0.43593896888487504"
"28488","0.43433896892529444","0.43433896892529444","0.43433896892529444"
"28505","0.4339389689353993","0.4339389689353993","0.4339389689353993"
"28506","0.4339389689353993","0.4339389689353993","0.4339389689353993"
"28514","0.4339389689353993","0.4339389689353993","0.4339389689353993"
"28517","0.4339389689353993","0.4339389689353993","0.4339389689353993"
"28519","0.4339389689353993","0.4339389689353993","0.4339389689353993"
"28527","0.4339389689353993","0.4339389689353993","0.4339389689353993"
"28541","0.4339389689353993","0.4339389689353993","0.4339389689353993"
"28543","0.4339389689353993","0.4339389689353993","0.4339389689353993"
"28545","0.4339389689353993","0.4339389689353993","0.4339389689353993"
"28548","0.4339389689353993","0.4339389689353993","0.4339389689353993"
"28559","0.4339389689353993","0.4339389689353993","0.4339389689353993"
"28574","0.4339389689353993","0.4339389689353993","0.4339389689353993"
"28585","0.4339389689353993","0.4339389689353993","0.4339389689353993"
"28586","0.4339389689353993","0.4339389689353993","0.4339389689353993"
"28591","0.4337389689404517","0.4337389689404517","0.4337389689404517"
"28592","0.43353896894550414","0.43353896894550414","0.43353896894550414"
"28601","0.43193896898592354","0.43193896898592354","0.43193896898592354"
"28606","0.43193896898592354","0.43193896898592354","0.43193896898592354"
"28610","0.43193896898592354","0.43193896898592354","0.43193896898592354"
"28616","0.43193896898592354","0.43193896898592354","0.43193896898592354"
"28618","0.43193896898592354","0.43193896898592354","0.43193896898592354"
"28620","0.43193896898592354","0.43193896898592354","0.43193896898592354"
"28621","0.43193896898592354","0.43193896898592354","0.43193896898592354"
"28628","0.43193896898592354","0.43193896898592354","0.43193896898592354"
"28644","0.43193896898592354","0.43193896898592354","0.43193896898592354"
"28660","0.43193896898592354","0.43193896898592354","0.43193896898592354"
"28661","0.43193896898592354","0.43193896898592354","0.43193896898592354"
"28665","0.43193896898592354","0.43193896898592354","0.43193896898592354"
"28667","0.43193896898592354","0.43193896898592354","0.43193896898592354"
"28672","0.43193896898592354","0.43193896898592354","0.43193896898592354"
"28674","0.43193896898592354","0.43193896898592354","0.43193896898592354"
"28681","0.43193896898592354","0.43193896898592354","0.43193896898592354"
"28692","0.43193896898592354","0.43193896898592354","0.43193896898592354"
"28694","0.43193896898592354","0.43193896898592354","0.43193896898592354"
"28700","0.43193896898592354","0.43193896898592354","0.43193896898592354"
"28706","0.433138968955609","0.433138968955609","0.433138968955609"
"28711","0.4339389689353993","0.4339389689353993","0.4339389689353993"
"28717","0.4339389689353993","0.4339389689353993","0.4339389689353993"
"28721","0.4339389689353993","0.4339389689353993","0.4339389689353993"
"28731","0.4339389689353993","0.4339389689353993","0.4339389689353993"
"28736","0.4339389689353993","0.4339389689353993","0.4339389689353993"
"28748","0.4339389689353993","0.4339389689353993","0.4339389689353993"
"28755","0.4339389689353993","0.4339389689353993","0.4339389689353993"
"28760","0.4339389689353993","0.4339389689353993","0.4339389689353993"
"28772","0.4339389689353993","0.4339389689353993","0.4339389689353993"
"28773","0.4339389689353993","0.4339389689353993","0.4339389689353993"
"28804","0.4339389689353993","0.4339389689353993","0.4339389689353993"
"28805","0.4339389689353993","0.4339389689353993","0.4339389689353993"
"28806","0.4339389689353993","0.4339389689353993","0.4339389689353993"
"28808","0.4339389689353993","0.4339389689353993","0.4339389689353993"
"28811","0.43413896893034687","0.43413896893034687","0.43413896893034687"
"28812","0.43433896892529444","0.43433896892529444","0.43433896892529444"
"28815","0.43493896891013717","0.43493896891013717","0.43493896891013717"
"28821","0.43593896888487504","0.43593896888487504","0.43593896888487504"
"28825","0.43593896888487504","0.43593896888487504","0.43593896888487504"
"28843","0.43593896888487504","0.43593896888487504","0.43593896888487504"
"28850","0.43593896888487504","0.43593896888487504","0.43593896888487504"
"28851","0.43593896888487504","0.43593896888487504","0.43593896888487504"
"28860","0.43593896888487504","0.43593896888487504","0.43593896888487504"
"28861","0.43593896888487504","0.43593896888487504","0.43593896888487504"
"28865","0.43593896888487504","0.43593896888487504","0.43593896888487504"
"28866","0.43593896888487504","0.43593896888487504","0.43593896888487504"
"28871","0.43593896888487504","0.43593896888487504","0.43593896888487504"
"28875","0.43593896888487504","0.43593896888487504","0.43593896888487504"
"28879","0.43593896888487504","0.43593896888487504","0.43593896888487504"
"28882","0.43593896888487504","0.43593896888487504","0.43593896888487504"
"28885","0.43593896888487504","0.43593896888487504","0.43593896888487504"
"28892","0.43593896888487504","0.43593896888487504","0.43593896888487504"
"28896","0.43593896888487504","0.43593896888487504","0.43593896888487504"
"28898","0.43593896888487504","0.43593896888487504","0.43593896888487504"
"28916","0.43593896888487504","0.43593896888487504","0.43593896888487504"
"28917","0.43593896888487504","0.43593896888487504","0.43593896888487504"
"28922","0.4355389688949799","0.4355389688949799","0.4355389688949799"
"28927","0.434538968920242","0.434538968920242","0.434538968920242"
"28932","0.4339389689353993","0.4339389689353993","0.4339389689353993"
"28938","0.4339389689353993","0.4339389689353993","0.4339389689353993"
"28939","0.4339389689353993","0.4339389689353993","0.4339389689353993"
"28941","0.4339389689353993","0.4339389689353993","0.4339389689353993"
"28944","0.4339389689353993","0.4339389689353993","0.4339389689353993"
"28953","0.4339389689353993","0.4339389689353993","0.4339389689353993"
"28965","0.4339389689353993","0.4339389689353993","0.4339389689353993"
"28976","0.4339389689353993","0.4339389689353993","0.4339389689353993"
"28981","0.4339389689353993","0.4339389689353993","0.4339389689353993"
"28988","0.4339389689353993","0.4339389689353993","0.4339389689353993"
"28993","0.4339389689353993","0.4339389689353993","0.4339389689353993"
"29001","0.4339389689353993","0.4339389689353993","0.4339389689353993"
"29004","0.4339389689353993","0.4339389689353993","0.4339389689353993"
"29007","0.4339389689353993","0.4339389689353993","0.4339389689353993"
"29011","0.4339389689353993","0.4339389689353993","0.4339389689353993"
"29021","0.4339389689353993","0.4339389689353993","0.4339389689353993"
"29022","0.4339389689353993","0.4339389689353993","0.4339389689353993"
"29026","0.4339389689353993","0.4339389689353993","0.4339389689353993"
"29034","0.4347389689151896","0.4347389689151896","0.4347389689151896"
"29036","0.43513896890508474","0.43513896890508474","0.43513896890508474"
"29058","0.43593896888487504","0.43593896888487504","0.43593896888487504"
"29059","0.43593896888487504","0.43593896888487504","0.43593896888487504"
"29062","0.43593896888487504","0.43593896888487504","0.43593896888487504"
"29065","0.43593896888487504","0.43593896888487504","0.43593896888487504"
"29067","0.43593896888487504","0.43593896888487504","0.43593896888487504"
"29076","0.43593896888487504","0.43593896888487504","0.43593896888487504"
"29077","0.43593896888487504","0.43593896888487504","0.43593896888487504"
"29090","0.43593896888487504","0.43593896888487504","0.43593896888487504"
"29096","0.43593896888487504","0.43593896888487504","0.43593896888487504"
"29104","0.43593896888487504","0.43593896888487504","0.43593896888487504"
"29105","0.43593896888487504","0.43593896888487504","0.43593896888487504"
"29110","0.43593896888487504","0.43593896888487504","0.43593896888487504"
"29112","0.43593896888487504","0.43593896888487504","0.43593896888487504"
"29117","0.43593896888487504","0.43593896888487504","0.43593896888487504"
"29123","0.43593896888487504","0.43593896888487504","0.43593896888487504"
"29132","0.43593896888487504","0.43593896888487504","0.43593896888487504"
"29139","0.43593896888487504","0.43593896888487504","0.43593896888487504"
"29152","0.4339389689353993","0.4339389689353993","0.4339389689353993"
"29157","0.4339389689353993","0.4339389689353993","0.4339389689353993"
"29162","0.4339389689353993","0.4339389689353993","0.4339389689353993"
"29171","0.4339389689353993","0.4339389689353993","0.4339389689353993"
"29172","0.4339389689353993","0.4339389689353993","0.4339389689353993"
"29175","0.4339389689353993","0.4339389689353993","0.4339389689353993"
"29179","0.4339389689353993","0.4339389689353993","0.4339389689353993"
"29183","0.4339389689353993","0.4339389689353993","0.4339389689353993"
"29197","0.4339389689353993","0.4339389689353993","0.4339389689353993"
"29221","0.4339389689353993","0.4339389689353993","0.4339389689353993"
"29224","0.4339389689353993","0.4339389689353993","0.4339389689353993"
"29239","0.4339389689353993","0.4339389689353993","0.4339389689353993"
"29241","0.4339389689353993","0.4339389689353993","0.4339389689353993"
"29264","0.43193896898592354","0.43193896898592354","0.43193896898592354"
"29269","0.43193896898592354","0.43193896898592354","0.43193896898592354"
"29272","0.43193896898592354","0.43193896898592354","0.43193896898592354"
"29274","0.43193896898592354","0.43193896898592354","0.43193896898592354"
"29277","0.43193896898592354","0.43193896898592354","0.43193896898592354"
"29279","0.43193896898592354","0.43193896898592354","0.43193896898592354"
"29281","0.43193896898592354","0.43193896898592354","0.43193896898592354"
"29287","0.43193896898592354","0.43193896898592354","0.43193896898592354"
"29293","0.43193896898592354","0.43193896898592354","0.43193896898592354"
"29306","0.43193896898592354","0.43193896898592354","0.43193896898592354"
"29308","0.43193896898592354","0.43193896898592354","0.43193896898592354"
"29321","0.43193896898592354","0.43193896898592354","0.43193896898592354"
"29325","0.43193896898592354","0.43193896898592354","0.43193896898592354"
"29345","0.43193896898592354","0.43193896898592354","0.43193896898592354"
"29347","0.43193896898592354","0.43193896898592354","0.43193896898592354"
"29349","0.43193896898592354","0.43193896898592354","0.43193896898592354"
"29360","0.43193896898592354","0.43193896898592354","0.43193896898592354"
"29382","0.4339389689353993","0.4339389689353993","0.4339389689353993"
"29393","0.4339389689353993","0.4339389689353993","0.4339389689353993"
"29399","0.4339389689353993","0.4339389689353993","0.4339389689353993"
"29401","0.4339389689353993","0.4339389689353993","0.4339389689353993"
"29409","0.4339389689353993","0.4339389689353993","0.4339389689353993"
"29412","0.4339389689353993","0.4339389689353993","0.4339389689353993"
"29413","0.4339389689353993","0.4339389689353993","0.4339389689353993"
"29417","0.4339389689353993","0.4339389689353993","0.4339389689353993"
"29418","0.4339389689353993","0.4339389689353993","0.4339389689353993"
"29423","0.4339389689353993","0.4339389689353993","0.4339389689353993"
"29424","0.4339389689353993","0.4339389689353993","0.4339389689353993"
"29427","0.4339389689353993","0.4339389689353993","0.4339389689353993"
"29428","0.4339389689353993","0.4339389689353993","0.4339389689353993"
"29432","0.4339389689353993","0.4339389689353993","0.4339389689353993"
"29455","0.4339389689353993","0.4339389689353993","0.4339389689353993"
"29460","0.4339389689353993","0.4339389689353993","0.4339389689353993"
"29461","0.4339389689353993","0.4339389689353993","0.4339389689353993"
"29467","0.4339389689353993","0.4339389689353993","0.4339389689353993"
"29469","0.4339389689353993","0.4339389689353993","0.4339389689353993"
"29472","0.43433896892529444","0.43433896892529444","0.43433896892529444"
"29473","0.434538968920242","0.434538968920242","0.434538968920242"
"29475","0.43493896891013717","0.43493896891013717","0.43493896891013717"
"29483","0.43593896888487504","0.43593896888487504","0.43593896888487504"
"29501","0.43593896888487504","0.43593896888487504","0.43593896888487504"
"29508","0.43593896888487504","0.43593896888487504","0.43593896888487504"
"29516","0.43593896888487504","0.43593896888487504","0.43593896888487504"
"29517","0.43593896888487504","0.43593896888487504","0.43593896888487504"
"29523","0.43593896888487504","0.43593896888487504","0.43593896888487504"
"29545","0.43593896888487504","0.43593896888487504","0.43593896888487504"
"29574","0.43593896888487504","0.43593896888487504","0.43593896888487504"
"29581","0.43573896888992747","0.43573896888992747","0.43573896888992747"
"29582","0.4358358171317377","0.4358358171317377","0.4358358171317377"
"29583","0.4358424948369247","0.4358424948369247","0.4358424948369247"
"29584","0.43564249484197715","0.43564249484197715","0.43564249484197715"
"29585","0.4355122218040378","0.4355122218040378","0.4355122218040378"
"29586","0.43531222180909024","0.43531222180909024","0.43531222180909024"
"29591","0.4348713942782524","0.4348713942782524","0.4348713942782524"
"29593","0.4348713942782524","0.4348713942782524","0.4348713942782524"
"29595","0.4348713942782524","0.4348713942782524","0.4348713942782524"
"29596","0.4348713942782524","0.4348713942782524","0.4348713942782524"
"29598","0.4348713942782524","0.4348713942782524","0.4348713942782524"
"29603","0.4348713942782524","0.4348713942782524","0.4348713942782524"
"29604","0.4348713942782524","0.4348713942782524","0.4348713942782524"
"29605","0.4348713942782524","0.4348713942782524","0.4348713942782524"
"29608","0.4348713942782524","0.4348713942782524","0.4348713942782524"
"29609","0.4348713942782524","0.4348713942782524","0.4348713942782524"
"29610","0.4348713942782524","0.4348713942782524","0.4348713942782524"
"29611","0.4348713942782524","0.4348713942782524","0.4348713942782524"
"29621","0.4348713942782524","0.4348713942782524","0.4348713942782524"
"29625","0.4348713942782524","0.4348713942782524","0.4348713942782524"
"29626","0.4348713942782524","0.4348713942782524","0.4348713942782524"
"29629","0.4348713942782524","0.4348713942782524","0.4348713942782524"
"29640","0.4348713942782524","0.4348713942782524","0.4348713942782524"
"29646","0.4348713942782524","0.4348713942782524","0.4348713942782524"
"29654","0.4348713942782524","0.4348713942782524","0.4348713942782524"
"29661","0.4348713942782524","0.4348713942782524","0.4348713942782524"
"29669","0.4348713942782524","0.4348713942782524","0.4348713942782524"
"29681","0.4348713942782524","0.4348713942782524","0.4348713942782524"
"29682","0.4348713942782524","0.4348713942782524","0.4348713942782524"
"29689","0.4348713942782524","0.4348713942782524","0.4348713942782524"
"29693","0.43427139429340966","0.43427139429340966","0.43427139429340966"
"29696","0.43367139430856694","0.43367139430856694","0.43367139430856694"
"29709","0.43287139432877664","0.43287139432877664","0.43287139432877664"
"29712","0.43287139432877664","0.43287139432877664","0.43287139432877664"
"29713","0.43287139432877664","0.43287139432877664","0.43287139432877664"
"29714","0.43287139432877664","0.43287139432877664","0.43287139432877664"
"29715","0.43287139432877664","0.43287139432877664","0.43287139432877664"
"29725","0.43287139432877664","0.43287139432877664","0.43287139432877664"
"29729","0.43287139432877664","0.43287139432877664","0.43287139432877664"
"29731","0.43287139432877664","0.43287139432877664","0.43287139432877664"
"29738","0.43287139432877664","0.43287139432877664","0.43287139432877664"
"29750","0.43287139432877664","0.43287139432877664","0.43287139432877664"
"29762","0.43287139432877664","0.43287139432877664","0.43287139432877664"
"29782","0.43287139432877664","0.43287139432877664","0.43287139432877664"
"29784","0.43287139432877664","0.43287139432877664","0.43287139432877664"
"29787","0.43287139432877664","0.43287139432877664","0.43287139432877664"
"29788","0.43287139432877664","0.43287139432877664","0.43287139432877664"
"29796","0.43287139432877664","0.43287139432877664","0.43287139432877664"
"29797","0.43287139432877664","0.43287139432877664","0.43287139432877664"
"29799","0.43287139432877664","0.43287139432877664","0.43287139432877664"
"29807","0.43427139429340966","0.43427139429340966","0.43427139429340966"
"29809","0.4346713942833048","0.4346713942833048","0.4346713942833048"
"29821","0.4348713942782524","0.4348713942782524","0.4348713942782524"
"29822","0.4348713942782524","0.4348713942782524","0.4348713942782524"
"29828","0.4348713942782524","0.4348713942782524","0.4348713942782524"
"29831","0.4348713942782524","0.4348713942782524","0.4348713942782524"
"29833","0.4348713942782524","0.4348713942782524","0.4348713942782524"
"29839","0.4348713942782524","0.4348713942782524","0.4348713942782524"
"29855","0.4348713942782524","0.4348713942782524","0.4348713942782524"
"29889","0.4348713942782524","0.4348713942782524","0.4348713942782524"
"29890","0.4348713942782524","0.4348713942782524","0.4348713942782524"
"29891","0.4348713942782524","0.4348713942782524","0.4348713942782524"
"29894","0.4348713942782524","0.4348713942782524","0.4348713942782524"
"29904","0.4348713942782524","0.4348713942782524","0.4348713942782524"
"29905","0.4348713942782524","0.4348713942782524","0.4348713942782524"
"29907","0.4348713942782524","0.4348713942782524","0.4348713942782524"
"29919","0.4330713943237242","0.4330713943237242","0.4330713943237242"
"29926","0.43287139432877664","0.43287139432877664","0.43287139432877664"
"29931","0.43287139432877664","0.43287139432877664","0.43287139432877664"
"29933","0.43287139432877664","0.43287139432877664","0.43287139432877664"
"29948","0.43287139432877664","0.43287139432877664","0.43287139432877664"
"29956","0.43287139432877664","0.43287139432877664","0.43287139432877664"
"29963","0.43287139432877664","0.43287139432877664","0.43287139432877664"
"29966","0.43287139432877664","0.43287139432877664","0.43287139432877664"
"29969","0.43287139432877664","0.43287139432877664","0.43287139432877664"
"29971","0.43287139432877664","0.43287139432877664","0.43287139432877664"
"29981","0.43287139432877664","0.43287139432877664","0.43287139432877664"
"29992","0.43287139432877664","0.43287139432877664","0.43287139432877664"
"29996","0.43287139432877664","0.43287139432877664","0.43287139432877664"
"29999","0.43287139432877664","0.43287139432877664","0.43287139432877664"
"30009","0.43287139432877664","0.43287139432877664","0.43287139432877664"
"30038","0.4308713943793009","0.4308713943793009","0.4308713943793009"
"30040","0.4308713943793009","0.4308713943793009","0.4308713943793009"
"30052","0.4308713943793009","0.4308713943793009","0.4308713943793009"
"30053","0.4308713943793009","0.4308713943793009","0.4308713943793009"
"30065","0.4308713943793009","0.4308713943793009","0.4308713943793009"
"30069","0.4308713943793009","0.4308713943793009","0.4308713943793009"
"30072","0.4308713943793009","0.4308713943793009","0.4308713943793009"
"30075","0.4308713943793009","0.4308713943793009","0.4308713943793009"
"30099","0.4308713943793009","0.4308713943793009","0.4308713943793009"
"30103","0.4308713943793009","0.4308713943793009","0.4308713943793009"
"30104","0.4308713943793009","0.4308713943793009","0.4308713943793009"
"30106","0.4308713943793009","0.4308713943793009","0.4308713943793009"
"30110","0.4308713943793009","0.4308713943793009","0.4308713943793009"
"30115","0.4308713943793009","0.4308713943793009","0.4308713943793009"
"30120","0.4308713943793009","0.4308713943793009","0.4308713943793009"
"30124","0.4308713943793009","0.4308713943793009","0.4308713943793009"
"30126","0.4308713943793009","0.4308713943793009","0.4308713943793009"
"30130","0.4308713943793009","0.4308713943793009","0.4308713943793009"
"30134","0.4300713943995106","0.4300713943995106","0.4300713943995106"
"30138","0.4292713944197203","0.4292713944197203","0.4292713944197203"
"30141","0.42887139442982514","0.42887139442982514","0.42887139442982514"
"30147","0.42887139442982514","0.42887139442982514","0.42887139442982514"
"30160","0.42887139442982514","0.42887139442982514","0.42887139442982514"
"30163","0.42887139442982514","0.42887139442982514","0.42887139442982514"
"30176","0.42887139442982514","0.42887139442982514","0.42887139442982514"
"30184","0.42887139442982514","0.42887139442982514","0.42887139442982514"
"30189","0.42887139442982514","0.42887139442982514","0.42887139442982514"
"30191","0.42887139442982514","0.42887139442982514","0.42887139442982514"
"30197","0.42887139442982514","0.42887139442982514","0.42887139442982514"
"30208","0.42887139442982514","0.42887139442982514","0.42887139442982514"
"30218","0.42887139442982514","0.42887139442982514","0.42887139442982514"
"30226","0.42887139442982514","0.42887139442982514","0.42887139442982514"
"30227","0.42887139442982514","0.42887139442982514","0.42887139442982514"
"30232","0.42887139442982514","0.42887139442982514","0.42887139442982514"
"30234","0.42887139442982514","0.42887139442982514","0.42887139442982514"
"30250","0.4268713944803494","0.4268713944803494","0.4268713944803494"
"30253","0.4268713944803494","0.4268713944803494","0.4268713944803494"
"30254","0.4268713944803494","0.4268713944803494","0.4268713944803494"
"30274","0.4268713944803494","0.4268713944803494","0.4268713944803494"
"30308","0.4268713944803494","0.4268713944803494","0.4268713944803494"
"30312","0.4268713944803494","0.4268713944803494","0.4268713944803494"
"30318","0.4268713944803494","0.4268713944803494","0.4268713944803494"
"30320","0.4268713944803494","0.4268713944803494","0.4268713944803494"
"30325","0.4268713944803494","0.4268713944803494","0.4268713944803494"
"30326","0.4268713944803494","0.4268713944803494","0.4268713944803494"
"30330","0.4268713944803494","0.4268713944803494","0.4268713944803494"
"30332","0.4268713944803494","0.4268713944803494","0.4268713944803494"
"30340","0.4268713944803494","0.4268713944803494","0.4268713944803494"
"30342","0.4268713944803494","0.4268713944803494","0.4268713944803494"
"30350","0.4268713944803494","0.4268713944803494","0.4268713944803494"
"30354","0.4260713945005591","0.4260713945005591","0.4260713945005591"
"30362","0.42487139453087364","0.42487139453087364","0.42487139453087364"
"30368","0.42487139453087364","0.42487139453087364","0.42487139453087364"
"30371","0.42487139453087364","0.42487139453087364","0.42487139453087364"
"30378","0.42487139453087364","0.42487139453087364","0.42487139453087364"
"30379","0.42487139453087364","0.42487139453087364","0.42487139453087364"
"30384","0.42487139453087364","0.42487139453087364","0.42487139453087364"
"30390","0.42487139453087364","0.42487139453087364","0.42487139453087364"
"30395","0.42487139453087364","0.42487139453087364","0.42487139453087364"
"30401","0.42487139453087364","0.42487139453087364","0.42487139453087364"
"30414","0.42487139453087364","0.42487139453087364","0.42487139453087364"
"30418","0.42487139453087364","0.42487139453087364","0.42487139453087364"
"30428","0.42487139453087364","0.42487139453087364","0.42487139453087364"
"30437","0.42487139453087364","0.42487139453087364","0.42487139453087364"
"30456","0.42487139453087364","0.42487139453087364","0.42487139453087364"
"30457","0.42487139453087364","0.42487139453087364","0.42487139453087364"
"30459","0.42487139453087364","0.42487139453087364","0.42487139453087364"
"30462","0.4252713945207688","0.4252713945207688","0.4252713945207688"
"30469","0.4266713944854018","0.4266713944854018","0.4266713944854018"
"30477","0.4268713944803494","0.4268713944803494","0.4268713944803494"
"30479","0.4268713944803494","0.4268713944803494","0.4268713944803494"
"30480","0.4268713944803494","0.4268713944803494","0.4268713944803494"
"30492","0.4268713944803494","0.4268713944803494","0.4268713944803494"
"30494","0.4268713944803494","0.4268713944803494","0.4268713944803494"
"30501","0.4268713944803494","0.4268713944803494","0.4268713944803494"
"30504","0.4268713944803494","0.4268713944803494","0.4268713944803494"
"30507","0.4268713944803494","0.4268713944803494","0.4268713944803494"
"30511","0.4268713944803494","0.4268713944803494","0.4268713944803494"
"30515","0.4268713944803494","0.4268713944803494","0.4268713944803494"
"30519","0.4268713944803494","0.4268713944803494","0.4268713944803494"
"30523","0.4268713944803494","0.4268713944803494","0.4268713944803494"
"30530","0.4268713944803494","0.4268713944803494","0.4268713944803494"
"30533","0.4268713944803494","0.4268713944803494","0.4268713944803494"
"30535","0.4268713944803494","0.4268713944803494","0.4268713944803494"
"30536","0.4268713944803494","0.4268713944803494","0.4268713944803494"
"30553","0.4268713944803494","0.4268713944803494","0.4268713944803494"
"30558","0.4268713944803494","0.4268713944803494","0.4268713944803494"
"30563","0.4268713944803494","0.4268713944803494","0.4268713944803494"
"30565","0.4268713944803494","0.4268713944803494","0.4268713944803494"
"30568","0.4268713944803494","0.4268713944803494","0.4268713944803494"
"30573","0.4274713944651921","0.4274713944651921","0.4274713944651921"
"30575","0.42787139445508726","0.42787139445508726","0.42787139445508726"
"30580","0.42887139442982514","0.42887139442982514","0.42887139442982514"
"30582","0.42887139442982514","0.42887139442982514","0.42887139442982514"
"30586","0.42887139442982514","0.42887139442982514","0.42887139442982514"
"30591","0.42887139442982514","0.42887139442982514","0.42887139442982514"
"30595","0.42887139442982514","0.42887139442982514","0.42887139442982514"
"30598","0.42887139442982514","0.42887139442982514","0.42887139442982514"
"30604","0.42887139442982514","0.42887139442982514","0.42887139442982514"
"30606","0.42887139442982514","0.42887139442982514","0.42887139442982514"
"30607","0.42887139442982514","0.42887139442982514","0.42887139442982514"
"30620","0.42887139442982514","0.42887139442982514","0.42887139442982514"
"30624","0.42887139442982514","0.42887139442982514","0.42887139442982514"
"30625","0.42887139442982514","0.42887139442982514","0.42887139442982514"
"30635","0.42887139442982514","0.42887139442982514","0.42887139442982514"
"30640","0.42887139442982514","0.42887139442982514","0.42887139442982514"
"30667","0.42887139442982514","0.42887139442982514","0.42887139442982514"
"30669","0.42887139442982514","0.42887139442982514","0.42887139442982514"
"30671","0.42887139442982514","0.42887139442982514","0.42887139442982514"
"30684","0.42807139445003484","0.42807139445003484","0.42807139445003484"
"30692","0.4268713944803494","0.4268713944803494","0.4268713944803494"
"30693","0.4268713944803494","0.4268713944803494","0.4268713944803494"
"30698","0.4268713944803494","0.4268713944803494","0.4268713944803494"
"30699","0.4268713944803494","0.4268713944803494","0.4268713944803494"
"30704","0.4268713944803494","0.4268713944803494","0.4268713944803494"
"30711","0.4268713944803494","0.4268713944803494","0.4268713944803494"
"30715","0.4268713944803494","0.4268713944803494","0.4268713944803494"
"30718","0.4268713944803494","0.4268713944803494","0.4268713944803494"
"30720","0.4268713944803494","0.4268713944803494","0.4268713944803494"
"30721","0.4268713944803494","0.4268713944803494","0.4268713944803494"
"30725","0.4268713944803494","0.4268713944803494","0.4268713944803494"
"30727","0.4268713944803494","0.4268713944803494","0.4268713944803494"
"30744","0.4268713944803494","0.4268713944803494","0.4268713944803494"
"30746","0.4268713944803494","0.4268713944803494","0.4268713944803494"
"30751","0.4268713944803494","0.4268713944803494","0.4268713944803494"
"30753","0.4268713944803494","0.4268713944803494","0.4268713944803494"
"30761","0.4268713944803494","0.4268713944803494","0.4268713944803494"
"30773","0.4268713944803494","0.4268713944803494","0.4268713944803494"
"30779","0.4268713944803494","0.4268713944803494","0.4268713944803494"
"30780","0.4268713944803494","0.4268713944803494","0.4268713944803494"
"30788","0.4268713944803494","0.4268713944803494","0.4268713944803494"
"30793","0.42627139449550666","0.42627139449550666","0.42627139449550666"
"30803","0.42487139453087364","0.42487139453087364","0.42487139453087364"
"30807","0.42487139453087364","0.42487139453087364","0.42487139453087364"
"30816","0.42487139453087364","0.42487139453087364","0.42487139453087364"
"30826","0.42487139453087364","0.42487139453087364","0.42487139453087364"
"30827","0.42487139453087364","0.42487139453087364","0.42487139453087364"
"30830","0.42487139453087364","0.42487139453087364","0.42487139453087364"
"30832","0.42487139453087364","0.42487139453087364","0.42487139453087364"
"30833","0.42487139453087364","0.42487139453087364","0.42487139453087364"
"30834","0.42487139453087364","0.42487139453087364","0.42487139453087364"
"30836","0.42487139453087364","0.42487139453087364","0.42487139453087364"
"30840","0.42487139453087364","0.42487139453087364","0.42487139453087364"
"30846","0.42487139453087364","0.42487139453087364","0.42487139453087364"
"30850","0.42487139453087364","0.42487139453087364","0.42487139453087364"
"30853","0.42487139453087364","0.42487139453087364","0.42487139453087364"
"30866","0.42487139453087364","0.42487139453087364","0.42487139453087364"
"30869","0.42487139453087364","0.42487139453087364","0.42487139453087364"
"30870","0.42487139453087364","0.42487139453087364","0.42487139453087364"
"30876","0.42487139453087364","0.42487139453087364","0.42487139453087364"
"30880","0.42487139453087364","0.42487139453087364","0.42487139453087364"
"30884","0.42487139453087364","0.42487139453087364","0.42487139453087364"
"30886","0.42487139453087364","0.42487139453087364","0.42487139453087364"
"30888","0.42487139453087364","0.42487139453087364","0.42487139453087364"
"30896","0.42487139453087364","0.42487139453087364","0.42487139453087364"
"30898","0.42487139453087364","0.42487139453087364","0.42487139453087364"
"30915","0.4228713945813979","0.4228713945813979","0.4228713945813979"
"30918","0.4228713945813979","0.4228713945813979","0.4228713945813979"
"30922","0.4228713945813979","0.4228713945813979","0.4228713945813979"
"30928","0.4228713945813979","0.4228713945813979","0.4228713945813979"
"30929","0.4228713945813979","0.4228713945813979","0.4228713945813979"
"30937","0.4228713945813979","0.4228713945813979","0.4228713945813979"
"30962","0.4228713945813979","0.4228713945813979","0.4228713945813979"
"30980","0.4228713945813979","0.4228713945813979","0.4228713945813979"
"30989","0.4228713945813979","0.4228713945813979","0.4228713945813979"
"30995","0.4228713945813979","0.4228713945813979","0.4228713945813979"
"30996","0.4228713945813979","0.4228713945813979","0.4228713945813979"
"31003","0.4228713945813979","0.4228713945813979","0.4228713945813979"
"31006","0.4228713945813979","0.4228713945813979","0.4228713945813979"
"31007","0.4228713945813979","0.4228713945813979","0.4228713945813979"
"31017","0.4242713945460309","0.4242713945460309","0.4242713945460309"
"31019","0.42467139453592606","0.42467139453592606","0.42467139453592606"
"31038","0.42487139453087364","0.42487139453087364","0.42487139453087364"
"31053","0.42487139453087364","0.42487139453087364","0.42487139453087364"
"31067","0.42487139453087364","0.42487139453087364","0.42487139453087364"
"31070","0.42487139453087364","0.42487139453087364","0.42487139453087364"
"31079","0.42487139453087364","0.42487139453087364","0.42487139453087364"
"31081","0.42487139453087364","0.42487139453087364","0.42487139453087364"
"31083","0.42487139453087364","0.42487139453087364","0.42487139453087364"
"31090","0.42487139453087364","0.42487139453087364","0.42487139453087364"
"31091","0.42487139453087364","0.42487139453087364","0.42487139453087364"
"31098","0.42487139453087364","0.42487139453087364","0.42487139453087364"
"31100","0.42487139453087364","0.42487139453087364","0.42487139453087364"
"31102","0.42487139453087364","0.42487139453087364","0.42487139453087364"
"31109","0.42487139453087364","0.42487139453087364","0.42487139453087364"
"31126","0.4236713945611882","0.4236713945611882","0.4236713945611882"
"31131","0.4228713945813979","0.4228713945813979","0.4228713945813979"
"31135","0.4228713945813979","0.4228713945813979","0.4228713945813979"
"31139","0.4228713945813979","0.4228713945813979","0.4228713945813979"
"31141","0.4228713945813979","0.4228713945813979","0.4228713945813979"
"31142","0.4228713945813979","0.4228713945813979","0.4228713945813979"
"31148","0.4228713945813979","0.4228713945813979","0.4228713945813979"
"31153","0.4228713945813979","0.4228713945813979","0.4228713945813979"
"31159","0.4228713945813979","0.4228713945813979","0.4228713945813979"
"31166","0.4228713945813979","0.4228713945813979","0.4228713945813979"
"31182","0.4228713945813979","0.4228713945813979","0.4228713945813979"
"31192","0.4228713945813979","0.4228713945813979","0.4228713945813979"
"31193","0.4228713945813979","0.4228713945813979","0.4228713945813979"
"31200","0.4228713945813979","0.4228713945813979","0.4228713945813979"
"31215","0.4228713945813979","0.4228713945813979","0.4228713945813979"
"31220","0.4228713945813979","0.4228713945813979","0.4228713945813979"
"31221","0.4228713945813979","0.4228713945813979","0.4228713945813979"
"31236","0.42167139461171244","0.42167139461171244","0.42167139461171244"
"31245","0.42087139463192214","0.42087139463192214","0.42087139463192214"
"31250","0.42087139463192214","0.42087139463192214","0.42087139463192214"
"31253","0.42087139463192214","0.42087139463192214","0.42087139463192214"
"31259","0.42087139463192214","0.42087139463192214","0.42087139463192214"
"31260","0.42087139463192214","0.42087139463192214","0.42087139463192214"
"31264","0.42087139463192214","0.42087139463192214","0.42087139463192214"
"31283","0.42087139463192214","0.42087139463192214","0.42087139463192214"
"31294","0.42087139463192214","0.42087139463192214","0.42087139463192214"
"31296","0.42087139463192214","0.42087139463192214","0.42087139463192214"
"31297","0.42087139463192214","0.42087139463192214","0.42087139463192214"
"31301","0.42087139463192214","0.42087139463192214","0.42087139463192214"
"31303","0.42087139463192214","0.42087139463192214","0.42087139463192214"
"31306","0.42087139463192214","0.42087139463192214","0.42087139463192214"
"31311","0.42087139463192214","0.42087139463192214","0.42087139463192214"
"31315","0.42087139463192214","0.42087139463192214","0.42087139463192214"
"31351","0.4188713946824464","0.4188713946824464","0.4188713946824464"
"31360","0.4188713946824464","0.4188713946824464","0.4188713946824464"
"31366","0.4188713946824464","0.4188713946824464","0.4188713946824464"
"31379","0.4188713946824464","0.4188713946824464","0.4188713946824464"
"31387","0.4188713946824464","0.4188713946824464","0.4188713946824464"
"31390","0.4188713946824464","0.4188713946824464","0.4188713946824464"
"31397","0.4188713946824464","0.4188713946824464","0.4188713946824464"
"31399","0.4188713946824464","0.4188713946824464","0.4188713946824464"
"31403","0.4188713946824464","0.4188713946824464","0.4188713946824464"
"31404","0.4188713946824464","0.4188713946824464","0.4188713946824464"
"31410","0.4188713946824464","0.4188713946824464","0.4188713946824464"
"31415","0.4188713946824464","0.4188713946824464","0.4188713946824464"
"31427","0.4188713946824464","0.4188713946824464","0.4188713946824464"
"31438","0.4188713946824464","0.4188713946824464","0.4188713946824464"
"31454","0.4180713947026561","0.4180713947026561","0.4180713947026561"
"31460","0.41687139473297063","0.41687139473297063","0.41687139473297063"
"31469","0.41687139473297063","0.41687139473297063","0.41687139473297063"
"31472","0.41687139473297063","0.41687139473297063","0.41687139473297063"
"31490","0.41687139473297063","0.41687139473297063","0.41687139473297063"
"31495","0.41687139473297063","0.41687139473297063","0.41687139473297063"
"31500","0.41687139473297063","0.41687139473297063","0.41687139473297063"
"31501","0.41687139473297063","0.41687139473297063","0.41687139473297063"
"31505","0.41687139473297063","0.41687139473297063","0.41687139473297063"
"31507","0.41687139473297063","0.41687139473297063","0.41687139473297063"
"31510","0.41687139473297063","0.41687139473297063","0.41687139473297063"
"31517","0.41687139473297063","0.41687139473297063","0.41687139473297063"
"31522","0.41687139473297063","0.41687139473297063","0.41687139473297063"
"31525","0.41687139473297063","0.41687139473297063","0.41687139473297063"
"31540","0.41687139473297063","0.41687139473297063","0.41687139473297063"
"31542","0.41687139473297063","0.41687139473297063","0.41687139473297063"
"31559","0.41687139473297063","0.41687139473297063","0.41687139473297063"
"31561","0.4170713947279182","0.4170713947279182","0.4170713947279182"
"31567","0.41827139469760366","0.41827139469760366","0.41827139469760366"
"31581","0.4188713946824464","0.4188713946824464","0.4188713946824464"
"31584","0.4188713946824464","0.4188713946824464","0.4188713946824464"
"31599","0.4188713946824464","0.4188713946824464","0.4188713946824464"
"31603","0.4188713946824464","0.4188713946824464","0.4188713946824464"
"31614","0.4188713946824464","0.4188713946824464","0.4188713946824464"
"31615","0.4188713946824464","0.4188713946824464","0.4188713946824464"
"31627","0.4188713946824464","0.4188713946824464","0.4188713946824464"
"31629","0.4188713946824464","0.4188713946824464","0.4188713946824464"
"31630","0.4188713946824464","0.4188713946824464","0.4188713946824464"
"31634","0.4188713946824464","0.4188713946824464","0.4188713946824464"
"31637","0.4188713946824464","0.4188713946824464","0.4188713946824464"
"31641","0.4188713946824464","0.4188713946824464","0.4188713946824464"
"31644","0.4188713946824464","0.4188713946824464","0.4188713946824464"
"31648","0.4188713946824464","0.4188713946824464","0.4188713946824464"
"31658","0.4188713946824464","0.4188713946824464","0.4188713946824464"
"31663","0.4188713946824464","0.4188713946824464","0.4188713946824464"
"31672","0.41847139469255124","0.41847139469255124","0.41847139469255124"
"31689","0.41687139473297063","0.41687139473297063","0.41687139473297063"
"31693","0.41687139473297063","0.41687139473297063","0.41687139473297063"
"31711","0.41687139473297063","0.41687139473297063","0.41687139473297063"
"31719","0.41687139473297063","0.41687139473297063","0.41687139473297063"
"31725","0.41687139473297063","0.41687139473297063","0.41687139473297063"
"31728","0.41687139473297063","0.41687139473297063","0.41687139473297063"
"31734","0.41687139473297063","0.41687139473297063","0.41687139473297063"
"31735","0.41687139473297063","0.41687139473297063","0.41687139473297063"
"31736","0.41687139473297063","0.41687139473297063","0.41687139473297063"
"31737","0.41687139473297063","0.41687139473297063","0.41687139473297063"
"31743","0.41687139473297063","0.41687139473297063","0.41687139473297063"
"31744","0.41687139473297063","0.41687139473297063","0.41687139473297063"
"31749","0.41687139473297063","0.41687139473297063","0.41687139473297063"
"31751","0.41687139473297063","0.41687139473297063","0.41687139473297063"
"31757","0.41687139473297063","0.41687139473297063","0.41687139473297063"
"31768","0.41687139473297063","0.41687139473297063","0.41687139473297063"
"31770","0.41687139473297063","0.41687139473297063","0.41687139473297063"
"31772","0.41687139473297063","0.41687139473297063","0.41687139473297063"
"31774","0.41687139473297063","0.41687139473297063","0.41687139473297063"
"31775","0.41687139473297063","0.41687139473297063","0.41687139473297063"
"31778","0.41687139473297063","0.41687139473297063","0.41687139473297063"
"31780","0.41687139473297063","0.41687139473297063","0.41687139473297063"
"31785","0.41587139475823276","0.41587139475823276","0.41587139475823276"
"31787","0.4154713947683376","0.4154713947683376","0.4154713947683376"
"31788","0.41527139477339003","0.41527139477339003","0.41527139477339003"
"31790","0.4148713947834949","0.4148713947834949","0.4148713947834949"
"31798","0.4148713947834949","0.4148713947834949","0.4148713947834949"
"31803","0.4148713947834949","0.4148713947834949","0.4148713947834949"
"31804","0.4148713947834949","0.4148713947834949","0.4148713947834949"
"31810","0.4148713947834949","0.4148713947834949","0.4148713947834949"
"31831","0.4148713947834949","0.4148713947834949","0.4148713947834949"
"31832","0.4148713947834949","0.4148713947834949","0.4148713947834949"
"31833","0.4148713947834949","0.4148713947834949","0.4148713947834949"
"31839","0.4148713947834949","0.4148713947834949","0.4148713947834949"
"31843","0.4148713947834949","0.4148713947834949","0.4148713947834949"
"31844","0.4148713947834949","0.4148713947834949","0.4148713947834949"
"31845","0.4148713947834949","0.4148713947834949","0.4148713947834949"
"31846","0.4148713947834949","0.4148713947834949","0.4148713947834949"
"31852","0.4148713947834949","0.4148713947834949","0.4148713947834949"
"31860","0.4148713947834949","0.4148713947834949","0.4148713947834949"
"31863","0.4148713947834949","0.4148713947834949","0.4148713947834949"
"31865","0.4148713947834949","0.4148713947834949","0.4148713947834949"
"31870","0.4148713947834949","0.4148713947834949","0.4148713947834949"
"31874","0.4148713947834949","0.4148713947834949","0.4148713947834949"
"31877","0.4148713947834949","0.4148713947834949","0.4148713947834949"
"31886","0.4148713947834949","0.4148713947834949","0.4148713947834949"
"31890","0.4148713947834949","0.4148713947834949","0.4148713947834949"
"31891","0.4146713947885473","0.4146713947885473","0.4146713947885473"
"31896","0.41367139481380943","0.41367139481380943","0.41367139481380943"
"31902","0.41287139483401913","0.41287139483401913","0.41287139483401913"
"31904","0.41287139483401913","0.41287139483401913","0.41287139483401913"
"31905","0.41287139483401913","0.41287139483401913","0.41287139483401913"
"31913","0.41287139483401913","0.41287139483401913","0.41287139483401913"
"31916","0.41287139483401913","0.41287139483401913","0.41287139483401913"
"31918","0.41287139483401913","0.41287139483401913","0.41287139483401913"
"31924","0.41287139483401913","0.41287139483401913","0.41287139483401913"
"31930","0.41287139483401913","0.41287139483401913","0.41287139483401913"
"31935","0.41287139483401913","0.41287139483401913","0.41287139483401913"
"31943","0.41287139483401913","0.41287139483401913","0.41287139483401913"
"31950","0.41287139483401913","0.41287139483401913","0.41287139483401913"
"31953","0.41287139483401913","0.41287139483401913","0.41287139483401913"
"31958","0.41287139483401913","0.41287139483401913","0.41287139483401913"
"31959","0.41287139483401913","0.41287139483401913","0.41287139483401913"
"31963","0.41287139483401913","0.41287139483401913","0.41287139483401913"
"31964","0.41287139483401913","0.41287139483401913","0.41287139483401913"
"31969","0.41287139483401913","0.41287139483401913","0.41287139483401913"
"31971","0.41287139483401913","0.41287139483401913","0.41287139483401913"
"31972","0.41287139483401913","0.41287139483401913","0.41287139483401913"
"31975","0.41287139483401913","0.41287139483401913","0.41287139483401913"
"31983","0.41287139483401913","0.41287139483401913","0.41287139483401913"
"31986","0.41287139483401913","0.41287139483401913","0.41287139483401913"
"31998","0.41287139483401913","0.41287139483401913","0.41287139483401913"
"31999","0.41287139483401913","0.41287139483401913","0.41287139483401913"
"32002","0.4132713948239143","0.4132713948239143","0.4132713948239143"
"32017","0.4148713947834949","0.4148713947834949","0.4148713947834949"
"32022","0.4148713947834949","0.4148713947834949","0.4148713947834949"
"32024","0.4148713947834949","0.4148713947834949","0.4148713947834949"
"32028","0.4148713947834949","0.4148713947834949","0.4148713947834949"
"32035","0.4148713947834949","0.4148713947834949","0.4148713947834949"
"32039","0.4148713947834949","0.4148713947834949","0.4148713947834949"
"32041","0.4148713947834949","0.4148713947834949","0.4148713947834949"
"32043","0.4148713947834949","0.4148713947834949","0.4148713947834949"
"32047","0.4148713947834949","0.4148713947834949","0.4148713947834949"
"32049","0.4148713947834949","0.4148713947834949","0.4148713947834949"
"32052","0.4148713947834949","0.4148713947834949","0.4148713947834949"
"32054","0.4148713947834949","0.4148713947834949","0.4148713947834949"
"32055","0.4148713947834949","0.4148713947834949","0.4148713947834949"
"32057","0.4148713947834949","0.4148713947834949","0.4148713947834949"
"32067","0.4148713947834949","0.4148713947834949","0.4148713947834949"
"32068","0.4148713947834949","0.4148713947834949","0.4148713947834949"
"32081","0.4148713947834949","0.4148713947834949","0.4148713947834949"
"32082","0.4148713947834949","0.4148713947834949","0.4148713947834949"
"32083","0.4148713947834949","0.4148713947834949","0.4148713947834949"
"32087","0.4148713947834949","0.4148713947834949","0.4148713947834949"
"32091","0.4148713947834949","0.4148713947834949","0.4148713947834949"
"32103","0.4148713947834949","0.4148713947834949","0.4148713947834949"
"32107","0.4148713947834949","0.4148713947834949","0.4148713947834949"
"32108","0.4148713947834949","0.4148713947834949","0.4148713947834949"
"32123","0.41287139483401913","0.41287139483401913","0.41287139483401913"
"32126","0.41287139483401913","0.41287139483401913","0.41287139483401913"
"32137","0.41287139483401913","0.41287139483401913","0.41287139483401913"
"32141","0.41287139483401913","0.41287139483401913","0.41287139483401913"
"32159","0.41287139483401913","0.41287139483401913","0.41287139483401913"
"32160","0.41287139483401913","0.41287139483401913","0.41287139483401913"
"32168","0.41287139483401913","0.41287139483401913","0.41287139483401913"
"32176","0.41287139483401913","0.41287139483401913","0.41287139483401913"
"32180","0.41287139483401913","0.41287139483401913","0.41287139483401913"
"32183","0.41287139483401913","0.41287139483401913","0.41287139483401913"
"32188","0.41287139483401913","0.41287139483401913","0.41287139483401913"
"32192","0.41287139483401913","0.41287139483401913","0.41287139483401913"
"32201","0.41287139483401913","0.41287139483401913","0.41287139483401913"
"32203","0.41287139483401913","0.41287139483401913","0.41287139483401913"
"32208","0.41287139483401913","0.41287139483401913","0.41287139483401913"
"32211","0.41287139483401913","0.41287139483401913","0.41287139483401913"
"32217","0.41287139483401913","0.41287139483401913","0.41287139483401913"
"32232","0.4108713948845434","0.4108713948845434","0.4108713948845434"
"32248","0.4108713948845434","0.4108713948845434","0.4108713948845434"
"32250","0.4108713948845434","0.4108713948845434","0.4108713948845434"
"32253","0.4108713948845434","0.4108713948845434","0.4108713948845434"
"32264","0.4108713948845434","0.4108713948845434","0.4108713948845434"
"32267","0.4108713948845434","0.4108713948845434","0.4108713948845434"
"32274","0.4108713948845434","0.4108713948845434","0.4108713948845434"
"32284","0.4108713948845434","0.4108713948845434","0.4108713948845434"
"32286","0.4108713948845434","0.4108713948845434","0.4108713948845434"
"32296","0.4108713948845434","0.4108713948845434","0.4108713948845434"
"32303","0.4108713948845434","0.4108713948845434","0.4108713948845434"
"32309","0.4108713948845434","0.4108713948845434","0.4108713948845434"
"32317","0.4108713948845434","0.4108713948845434","0.4108713948845434"
"32323","0.4108713948845434","0.4108713948845434","0.4108713948845434"
"32326","0.4108713948845434","0.4108713948845434","0.4108713948845434"
"32329","0.4108713948845434","0.4108713948845434","0.4108713948845434"
"32332","0.41127139487443853","0.41127139487443853","0.41127139487443853"
"32333","0.4114713948693861","0.4114713948693861","0.4114713948693861"
"32337","0.4122713948491764","0.4122713948491764","0.4122713948491764"
"32340","0.41287139483401913","0.41287139483401913","0.41287139483401913"
"32349","0.41287139483401913","0.41287139483401913","0.41287139483401913"
"32351","0.41287139483401913","0.41287139483401913","0.41287139483401913"
"32362","0.41287139483401913","0.41287139483401913","0.41287139483401913"
"32390","0.41287139483401913","0.41287139483401913","0.41287139483401913"
"32411","0.41287139483401913","0.41287139483401913","0.41287139483401913"
"32412","0.41287139483401913","0.41287139483401913","0.41287139483401913"
"32413","0.41287139483401913","0.41287139483401913","0.41287139483401913"
"32415","0.41287139483401913","0.41287139483401913","0.41287139483401913"
"32428","0.41287139483401913","0.41287139483401913","0.41287139483401913"
"32433","0.41287139483401913","0.41287139483401913","0.41287139483401913"
"32436","0.41287139483401913","0.41287139483401913","0.41287139483401913"
"32437","0.41287139483401913","0.41287139483401913","0.41287139483401913"
"32438","0.41287139483401913","0.41287139483401913","0.41287139483401913"
"32466","0.4108713948845434","0.4108713948845434","0.4108713948845434"
"32467","0.4108713948845434","0.4108713948845434","0.4108713948845434"
"32470","0.4108713948845434","0.4108713948845434","0.4108713948845434"
"32471","0.4108713948845434","0.4108713948845434","0.4108713948845434"
"32474","0.4108713948845434","0.4108713948845434","0.4108713948845434"
"32494","0.4108713948845434","0.4108713948845434","0.4108713948845434"
"32496","0.4108713948845434","0.4108713948845434","0.4108713948845434"
"32499","0.4108713948845434","0.4108713948845434","0.4108713948845434"
"32501","0.4108713948845434","0.4108713948845434","0.4108713948845434"
"32511","0.4108713948845434","0.4108713948845434","0.4108713948845434"
"32515","0.4108713948845434","0.4108713948845434","0.4108713948845434"
"32528","0.4108713948845434","0.4108713948845434","0.4108713948845434"
"32530","0.4108713948845434","0.4108713948845434","0.4108713948845434"
"32531","0.4108713948845434","0.4108713948845434","0.4108713948845434"
"32540","0.4108713948845434","0.4108713948845434","0.4108713948845434"
"32552","0.41127139487443853","0.41127139487443853","0.41127139487443853"
"32559","0.41267139483907156","0.41267139483907156","0.41267139483907156"
"32572","0.41287139483401913","0.41287139483401913","0.41287139483401913"
"32573","0.41287139483401913","0.41287139483401913","0.41287139483401913"
"32574","0.41287139483401913","0.41287139483401913","0.41287139483401913"
"32576","0.41287139483401913","0.41287139483401913","0.41287139483401913"
"32579","0.41287139483401913","0.41287139483401913","0.41287139483401913"
"32586","0.41287139483401913","0.41287139483401913","0.41287139483401913"
"32587","0.41287139483401913","0.41287139483401913","0.41287139483401913"
"32590","0.41287139483401913","0.41287139483401913","0.41287139483401913"
"32593","0.41287139483401913","0.41287139483401913","0.41287139483401913"
"32603","0.41287139483401913","0.41287139483401913","0.41287139483401913"
"32605","0.41287139483401913","0.41287139483401913","0.41287139483401913"
"32613","0.41287139483401913","0.41287139483401913","0.41287139483401913"
"32614","0.41287139483401913","0.41287139483401913","0.41287139483401913"
"32628","0.41287139483401913","0.41287139483401913","0.41287139483401913"
"32636","0.41287139483401913","0.41287139483401913","0.41287139483401913"
"32639","0.41287139483401913","0.41287139483401913","0.41287139483401913"
"32641","0.41287139483401913","0.41287139483401913","0.41287139483401913"
"32642","0.41287139483401913","0.41287139483401913","0.41287139483401913"
"32651","0.41287139483401913","0.41287139483401913","0.41287139483401913"
"32665","0.413871394808757","0.413871394808757","0.413871394808757"
"32676","0.4148713947834949","0.4148713947834949","0.4148713947834949"
"32678","0.4148713947834949","0.4148713947834949","0.4148713947834949"
"32680","0.4148713947834949","0.4148713947834949","0.4148713947834949"
"32691","0.4148713947834949","0.4148713947834949","0.4148713947834949"
"32693","0.4148713947834949","0.4148713947834949","0.4148713947834949"
"32696","0.4148713947834949","0.4148713947834949","0.4148713947834949"
"32698","0.4148713947834949","0.4148713947834949","0.4148713947834949"
"32703","0.4148713947834949","0.4148713947834949","0.4148713947834949"
"32716","0.4148713947834949","0.4148713947834949","0.4148713947834949"
"32723","0.4148713947834949","0.4148713947834949","0.4148713947834949"
"32726","0.4148713947834949","0.4148713947834949","0.4148713947834949"
"32744","0.4148713947834949","0.4148713947834949","0.4148713947834949"
"32746","0.4148713947834949","0.4148713947834949","0.4148713947834949"
"32747","0.4148713947834949","0.4148713947834949","0.4148713947834949"
"32752","0.4148713947834949","0.4148713947834949","0.4148713947834949"
"32766","0.4148713947834949","0.4148713947834949","0.4148713947834949"
"32771","0.4146713947885473","0.4146713947885473","0.4146713947885473"
"32772","0.41447139479359973","0.41447139479359973","0.41447139479359973"
"32795","0.41287139483401913","0.41287139483401913","0.41287139483401913"
"32796","0.41287139483401913","0.41287139483401913","0.41287139483401913"
"32797","0.41287139483401913","0.41287139483401913","0.41287139483401913"
"32804","0.41287139483401913","0.41287139483401913","0.41287139483401913"
"32806","0.41287139483401913","0.41287139483401913","0.41287139483401913"
"32814","0.41287139483401913","0.41287139483401913","0.41287139483401913"
"32823","0.41287139483401913","0.41287139483401913","0.41287139483401913"
"32827","0.41287139483401913","0.41287139483401913","0.41287139483401913"
"32843","0.41287139483401913","0.41287139483401913","0.41287139483401913"
"32845","0.41287139483401913","0.41287139483401913","0.41287139483401913"
"32850","0.41287139483401913","0.41287139483401913","0.41287139483401913"
"32852","0.41287139483401913","0.41287139483401913","0.41287139483401913"
"32865","0.41287139483401913","0.41287139483401913","0.41287139483401913"
"32867","0.41287139483401913","0.41287139483401913","0.41287139483401913"
"32869","0.41287139483401913","0.41287139483401913","0.41287139483401913"
"32875","0.41287139483401913","0.41287139483401913","0.41287139483401913"
"32878","0.41287139483401913","0.41287139483401913","0.41287139483401913"
"32880","0.41287139483401913","0.41287139483401913","0.41287139483401913"
"32883","0.4122713948491764","0.4122713948491764","0.4122713948491764"
"32893","0.4108713948845434","0.4108713948845434","0.4108713948845434"
"32900","0.4108713948845434","0.4108713948845434","0.4108713948845434"
"32903","0.4108713948845434","0.4108713948845434","0.4108713948845434"
"32905","0.4108713948845434","0.4108713948845434","0.4108713948845434"
"32910","0.4108713948845434","0.4108713948845434","0.4108713948845434"
"32913","0.4108713948845434","0.4108713948845434","0.4108713948845434"
"32917","0.4108713948845434","0.4108713948845434","0.4108713948845434"
"32927","0.4108713948845434","0.4108713948845434","0.4108713948845434"
"32930","0.4108713948845434","0.4108713948845434","0.4108713948845434"
"32940","0.4108713948845434","0.4108713948845434","0.4108713948845434"
"32950","0.4108713948845434","0.4108713948845434","0.4108713948845434"
"32951","0.4108713948845434","0.4108713948845434","0.4108713948845434"
"32952","0.4108713948845434","0.4108713948845434","0.4108713948845434"
"32958","0.4108713948845434","0.4108713948845434","0.4108713948845434"
"32963","0.4108713948845434","0.4108713948845434","0.4108713948845434"
"32972","0.4108713948845434","0.4108713948845434","0.4108713948845434"
"32974","0.4108713948845434","0.4108713948845434","0.4108713948845434"
"32978","0.4108713948845434","0.4108713948845434","0.4108713948845434"
"32987","0.4108713948845434","0.4108713948845434","0.4108713948845434"
"32996","0.40967139491485793","0.40967139491485793","0.40967139491485793"
"33000","0.40887139493506763","0.40887139493506763","0.40887139493506763"
"33003","0.40887139493506763","0.40887139493506763","0.40887139493506763"
"33006","0.40887139493506763","0.40887139493506763","0.40887139493506763"
"33016","0.40887139493506763","0.40887139493506763","0.40887139493506763"
"33017","0.40887139493506763","0.40887139493506763","0.40887139493506763"
"33021","0.40887139493506763","0.40887139493506763","0.40887139493506763"
"33023","0.40887139493506763","0.40887139493506763","0.40887139493506763"
"33025","0.40887139493506763","0.40887139493506763","0.40887139493506763"
"33027","0.40887139493506763","0.40887139493506763","0.40887139493506763"
"33029","0.40887139493506763","0.40887139493506763","0.40887139493506763"
"33033","0.40887139493506763","0.40887139493506763","0.40887139493506763"
"33035","0.40887139493506763","0.40887139493506763","0.40887139493506763"
"33045","0.40887139493506763","0.40887139493506763","0.40887139493506763"
"33052","0.40887139493506763","0.40887139493506763","0.40887139493506763"
"33066","0.40887139493506763","0.40887139493506763","0.40887139493506763"
"33073","0.40887139493506763","0.40887139493506763","0.40887139493506763"
"33080","0.40887139493506763","0.40887139493506763","0.40887139493506763"
"33084","0.40887139493506763","0.40887139493506763","0.40887139493506763"
"33092","0.40887139493506763","0.40887139493506763","0.40887139493506763"
"33098","0.40887139493506763","0.40887139493506763","0.40887139493506763"
"33110","0.4068713949855919","0.4068713949855919","0.4068713949855919"
"33125","0.4068713949855919","0.4068713949855919","0.4068713949855919"
"33126","0.4068713949855919","0.4068713949855919","0.4068713949855919"
"33128","0.4068713949855919","0.4068713949855919","0.4068713949855919"
"33129","0.4068713949855919","0.4068713949855919","0.4068713949855919"
"33132","0.4068713949855919","0.4068713949855919","0.4068713949855919"
"33135","0.4068713949855919","0.4068713949855919","0.4068713949855919"
"33138","0.4068713949855919","0.4068713949855919","0.4068713949855919"
"33146","0.4068713949855919","0.4068713949855919","0.4068713949855919"
"33156","0.4068713949855919","0.4068713949855919","0.4068713949855919"
"33164","0.4068713949855919","0.4068713949855919","0.4068713949855919"
"33166","0.4068713949855919","0.4068713949855919","0.4068713949855919"
"33174","0.4068713949855919","0.4068713949855919","0.4068713949855919"
"33177","0.4068713949855919","0.4068713949855919","0.4068713949855919"
"33182","0.4068713949855919","0.4068713949855919","0.4068713949855919"
"33188","0.4068713949855919","0.4068713949855919","0.4068713949855919"
"33206","0.4068713949855919","0.4068713949855919","0.4068713949855919"
"33208","0.4068713949855919","0.4068713949855919","0.4068713949855919"
"33222","0.40887139493506763","0.40887139493506763","0.40887139493506763"
"33224","0.40887139493506763","0.40887139493506763","0.40887139493506763"
"33232","0.40887139493506763","0.40887139493506763","0.40887139493506763"
"33235","0.40887139493506763","0.40887139493506763","0.40887139493506763"
"33239","0.40887139493506763","0.40887139493506763","0.40887139493506763"
"33241","0.40887139493506763","0.40887139493506763","0.40887139493506763"
"33244","0.40887139493506763","0.40887139493506763","0.40887139493506763"
"33267","0.40887139493506763","0.40887139493506763","0.40887139493506763"
"33270","0.40887139493506763","0.40887139493506763","0.40887139493506763"
"33281","0.40887139493506763","0.40887139493506763","0.40887139493506763"
"33291","0.40887139493506763","0.40887139493506763","0.40887139493506763"
"33292","0.40887139493506763","0.40887139493506763","0.40887139493506763"
"33293","0.40887139493506763","0.40887139493506763","0.40887139493506763"
"33301","0.40887139493506763","0.40887139493506763","0.40887139493506763"
"33306","0.40887139493506763","0.40887139493506763","0.40887139493506763"
"33307","0.40887139493506763","0.40887139493506763","0.40887139493506763"
"33324","0.40807139495527733","0.40807139495527733","0.40807139495527733"
"33329","0.40707139498053946","0.40707139498053946","0.40707139498053946"
"33330","0.4068713949855919","0.4068713949855919","0.4068713949855919"
"33336","0.4068713949855919","0.4068713949855919","0.4068713949855919"
"33338","0.4068713949855919","0.4068713949855919","0.4068713949855919"
"33357","0.4068713949855919","0.4068713949855919","0.4068713949855919"
"33361","0.4068713949855919","0.4068713949855919","0.4068713949855919"
"33371","0.4068713949855919","0.4068713949855919","0.4068713949855919"
"33374","0.4068713949855919","0.4068713949855919","0.4068713949855919"
"33381","0.4068713949855919","0.4068713949855919","0.4068713949855919"
"33385","0.4068713949855919","0.4068713949855919","0.4068713949855919"
"33386","0.4068713949855919","0.4068713949855919","0.4068713949855919"
"33389","0.4068713949855919","0.4068713949855919","0.4068713949855919"
"33398","0.4068713949855919","0.4068713949855919","0.4068713949855919"
"33406","0.4068713949855919","0.4068713949855919","0.4068713949855919"
"33413","0.4068713949855919","0.4068713949855919","0.4068713949855919"
"33423","0.4068713949855919","0.4068713949855919","0.4068713949855919"
"33432","0.40647139499569673","0.40647139499569673","0.40647139499569673"
"33433","0.40627139500074916","0.40627139500074916","0.40627139500074916"
"33434","0.4060713950058016","0.4060713950058016","0.4060713950058016"
"33436","0.40567139501590643","0.40567139501590643","0.40567139501590643"
"33444","0.40487139503611613","0.40487139503611613","0.40487139503611613"
"33449","0.40487139503611613","0.40487139503611613","0.40487139503611613"
"33452","0.40487139503611613","0.40487139503611613","0.40487139503611613"
"33456","0.40487139503611613","0.40487139503611613","0.40487139503611613"
"33460","0.40487139503611613","0.40487139503611613","0.40487139503611613"
"33464","0.40487139503611613","0.40487139503611613","0.40487139503611613"
"33465","0.40487139503611613","0.40487139503611613","0.40487139503611613"
"33469","0.40487139503611613","0.40487139503611613","0.40487139503611613"
"33484","0.40487139503611613","0.40487139503611613","0.40487139503611613"
"33492","0.40487139503611613","0.40487139503611613","0.40487139503611613"
"33496","0.40487139503611613","0.40487139503611613","0.40487139503611613"
"33514","0.40487139503611613","0.40487139503611613","0.40487139503611613"
"33517","0.40487139503611613","0.40487139503611613","0.40487139503611613"
"33525","0.40487139503611613","0.40487139503611613","0.40487139503611613"
"33529","0.40487139503611613","0.40487139503611613","0.40487139503611613"
"33546","0.4036713950664307","0.4036713950664307","0.4036713950664307"
"33559","0.4028713950866404","0.4028713950866404","0.4028713950866404"
"33569","0.4028713950866404","0.4028713950866404","0.4028713950866404"
"33577","0.4028713950866404","0.4028713950866404","0.4028713950866404"
"33586","0.4028713950866404","0.4028713950866404","0.4028713950866404"
"33587","0.4028713950866404","0.4028713950866404","0.4028713950866404"
"33588","0.4028713950866404","0.4028713950866404","0.4028713950866404"
"33589","0.4028713950866404","0.4028713950866404","0.4028713950866404"
"33599","0.4028713950866404","0.4028713950866404","0.4028713950866404"
"33608","0.4028713950866404","0.4028713950866404","0.4028713950866404"
"33610","0.4028713950866404","0.4028713950866404","0.4028713950866404"
"33628","0.4028713950866404","0.4028713950866404","0.4028713950866404"
"33633","0.4028713950866404","0.4028713950866404","0.4028713950866404"
"33635","0.4028713950866404","0.4028713950866404","0.4028713950866404"
"33639","0.4028713950866404","0.4028713950866404","0.4028713950866404"
"33652","0.40247139509674523","0.40247139509674523","0.40247139509674523"
"33661","0.40087139513716463","0.40087139513716463","0.40087139513716463"
"33662","0.40087139513716463","0.40087139513716463","0.40087139513716463"
"33663","0.40087139513716463","0.40087139513716463","0.40087139513716463"
"33668","0.40087139513716463","0.40087139513716463","0.40087139513716463"
"33681","0.40087139513716463","0.40087139513716463","0.40087139513716463"
"33689","0.40087139513716463","0.40087139513716463","0.40087139513716463"
"33707","0.40087139513716463","0.40087139513716463","0.40087139513716463"
"33717","0.40087139513716463","0.40087139513716463","0.40087139513716463"
"33724","0.40087139513716463","0.40087139513716463","0.40087139513716463"
"33728","0.40087139513716463","0.40087139513716463","0.40087139513716463"
"33733","0.40087139513716463","0.40087139513716463","0.40087139513716463"
"33738","0.40087139513716463","0.40087139513716463","0.40087139513716463"
"33755","0.40087139513716463","0.40087139513716463","0.40087139513716463"
"33765","0.39987139516242676","0.39987139516242676","0.39987139516242676"
"33774","0.3988713951876889","0.3988713951876889","0.3988713951876889"
"33786","0.3988713951876889","0.3988713951876889","0.3988713951876889"
"33790","0.3988713951876889","0.3988713951876889","0.3988713951876889"
"33793","0.3988713951876889","0.3988713951876889","0.3988713951876889"
"33799","0.3988713951876889","0.3988713951876889","0.3988713951876889"
"33813","0.3988713951876889","0.3988713951876889","0.3988713951876889"
"33821","0.3988713951876889","0.3988713951876889","0.3988713951876889"
"33822","0.3988713951876889","0.3988713951876889","0.3988713951876889"
"33825","0.3988713951876889","0.3988713951876889","0.3988713951876889"
"33826","0.3988713951876889","0.3988713951876889","0.3988713951876889"
"33827","0.3988713951876889","0.3988713951876889","0.3988713951876889"
"33828","0.3988713951876889","0.3988713951876889","0.3988713951876889"
"33831","0.3988713951876889","0.3988713951876889","0.3988713951876889"
"33835","0.3988713951876889","0.3988713951876889","0.3988713951876889"
"33842","0.3988713951876889","0.3988713951876889","0.3988713951876889"
"33844","0.3988713951876889","0.3988713951876889","0.3988713951876889"
"33851","0.3988713951876889","0.3988713951876889","0.3988713951876889"
"33863","0.3988713951876889","0.3988713951876889","0.3988713951876889"
"33871","0.39907139518263646","0.39907139518263646","0.39907139518263646"
"33879","0.40067139514221706","0.40067139514221706","0.40067139514221706"
"33883","0.40087139513716463","0.40087139513716463","0.40087139513716463"
"33887","0.40087139513716463","0.40087139513716463","0.40087139513716463"
"33888","0.40087139513716463","0.40087139513716463","0.40087139513716463"
"33889","0.40087139513716463","0.40087139513716463","0.40087139513716463"
"33893","0.40087139513716463","0.40087139513716463","0.40087139513716463"
"33896","0.40087139513716463","0.40087139513716463","0.40087139513716463"
"33901","0.40087139513716463","0.40087139513716463","0.40087139513716463"
"33904","0.40087139513716463","0.40087139513716463","0.40087139513716463"
"33909","0.40087139513716463","0.40087139513716463","0.40087139513716463"
"33924","0.40087139513716463","0.40087139513716463","0.40087139513716463"
"33926","0.40087139513716463","0.40087139513716463","0.40087139513716463"
"33938","0.40087139513716463","0.40087139513716463","0.40087139513716463"
"33948","0.40087139513716463","0.40087139513716463","0.40087139513716463"
"33949","0.40087139513716463","0.40087139513716463","0.40087139513716463"
"33952","0.40087139513716463","0.40087139513716463","0.40087139513716463"
"33960","0.40087139513716463","0.40087139513716463","0.40087139513716463"
"33973","0.40087139513716463","0.40087139513716463","0.40087139513716463"
"33986","0.3996713951674792","0.3996713951674792","0.3996713951674792"
"33993","0.3988713951876889","0.3988713951876889","0.3988713951876889"
"34000","0.3988713951876889","0.3988713951876889","0.3988713951876889"
"34008","0.3988713951876889","0.3988713951876889","0.3988713951876889"
"34010","0.3988713951876889","0.3988713951876889","0.3988713951876889"
"34017","0.3988713951876889","0.3988713951876889","0.3988713951876889"
"34023","0.3988713951876889","0.3988713951876889","0.3988713951876889"
"34027","0.3988713951876889","0.3988713951876889","0.3988713951876889"
"34028","0.3988713951876889","0.3988713951876889","0.3988713951876889"
"34032","0.3988713951876889","0.3988713951876889","0.3988713951876889"
"34044","0.3988713951876889","0.3988713951876889","0.3988713951876889"
"34047","0.3988713951876889","0.3988713951876889","0.3988713951876889"
"34062","0.3988713951876889","0.3988713951876889","0.3988713951876889"
"34064","0.3988713951876889","0.3988713951876889","0.3988713951876889"
"34079","0.3988713951876889","0.3988713951876889","0.3988713951876889"
"34088","0.3988713951876889","0.3988713951876889","0.3988713951876889"
"34089","0.3988713951876889","0.3988713951876889","0.3988713951876889"
"34091","0.3986713951927413","0.3986713951927413","0.3986713951927413"
"34099","0.3970713952331607","0.3970713952331607","0.3970713952331607"
"34101","0.39687139523821313","0.39687139523821313","0.39687139523821313"
"34105","0.39687139523821313","0.39687139523821313","0.39687139523821313"
"34109","0.39687139523821313","0.39687139523821313","0.39687139523821313"
"34110","0.39687139523821313","0.39687139523821313","0.39687139523821313"
"34119","0.39687139523821313","0.39687139523821313","0.39687139523821313"
"34130","0.39687139523821313","0.39687139523821313","0.39687139523821313"
"34138","0.39687139523821313","0.39687139523821313","0.39687139523821313"
"34144","0.39687139523821313","0.39687139523821313","0.39687139523821313"
"34147","0.39687139523821313","0.39687139523821313","0.39687139523821313"
"34149","0.39687139523821313","0.39687139523821313","0.39687139523821313"
"34159","0.39687139523821313","0.39687139523821313","0.39687139523821313"
"34166","0.39687139523821313","0.39687139523821313","0.39687139523821313"
"34175","0.39687139523821313","0.39687139523821313","0.39687139523821313"
"34184","0.39687139523821313","0.39687139523821313","0.39687139523821313"
"34187","0.39687139523821313","0.39687139523821313","0.39687139523821313"
"34203","0.3962713952533704","0.3962713952533704","0.3962713952533704"
"34204","0.39607139525842283","0.39607139525842283","0.39607139525842283"
"34208","0.39527139527863253","0.39527139527863253","0.39527139527863253"
"34230","0.3948713952887374","0.3948713952887374","0.3948713952887374"
"34231","0.3948713952887374","0.3948713952887374","0.3948713952887374"
"34233","0.3948713952887374","0.3948713952887374","0.3948713952887374"
"34241","0.3948713952887374","0.3948713952887374","0.3948713952887374"
"34242","0.3948713952887374","0.3948713952887374","0.3948713952887374"
"34249","0.3948713952887374","0.3948713952887374","0.3948713952887374"
"34255","0.3948713952887374","0.3948713952887374","0.3948713952887374"
"34260","0.3948713952887374","0.3948713952887374","0.3948713952887374"
"34265","0.3948713952887374","0.3948713952887374","0.3948713952887374"
"34266","0.3948713952887374","0.3948713952887374","0.3948713952887374"
"34277","0.3948713952887374","0.3948713952887374","0.3948713952887374"
"34280","0.3948713952887374","0.3948713952887374","0.3948713952887374"
"34291","0.3948713952887374","0.3948713952887374","0.3948713952887374"
"34293","0.3948713952887374","0.3948713952887374","0.3948713952887374"
"34295","0.3948713952887374","0.3948713952887374","0.3948713952887374"
"34301","0.3948713952887374","0.3948713952887374","0.3948713952887374"
"34303","0.3948713952887374","0.3948713952887374","0.3948713952887374"
"34309","0.3948713952887374","0.3948713952887374","0.3948713952887374"
"34312","0.39459769071627304","0.39459769071627304","0.39459769071627304"
"34316","0.39416741487011675","0.39416741487011675","0.39416741487011675"
"34344","0.39411877268194073","0.39411877268194073","0.39411877268194073"
"34350","0.39411877268194073","0.39411877268194073","0.39411877268194073"
"34352","0.39411877268194073","0.39411877268194073","0.39411877268194073"
"34366","0.39411877268194073","0.39411877268194073","0.39411877268194073"
"34394","0.39411877268194073","0.39411877268194073","0.39411877268194073"
"34407","0.39411877268194073","0.39411877268194073","0.39411877268194073"
"34409","0.39411877268194073","0.39411877268194073","0.39411877268194073"
"34440","0.392118772732465","0.392118772732465","0.392118772732465"
"34443","0.392118772732465","0.392118772732465","0.392118772732465"
"34446","0.392118772732465","0.392118772732465","0.392118772732465"
"34449","0.392118772732465","0.392118772732465","0.392118772732465"
"34486","0.392118772732465","0.392118772732465","0.392118772732465"
"34495","0.392118772732465","0.392118772732465","0.392118772732465"
"34500","0.392118772732465","0.392118772732465","0.392118772732465"
"34504","0.392118772732465","0.392118772732465","0.392118772732465"
"34505","0.392118772732465","0.392118772732465","0.392118772732465"
"34507","0.392118772732465","0.392118772732465","0.392118772732465"
"34508","0.392118772732465","0.392118772732465","0.392118772732465"
"34509","0.392118772732465","0.392118772732465","0.392118772732465"
"34510","0.392118772732465","0.392118772732465","0.392118772732465"
"34511","0.392118772732465","0.392118772732465","0.392118772732465"
"34518","0.392118772732465","0.392118772732465","0.392118772732465"
"34526","0.392118772732465","0.392118772732465","0.392118772732465"
"34530","0.392118772732465","0.392118772732465","0.392118772732465"
"34534","0.3929187727122553","0.3929187727122553","0.3929187727122553"
"34541","0.39411877268194073","0.39411877268194073","0.39411877268194073"
"34545","0.39411877268194073","0.39411877268194073","0.39411877268194073"
"34550","0.39411877268194073","0.39411877268194073","0.39411877268194073"
"34562","0.39411877268194073","0.39411877268194073","0.39411877268194073"
"34563","0.39411877268194073","0.39411877268194073","0.39411877268194073"
"34566","0.39411877268194073","0.39411877268194073","0.39411877268194073"
"34578","0.39411877268194073","0.39411877268194073","0.39411877268194073"
"34584","0.39411877268194073","0.39411877268194073","0.39411877268194073"
"34591","0.39411877268194073","0.39411877268194073","0.39411877268194073"
"34606","0.39411877268194073","0.39411877268194073","0.39411877268194073"
"34616","0.39411877268194073","0.39411877268194073","0.39411877268194073"
"34631","0.39411877268194073","0.39411877268194073","0.39411877268194073"
"34644","0.39331877270215043","0.39331877270215043","0.39331877270215043"
"34645","0.39311877270720286","0.39311877270720286","0.39311877270720286"
"34647","0.3927187727173077","0.3927187727173077","0.3927187727173077"
"34655","0.392118772732465","0.392118772732465","0.392118772732465"
"34660","0.392118772732465","0.392118772732465","0.392118772732465"
"34666","0.392118772732465","0.392118772732465","0.392118772732465"
"34671","0.392118772732465","0.392118772732465","0.392118772732465"
"34674","0.392118772732465","0.392118772732465","0.392118772732465"
"34693","0.392118772732465","0.392118772732465","0.392118772732465"
"34695","0.392118772732465","0.392118772732465","0.392118772732465"
"34701","0.392118772732465","0.392118772732465","0.392118772732465"
"34704","0.392118772732465","0.392118772732465","0.392118772732465"
"34705","0.392118772732465","0.392118772732465","0.392118772732465"
"34713","0.392118772732465","0.392118772732465","0.392118772732465"
"34715","0.392118772732465","0.392118772732465","0.392118772732465"
"34717","0.392118772732465","0.392118772732465","0.392118772732465"
"34723","0.392118772732465","0.392118772732465","0.392118772732465"
"34724","0.392118772732465","0.392118772732465","0.392118772732465"
"34730","0.392118772732465","0.392118772732465","0.392118772732465"
"34737","0.392118772732465","0.392118772732465","0.392118772732465"
"34746","0.392118772732465","0.392118772732465","0.392118772732465"
"34777","0.39411877268194073","0.39411877268194073","0.39411877268194073"
"34778","0.39411877268194073","0.39411877268194073","0.39411877268194073"
"34794","0.39411877268194073","0.39411877268194073","0.39411877268194073"
"34799","0.39411877268194073","0.39411877268194073","0.39411877268194073"
"34802","0.39411877268194073","0.39411877268194073","0.39411877268194073"
"34818","0.39411877268194073","0.39411877268194073","0.39411877268194073"
"34820","0.39411877268194073","0.39411877268194073","0.39411877268194073"
"34843","0.39411877268194073","0.39411877268194073","0.39411877268194073"
"34845","0.39411877268194073","0.39411877268194073","0.39411877268194073"
"34850","0.39411877268194073","0.39411877268194073","0.39411877268194073"
"34873","0.392118772732465","0.392118772732465","0.392118772732465"
"34881","0.392118772732465","0.392118772732465","0.392118772732465"
"34884","0.392118772732465","0.392118772732465","0.392118772732465"
"34888","0.392118772732465","0.392118772732465","0.392118772732465"
"34894","0.392118772732465","0.392118772732465","0.392118772732465"
"34899","0.392118772732465","0.392118772732465","0.392118772732465"
"34901","0.392118772732465","0.392118772732465","0.392118772732465"
"34904","0.392118772732465","0.392118772732465","0.392118772732465"
"34919","0.392118772732465","0.392118772732465","0.392118772732465"
"34921","0.392118772732465","0.392118772732465","0.392118772732465"
"34922","0.392118772732465","0.392118772732465","0.392118772732465"
"34925","0.392118772732465","0.392118772732465","0.392118772732465"
"34927","0.392118772732465","0.392118772732465","0.392118772732465"
"34929","0.392118772732465","0.392118772732465","0.392118772732465"
"34933","0.392118772732465","0.392118772732465","0.392118772732465"
"34935","0.392118772732465","0.392118772732465","0.392118772732465"
"34955","0.392118772732465","0.392118772732465","0.392118772732465"
"34961","0.392118772732465","0.392118772732465","0.392118772732465"
"34968","0.392118772732465","0.392118772732465","0.392118772732465"
"34969","0.392118772732465","0.392118772732465","0.392118772732465"
"34970","0.392118772732465","0.392118772732465","0.392118772732465"
"34976","0.39091877276277953","0.39091877276277953","0.39091877276277953"
"34977","0.39071877276783196","0.39071877276783196","0.39071877276783196"
"34983","0.39011877278298923","0.39011877278298923","0.39011877278298923"
"34990","0.39011877278298923","0.39011877278298923","0.39011877278298923"
"35003","0.39011877278298923","0.39011877278298923","0.39011877278298923"
"35005","0.39011877278298923","0.39011877278298923","0.39011877278298923"
"35010","0.39011877278298923","0.39011877278298923","0.39011877278298923"
"35012","0.39011877278298923","0.39011877278298923","0.39011877278298923"
"35032","0.39011877278298923","0.39011877278298923","0.39011877278298923"
"35033","0.39011877278298923","0.39011877278298923","0.39011877278298923"
"35046","0.39011877278298923","0.39011877278298923","0.39011877278298923"
"35054","0.39011877278298923","0.39011877278298923","0.39011877278298923"
"35067","0.39011877278298923","0.39011877278298923","0.39011877278298923"
"35070","0.39011877278298923","0.39011877278298923","0.39011877278298923"
"35072","0.39011877278298923","0.39011877278298923","0.39011877278298923"
"35078","0.39011877278298923","0.39011877278298923","0.39011877278298923"
"35091","0.3881187728335135","0.3881187728335135","0.3881187728335135"
"35104","0.3881187728335135","0.3881187728335135","0.3881187728335135"
"35108","0.3881187728335135","0.3881187728335135","0.3881187728335135"
"35113","0.3881187728335135","0.3881187728335135","0.3881187728335135"
"35117","0.3881187728335135","0.3881187728335135","0.3881187728335135"
"35118","0.3881187728335135","0.3881187728335135","0.3881187728335135"
"35121","0.3881187728335135","0.3881187728335135","0.3881187728335135"
"35122","0.3881187728335135","0.3881187728335135","0.3881187728335135"
"35123","0.3881187728335135","0.3881187728335135","0.3881187728335135"
"35154","0.3881187728335135","0.3881187728335135","0.3881187728335135"
"35175","0.3881187728335135","0.3881187728335135","0.3881187728335135"
"35176","0.3881187728335135","0.3881187728335135","0.3881187728335135"
"35190","0.3881187728335135","0.3881187728335135","0.3881187728335135"
"35194","0.3873187728537232","0.3873187728537232","0.3873187728537232"
"35199","0.3863187728789853","0.3863187728789853","0.3863187728789853"
"35203","0.38611877288403773","0.38611877288403773","0.38611877288403773"
"35215","0.38611877288403773","0.38611877288403773","0.38611877288403773"
"35222","0.38611877288403773","0.38611877288403773","0.38611877288403773"
"35229","0.38611877288403773","0.38611877288403773","0.38611877288403773"
"35230","0.38611877288403773","0.38611877288403773","0.38611877288403773"
"35231","0.38611877288403773","0.38611877288403773","0.38611877288403773"
"35234","0.38611877288403773","0.38611877288403773","0.38611877288403773"
"35243","0.38611877288403773","0.38611877288403773","0.38611877288403773"
"35248","0.38611877288403773","0.38611877288403773","0.38611877288403773"
"35255","0.38611877288403773","0.38611877288403773","0.38611877288403773"
"35257","0.38611877288403773","0.38611877288403773","0.38611877288403773"
"35259","0.38611877288403773","0.38611877288403773","0.38611877288403773"
"35261","0.38611877288403773","0.38611877288403773","0.38611877288403773"
"35265","0.38611877288403773","0.38611877288403773","0.38611877288403773"
"35266","0.38611877288403773","0.38611877288403773","0.38611877288403773"
"35274","0.38611877288403773","0.38611877288403773","0.38611877288403773"
"35277","0.38611877288403773","0.38611877288403773","0.38611877288403773"
"35278","0.38611877288403773","0.38611877288403773","0.38611877288403773"
"35297","0.38611877288403773","0.38611877288403773","0.38611877288403773"
"35299","0.38611877288403773","0.38611877288403773","0.38611877288403773"
"35300","0.38611877288403773","0.38611877288403773","0.38611877288403773"
"35307","0.3847187729194047","0.3847187729194047","0.3847187729194047"
"35309","0.38431877292950956","0.38431877292950956","0.38431877292950956"
"35333","0.384118772934562","0.384118772934562","0.384118772934562"
"35341","0.384118772934562","0.384118772934562","0.384118772934562"
"35350","0.384118772934562","0.384118772934562","0.384118772934562"
"35358","0.384118772934562","0.384118772934562","0.384118772934562"
"35360","0.384118772934562","0.384118772934562","0.384118772934562"
"35362","0.384118772934562","0.384118772934562","0.384118772934562"
"35369","0.384118772934562","0.384118772934562","0.384118772934562"
"35378","0.384118772934562","0.384118772934562","0.384118772934562"
"35379","0.384118772934562","0.384118772934562","0.384118772934562"
"35395","0.384118772934562","0.384118772934562","0.384118772934562"
"35406","0.384118772934562","0.384118772934562","0.384118772934562"
"35407","0.384118772934562","0.384118772934562","0.384118772934562"
"35413","0.38351877294971926","0.38351877294971926","0.38351877294971926"
"35415","0.3831187729598241","0.3831187729598241","0.3831187729598241"
"35420","0.38211877298508623","0.38211877298508623","0.38211877298508623"
"35428","0.38211877298508623","0.38211877298508623","0.38211877298508623"
"35461","0.38211877298508623","0.38211877298508623","0.38211877298508623"
"35469","0.38211877298508623","0.38211877298508623","0.38211877298508623"
"35476","0.38211877298508623","0.38211877298508623","0.38211877298508623"
"35485","0.38211877298508623","0.38211877298508623","0.38211877298508623"
"35494","0.38211877298508623","0.38211877298508623","0.38211877298508623"
"35507","0.38211877298508623","0.38211877298508623","0.38211877298508623"
"35514","0.38211877298508623","0.38211877298508623","0.38211877298508623"
"35516","0.38211877298508623","0.38211877298508623","0.38211877298508623"
"35529","0.3839187729396144","0.3839187729396144","0.3839187729396144"
"35531","0.384118772934562","0.384118772934562","0.384118772934562"
"35532","0.384118772934562","0.384118772934562","0.384118772934562"
"35534","0.384118772934562","0.384118772934562","0.384118772934562"
"35552","0.384118772934562","0.384118772934562","0.384118772934562"
"35553","0.384118772934562","0.384118772934562","0.384118772934562"
"35573","0.384118772934562","0.384118772934562","0.384118772934562"
"35576","0.384118772934562","0.384118772934562","0.384118772934562"
"35592","0.384118772934562","0.384118772934562","0.384118772934562"
"35599","0.384118772934562","0.384118772934562","0.384118772934562"
"35609","0.384118772934562","0.384118772934562","0.384118772934562"
"35619","0.384118772934562","0.384118772934562","0.384118772934562"
"35620","0.384118772934562","0.384118772934562","0.384118772934562"
"35628","0.384118772934562","0.384118772934562","0.384118772934562"
"35631","0.38431877292950956","0.38431877292950956","0.38431877292950956"
"35632","0.38451877292445713","0.38451877292445713","0.38451877292445713"
"35641","0.38611877288403773","0.38611877288403773","0.38611877288403773"
"35648","0.38611877288403773","0.38611877288403773","0.38611877288403773"
"35650","0.38611877288403773","0.38611877288403773","0.38611877288403773"
"35652","0.38611877288403773","0.38611877288403773","0.38611877288403773"
"35660","0.38611877288403773","0.38611877288403773","0.38611877288403773"
"35668","0.38611877288403773","0.38611877288403773","0.38611877288403773"
"35672","0.38611877288403773","0.38611877288403773","0.38611877288403773"
"35677","0.38611877288403773","0.38611877288403773","0.38611877288403773"
"35680","0.38611877288403773","0.38611877288403773","0.38611877288403773"
"35682","0.38611877288403773","0.38611877288403773","0.38611877288403773"
"35683","0.38611877288403773","0.38611877288403773","0.38611877288403773"
"35693","0.38611877288403773","0.38611877288403773","0.38611877288403773"
"35695","0.38611877288403773","0.38611877288403773","0.38611877288403773"
"35702","0.38611877288403773","0.38611877288403773","0.38611877288403773"
"35722","0.38611877288403773","0.38611877288403773","0.38611877288403773"
"35726","0.38611877288403773","0.38611877288403773","0.38611877288403773"
"35728","0.38611877288403773","0.38611877288403773","0.38611877288403773"
"35729","0.38611877288403773","0.38611877288403773","0.38611877288403773"
"35730","0.38611877288403773","0.38611877288403773","0.38611877288403773"
"35736","0.38611877288403773","0.38611877288403773","0.38611877288403773"
"35738","0.38611877288403773","0.38611877288403773","0.38611877288403773"
"35742","0.3857187728941426","0.3857187728941426","0.3857187728941426"
"35748","0.38451877292445713","0.38451877292445713","0.38451877292445713"
"35754","0.384118772934562","0.384118772934562","0.384118772934562"
"35760","0.384118772934562","0.384118772934562","0.384118772934562"
"35761","0.384118772934562","0.384118772934562","0.384118772934562"
"35768","0.384118772934562","0.384118772934562","0.384118772934562"
"35775","0.384118772934562","0.384118772934562","0.384118772934562"
"35778","0.384118772934562","0.384118772934562","0.384118772934562"
"35781","0.384118772934562","0.384118772934562","0.384118772934562"
"35784","0.384118772934562","0.384118772934562","0.384118772934562"
"35785","0.384118772934562","0.384118772934562","0.384118772934562"
"35789","0.384118772934562","0.384118772934562","0.384118772934562"
"35800","0.384118772934562","0.384118772934562","0.384118772934562"
"35806","0.384118772934562","0.384118772934562","0.384118772934562"
"35809","0.384118772934562","0.384118772934562","0.384118772934562"
"35822","0.384118772934562","0.384118772934562","0.384118772934562"
"35824","0.384118772934562","0.384118772934562","0.384118772934562"
"35828","0.384118772934562","0.384118772934562","0.384118772934562"
"35829","0.384118772934562","0.384118772934562","0.384118772934562"
"35847","0.384118772934562","0.384118772934562","0.384118772934562"
"35849","0.384118772934562","0.384118772934562","0.384118772934562"
"35857","0.38271877296992896","0.38271877296992896","0.38271877296992896"
"35872","0.38211877298508623","0.38211877298508623","0.38211877298508623"
"35876","0.38211877298508623","0.38211877298508623","0.38211877298508623"
"35882","0.38211877298508623","0.38211877298508623","0.38211877298508623"
"35883","0.38211877298508623","0.38211877298508623","0.38211877298508623"
"35891","0.38211877298508623","0.38211877298508623","0.38211877298508623"
"35898","0.38211877298508623","0.38211877298508623","0.38211877298508623"
"35903","0.38211877298508623","0.38211877298508623","0.38211877298508623"
"35905","0.38211877298508623","0.38211877298508623","0.38211877298508623"
"35908","0.38211877298508623","0.38211877298508623","0.38211877298508623"
"35914","0.38211877298508623","0.38211877298508623","0.38211877298508623"
"35916","0.38211877298508623","0.38211877298508623","0.38211877298508623"
"35917","0.38211877298508623","0.38211877298508623","0.38211877298508623"
"35919","0.38211877298508623","0.38211877298508623","0.38211877298508623"
"35922","0.38211877298508623","0.38211877298508623","0.38211877298508623"
"35923","0.38211877298508623","0.38211877298508623","0.38211877298508623"
"35925","0.38211877298508623","0.38211877298508623","0.38211877298508623"
"35928","0.38211877298508623","0.38211877298508623","0.38211877298508623"
"35952","0.38211877298508623","0.38211877298508623","0.38211877298508623"
"35964","0.38131877300529593","0.38131877300529593","0.38131877300529593"
"35974","0.3801187730356105","0.3801187730356105","0.3801187730356105"
"35978","0.3801187730356105","0.3801187730356105","0.3801187730356105"
"35995","0.3801187730356105","0.3801187730356105","0.3801187730356105"
"36015","0.3801187730356105","0.3801187730356105","0.3801187730356105"
"36017","0.3801187730356105","0.3801187730356105","0.3801187730356105"
"36021","0.3801187730356105","0.3801187730356105","0.3801187730356105"
"36025","0.3801187730356105","0.3801187730356105","0.3801187730356105"
"36032","0.3801187730356105","0.3801187730356105","0.3801187730356105"
"36058","0.3801187730356105","0.3801187730356105","0.3801187730356105"
"36064","0.3801187730356105","0.3801187730356105","0.3801187730356105"
"36070","0.3801187730356105","0.3801187730356105","0.3801187730356105"
"36074","0.3793187730558202","0.3793187730558202","0.3793187730558202"
"36077","0.37871877307097745","0.37871877307097745","0.37871877307097745"
"36091","0.37811877308613473","0.37811877308613473","0.37811877308613473"
"36092","0.37811877308613473","0.37811877308613473","0.37811877308613473"
"36095","0.37811877308613473","0.37811877308613473","0.37811877308613473"
"36108","0.37811877308613473","0.37811877308613473","0.37811877308613473"
"36119","0.37811877308613473","0.37811877308613473","0.37811877308613473"
"36128","0.37811877308613473","0.37811877308613473","0.37811877308613473"
"36130","0.37811877308613473","0.37811877308613473","0.37811877308613473"
"36145","0.37811877308613473","0.37811877308613473","0.37811877308613473"
"36151","0.37811877308613473","0.37811877308613473","0.37811877308613473"
"36156","0.37811877308613473","0.37811877308613473","0.37811877308613473"
"36160","0.37811877308613473","0.37811877308613473","0.37811877308613473"
"36176","0.37811877308613473","0.37811877308613473","0.37811877308613473"
"36193","0.3801187730356105","0.3801187730356105","0.3801187730356105"
"36203","0.3801187730356105","0.3801187730356105","0.3801187730356105"
"36205","0.3801187730356105","0.3801187730356105","0.3801187730356105"
"36206","0.3801187730356105","0.3801187730356105","0.3801187730356105"
"36240","0.3801187730356105","0.3801187730356105","0.3801187730356105"
"36243","0.3801187730356105","0.3801187730356105","0.3801187730356105"
"36260","0.3801187730356105","0.3801187730356105","0.3801187730356105"
"36268","0.3801187730356105","0.3801187730356105","0.3801187730356105"
"36270","0.3801187730356105","0.3801187730356105","0.3801187730356105"
"36275","0.3801187730356105","0.3801187730356105","0.3801187730356105"
"36282","0.3801187730356105","0.3801187730356105","0.3801187730356105"
"36295","0.3791187730608726","0.3791187730608726","0.3791187730608726"
"36298","0.3785187730760299","0.3785187730760299","0.3785187730760299"
"36299","0.3783187730810823","0.3783187730810823","0.3783187730810823"
"36303","0.37811877308613473","0.37811877308613473","0.37811877308613473"
"36308","0.37811877308613473","0.37811877308613473","0.37811877308613473"
"36314","0.37811877308613473","0.37811877308613473","0.37811877308613473"
"36315","0.37811877308613473","0.37811877308613473","0.37811877308613473"
"36326","0.37811877308613473","0.37811877308613473","0.37811877308613473"
"36334","0.37811877308613473","0.37811877308613473","0.37811877308613473"
"36354","0.37811877308613473","0.37811877308613473","0.37811877308613473"
"36362","0.37811877308613473","0.37811877308613473","0.37811877308613473"
"36363","0.37811877308613473","0.37811877308613473","0.37811877308613473"
"36369","0.37811877308613473","0.37811877308613473","0.37811877308613473"
"36370","0.37811877308613473","0.37811877308613473","0.37811877308613473"
"36374","0.37811877308613473","0.37811877308613473","0.37811877308613473"
"36382","0.37811877308613473","0.37811877308613473","0.37811877308613473"
"36383","0.37811877308613473","0.37811877308613473","0.37811877308613473"
"36385","0.37811877308613473","0.37811877308613473","0.37811877308613473"
"36386","0.37811877308613473","0.37811877308613473","0.37811877308613473"
"36392","0.37811877308613473","0.37811877308613473","0.37811877308613473"
"36396","0.37811877308613473","0.37811877308613473","0.37811877308613473"
"36410","0.3801187730356105","0.3801187730356105","0.3801187730356105"
"36412","0.3801187730356105","0.3801187730356105","0.3801187730356105"
"36414","0.3801187730356105","0.3801187730356105","0.3801187730356105"
"36417","0.3801187730356105","0.3801187730356105","0.3801187730356105"
"36419","0.3801187730356105","0.3801187730356105","0.3801187730356105"
"36423","0.3801187730356105","0.3801187730356105","0.3801187730356105"
"36430","0.3801187730356105","0.3801187730356105","0.3801187730356105"
"36435","0.3801187730356105","0.3801187730356105","0.3801187730356105"
"36436","0.3801187730356105","0.3801187730356105","0.3801187730356105"
"36446","0.3801187730356105","0.3801187730356105","0.3801187730356105"
"36465","0.3801187730356105","0.3801187730356105","0.3801187730356105"
"36466","0.3801187730356105","0.3801187730356105","0.3801187730356105"
"36467","0.3801187730356105","0.3801187730356105","0.3801187730356105"
"36468","0.3801187730356105","0.3801187730356105","0.3801187730356105"
"36475","0.3801187730356105","0.3801187730356105","0.3801187730356105"
"36485","0.3801187730356105","0.3801187730356105","0.3801187730356105"
"36488","0.3801187730356105","0.3801187730356105","0.3801187730356105"
"36489","0.3801187730356105","0.3801187730356105","0.3801187730356105"
"36502","0.3801187730356105","0.3801187730356105","0.3801187730356105"
"36517","0.3815187730002435","0.3815187730002435","0.3815187730002435"
"36518","0.3817187729951911","0.3817187729951911","0.3817187729951911"
"36549","0.38211877298508623","0.38211877298508623","0.38211877298508623"
"36567","0.38211877298508623","0.38211877298508623","0.38211877298508623"
"36576","0.38211877298508623","0.38211877298508623","0.38211877298508623"
"36581","0.38211877298508623","0.38211877298508623","0.38211877298508623"
"36588","0.38211877298508623","0.38211877298508623","0.38211877298508623"
"36591","0.38211877298508623","0.38211877298508623","0.38211877298508623"
"36594","0.38211877298508623","0.38211877298508623","0.38211877298508623"
"36598","0.38211877298508623","0.38211877298508623","0.38211877298508623"
"36599","0.38211877298508623","0.38211877298508623","0.38211877298508623"
"36600","0.38211877298508623","0.38211877298508623","0.38211877298508623"
"36607","0.38211877298508623","0.38211877298508623","0.38211877298508623"
"36610","0.38211877298508623","0.38211877298508623","0.38211877298508623"
"36616","0.38211877298508623","0.38211877298508623","0.38211877298508623"
"36637","0.384118772934562","0.384118772934562","0.384118772934562"
"36639","0.384118772934562","0.384118772934562","0.384118772934562"
"36640","0.384118772934562","0.384118772934562","0.384118772934562"
"36645","0.384118772934562","0.384118772934562","0.384118772934562"
"36656","0.384118772934562","0.384118772934562","0.384118772934562"
"36658","0.384118772934562","0.384118772934562","0.384118772934562"
"36662","0.384118772934562","0.384118772934562","0.384118772934562"
"36670","0.384118772934562","0.384118772934562","0.384118772934562"
"36683","0.384118772934562","0.384118772934562","0.384118772934562"
"36686","0.384118772934562","0.384118772934562","0.384118772934562"
"36689","0.384118772934562","0.384118772934562","0.384118772934562"
"36691","0.384118772934562","0.384118772934562","0.384118772934562"
"36697","0.384118772934562","0.384118772934562","0.384118772934562"
"36706","0.384118772934562","0.384118772934562","0.384118772934562"
"36707","0.384118772934562","0.384118772934562","0.384118772934562"
"36709","0.384118772934562","0.384118772934562","0.384118772934562"
"36710","0.384118772934562","0.384118772934562","0.384118772934562"
"36714","0.384118772934562","0.384118772934562","0.384118772934562"
"36717","0.384118772934562","0.384118772934562","0.384118772934562"
"36720","0.384118772934562","0.384118772934562","0.384118772934562"
"36742","0.38211877298508623","0.38211877298508623","0.38211877298508623"
"36743","0.38211877298508623","0.38211877298508623","0.38211877298508623"
"36757","0.38211877298508623","0.38211877298508623","0.38211877298508623"
"36762","0.38211877298508623","0.38211877298508623","0.38211877298508623"
"36766","0.38211877298508623","0.38211877298508623","0.38211877298508623"
"36767","0.38211877298508623","0.38211877298508623","0.38211877298508623"
"36769","0.38211877298508623","0.38211877298508623","0.38211877298508623"
"36783","0.38211877298508623","0.38211877298508623","0.38211877298508623"
"36786","0.38211877298508623","0.38211877298508623","0.38211877298508623"
"36801","0.38211877298508623","0.38211877298508623","0.38211877298508623"
"36802","0.38211877298508623","0.38211877298508623","0.38211877298508623"
"36804","0.38211877298508623","0.38211877298508623","0.38211877298508623"
"36808","0.38211877298508623","0.38211877298508623","0.38211877298508623"
"36810","0.38211877298508623","0.38211877298508623","0.38211877298508623"
"36819","0.38211877298508623","0.38211877298508623","0.38211877298508623"
"36822","0.38211877298508623","0.38211877298508623","0.38211877298508623"
"36838","0.38211877298508623","0.38211877298508623","0.38211877298508623"
"36840","0.38211877298508623","0.38211877298508623","0.38211877298508623"
"36841","0.3823187729800338","0.3823187729800338","0.3823187729800338"
"36842","0.3825187729749814","0.3825187729749814","0.3825187729749814"
"36845","0.3831187729598241","0.3831187729598241","0.3831187729598241"
"36846","0.3833187729547717","0.3833187729547717","0.3833187729547717"
"36851","0.384118772934562","0.384118772934562","0.384118772934562"
"36855","0.384118772934562","0.384118772934562","0.384118772934562"
"36858","0.384118772934562","0.384118772934562","0.384118772934562"
"36863","0.384118772934562","0.384118772934562","0.384118772934562"
"36866","0.384118772934562","0.384118772934562","0.384118772934562"
"36867","0.384118772934562","0.384118772934562","0.384118772934562"
"36868","0.384118772934562","0.384118772934562","0.384118772934562"
"36871","0.384118772934562","0.384118772934562","0.384118772934562"
"36874","0.384118772934562","0.384118772934562","0.384118772934562"
"36881","0.384118772934562","0.384118772934562","0.384118772934562"
"36891","0.384118772934562","0.384118772934562","0.384118772934562"
"36897","0.384118772934562","0.384118772934562","0.384118772934562"
"36902","0.384118772934562","0.384118772934562","0.384118772934562"
"36907","0.384118772934562","0.384118772934562","0.384118772934562"
"36910","0.384118772934562","0.384118772934562","0.384118772934562"
"36933","0.384118772934562","0.384118772934562","0.384118772934562"
"36940","0.384118772934562","0.384118772934562","0.384118772934562"
"36946","0.384118772934562","0.384118772934562","0.384118772934562"
"36954","0.3833187729547717","0.3833187729547717","0.3833187729547717"
"36955","0.3831187729598241","0.3831187729598241","0.3831187729598241"
"36957","0.38271877296992896","0.38271877296992896","0.38271877296992896"
"36962","0.38211877298508623","0.38211877298508623","0.38211877298508623"
"36965","0.38211877298508623","0.38211877298508623","0.38211877298508623"
"36975","0.38211877298508623","0.38211877298508623","0.38211877298508623"
"36982","0.38211877298508623","0.38211877298508623","0.38211877298508623"
"36989","0.38211877298508623","0.38211877298508623","0.38211877298508623"
"36992","0.38211877298508623","0.38211877298508623","0.38211877298508623"
"36994","0.38211877298508623","0.38211877298508623","0.38211877298508623"
"36999","0.38211877298508623","0.38211877298508623","0.38211877298508623"
"37014","0.38211877298508623","0.38211877298508623","0.38211877298508623"
"37017","0.38211877298508623","0.38211877298508623","0.38211877298508623"
"37025","0.38211877298508623","0.38211877298508623","0.38211877298508623"
"37027","0.38211877298508623","0.38211877298508623","0.38211877298508623"
"37031","0.38211877298508623","0.38211877298508623","0.38211877298508623"
"37039","0.38211877298508623","0.38211877298508623","0.38211877298508623"
"37048","0.38211877298508623","0.38211877298508623","0.38211877298508623"
"37050","0.38211877298508623","0.38211877298508623","0.38211877298508623"
"37056","0.38211877298508623","0.38211877298508623","0.38211877298508623"
"37057","0.38211877298508623","0.38211877298508623","0.38211877298508623"
"37058","0.38211877298508623","0.38211877298508623","0.38211877298508623"
"37059","0.38211877298508623","0.38211877298508623","0.38211877298508623"
"37065","0.38111877301034836","0.38111877301034836","0.38111877301034836"
"37074","0.3801187730356105","0.3801187730356105","0.3801187730356105"
"37084","0.3801187730356105","0.3801187730356105","0.3801187730356105"
"37087","0.3801187730356105","0.3801187730356105","0.3801187730356105"
"37096","0.3801187730356105","0.3801187730356105","0.3801187730356105"
"37099","0.3801187730356105","0.3801187730356105","0.3801187730356105"
"37100","0.3801187730356105","0.3801187730356105","0.3801187730356105"
"37104","0.3801187730356105","0.3801187730356105","0.3801187730356105"
"37107","0.3801187730356105","0.3801187730356105","0.3801187730356105"
"37109","0.3801187730356105","0.3801187730356105","0.3801187730356105"
"37121","0.3801187730356105","0.3801187730356105","0.3801187730356105"
"37122","0.3801187730356105","0.3801187730356105","0.3801187730356105"
"37127","0.3801187730356105","0.3801187730356105","0.3801187730356105"
"37129","0.3801187730356105","0.3801187730356105","0.3801187730356105"
"37131","0.3801187730356105","0.3801187730356105","0.3801187730356105"
"37138","0.3801187730356105","0.3801187730356105","0.3801187730356105"
"37151","0.3801187730356105","0.3801187730356105","0.3801187730356105"
"37156","0.3801187730356105","0.3801187730356105","0.3801187730356105"
"37184","0.38211877298508623","0.38211877298508623","0.38211877298508623"
"37185","0.38211877298508623","0.38211877298508623","0.38211877298508623"
"37204","0.38211877298508623","0.38211877298508623","0.38211877298508623"
"37212","0.38211877298508623","0.38211877298508623","0.38211877298508623"
"37215","0.38211877298508623","0.38211877298508623","0.38211877298508623"
"37216","0.38211877298508623","0.38211877298508623","0.38211877298508623"
"37228","0.38211877298508623","0.38211877298508623","0.38211877298508623"
"37230","0.38211877298508623","0.38211877298508623","0.38211877298508623"
"37232","0.38211877298508623","0.38211877298508623","0.38211877298508623"
"37240","0.38211877298508623","0.38211877298508623","0.38211877298508623"
"37242","0.38211877298508623","0.38211877298508623","0.38211877298508623"
"37246","0.38211877298508623","0.38211877298508623","0.38211877298508623"
"37248","0.38211877298508623","0.38211877298508623","0.38211877298508623"
"37253","0.38211877298508623","0.38211877298508623","0.38211877298508623"
"37263","0.38211877298508623","0.38211877298508623","0.38211877298508623"
"37267","0.38211877298508623","0.38211877298508623","0.38211877298508623"
"37279","0.38211877298508623","0.38211877298508623","0.38211877298508623"
"37281","0.3823187729800338","0.3823187729800338","0.3823187729800338"
"37282","0.3825187729749814","0.3825187729749814","0.3825187729749814"
"37289","0.3839187729396144","0.3839187729396144","0.3839187729396144"
"37304","0.384118772934562","0.384118772934562","0.384118772934562"
"37314","0.384118772934562","0.384118772934562","0.384118772934562"
"37323","0.384118772934562","0.384118772934562","0.384118772934562"
"37326","0.384118772934562","0.384118772934562","0.384118772934562"
"37347","0.384118772934562","0.384118772934562","0.384118772934562"
"37357","0.384118772934562","0.384118772934562","0.384118772934562"
"37361","0.384118772934562","0.384118772934562","0.384118772934562"
"37385","0.384118772934562","0.384118772934562","0.384118772934562"
"37399","0.3823187729800338","0.3823187729800338","0.3823187729800338"
"37400","0.38211877298508623","0.38211877298508623","0.38211877298508623"
"37412","0.38211877298508623","0.38211877298508623","0.38211877298508623"
"37421","0.38211877298508623","0.38211877298508623","0.38211877298508623"
"37428","0.38211877298508623","0.38211877298508623","0.38211877298508623"
"37432","0.38211877298508623","0.38211877298508623","0.38211877298508623"
"37439","0.38211877298508623","0.38211877298508623","0.38211877298508623"
"37443","0.38211877298508623","0.38211877298508623","0.38211877298508623"
"37448","0.38211877298508623","0.38211877298508623","0.38211877298508623"
"37455","0.38211877298508623","0.38211877298508623","0.38211877298508623"
"37464","0.38211877298508623","0.38211877298508623","0.38211877298508623"
"37466","0.38211877298508623","0.38211877298508623","0.38211877298508623"
"37472","0.38211877298508623","0.38211877298508623","0.38211877298508623"
"37485","0.38211877298508623","0.38211877298508623","0.38211877298508623"
"37490","0.38211877298508623","0.38211877298508623","0.38211877298508623"
"37496","0.38211877298508623","0.38211877298508623","0.38211877298508623"
"37499","0.38211877298508623","0.38211877298508623","0.38211877298508623"
"37502","0.3817187729951911","0.3817187729951911","0.3817187729951911"
"37508","0.38051877302550563","0.38051877302550563","0.38051877302550563"
"37520","0.3801187730356105","0.3801187730356105","0.3801187730356105"
"37530","0.3801187730356105","0.3801187730356105","0.3801187730356105"
"37532","0.3801187730356105","0.3801187730356105","0.3801187730356105"
"37533","0.3801187730356105","0.3801187730356105","0.3801187730356105"
"37535","0.3801187730356105","0.3801187730356105","0.3801187730356105"
"37537","0.3801187730356105","0.3801187730356105","0.3801187730356105"
"37557","0.3801187730356105","0.3801187730356105","0.3801187730356105"
"37558","0.3801187730356105","0.3801187730356105","0.3801187730356105"
"37560","0.3801187730356105","0.3801187730356105","0.3801187730356105"
"37563","0.3801187730356105","0.3801187730356105","0.3801187730356105"
"37569","0.3801187730356105","0.3801187730356105","0.3801187730356105"
"37575","0.3801187730356105","0.3801187730356105","0.3801187730356105"
"37577","0.3801187730356105","0.3801187730356105","0.3801187730356105"
"37578","0.3801187730356105","0.3801187730356105","0.3801187730356105"
"37586","0.3801187730356105","0.3801187730356105","0.3801187730356105"
"37591","0.3801187730356105","0.3801187730356105","0.3801187730356105"
"37592","0.3801187730356105","0.3801187730356105","0.3801187730356105"
"37596","0.3801187730356105","0.3801187730356105","0.3801187730356105"
"37610","0.3801187730356105","0.3801187730356105","0.3801187730356105"
"37616","0.38131877300529593","0.38131877300529593","0.38131877300529593"
"37621","0.38211877298508623","0.38211877298508623","0.38211877298508623"
"37624","0.38211877298508623","0.38211877298508623","0.38211877298508623"
"37630","0.38211877298508623","0.38211877298508623","0.38211877298508623"
"37633","0.38211877298508623","0.38211877298508623","0.38211877298508623"
"37651","0.38211877298508623","0.38211877298508623","0.38211877298508623"
"37655","0.38211877298508623","0.38211877298508623","0.38211877298508623"
"37659","0.38211877298508623","0.38211877298508623","0.38211877298508623"
"37662","0.38211877298508623","0.38211877298508623","0.38211877298508623"
"37665","0.38211877298508623","0.38211877298508623","0.38211877298508623"
"37670","0.38211877298508623","0.38211877298508623","0.38211877298508623"
"37672","0.38211877298508623","0.38211877298508623","0.38211877298508623"
"37674","0.38211877298508623","0.38211877298508623","0.38211877298508623"
"37678","0.38211877298508623","0.38211877298508623","0.38211877298508623"
"37684","0.38211877298508623","0.38211877298508623","0.38211877298508623"
"37685","0.38211877298508623","0.38211877298508623","0.38211877298508623"
"37688","0.38211877298508623","0.38211877298508623","0.38211877298508623"
"37711","0.38211877298508623","0.38211877298508623","0.38211877298508623"
"37720","0.38211877298508623","0.38211877298508623","0.38211877298508623"
"37727","0.3807187730204532","0.3807187730204532","0.3807187730204532"
"37728","0.38051877302550563","0.38051877302550563","0.38051877302550563"
"37732","0.3801187730356105","0.3801187730356105","0.3801187730356105"
"37745","0.3801187730356105","0.3801187730356105","0.3801187730356105"
"37773","0.3801187730356105","0.3801187730356105","0.3801187730356105"
"37782","0.3801187730356105","0.3801187730356105","0.3801187730356105"
"37794","0.3801187730356105","0.3801187730356105","0.3801187730356105"
"37803","0.3801187730356105","0.3801187730356105","0.3801187730356105"
"37827","0.3801187730356105","0.3801187730356105","0.3801187730356105"
"37829","0.3801187730356105","0.3801187730356105","0.3801187730356105"
"37831","0.38031877303055805","0.38031877303055805","0.38031877303055805"
"37833","0.3807187730204532","0.3807187730204532","0.3807187730204532"
"37834","0.3809187730154008","0.3809187730154008","0.3809187730154008"
"37835","0.38111877301034836","0.38111877301034836","0.38111877301034836"
"37844","0.38211877298508623","0.38211877298508623","0.38211877298508623"
"37847","0.38211877298508623","0.38211877298508623","0.38211877298508623"
"37849","0.38211877298508623","0.38211877298508623","0.38211877298508623"
"37854","0.38211877298508623","0.38211877298508623","0.38211877298508623"
"37855","0.38211877298508623","0.38211877298508623","0.38211877298508623"
"37856","0.38211877298508623","0.38211877298508623","0.38211877298508623"
"37857","0.38211877298508623","0.38211877298508623","0.38211877298508623"
"37860","0.38211877298508623","0.38211877298508623","0.38211877298508623"
"37874","0.38211877298508623","0.38211877298508623","0.38211877298508623"
"37881","0.38211877298508623","0.38211877298508623","0.38211877298508623"
"37885","0.38211877298508623","0.38211877298508623","0.38211877298508623"
"37891","0.38211877298508623","0.38211877298508623","0.38211877298508623"
"37893","0.38211877298508623","0.38211877298508623","0.38211877298508623"
"37900","0.38211877298508623","0.38211877298508623","0.38211877298508623"
"37903","0.38211877298508623","0.38211877298508623","0.38211877298508623"
"37904","0.38211877298508623","0.38211877298508623","0.38211877298508623"
"37914","0.38211877298508623","0.38211877298508623","0.38211877298508623"
"37915","0.38211877298508623","0.38211877298508623","0.38211877298508623"
"37930","0.38211877298508623","0.38211877298508623","0.38211877298508623"
"37934","0.38211877298508623","0.38211877298508623","0.38211877298508623"
"37940","0.38211877298508623","0.38211877298508623","0.38211877298508623"
"37945","0.38111877301034836","0.38111877301034836","0.38111877301034836"
"37950","0.3801187730356105","0.3801187730356105","0.3801187730356105"
"37956","0.3801187730356105","0.3801187730356105","0.3801187730356105"
"37974","0.3801187730356105","0.3801187730356105","0.3801187730356105"
"37981","0.3801187730356105","0.3801187730356105","0.3801187730356105"
"37997","0.3801187730356105","0.3801187730356105","0.3801187730356105"
"37998","0.3801187730356105","0.3801187730356105","0.3801187730356105"
"37999","0.3801187730356105","0.3801187730356105","0.3801187730356105"
"38008","0.3801187730356105","0.3801187730356105","0.3801187730356105"
"38009","0.3801187730356105","0.3801187730356105","0.3801187730356105"
"38016","0.3801187730356105","0.3801187730356105","0.3801187730356105"
"38020","0.3801187730356105","0.3801187730356105","0.3801187730356105"
"38021","0.3801187730356105","0.3801187730356105","0.3801187730356105"
"38033","0.3801187730356105","0.3801187730356105","0.3801187730356105"
"38036","0.3801187730356105","0.3801187730356105","0.3801187730356105"
"38041","0.3801187730356105","0.3801187730356105","0.3801187730356105"
"38045","0.3801187730356105","0.3801187730356105","0.3801187730356105"
"38053","0.3807187730204532","0.3807187730204532","0.3807187730204532"
"38055","0.38111877301034836","0.38111877301034836","0.38111877301034836"
"38056","0.38131877300529593","0.38131877300529593","0.38131877300529593"
"38057","0.3815187730002435","0.3815187730002435","0.3815187730002435"
"38058","0.3817187729951911","0.3817187729951911","0.3817187729951911"
"38061","0.38211877298508623","0.38211877298508623","0.38211877298508623"
"38062","0.38211877298508623","0.38211877298508623","0.38211877298508623"
"38067","0.38211877298508623","0.38211877298508623","0.38211877298508623"
"38075","0.38211877298508623","0.38211877298508623","0.38211877298508623"
"38087","0.38211877298508623","0.38211877298508623","0.38211877298508623"
"38108","0.38211877298508623","0.38211877298508623","0.38211877298508623"
"38116","0.38211877298508623","0.38211877298508623","0.38211877298508623"
"38118","0.38211877298508623","0.38211877298508623","0.38211877298508623"
"38123","0.38211877298508623","0.38211877298508623","0.38211877298508623"
"38126","0.38211877298508623","0.38211877298508623","0.38211877298508623"
"38128","0.38211877298508623","0.38211877298508623","0.38211877298508623"
"38131","0.38211877298508623","0.38211877298508623","0.38211877298508623"
"38160","0.38211877298508623","0.38211877298508623","0.38211877298508623"
"38162","0.3825187729749814","0.3825187729749814","0.3825187729749814"
"38167","0.38351877294971926","0.38351877294971926","0.38351877294971926"
"38170","0.384118772934562","0.384118772934562","0.384118772934562"
"38183","0.384118772934562","0.384118772934562","0.384118772934562"
"38187","0.384118772934562","0.384118772934562","0.384118772934562"
"38197","0.384118772934562","0.384118772934562","0.384118772934562"
"38200","0.384118772934562","0.384118772934562","0.384118772934562"
"38208","0.384118772934562","0.384118772934562","0.384118772934562"
"38209","0.384118772934562","0.384118772934562","0.384118772934562"
"38214","0.384118772934562","0.384118772934562","0.384118772934562"
"38216","0.384118772934562","0.384118772934562","0.384118772934562"
"38222","0.384118772934562","0.384118772934562","0.384118772934562"
"38228","0.384118772934562","0.384118772934562","0.384118772934562"
"38240","0.384118772934562","0.384118772934562","0.384118772934562"
"38241","0.384118772934562","0.384118772934562","0.384118772934562"
"38250","0.384118772934562","0.384118772934562","0.384118772934562"
"38251","0.384118772934562","0.384118772934562","0.384118772934562"
"38275","0.3831187729598241","0.3831187729598241","0.3831187729598241"
"38284","0.38211877298508623","0.38211877298508623","0.38211877298508623"
"38302","0.38211877298508623","0.38211877298508623","0.38211877298508623"
"38305","0.38211877298508623","0.38211877298508623","0.38211877298508623"
"38310","0.38211877298508623","0.38211877298508623","0.38211877298508623"
"38311","0.38211877298508623","0.38211877298508623","0.38211877298508623"
"38314","0.38211877298508623","0.38211877298508623","0.38211877298508623"
"38319","0.38211877298508623","0.38211877298508623","0.38211877298508623"
"38322","0.38211877298508623","0.38211877298508623","0.38211877298508623"
"38326","0.38211877298508623","0.38211877298508623","0.38211877298508623"
"38327","0.38211877298508623","0.38211877298508623","0.38211877298508623"
"38331","0.38211877298508623","0.38211877298508623","0.38211877298508623"
"38346","0.38211877298508623","0.38211877298508623","0.38211877298508623"
"38355","0.38211877298508623","0.38211877298508623","0.38211877298508623"
"38367","0.38211877298508623","0.38211877298508623","0.38211877298508623"
"38368","0.38211877298508623","0.38211877298508623","0.38211877298508623"
"38381","0.38191877299013866","0.38191877299013866","0.38191877299013866"
"38385","0.38111877301034836","0.38111877301034836","0.38111877301034836"
"38388","0.38051877302550563","0.38051877302550563","0.38051877302550563"
"38389","0.38031877303055805","0.38031877303055805","0.38031877303055805"
"38405","0.3801187730356105","0.3801187730356105","0.3801187730356105"
"38409","0.3801187730356105","0.3801187730356105","0.3801187730356105"
"38419","0.3801187730356105","0.3801187730356105","0.3801187730356105"
"38421","0.3801187730356105","0.3801187730356105","0.3801187730356105"
"38447","0.3801187730356105","0.3801187730356105","0.3801187730356105"
"38455","0.3801187730356105","0.3801187730356105","0.3801187730356105"
"38491","0.38031877303055805","0.38031877303055805","0.38031877303055805"
"38509","0.38211877298508623","0.38211877298508623","0.38211877298508623"
"38516","0.38211877298508623","0.38211877298508623","0.38211877298508623"
"38523","0.38211877298508623","0.38211877298508623","0.38211877298508623"
"38524","0.38211877298508623","0.38211877298508623","0.38211877298508623"
"38533","0.38211877298508623","0.38211877298508623","0.38211877298508623"
"38538","0.38211877298508623","0.38211877298508623","0.38211877298508623"
"38545","0.38211877298508623","0.38211877298508623","0.38211877298508623"
"38549","0.38211877298508623","0.38211877298508623","0.38211877298508623"
"38551","0.38211877298508623","0.38211877298508623","0.38211877298508623"
"38568","0.38211877298508623","0.38211877298508623","0.38211877298508623"
"38583","0.38211877298508623","0.38211877298508623","0.38211877298508623"
"38598","0.38211877298508623","0.38211877298508623","0.38211877298508623"
"38602","0.3825187729749814","0.3825187729749814","0.3825187729749814"
"38615","0.384118772934562","0.384118772934562","0.384118772934562"
"38617","0.384118772934562","0.384118772934562","0.384118772934562"
"38625","0.384118772934562","0.384118772934562","0.384118772934562"
"38628","0.384118772934562","0.384118772934562","0.384118772934562"
"38629","0.384118772934562","0.384118772934562","0.384118772934562"
"38633","0.384118772934562","0.384118772934562","0.384118772934562"
"38645","0.384118772934562","0.384118772934562","0.384118772934562"
"38646","0.384118772934562","0.384118772934562","0.384118772934562"
"38663","0.384118772934562","0.384118772934562","0.384118772934562"
"38666","0.384118772934562","0.384118772934562","0.384118772934562"
"38668","0.384118772934562","0.384118772934562","0.384118772934562"
"38669","0.384118772934562","0.384118772934562","0.384118772934562"
"38670","0.384118772934562","0.384118772934562","0.384118772934562"
"38681","0.384118772934562","0.384118772934562","0.384118772934562"
"38685","0.384118772934562","0.384118772934562","0.384118772934562"
"38688","0.384118772934562","0.384118772934562","0.384118772934562"
"38689","0.384118772934562","0.384118772934562","0.384118772934562"
"38690","0.384118772934562","0.384118772934562","0.384118772934562"
"38691","0.384118772934562","0.384118772934562","0.384118772934562"
"38694","0.384118772934562","0.384118772934562","0.384118772934562"
"38698","0.384118772934562","0.384118772934562","0.384118772934562"
"38700","0.384118772934562","0.384118772934562","0.384118772934562"
"38718","0.3825187729749814","0.3825187729749814","0.3825187729749814"
"38734","0.38211877298508623","0.38211877298508623","0.38211877298508623"
"38740","0.38211877298508623","0.38211877298508623","0.38211877298508623"
"38749","0.38211877298508623","0.38211877298508623","0.38211877298508623"
"38753","0.38211877298508623","0.38211877298508623","0.38211877298508623"
"38754","0.38211877298508623","0.38211877298508623","0.38211877298508623"
"38772","0.38211877298508623","0.38211877298508623","0.38211877298508623"
"38787","0.38211877298508623","0.38211877298508623","0.38211877298508623"
"38790","0.38211877298508623","0.38211877298508623","0.38211877298508623"
"38792","0.38211877298508623","0.38211877298508623","0.38211877298508623"
"38802","0.38211877298508623","0.38211877298508623","0.38211877298508623"
"38803","0.38211877298508623","0.38211877298508623","0.38211877298508623"
"38825","0.38111877301034836","0.38111877301034836","0.38111877301034836"
"38826","0.3809187730154008","0.3809187730154008","0.3809187730154008"
"38828","0.38051877302550563","0.38051877302550563","0.38051877302550563"
"38829","0.38031877303055805","0.38031877303055805","0.38031877303055805"
"38830","0.3801187730356105","0.3801187730356105","0.3801187730356105"
"38835","0.3801187730356105","0.3801187730356105","0.3801187730356105"
"38847","0.3801187730356105","0.3801187730356105","0.3801187730356105"
"38850","0.3801187730356105","0.3801187730356105","0.3801187730356105"
"38852","0.3801187730356105","0.3801187730356105","0.3801187730356105"
"38859","0.3801187730356105","0.3801187730356105","0.3801187730356105"
"38860","0.3801187730356105","0.3801187730356105","0.3801187730356105"
"38878","0.3801187730356105","0.3801187730356105","0.3801187730356105"
"38880","0.3801187730356105","0.3801187730356105","0.3801187730356105"
"38881","0.3801187730356105","0.3801187730356105","0.3801187730356105"
"38886","0.3801187730356105","0.3801187730356105","0.3801187730356105"
"38892","0.3801187730356105","0.3801187730356105","0.3801187730356105"
"38900","0.3801187730356105","0.3801187730356105","0.3801187730356105"
"38902","0.3801187730356105","0.3801187730356105","0.3801187730356105"
"38910","0.3801187730356105","0.3801187730356105","0.3801187730356105"
"38915","0.3801187730356105","0.3801187730356105","0.3801187730356105"
"38916","0.3801187730356105","0.3801187730356105","0.3801187730356105"
"38917","0.3801187730356105","0.3801187730356105","0.3801187730356105"
"38919","0.3801187730356105","0.3801187730356105","0.3801187730356105"
"38921","0.3801187730356105","0.3801187730356105","0.3801187730356105"
"38931","0.38031877303055805","0.38031877303055805","0.38031877303055805"
"38934","0.3809187730154008","0.3809187730154008","0.3809187730154008"
"38936","0.38131877300529593","0.38131877300529593","0.38131877300529593"
"38941","0.38211877298508623","0.38211877298508623","0.38211877298508623"
"38952","0.38211877298508623","0.38211877298508623","0.38211877298508623"
"38956","0.38211877298508623","0.38211877298508623","0.38211877298508623"
"38957","0.38211877298508623","0.38211877298508623","0.38211877298508623"
"38959","0.38211877298508623","0.38211877298508623","0.38211877298508623"
"38960","0.38211877298508623","0.38211877298508623","0.38211877298508623"
"38963","0.38211877298508623","0.38211877298508623","0.38211877298508623"
"38965","0.38211877298508623","0.38211877298508623","0.38211877298508623"
"38970","0.38211877298508623","0.38211877298508623","0.38211877298508623"
"38976","0.38211877298508623","0.38211877298508623","0.38211877298508623"
"38982","0.38211877298508623","0.38211877298508623","0.38211877298508623"
"38991","0.38211877298508623","0.38211877298508623","0.38211877298508623"
"38995","0.38211877298508623","0.38211877298508623","0.38211877298508623"
"38999","0.38211877298508623","0.38211877298508623","0.38211877298508623"
"39014","0.38211877298508623","0.38211877298508623","0.38211877298508623"
"39017","0.38211877298508623","0.38211877298508623","0.38211877298508623"
"39026","0.38211877298508623","0.38211877298508623","0.38211877298508623"
"39028","0.38211877298508623","0.38211877298508623","0.38211877298508623"
"39046","0.3812288206105222","0.3812288206105222","0.3812288206105222"
"39047","0.38107231918602336","0.38107231918602336","0.38107231918602336"
"39048","0.3809997643553288","0.3809997643553288","0.3809997643553288"
"39064","0.3808546207334075","0.3808546207334075","0.3808546207334075"
"39089","0.3808546207334075","0.3808546207334075","0.3808546207334075"
"39090","0.3808546207334075","0.3808546207334075","0.3808546207334075"
"39093","0.3808546207334075","0.3808546207334075","0.3808546207334075"
"39102","0.3808546207334075","0.3808546207334075","0.3808546207334075"
"39110","0.3808546207334075","0.3808546207334075","0.3808546207334075"
"39111","0.3808546207334075","0.3808546207334075","0.3808546207334075"
"39112","0.3808546207334075","0.3808546207334075","0.3808546207334075"
"39115","0.3808546207334075","0.3808546207334075","0.3808546207334075"
"39119","0.3808546207334075","0.3808546207334075","0.3808546207334075"
"39120","0.3808546207334075","0.3808546207334075","0.3808546207334075"
"39123","0.3808546207334075","0.3808546207334075","0.3808546207334075"
"39134","0.3808546207334075","0.3808546207334075","0.3808546207334075"
"39147","0.3808546207334075","0.3808546207334075","0.3808546207334075"
"39148","0.3808546207334075","0.3808546207334075","0.3808546207334075"
"39154","0.3816546207131978","0.3816546207131978","0.3816546207131978"
"39156","0.38205462070309293","0.38205462070309293","0.38205462070309293"
"39163","0.38285462068288323","0.38285462068288323","0.38285462068288323"
"39167","0.38285462068288323","0.38285462068288323","0.38285462068288323"
"39191","0.38285462068288323","0.38285462068288323","0.38285462068288323"
"39195","0.38285462068288323","0.38285462068288323","0.38285462068288323"
"39197","0.38285462068288323","0.38285462068288323","0.38285462068288323"
"39203","0.38285462068288323","0.38285462068288323","0.38285462068288323"
"39204","0.38285462068288323","0.38285462068288323","0.38285462068288323"
"39207","0.38285462068288323","0.38285462068288323","0.38285462068288323"
"39210","0.38285462068288323","0.38285462068288323","0.38285462068288323"
"39212","0.38285462068288323","0.38285462068288323","0.38285462068288323"
"39215","0.38285462068288323","0.38285462068288323","0.38285462068288323"
"39217","0.38285462068288323","0.38285462068288323","0.38285462068288323"
"39219","0.38285462068288323","0.38285462068288323","0.38285462068288323"
"39244","0.38285462068288323","0.38285462068288323","0.38285462068288323"
"39249","0.38285462068288323","0.38285462068288323","0.38285462068288323"
"39252","0.38285462068288323","0.38285462068288323","0.38285462068288323"
"39255","0.38285462068288323","0.38285462068288323","0.38285462068288323"
"39264","0.38365462066267353","0.38365462066267353","0.38365462066267353"
"39265","0.3838546206576211","0.3838546206576211","0.3838546206576211"
"39274","0.384854620632359","0.384854620632359","0.384854620632359"
"39280","0.384854620632359","0.384854620632359","0.384854620632359"
"39285","0.384854620632359","0.384854620632359","0.384854620632359"
"39287","0.384854620632359","0.384854620632359","0.384854620632359"
"39291","0.384854620632359","0.384854620632359","0.384854620632359"
"39292","0.384854620632359","0.384854620632359","0.384854620632359"
"39293","0.384854620632359","0.384854620632359","0.384854620632359"
"39295","0.384854620632359","0.384854620632359","0.384854620632359"
"39299","0.384854620632359","0.384854620632359","0.384854620632359"
"39300","0.384854620632359","0.384854620632359","0.384854620632359"
"39306","0.384854620632359","0.384854620632359","0.384854620632359"
"39310","0.384854620632359","0.384854620632359","0.384854620632359"
"39313","0.384854620632359","0.384854620632359","0.384854620632359"
"39317","0.384854620632359","0.384854620632359","0.384854620632359"
"39322","0.384854620632359","0.384854620632359","0.384854620632359"
"39323","0.384854620632359","0.384854620632359","0.384854620632359"
"39325","0.384854620632359","0.384854620632359","0.384854620632359"
"39328","0.384854620632359","0.384854620632359","0.384854620632359"
"39331","0.384854620632359","0.384854620632359","0.384854620632359"
"39336","0.384854620632359","0.384854620632359","0.384854620632359"
"39347","0.384854620632359","0.384854620632359","0.384854620632359"
"39371","0.3846546206374114","0.3846546206374114","0.3846546206374114"
"39376","0.38365462066267353","0.38365462066267353","0.38365462066267353"
"39387","0.38285462068288323","0.38285462068288323","0.38285462068288323"
"39388","0.38285462068288323","0.38285462068288323","0.38285462068288323"
"39412","0.38285462068288323","0.38285462068288323","0.38285462068288323"
"39417","0.38285462068288323","0.38285462068288323","0.38285462068288323"
"39424","0.38285462068288323","0.38285462068288323","0.38285462068288323"
"39425","0.38285462068288323","0.38285462068288323","0.38285462068288323"
"39432","0.38285462068288323","0.38285462068288323","0.38285462068288323"
"39437","0.38285462068288323","0.38285462068288323","0.38285462068288323"
"39438","0.38285462068288323","0.38285462068288323","0.38285462068288323"
"39460","0.38285462068288323","0.38285462068288323","0.38285462068288323"
"39473","0.38285462068288323","0.38285462068288323","0.38285462068288323"
"39477","0.38285462068288323","0.38285462068288323","0.38285462068288323"
"39479","0.38285462068288323","0.38285462068288323","0.38285462068288323"
"39483","0.3822546206980405","0.3822546206980405","0.3822546206980405"
"39502","0.3808546207334075","0.3808546207334075","0.3808546207334075"
"39507","0.3808546207334075","0.3808546207334075","0.3808546207334075"
"39508","0.3808546207334075","0.3808546207334075","0.3808546207334075"
"39511","0.3808546207334075","0.3808546207334075","0.3808546207334075"
"39515","0.3808546207334075","0.3808546207334075","0.3808546207334075"
"39520","0.3808546207334075","0.3808546207334075","0.3808546207334075"
"39539","0.3808546207334075","0.3808546207334075","0.3808546207334075"
"39543","0.3808546207334075","0.3808546207334075","0.3808546207334075"
"39546","0.3808546207334075","0.3808546207334075","0.3808546207334075"
"39554","0.3808546207334075","0.3808546207334075","0.3808546207334075"
"39564","0.3808546207334075","0.3808546207334075","0.3808546207334075"
"39566","0.3808546207334075","0.3808546207334075","0.3808546207334075"
"39575","0.3808546207334075","0.3808546207334075","0.3808546207334075"
"39583","0.3808546207334075","0.3808546207334075","0.3808546207334075"
"39593","0.3814546207182502","0.3814546207182502","0.3814546207182502"
"39596","0.38205462070309293","0.38205462070309293","0.38205462070309293"
"39602","0.38285462068288323","0.38285462068288323","0.38285462068288323"
"39603","0.38285462068288323","0.38285462068288323","0.38285462068288323"
"39614","0.38285462068288323","0.38285462068288323","0.38285462068288323"
"39622","0.38285462068288323","0.38285462068288323","0.38285462068288323"
"39635","0.38285462068288323","0.38285462068288323","0.38285462068288323"
"39636","0.38285462068288323","0.38285462068288323","0.38285462068288323"
"39639","0.38285462068288323","0.38285462068288323","0.38285462068288323"
"39640","0.38285462068288323","0.38285462068288323","0.38285462068288323"
"39644","0.38285462068288323","0.38285462068288323","0.38285462068288323"
"39648","0.38285462068288323","0.38285462068288323","0.38285462068288323"
"39650","0.38285462068288323","0.38285462068288323","0.38285462068288323"
"39654","0.38285462068288323","0.38285462068288323","0.38285462068288323"
"39668","0.38285462068288323","0.38285462068288323","0.38285462068288323"
"39670","0.38285462068288323","0.38285462068288323","0.38285462068288323"
"39672","0.38285462068288323","0.38285462068288323","0.38285462068288323"
"39675","0.38285462068288323","0.38285462068288323","0.38285462068288323"
"39681","0.38285462068288323","0.38285462068288323","0.38285462068288323"
"39684","0.38285462068288323","0.38285462068288323","0.38285462068288323"
"39685","0.38285462068288323","0.38285462068288323","0.38285462068288323"
"39686","0.38285462068288323","0.38285462068288323","0.38285462068288323"
"39701","0.3830546206778308","0.3830546206778308","0.3830546206778308"
"39706","0.3840546206525687","0.3840546206525687","0.3840546206525687"
"39708","0.38445462064246383","0.38445462064246383","0.38445462064246383"
"39715","0.384854620632359","0.384854620632359","0.384854620632359"
"39717","0.384854620632359","0.384854620632359","0.384854620632359"
"39732","0.384854620632359","0.384854620632359","0.384854620632359"
"39734","0.384854620632359","0.384854620632359","0.384854620632359"
"39737","0.384854620632359","0.384854620632359","0.384854620632359"
"39743","0.384854620632359","0.384854620632359","0.384854620632359"
"39746","0.384854620632359","0.384854620632359","0.384854620632359"
"39747","0.384854620632359","0.384854620632359","0.384854620632359"
"39751","0.384854620632359","0.384854620632359","0.384854620632359"
"39765","0.384854620632359","0.384854620632359","0.384854620632359"
"39788","0.384854620632359","0.384854620632359","0.384854620632359"
"39794","0.384854620632359","0.384854620632359","0.384854620632359"
"39795","0.384854620632359","0.384854620632359","0.384854620632359"
"39806","0.384854620632359","0.384854620632359","0.384854620632359"
"39819","0.38665462058688715","0.38665462058688715","0.38665462058688715"
"39826","0.38685462058183473","0.38685462058183473","0.38685462058183473"
"39829","0.38685462058183473","0.38685462058183473","0.38685462058183473"
"39842","0.38685462058183473","0.38685462058183473","0.38685462058183473"
"39862","0.38685462058183473","0.38685462058183473","0.38685462058183473"
"39867","0.38685462058183473","0.38685462058183473","0.38685462058183473"
"39868","0.38685462058183473","0.38685462058183473","0.38685462058183473"
"39870","0.38685462058183473","0.38685462058183473","0.38685462058183473"
"39876","0.38685462058183473","0.38685462058183473","0.38685462058183473"
"39877","0.38685462058183473","0.38685462058183473","0.38685462058183473"
"39882","0.38685462058183473","0.38685462058183473","0.38685462058183473"
"39891","0.38685462058183473","0.38685462058183473","0.38685462058183473"
"39930","0.3888546205313105","0.3888546205313105","0.3888546205313105"
"39954","0.3888546205313105","0.3888546205313105","0.3888546205313105"
"39969","0.3888546205313105","0.3888546205313105","0.3888546205313105"
"39971","0.3888546205313105","0.3888546205313105","0.3888546205313105"
"39973","0.3888546205313105","0.3888546205313105","0.3888546205313105"
"39978","0.3888546205313105","0.3888546205313105","0.3888546205313105"
"39985","0.3888546205313105","0.3888546205313105","0.3888546205313105"
"39986","0.3888546205313105","0.3888546205313105","0.3888546205313105"
"39988","0.3888546205313105","0.3888546205313105","0.3888546205313105"
"39992","0.3888546205313105","0.3888546205313105","0.3888546205313105"
"40003","0.3888546205313105","0.3888546205313105","0.3888546205313105"
"40004","0.3888546205313105","0.3888546205313105","0.3888546205313105"
"40010","0.3888546205313105","0.3888546205313105","0.3888546205313105"
"40013","0.3888546205313105","0.3888546205313105","0.3888546205313105"
"40032","0.38925462052120563","0.38925462052120563","0.38925462052120563"
"40037","0.3902546204959435","0.3902546204959435","0.3902546204959435"
"40044","0.39085462048078623","0.39085462048078623","0.39085462048078623"
"40045","0.39085462048078623","0.39085462048078623","0.39085462048078623"
"40051","0.39085462048078623","0.39085462048078623","0.39085462048078623"
"40060","0.39085462048078623","0.39085462048078623","0.39085462048078623"
"40067","0.39085462048078623","0.39085462048078623","0.39085462048078623"
"40076","0.39085462048078623","0.39085462048078623","0.39085462048078623"
"40077","0.39085462048078623","0.39085462048078623","0.39085462048078623"
"40081","0.39085462048078623","0.39085462048078623","0.39085462048078623"
"40087","0.39085462048078623","0.39085462048078623","0.39085462048078623"
"40093","0.39085462048078623","0.39085462048078623","0.39085462048078623"
"40096","0.39085462048078623","0.39085462048078623","0.39085462048078623"
"40114","0.39085462048078623","0.39085462048078623","0.39085462048078623"
"40126","0.39085462048078623","0.39085462048078623","0.39085462048078623"
"40131","0.39085462048078623","0.39085462048078623","0.39085462048078623"
"40135","0.39085462048078623","0.39085462048078623","0.39085462048078623"
"40143","0.3902546204959435","0.3902546204959435","0.3902546204959435"
"40144","0.39005462050099593","0.39005462050099593","0.39005462050099593"
"40145","0.38985462050604835","0.38985462050604835","0.38985462050604835"
"40146","0.3896546205111008","0.3896546205111008","0.3896546205111008"
"40150","0.3888546205313105","0.3888546205313105","0.3888546205313105"
"40153","0.3888546205313105","0.3888546205313105","0.3888546205313105"
"40159","0.3888546205313105","0.3888546205313105","0.3888546205313105"
"40165","0.3888546205313105","0.3888546205313105","0.3888546205313105"
"40169","0.3888546205313105","0.3888546205313105","0.3888546205313105"
"40171","0.3888546205313105","0.3888546205313105","0.3888546205313105"
"40185","0.3888546205313105","0.3888546205313105","0.3888546205313105"
"40189","0.3888546205313105","0.3888546205313105","0.3888546205313105"
"40194","0.3888546205313105","0.3888546205313105","0.3888546205313105"
"40204","0.3888546205313105","0.3888546205313105","0.3888546205313105"
"40205","0.3888546205313105","0.3888546205313105","0.3888546205313105"
"40208","0.3888546205313105","0.3888546205313105","0.3888546205313105"
"40224","0.3888546205313105","0.3888546205313105","0.3888546205313105"
"40231","0.3888546205313105","0.3888546205313105","0.3888546205313105"
"40235","0.3888546205313105","0.3888546205313105","0.3888546205313105"
"40236","0.3888546205313105","0.3888546205313105","0.3888546205313105"
"40240","0.3888546205313105","0.3888546205313105","0.3888546205313105"
"40249","0.3888546205313105","0.3888546205313105","0.3888546205313105"
"40252","0.38845462054141533","0.38845462054141533","0.38845462054141533"
"40264","0.38685462058183473","0.38685462058183473","0.38685462058183473"
"40267","0.38685462058183473","0.38685462058183473","0.38685462058183473"
"40269","0.38685462058183473","0.38685462058183473","0.38685462058183473"
"40278","0.38685462058183473","0.38685462058183473","0.38685462058183473"
"40279","0.38685462058183473","0.38685462058183473","0.38685462058183473"
"40294","0.38685462058183473","0.38685462058183473","0.38685462058183473"
"40295","0.38685462058183473","0.38685462058183473","0.38685462058183473"
"40297","0.38685462058183473","0.38685462058183473","0.38685462058183473"
"40301","0.38685462058183473","0.38685462058183473","0.38685462058183473"
"40309","0.38685462058183473","0.38685462058183473","0.38685462058183473"
"40316","0.38685462058183473","0.38685462058183473","0.38685462058183473"
"40325","0.38685462058183473","0.38685462058183473","0.38685462058183473"
"40328","0.38685462058183473","0.38685462058183473","0.38685462058183473"
"40340","0.38685462058183473","0.38685462058183473","0.38685462058183473"
"40348","0.38685462058183473","0.38685462058183473","0.38685462058183473"
"40349","0.38685462058183473","0.38685462058183473","0.38685462058183473"
"40352","0.38685462058183473","0.38685462058183473","0.38685462058183473"
"40368","0.38845462054141533","0.38845462054141533","0.38845462054141533"
"40370","0.3888546205313105","0.3888546205313105","0.3888546205313105"
"40371","0.3888546205313105","0.3888546205313105","0.3888546205313105"
"40393","0.3888546205313105","0.3888546205313105","0.3888546205313105"
"40394","0.3888546205313105","0.3888546205313105","0.3888546205313105"
"40395","0.3888546205313105","0.3888546205313105","0.3888546205313105"
"40397","0.3888546205313105","0.3888546205313105","0.3888546205313105"
"40408","0.3888546205313105","0.3888546205313105","0.3888546205313105"
"40418","0.3888546205313105","0.3888546205313105","0.3888546205313105"
"40422","0.3888546205313105","0.3888546205313105","0.3888546205313105"
"40438","0.3888546205313105","0.3888546205313105","0.3888546205313105"
"40443","0.3888546205313105","0.3888546205313105","0.3888546205313105"
"40444","0.3888546205313105","0.3888546205313105","0.3888546205313105"
"40446","0.3888546205313105","0.3888546205313105","0.3888546205313105"
"40452","0.3888546205313105","0.3888546205313105","0.3888546205313105"
"40456","0.3888546205313105","0.3888546205313105","0.3888546205313105"
"40463","0.3888546205313105","0.3888546205313105","0.3888546205313105"
"40465","0.3888546205313105","0.3888546205313105","0.3888546205313105"
"40470","0.3888546205313105","0.3888546205313105","0.3888546205313105"
"40474","0.3896546205111008","0.3896546205111008","0.3896546205111008"
"40481","0.39085462048078623","0.39085462048078623","0.39085462048078623"
"40482","0.39085462048078623","0.39085462048078623","0.39085462048078623"
"40489","0.39085462048078623","0.39085462048078623","0.39085462048078623"
"40492","0.39085462048078623","0.39085462048078623","0.39085462048078623"
"40494","0.39085462048078623","0.39085462048078623","0.39085462048078623"
"40507","0.39085462048078623","0.39085462048078623","0.39085462048078623"
"40509","0.39085462048078623","0.39085462048078623","0.39085462048078623"
"40515","0.39085462048078623","0.39085462048078623","0.39085462048078623"
"40520","0.39085462048078623","0.39085462048078623","0.39085462048078623"
"40521","0.39085462048078623","0.39085462048078623","0.39085462048078623"
"40524","0.39085462048078623","0.39085462048078623","0.39085462048078623"
"40531","0.39085462048078623","0.39085462048078623","0.39085462048078623"
"40538","0.39085462048078623","0.39085462048078623","0.39085462048078623"
"40543","0.39085462048078623","0.39085462048078623","0.39085462048078623"
"40553","0.39085462048078623","0.39085462048078623","0.39085462048078623"
"40559","0.39085462048078623","0.39085462048078623","0.39085462048078623"
"40561","0.39085462048078623","0.39085462048078623","0.39085462048078623"
"40568","0.39085462048078623","0.39085462048078623","0.39085462048078623"
"40571","0.39085462048078623","0.39085462048078623","0.39085462048078623"
"40577","0.39085462048078623","0.39085462048078623","0.39085462048078623"
"40578","0.39085462048078623","0.39085462048078623","0.39085462048078623"
"40581","0.3910546204757338","0.3910546204757338","0.3910546204757338"
"40590","0.392854620430262","0.392854620430262","0.392854620430262"
"40591","0.392854620430262","0.392854620430262","0.392854620430262"
"40595","0.392854620430262","0.392854620430262","0.392854620430262"
"40599","0.392854620430262","0.392854620430262","0.392854620430262"
"40601","0.392854620430262","0.392854620430262","0.392854620430262"
"40608","0.392854620430262","0.392854620430262","0.392854620430262"
"40615","0.392854620430262","0.392854620430262","0.392854620430262"
"40625","0.392854620430262","0.392854620430262","0.392854620430262"
"40632","0.392854620430262","0.392854620430262","0.392854620430262"
"40638","0.392854620430262","0.392854620430262","0.392854620430262"
"40655","0.392854620430262","0.392854620430262","0.392854620430262"
"40658","0.392854620430262","0.392854620430262","0.392854620430262"
"40667","0.392854620430262","0.392854620430262","0.392854620430262"
"40679","0.392854620430262","0.392854620430262","0.392854620430262"
"40680","0.392854620430262","0.392854620430262","0.392854620430262"
"40684","0.392854620430262","0.392854620430262","0.392854620430262"
"40700","0.39085462048078623","0.39085462048078623","0.39085462048078623"
"40703","0.39085462048078623","0.39085462048078623","0.39085462048078623"
"40705","0.39085462048078623","0.39085462048078623","0.39085462048078623"
"40708","0.39085462048078623","0.39085462048078623","0.39085462048078623"
"40714","0.39085462048078623","0.39085462048078623","0.39085462048078623"
"40718","0.39085462048078623","0.39085462048078623","0.39085462048078623"
"40722","0.39085462048078623","0.39085462048078623","0.39085462048078623"
"40724","0.39085462048078623","0.39085462048078623","0.39085462048078623"
"40727","0.39085462048078623","0.39085462048078623","0.39085462048078623"
"40745","0.39085462048078623","0.39085462048078623","0.39085462048078623"
"40765","0.39085462048078623","0.39085462048078623","0.39085462048078623"
"40770","0.39085462048078623","0.39085462048078623","0.39085462048078623"
"40775","0.39085462048078623","0.39085462048078623","0.39085462048078623"
"40776","0.39085462048078623","0.39085462048078623","0.39085462048078623"
"40779","0.39085462048078623","0.39085462048078623","0.39085462048078623"
"40783","0.39085462048078623","0.39085462048078623","0.39085462048078623"
"40788","0.39085462048078623","0.39085462048078623","0.39085462048078623"
"40793","0.39085462048078623","0.39085462048078623","0.39085462048078623"
"40795","0.39085462048078623","0.39085462048078623","0.39085462048078623"
"40798","0.39085462048078623","0.39085462048078623","0.39085462048078623"
"40799","0.39085462048078623","0.39085462048078623","0.39085462048078623"
"40805","0.3918546204555241","0.3918546204555241","0.3918546204555241"
"40808","0.39245462044036683","0.39245462044036683","0.39245462044036683"
"40823","0.392854620430262","0.392854620430262","0.392854620430262"
"40824","0.392854620430262","0.392854620430262","0.392854620430262"
"40828","0.392854620430262","0.392854620430262","0.392854620430262"
"40833","0.392854620430262","0.392854620430262","0.392854620430262"
"40838","0.392854620430262","0.392854620430262","0.392854620430262"
"40846","0.392854620430262","0.392854620430262","0.392854620430262"
"40859","0.392854620430262","0.392854620430262","0.392854620430262"
"40862","0.392854620430262","0.392854620430262","0.392854620430262"
"40870","0.392854620430262","0.392854620430262","0.392854620430262"
"40878","0.392854620430262","0.392854620430262","0.392854620430262"
"40881","0.392854620430262","0.392854620430262","0.392854620430262"
"40884","0.392854620430262","0.392854620430262","0.392854620430262"
"40885","0.392854620430262","0.392854620430262","0.392854620430262"
"40895","0.392854620430262","0.392854620430262","0.392854620430262"
"40906","0.392854620430262","0.392854620430262","0.392854620430262"
"40916","0.39165462046057653","0.39165462046057653","0.39165462046057653"
"40917","0.39145462046562896","0.39145462046562896","0.39145462046562896"
"40925","0.39085462048078623","0.39085462048078623","0.39085462048078623"
"40929","0.39085462048078623","0.39085462048078623","0.39085462048078623"
"40938","0.39085462048078623","0.39085462048078623","0.39085462048078623"
"40939","0.39085462048078623","0.39085462048078623","0.39085462048078623"
"40945","0.39085462048078623","0.39085462048078623","0.39085462048078623"
"40947","0.39085462048078623","0.39085462048078623","0.39085462048078623"
"40960","0.39085462048078623","0.39085462048078623","0.39085462048078623"
"40963","0.39085462048078623","0.39085462048078623","0.39085462048078623"
"40965","0.39085462048078623","0.39085462048078623","0.39085462048078623"
"40979","0.39085462048078623","0.39085462048078623","0.39085462048078623"
"40994","0.39085462048078623","0.39085462048078623","0.39085462048078623"
"40995","0.39085462048078623","0.39085462048078623","0.39085462048078623"
"40996","0.39085462048078623","0.39085462048078623","0.39085462048078623"
"41002","0.39085462048078623","0.39085462048078623","0.39085462048078623"
"41010","0.39085462048078623","0.39085462048078623","0.39085462048078623"
"41015","0.39085462048078623","0.39085462048078623","0.39085462048078623"
"41016","0.39085462048078623","0.39085462048078623","0.39085462048078623"
"41017","0.39085462048078623","0.39085462048078623","0.39085462048078623"
"41019","0.39085462048078623","0.39085462048078623","0.39085462048078623"
"41020","0.39085462048078623","0.39085462048078623","0.39085462048078623"
"41033","0.392854620430262","0.392854620430262","0.392854620430262"
"41038","0.392854620430262","0.392854620430262","0.392854620430262"
"41039","0.392854620430262","0.392854620430262","0.392854620430262"
"41046","0.392854620430262","0.392854620430262","0.392854620430262"
"41047","0.392854620430262","0.392854620430262","0.392854620430262"
"41048","0.392854620430262","0.392854620430262","0.392854620430262"
"41050","0.392854620430262","0.392854620430262","0.392854620430262"
"41054","0.392854620430262","0.392854620430262","0.392854620430262"
"41071","0.392854620430262","0.392854620430262","0.392854620430262"
"41074","0.392854620430262","0.392854620430262","0.392854620430262"
"41083","0.392854620430262","0.392854620430262","0.392854620430262"
"41085","0.392854620430262","0.392854620430262","0.392854620430262"
"41099","0.392854620430262","0.392854620430262","0.392854620430262"
"41106","0.392854620430262","0.392854620430262","0.392854620430262"
"41109","0.392854620430262","0.392854620430262","0.392854620430262"
"41114","0.392854620430262","0.392854620430262","0.392854620430262"
"41125","0.392854620430262","0.392854620430262","0.392854620430262"
"41127","0.392854620430262","0.392854620430262","0.392854620430262"
"41141","0.39485462037973773","0.39485462037973773","0.39485462037973773"
"41149","0.39485462037973773","0.39485462037973773","0.39485462037973773"
"41163","0.39485462037973773","0.39485462037973773","0.39485462037973773"
"41172","0.39485462037973773","0.39485462037973773","0.39485462037973773"
"41190","0.39485462037973773","0.39485462037973773","0.39485462037973773"
"41199","0.39485462037973773","0.39485462037973773","0.39485462037973773"
"41206","0.39485462037973773","0.39485462037973773","0.39485462037973773"
"41209","0.39485462037973773","0.39485462037973773","0.39485462037973773"
"41214","0.39485462037973773","0.39485462037973773","0.39485462037973773"
"41229","0.39485462037973773","0.39485462037973773","0.39485462037973773"
"41231","0.39485462037973773","0.39485462037973773","0.39485462037973773"
"41235","0.39485462037973773","0.39485462037973773","0.39485462037973773"
"41237","0.39485462037973773","0.39485462037973773","0.39485462037973773"
"41249","0.39305462042520956","0.39305462042520956","0.39305462042520956"
"41250","0.392854620430262","0.392854620430262","0.392854620430262"
"41265","0.392854620430262","0.392854620430262","0.392854620430262"
"41267","0.392854620430262","0.392854620430262","0.392854620430262"
"41270","0.392854620430262","0.392854620430262","0.392854620430262"
"41276","0.392854620430262","0.392854620430262","0.392854620430262"
"41278","0.392854620430262","0.392854620430262","0.392854620430262"
"41286","0.392854620430262","0.392854620430262","0.392854620430262"
"41300","0.392854620430262","0.392854620430262","0.392854620430262"
"41301","0.392854620430262","0.392854620430262","0.392854620430262"
"41306","0.392854620430262","0.392854620430262","0.392854620430262"
"41308","0.392854620430262","0.392854620430262","0.392854620430262"
"41309","0.392854620430262","0.392854620430262","0.392854620430262"
"41311","0.392854620430262","0.392854620430262","0.392854620430262"
"41316","0.392854620430262","0.392854620430262","0.392854620430262"
"41317","0.392854620430262","0.392854620430262","0.392854620430262"
"41323","0.392854620430262","0.392854620430262","0.392854620430262"
"41327","0.392854620430262","0.392854620430262","0.392854620430262"
"41329","0.392854620430262","0.392854620430262","0.392854620430262"
"41337","0.392854620430262","0.392854620430262","0.392854620430262"
"41349","0.392854620430262","0.392854620430262","0.392854620430262"
"41354","0.39284813918184225","0.39284813918184225","0.39284813918184225"
"41370","0.393035175603336","0.393035175603336","0.393035175603336"
"41374","0.393035175603336","0.393035175603336","0.393035175603336"
"41381","0.393035175603336","0.393035175603336","0.393035175603336"
"41384","0.393035175603336","0.393035175603336","0.393035175603336"
"41386","0.393035175603336","0.393035175603336","0.393035175603336"
"41397","0.393035175603336","0.393035175603336","0.393035175603336"
"41401","0.393035175603336","0.393035175603336","0.393035175603336"
"41405","0.393035175603336","0.393035175603336","0.393035175603336"
"41411","0.393035175603336","0.393035175603336","0.393035175603336"
"41417","0.393035175603336","0.393035175603336","0.393035175603336"
"41425","0.393035175603336","0.393035175603336","0.393035175603336"
"41442","0.393035175603336","0.393035175603336","0.393035175603336"
"41446","0.393035175603336","0.393035175603336","0.393035175603336"
"41461","0.3932351755982836","0.3932351755982836","0.3932351755982836"
"41462","0.39343517559323116","0.39343517559323116","0.39343517559323116"
"41476","0.39503517555281176","0.39503517555281176","0.39503517555281176"
"41479","0.39503517555281176","0.39503517555281176","0.39503517555281176"
"41491","0.39503517555281176","0.39503517555281176","0.39503517555281176"
"41497","0.39503517555281176","0.39503517555281176","0.39503517555281176"
"41499","0.39503517555281176","0.39503517555281176","0.39503517555281176"
"41505","0.39503517555281176","0.39503517555281176","0.39503517555281176"
"41506","0.39503517555281176","0.39503517555281176","0.39503517555281176"
"41507","0.39503517555281176","0.39503517555281176","0.39503517555281176"
"41512","0.39503517555281176","0.39503517555281176","0.39503517555281176"
"41522","0.39503517555281176","0.39503517555281176","0.39503517555281176"
"41524","0.39503517555281176","0.39503517555281176","0.39503517555281176"
"41526","0.39503517555281176","0.39503517555281176","0.39503517555281176"
"41530","0.39503517555281176","0.39503517555281176","0.39503517555281176"
"41551","0.39503517555281176","0.39503517555281176","0.39503517555281176"
"41552","0.39503517555281176","0.39503517555281176","0.39503517555281176"
"41554","0.39503517555281176","0.39503517555281176","0.39503517555281176"
"41557","0.39503517555281176","0.39503517555281176","0.39503517555281176"
"41563","0.39503517555281176","0.39503517555281176","0.39503517555281176"
"41570","0.39503517555281176","0.39503517555281176","0.39503517555281176"
"41575","0.3940351755780739","0.3940351755780739","0.3940351755780739"
"41578","0.39343517559323116","0.39343517559323116","0.39343517559323116"
"41595","0.393035175603336","0.393035175603336","0.393035175603336"
"41613","0.393035175603336","0.393035175603336","0.393035175603336"
"41624","0.393035175603336","0.393035175603336","0.393035175603336"
"41638","0.393035175603336","0.393035175603336","0.393035175603336"
"41643","0.393035175603336","0.393035175603336","0.393035175603336"
"41646","0.393035175603336","0.393035175603336","0.393035175603336"
"41653","0.393035175603336","0.393035175603336","0.393035175603336"
"41657","0.393035175603336","0.393035175603336","0.393035175603336"
"41661","0.393035175603336","0.393035175603336","0.393035175603336"
"41667","0.393035175603336","0.393035175603336","0.393035175603336"
"41679","0.393035175603336","0.393035175603336","0.393035175603336"
"41686","0.39423517557302146","0.39423517557302146","0.39423517557302146"
"41699","0.39503517555281176","0.39503517555281176","0.39503517555281176"
"41701","0.39503517555281176","0.39503517555281176","0.39503517555281176"
"41706","0.39503517555281176","0.39503517555281176","0.39503517555281176"
"41710","0.39503517555281176","0.39503517555281176","0.39503517555281176"
"41718","0.39503517555281176","0.39503517555281176","0.39503517555281176"
"41727","0.39503517555281176","0.39503517555281176","0.39503517555281176"
"41742","0.39503517555281176","0.39503517555281176","0.39503517555281176"
"41750","0.39503517555281176","0.39503517555281176","0.39503517555281176"
"41755","0.39503517555281176","0.39503517555281176","0.39503517555281176"
"41767","0.39503517555281176","0.39503517555281176","0.39503517555281176"
"41772","0.39503517555281176","0.39503517555281176","0.39503517555281176"
"41773","0.39503517555281176","0.39503517555281176","0.39503517555281176"
"41780","0.39503517555281176","0.39503517555281176","0.39503517555281176"
"41782","0.39503517555281176","0.39503517555281176","0.39503517555281176"
"41789","0.39503517555281176","0.39503517555281176","0.39503517555281176"
"41793","0.39443517556796903","0.39443517556796903","0.39443517556796903"
"41794","0.39423517557302146","0.39423517557302146","0.39423517557302146"
"41799","0.3932351755982836","0.3932351755982836","0.3932351755982836"
"41802","0.393035175603336","0.393035175603336","0.393035175603336"
"41810","0.393035175603336","0.393035175603336","0.393035175603336"
"41815","0.393035175603336","0.393035175603336","0.393035175603336"
"41816","0.393035175603336","0.393035175603336","0.393035175603336"
"41818","0.393035175603336","0.393035175603336","0.393035175603336"
"41821","0.393035175603336","0.393035175603336","0.393035175603336"
"41824","0.393035175603336","0.393035175603336","0.393035175603336"
"41829","0.393035175603336","0.393035175603336","0.393035175603336"
"41830","0.393035175603336","0.393035175603336","0.393035175603336"
"41834","0.393035175603336","0.393035175603336","0.393035175603336"
"41839","0.393035175603336","0.393035175603336","0.393035175603336"
"41841","0.393035175603336","0.393035175603336","0.393035175603336"
"41842","0.393035175603336","0.393035175603336","0.393035175603336"
"41844","0.393035175603336","0.393035175603336","0.393035175603336"
"41858","0.393035175603336","0.393035175603336","0.393035175603336"
"41880","0.393035175603336","0.393035175603336","0.393035175603336"
"41884","0.393035175603336","0.393035175603336","0.393035175603336"
"41893","0.393035175603336","0.393035175603336","0.393035175603336"
"41898","0.393035175603336","0.393035175603336","0.393035175603336"
"41906","0.39183517563365056","0.39183517563365056","0.39183517563365056"
"41916","0.39103517565386026","0.39103517565386026","0.39103517565386026"
"41923","0.39103517565386026","0.39103517565386026","0.39103517565386026"
"41931","0.39103517565386026","0.39103517565386026","0.39103517565386026"
"41932","0.39103517565386026","0.39103517565386026","0.39103517565386026"
"41935","0.39103517565386026","0.39103517565386026","0.39103517565386026"
"41937","0.39103517565386026","0.39103517565386026","0.39103517565386026"
"41939","0.39103517565386026","0.39103517565386026","0.39103517565386026"
"41953","0.39103517565386026","0.39103517565386026","0.39103517565386026"
"41960","0.39103517565386026","0.39103517565386026","0.39103517565386026"
"41965","0.39103517565386026","0.39103517565386026","0.39103517565386026"
"41966","0.39103517565386026","0.39103517565386026","0.39103517565386026"
"41969","0.39103517565386026","0.39103517565386026","0.39103517565386026"
"41978","0.39103517565386026","0.39103517565386026","0.39103517565386026"
"41988","0.39103517565386026","0.39103517565386026","0.39103517565386026"
"41998","0.39103517565386026","0.39103517565386026","0.39103517565386026"
"42007","0.39103517565386026","0.39103517565386026","0.39103517565386026"
"42008","0.39103517565386026","0.39103517565386026","0.39103517565386026"
"42011","0.39123517564880783","0.39123517564880783","0.39123517564880783"
"42014","0.39183517563365056","0.39183517563365056","0.39183517563365056"
"42024","0.393035175603336","0.393035175603336","0.393035175603336"
"42027","0.393035175603336","0.393035175603336","0.393035175603336"
"42035","0.393035175603336","0.393035175603336","0.393035175603336"
"42040","0.393035175603336","0.393035175603336","0.393035175603336"
"42043","0.393035175603336","0.393035175603336","0.393035175603336"
"42044","0.393035175603336","0.393035175603336","0.393035175603336"
"42050","0.393035175603336","0.393035175603336","0.393035175603336"
"42061","0.393035175603336","0.393035175603336","0.393035175603336"
"42076","0.393035175603336","0.393035175603336","0.393035175603336"
"42079","0.393035175603336","0.393035175603336","0.393035175603336"
"42090","0.393035175603336","0.393035175603336","0.393035175603336"
"42094","0.393035175603336","0.393035175603336","0.393035175603336"
"42098","0.393035175603336","0.393035175603336","0.393035175603336"
"42103","0.393035175603336","0.393035175603336","0.393035175603336"
"42113","0.393035175603336","0.393035175603336","0.393035175603336"
"42134","0.39103517565386026","0.39103517565386026","0.39103517565386026"
"42135","0.39103517565386026","0.39103517565386026","0.39103517565386026"
"42144","0.39103517565386026","0.39103517565386026","0.39103517565386026"
"42147","0.39103517565386026","0.39103517565386026","0.39103517565386026"
"42149","0.39103517565386026","0.39103517565386026","0.39103517565386026"
"42153","0.39103517565386026","0.39103517565386026","0.39103517565386026"
"42159","0.39103517565386026","0.39103517565386026","0.39103517565386026"
"42164","0.39103517565386026","0.39103517565386026","0.39103517565386026"
"42167","0.39103517565386026","0.39103517565386026","0.39103517565386026"
"42168","0.39103517565386026","0.39103517565386026","0.39103517565386026"
"42169","0.39103517565386026","0.39103517565386026","0.39103517565386026"
"42174","0.39103517565386026","0.39103517565386026","0.39103517565386026"
"42181","0.39103517565386026","0.39103517565386026","0.39103517565386026"
"42188","0.39103517565386026","0.39103517565386026","0.39103517565386026"
"42189","0.39103517565386026","0.39103517565386026","0.39103517565386026"
"42195","0.39103517565386026","0.39103517565386026","0.39103517565386026"
"42209","0.39103517565386026","0.39103517565386026","0.39103517565386026"
"42210","0.39103517565386026","0.39103517565386026","0.39103517565386026"
"42218","0.39103517565386026","0.39103517565386026","0.39103517565386026"
"42224","0.39103517565386026","0.39103517565386026","0.39103517565386026"
"42234","0.39183517563365056","0.39183517563365056","0.39183517563365056"
"42236","0.3922351756235457","0.3922351756235457","0.3922351756235457"
"42239","0.39283517560838843","0.39283517560838843","0.39283517560838843"
"42254","0.393035175603336","0.393035175603336","0.393035175603336"
"42255","0.393035175603336","0.393035175603336","0.393035175603336"
"42258","0.393035175603336","0.393035175603336","0.393035175603336"
"42260","0.393035175603336","0.393035175603336","0.393035175603336"
"42264","0.393035175603336","0.393035175603336","0.393035175603336"
"42278","0.393035175603336","0.393035175603336","0.393035175603336"
"42283","0.393035175603336","0.393035175603336","0.393035175603336"
"42285","0.393035175603336","0.393035175603336","0.393035175603336"
"42301","0.393035175603336","0.393035175603336","0.393035175603336"
"42308","0.393035175603336","0.393035175603336","0.393035175603336"
"42310","0.393035175603336","0.393035175603336","0.393035175603336"
"42318","0.393035175603336","0.393035175603336","0.393035175603336"
"42320","0.393035175603336","0.393035175603336","0.393035175603336"
"42325","0.393035175603336","0.393035175603336","0.393035175603336"
"42345","0.3940351755780739","0.3940351755780739","0.3940351755780739"
"42349","0.3948351755578642","0.3948351755578642","0.3948351755578642"
"42350","0.39503517555281176","0.39503517555281176","0.39503517555281176"
"42357","0.39503517555281176","0.39503517555281176","0.39503517555281176"
"42365","0.39503517555281176","0.39503517555281176","0.39503517555281176"
"42367","0.39503517555281176","0.39503517555281176","0.39503517555281176"
"42369","0.39503517555281176","0.39503517555281176","0.39503517555281176"
"42378","0.39503517555281176","0.39503517555281176","0.39503517555281176"
"42380","0.39503517555281176","0.39503517555281176","0.39503517555281176"
"42382","0.39503517555281176","0.39503517555281176","0.39503517555281176"
"42384","0.39503517555281176","0.39503517555281176","0.39503517555281176"
"42389","0.39503517555281176","0.39503517555281176","0.39503517555281176"
"42391","0.39503517555281176","0.39503517555281176","0.39503517555281176"
"42403","0.39503517555281176","0.39503517555281176","0.39503517555281176"
"42408","0.39503517555281176","0.39503517555281176","0.39503517555281176"
"42415","0.39503517555281176","0.39503517555281176","0.39503517555281176"
"42422","0.39503517555281176","0.39503517555281176","0.39503517555281176"
"42430","0.39503517555281176","0.39503517555281176","0.39503517555281176"
"42432","0.39503517555281176","0.39503517555281176","0.39503517555281176"
"42438","0.39503517555281176","0.39503517555281176","0.39503517555281176"
"42444","0.39503517555281176","0.39503517555281176","0.39503517555281176"
"42454","0.39423517557302146","0.39423517557302146","0.39423517557302146"
"42461","0.393035175603336","0.393035175603336","0.393035175603336"
"42471","0.393035175603336","0.393035175603336","0.393035175603336"
"42472","0.393035175603336","0.393035175603336","0.393035175603336"
"42480","0.393035175603336","0.393035175603336","0.393035175603336"
"42487","0.393035175603336","0.393035175603336","0.393035175603336"
"42491","0.393035175603336","0.393035175603336","0.393035175603336"
"42507","0.393035175603336","0.393035175603336","0.393035175603336"
"42509","0.393035175603336","0.393035175603336","0.393035175603336"
"42517","0.393035175603336","0.393035175603336","0.393035175603336"
"42520","0.393035175603336","0.393035175603336","0.393035175603336"
"42522","0.393035175603336","0.393035175603336","0.393035175603336"
"42528","0.393035175603336","0.393035175603336","0.393035175603336"
"42531","0.393035175603336","0.393035175603336","0.393035175603336"
"42542","0.393035175603336","0.393035175603336","0.393035175603336"
"42544","0.393035175603336","0.393035175603336","0.393035175603336"
"42546","0.393035175603336","0.393035175603336","0.393035175603336"
"42548","0.393035175603336","0.393035175603336","0.393035175603336"
"42550","0.393035175603336","0.393035175603336","0.393035175603336"
"42556","0.393035175603336","0.393035175603336","0.393035175603336"
"42564","0.3922351756235457","0.3922351756235457","0.3922351756235457"
"42567","0.391635175638703","0.391635175638703","0.391635175638703"
"42585","0.39103517565386026","0.39103517565386026","0.39103517565386026"
"42586","0.39103517565386026","0.39103517565386026","0.39103517565386026"
"42587","0.39103517565386026","0.39103517565386026","0.39103517565386026"
"42592","0.39103517565386026","0.39103517565386026","0.39103517565386026"
"42598","0.39103517565386026","0.39103517565386026","0.39103517565386026"
"42600","0.39103517565386026","0.39103517565386026","0.39103517565386026"
"42608","0.39103517565386026","0.39103517565386026","0.39103517565386026"
"42612","0.39103517565386026","0.39103517565386026","0.39103517565386026"
"42616","0.39103517565386026","0.39103517565386026","0.39103517565386026"
"42621","0.39103517565386026","0.39103517565386026","0.39103517565386026"
"42624","0.39103517565386026","0.39103517565386026","0.39103517565386026"
"42634","0.39103517565386026","0.39103517565386026","0.39103517565386026"
"42636","0.39103517565386026","0.39103517565386026","0.39103517565386026"
"42642","0.39103517565386026","0.39103517565386026","0.39103517565386026"
"42644","0.39103517565386026","0.39103517565386026","0.39103517565386026"
"42654","0.39103517565386026","0.39103517565386026","0.39103517565386026"
"42656","0.39103517565386026","0.39103517565386026","0.39103517565386026"
"42659","0.39103517565386026","0.39103517565386026","0.39103517565386026"
"42667","0.39103517565386026","0.39103517565386026","0.39103517565386026"
"42679","0.39283517560838843","0.39283517560838843","0.39283517560838843"
"42681","0.393035175603336","0.393035175603336","0.393035175603336"
"42690","0.393035175603336","0.393035175603336","0.393035175603336"
"42692","0.393035175603336","0.393035175603336","0.393035175603336"
"42694","0.393035175603336","0.393035175603336","0.393035175603336"
"42696","0.393035175603336","0.393035175603336","0.393035175603336"
"42712","0.393035175603336","0.393035175603336","0.393035175603336"
"42720","0.393035175603336","0.393035175603336","0.393035175603336"
"42722","0.393035175603336","0.393035175603336","0.393035175603336"
"42733","0.393035175603336","0.393035175603336","0.393035175603336"
"42734","0.393035175603336","0.393035175603336","0.393035175603336"
"42738","0.393035175603336","0.393035175603336","0.393035175603336"
"42744","0.393035175603336","0.393035175603336","0.393035175603336"
"42747","0.393035175603336","0.393035175603336","0.393035175603336"
"42749","0.393035175603336","0.393035175603336","0.393035175603336"
"42760","0.393035175603336","0.393035175603336","0.393035175603336"
"42782","0.39343517559323116","0.39343517559323116","0.39343517559323116"
"42785","0.3940351755780739","0.3940351755780739","0.3940351755780739"
"42801","0.39503517555281176","0.39503517555281176","0.39503517555281176"
"42811","0.39503517555281176","0.39503517555281176","0.39503517555281176"
"42812","0.39503517555281176","0.39503517555281176","0.39503517555281176"
"42817","0.39503517555281176","0.39503517555281176","0.39503517555281176"
"42823","0.39503517555281176","0.39503517555281176","0.39503517555281176"
"42830","0.39503517555281176","0.39503517555281176","0.39503517555281176"
"42832","0.39503517555281176","0.39503517555281176","0.39503517555281176"
"42840","0.39503517555281176","0.39503517555281176","0.39503517555281176"
"42842","0.39503517555281176","0.39503517555281176","0.39503517555281176"
"42843","0.39503517555281176","0.39503517555281176","0.39503517555281176"
"42844","0.39503517555281176","0.39503517555281176","0.39503517555281176"
"42845","0.39503517555281176","0.39503517555281176","0.39503517555281176"
"42850","0.39503517555281176","0.39503517555281176","0.39503517555281176"
"42854","0.39503517555281176","0.39503517555281176","0.39503517555281176"
"42865","0.39503517555281176","0.39503517555281176","0.39503517555281176"
"42868","0.39503517555281176","0.39503517555281176","0.39503517555281176"
"42871","0.39503517555281176","0.39503517555281176","0.39503517555281176"
"42891","0.3948351755578642","0.3948351755578642","0.3948351755578642"
"42897","0.39363517558817873","0.39363517558817873","0.39363517558817873"
"42915","0.393035175603336","0.393035175603336","0.393035175603336"
"42925","0.393035175603336","0.393035175603336","0.393035175603336"
"42938","0.393035175603336","0.393035175603336","0.393035175603336"
"42940","0.393035175603336","0.393035175603336","0.393035175603336"
"42941","0.393035175603336","0.393035175603336","0.393035175603336"
"42943","0.393035175603336","0.393035175603336","0.393035175603336"
"42966","0.393035175603336","0.393035175603336","0.393035175603336"
"42978","0.393035175603336","0.393035175603336","0.393035175603336"
"42980","0.393035175603336","0.393035175603336","0.393035175603336"
"42986","0.393035175603336","0.393035175603336","0.393035175603336"
"42994","0.393035175603336","0.393035175603336","0.393035175603336"
"42996","0.393035175603336","0.393035175603336","0.393035175603336"
"43002","0.39263517561344086","0.39263517561344086","0.39263517561344086"
"43016","0.39103517565386026","0.39103517565386026","0.39103517565386026"
"43018","0.39103517565386026","0.39103517565386026","0.39103517565386026"
"43021","0.39103517565386026","0.39103517565386026","0.39103517565386026"
"43030","0.39103517565386026","0.39103517565386026","0.39103517565386026"
"43033","0.39103517565386026","0.39103517565386026","0.39103517565386026"
"43037","0.39103517565386026","0.39103517565386026","0.39103517565386026"
"43044","0.39103517565386026","0.39103517565386026","0.39103517565386026"
"43050","0.39103517565386026","0.39103517565386026","0.39103517565386026"
"43059","0.39103517565386026","0.39103517565386026","0.39103517565386026"
"43065","0.39103517565386026","0.39103517565386026","0.39103517565386026"
"43068","0.39103517565386026","0.39103517565386026","0.39103517565386026"
"43077","0.39103517565386026","0.39103517565386026","0.39103517565386026"
"43089","0.39103517565386026","0.39103517565386026","0.39103517565386026"
"43090","0.39103517565386026","0.39103517565386026","0.39103517565386026"
"43094","0.39103517565386026","0.39103517565386026","0.39103517565386026"
"43103","0.39103517565386026","0.39103517565386026","0.39103517565386026"
"43112","0.3906351756639651","0.3906351756639651","0.3906351756639651"
"43113","0.39043517566901753","0.39043517566901753","0.39043517566901753"
"43124","0.3890351757043845","0.3890351757043845","0.3890351757043845"
"43137","0.3890351757043845","0.3890351757043845","0.3890351757043845"
"43146","0.3890351757043845","0.3890351757043845","0.3890351757043845"
"43157","0.3890351757043845","0.3890351757043845","0.3890351757043845"
"43167","0.3890351757043845","0.3890351757043845","0.3890351757043845"
"43189","0.3890351757043845","0.3890351757043845","0.3890351757043845"
"43190","0.3890351757043845","0.3890351757043845","0.3890351757043845"
"43192","0.3890351757043845","0.3890351757043845","0.3890351757043845"
"43199","0.3890351757043845","0.3890351757043845","0.3890351757043845"
"43201","0.3890351757043845","0.3890351757043845","0.3890351757043845"
"43225","0.38803517572964663","0.38803517572964663","0.38803517572964663"
"43226","0.38783517573469906","0.38783517573469906","0.38783517573469906"
"43236","0.38703517575490876","0.38703517575490876","0.38703517575490876"
"43237","0.38703517575490876","0.38703517575490876","0.38703517575490876"
"43244","0.38703517575490876","0.38703517575490876","0.38703517575490876"
"43256","0.38703517575490876","0.38703517575490876","0.38703517575490876"
"43257","0.38703517575490876","0.38703517575490876","0.38703517575490876"
"43266","0.38703517575490876","0.38703517575490876","0.38703517575490876"
"43267","0.38703517575490876","0.38703517575490876","0.38703517575490876"
"43278","0.38703517575490876","0.38703517575490876","0.38703517575490876"
"43282","0.38703517575490876","0.38703517575490876","0.38703517575490876"
"43286","0.38703517575490876","0.38703517575490876","0.38703517575490876"
"43288","0.38703517575490876","0.38703517575490876","0.38703517575490876"
"43294","0.38703517575490876","0.38703517575490876","0.38703517575490876"
"43299","0.38703517575490876","0.38703517575490876","0.38703517575490876"
"43303","0.38703517575490876","0.38703517575490876","0.38703517575490876"
"43310","0.38703517575490876","0.38703517575490876","0.38703517575490876"
"43321","0.38703517575490876","0.38703517575490876","0.38703517575490876"
"43323","0.38703517575490876","0.38703517575490876","0.38703517575490876"
"43331","0.3868351757599612","0.3868351757599612","0.3868351757599612"
"43336","0.3858351757852233","0.3858351757852233","0.3858351757852233"
"43346","0.385035175805433","0.385035175805433","0.385035175805433"
"43347","0.385035175805433","0.385035175805433","0.385035175805433"
"43352","0.385035175805433","0.385035175805433","0.385035175805433"
"43364","0.385035175805433","0.385035175805433","0.385035175805433"
"43366","0.385035175805433","0.385035175805433","0.385035175805433"
"43408","0.385035175805433","0.385035175805433","0.385035175805433"
"43414","0.385035175805433","0.385035175805433","0.385035175805433"
"43416","0.385035175805433","0.385035175805433","0.385035175805433"
"43426","0.385035175805433","0.385035175805433","0.385035175805433"
"43428","0.385035175805433","0.385035175805433","0.385035175805433"
"43441","0.3852351758003806","0.3852351758003806","0.3852351758003806"
"43443","0.38563517579027573","0.38563517579027573","0.38563517579027573"
"43452","0.38703517575490876","0.38703517575490876","0.38703517575490876"
"43454","0.38703517575490876","0.38703517575490876","0.38703517575490876"
"43456","0.38703517575490876","0.38703517575490876","0.38703517575490876"
"43459","0.38703517575490876","0.38703517575490876","0.38703517575490876"
"43461","0.38703517575490876","0.38703517575490876","0.38703517575490876"
"43463","0.38703517575490876","0.38703517575490876","0.38703517575490876"
"43466","0.38703517575490876","0.38703517575490876","0.38703517575490876"
"43498","0.38703517575490876","0.38703517575490876","0.38703517575490876"
"43513","0.38703517575490876","0.38703517575490876","0.38703517575490876"
"43527","0.38703517575490876","0.38703517575490876","0.38703517575490876"
"43536","0.38703517575490876","0.38703517575490876","0.38703517575490876"
"43540","0.38703517575490876","0.38703517575490876","0.38703517575490876"
"43542","0.38703517575490876","0.38703517575490876","0.38703517575490876"
"43546","0.38703517575490876","0.38703517575490876","0.38703517575490876"
"43547","0.38703517575490876","0.38703517575490876","0.38703517575490876"
"43553","0.3876351757397515","0.3876351757397515","0.3876351757397515"
"43556","0.3882351757245942","0.3882351757245942","0.3882351757245942"
"43557","0.3884351757195418","0.3884351757195418","0.3884351757195418"
"43558","0.38863517571448936","0.38863517571448936","0.38863517571448936"
"43570","0.3890351757043845","0.3890351757043845","0.3890351757043845"
"43578","0.3890351757043845","0.3890351757043845","0.3890351757043845"
"43581","0.3890351757043845","0.3890351757043845","0.3890351757043845"
"43582","0.3890351757043845","0.3890351757043845","0.3890351757043845"
"43587","0.3890351757043845","0.3890351757043845","0.3890351757043845"
"43597","0.3890351757043845","0.3890351757043845","0.3890351757043845"
"43598","0.3890351757043845","0.3890351757043845","0.3890351757043845"
"43614","0.3890351757043845","0.3890351757043845","0.3890351757043845"
"43618","0.3890351757043845","0.3890351757043845","0.3890351757043845"
"43622","0.3890351757043845","0.3890351757043845","0.3890351757043845"
"43627","0.3890351757043845","0.3890351757043845","0.3890351757043845"
"43629","0.3890351757043845","0.3890351757043845","0.3890351757043845"
"43630","0.3890351757043845","0.3890351757043845","0.3890351757043845"
"43633","0.3890351757043845","0.3890351757043845","0.3890351757043845"
"43639","0.3890351757043845","0.3890351757043845","0.3890351757043845"
"43646","0.3890351757043845","0.3890351757043845","0.3890351757043845"
"43653","0.3890351757043845","0.3890351757043845","0.3890351757043845"
"43657","0.3890351757043845","0.3890351757043845","0.3890351757043845"
"43659","0.3890351757043845","0.3890351757043845","0.3890351757043845"
"43661","0.38883517570943693","0.38883517570943693","0.38883517570943693"
"43674","0.38703517575490876","0.38703517575490876","0.38703517575490876"
"43677","0.38703517575490876","0.38703517575490876","0.38703517575490876"
"43682","0.38703517575490876","0.38703517575490876","0.38703517575490876"
"43691","0.38703517575490876","0.38703517575490876","0.38703517575490876"
"43695","0.38703517575490876","0.38703517575490876","0.38703517575490876"
"43709","0.38703517575490876","0.38703517575490876","0.38703517575490876"
"43718","0.38703517575490876","0.38703517575490876","0.38703517575490876"
"43719","0.38703517575490876","0.38703517575490876","0.38703517575490876"
"43724","0.38703517575490876","0.38703517575490876","0.38703517575490876"
"43727","0.38703517575490876","0.38703517575490876","0.38703517575490876"
"43732","0.38703517575490876","0.38703517575490876","0.38703517575490876"
"43735","0.38703517575490876","0.38703517575490876","0.38703517575490876"
"43741","0.38703517575490876","0.38703517575490876","0.38703517575490876"
"43752","0.38703517575490876","0.38703517575490876","0.38703517575490876"
"43776","0.3882351757245942","0.3882351757245942","0.3882351757245942"
"43784","0.3890351757043845","0.3890351757043845","0.3890351757043845"
"43798","0.3890351757043845","0.3890351757043845","0.3890351757043845"
"43800","0.3890351757043845","0.3890351757043845","0.3890351757043845"
"43805","0.3890351757043845","0.3890351757043845","0.3890351757043845"
"43811","0.3890351757043845","0.3890351757043845","0.3890351757043845"
"43812","0.3890351757043845","0.3890351757043845","0.3890351757043845"
"43814","0.3890351757043845","0.3890351757043845","0.3890351757043845"
"43821","0.3890351757043845","0.3890351757043845","0.3890351757043845"
"43823","0.3890351757043845","0.3890351757043845","0.3890351757043845"
"43824","0.3890351757043845","0.3890351757043845","0.3890351757043845"
"43825","0.3890351757043845","0.3890351757043845","0.3890351757043845"
"43829","0.3890351757043845","0.3890351757043845","0.3890351757043845"
"43830","0.3890351757043845","0.3890351757043845","0.3890351757043845"
"43832","0.3890351757043845","0.3890351757043845","0.3890351757043845"
"43837","0.3890351757043845","0.3890351757043845","0.3890351757043845"
"43851","0.3890351757043845","0.3890351757043845","0.3890351757043845"
"43852","0.3890351757043845","0.3890351757043845","0.3890351757043845"
"43854","0.3890351757043845","0.3890351757043845","0.3890351757043845"
"43856","0.3890351757043845","0.3890351757043845","0.3890351757043845"
"43857","0.3890351757043845","0.3890351757043845","0.3890351757043845"
"43861","0.3890351757043845","0.3890351757043845","0.3890351757043845"
"43867","0.3890351757043845","0.3890351757043845","0.3890351757043845"
"43871","0.3890351757043845","0.3890351757043845","0.3890351757043845"
"43874","0.3890351757043845","0.3890351757043845","0.3890351757043845"
"43875","0.3890351757043845","0.3890351757043845","0.3890351757043845"
"43882","0.38863517571448936","0.38863517571448936","0.38863517571448936"
"43883","0.3884351757195418","0.3884351757195418","0.3884351757195418"
"43884","0.3882351757245942","0.3882351757245942","0.3882351757245942"
"43886","0.38783517573469906","0.38783517573469906","0.38783517573469906"
"43887","0.3876351757397515","0.3876351757397515","0.3876351757397515"
"43902","0.38703517575490876","0.38703517575490876","0.38703517575490876"
"43905","0.38703517575490876","0.38703517575490876","0.38703517575490876"
"43906","0.38703517575490876","0.38703517575490876","0.38703517575490876"
"43914","0.38703517575490876","0.38703517575490876","0.38703517575490876"
"43926","0.38703517575490876","0.38703517575490876","0.38703517575490876"
"43936","0.38703517575490876","0.38703517575490876","0.38703517575490876"
"43945","0.38703517575490876","0.38703517575490876","0.38703517575490876"
"43948","0.38703517575490876","0.38703517575490876","0.38703517575490876"
"43950","0.38703517575490876","0.38703517575490876","0.38703517575490876"
"43968","0.38703517575490876","0.38703517575490876","0.38703517575490876"
"43970","0.38703517575490876","0.38703517575490876","0.38703517575490876"
"43972","0.38703517575490876","0.38703517575490876","0.38703517575490876"
"43987","0.38703517575490876","0.38703517575490876","0.38703517575490876"
"43988","0.38703517575490876","0.38703517575490876","0.38703517575490876"
"43996","0.3882351757245942","0.3882351757245942","0.3882351757245942"
"44001","0.3890351757043845","0.3890351757043845","0.3890351757043845"
"44024","0.3890351757043845","0.3890351757043845","0.3890351757043845"
"44031","0.3890351757043845","0.3890351757043845","0.3890351757043845"
"44033","0.3890351757043845","0.3890351757043845","0.3890351757043845"
"44034","0.3890351757043845","0.3890351757043845","0.3890351757043845"
"44043","0.3890351757043845","0.3890351757043845","0.3890351757043845"
"44051","0.3890351757043845","0.3890351757043845","0.3890351757043845"
"44053","0.3890351757043845","0.3890351757043845","0.3890351757043845"
"44076","0.3890351757043845","0.3890351757043845","0.3890351757043845"
"44080","0.3890351757043845","0.3890351757043845","0.3890351757043845"
"44085","0.3890351757043845","0.3890351757043845","0.3890351757043845"
"44087","0.3890351757043845","0.3890351757043845","0.3890351757043845"
"44091","0.3890351757043845","0.3890351757043845","0.3890351757043845"
"44094","0.3890351757043845","0.3890351757043845","0.3890351757043845"
"44100","0.3890351757043845","0.3890351757043845","0.3890351757043845"
"44106","0.39023517567406996","0.39023517567406996","0.39023517567406996"
"44126","0.39103517565386026","0.39103517565386026","0.39103517565386026"
"44132","0.39103517565386026","0.39103517565386026","0.39103517565386026"
"44133","0.39103517565386026","0.39103517565386026","0.39103517565386026"
"44153","0.39103517565386026","0.39103517565386026","0.39103517565386026"
"44154","0.39103517565386026","0.39103517565386026","0.39103517565386026"
"44162","0.39103517565386026","0.39103517565386026","0.39103517565386026"
"44163","0.39103517565386026","0.39103517565386026","0.39103517565386026"
"44173","0.39103517565386026","0.39103517565386026","0.39103517565386026"
"44183","0.39103517565386026","0.39103517565386026","0.39103517565386026"
"44186","0.39103517565386026","0.39103517565386026","0.39103517565386026"
"44197","0.39103517565386026","0.39103517565386026","0.39103517565386026"
"44199","0.39103517565386026","0.39103517565386026","0.39103517565386026"
"44201","0.39103517565386026","0.39103517565386026","0.39103517565386026"
"44203","0.39103517565386026","0.39103517565386026","0.39103517565386026"
"44207","0.39103517565386026","0.39103517565386026","0.39103517565386026"
"44213","0.39043517566901753","0.39043517566901753","0.39043517566901753"
"44227","0.3890351757043845","0.3890351757043845","0.3890351757043845"
"44236","0.3890351757043845","0.3890351757043845","0.3890351757043845"
"44238","0.3890351757043845","0.3890351757043845","0.3890351757043845"
"44251","0.3890351757043845","0.3890351757043845","0.3890351757043845"
"44261","0.3890351757043845","0.3890351757043845","0.3890351757043845"
"44272","0.3890351757043845","0.3890351757043845","0.3890351757043845"
"44273","0.3890351757043845","0.3890351757043845","0.3890351757043845"
"44277","0.3890351757043845","0.3890351757043845","0.3890351757043845"
"44279","0.3890351757043845","0.3890351757043845","0.3890351757043845"
"44290","0.3890351757043845","0.3890351757043845","0.3890351757043845"
"44291","0.3890351757043845","0.3890351757043845","0.3890351757043845"
"44299","0.3890351757043845","0.3890351757043845","0.3890351757043845"
"44300","0.3890351757043845","0.3890351757043845","0.3890351757043845"
"44312","0.3890351757043845","0.3890351757043845","0.3890351757043845"
"44325","0.3900351756791224","0.3900351756791224","0.3900351756791224"
"44328","0.3906351756639651","0.3906351756639651","0.3906351756639651"
"44332","0.39103517565386026","0.39103517565386026","0.39103517565386026"
"44334","0.39103517565386026","0.39103517565386026","0.39103517565386026"
"44335","0.39103517565386026","0.39103517565386026","0.39103517565386026"
"44351","0.39103517565386026","0.39103517565386026","0.39103517565386026"
"44355","0.39103517565386026","0.39103517565386026","0.39103517565386026"
"44357","0.39103517565386026","0.39103517565386026","0.39103517565386026"
"44360","0.39103517565386026","0.39103517565386026","0.39103517565386026"
"44365","0.39103517565386026","0.39103517565386026","0.39103517565386026"
"44368","0.39103517565386026","0.39103517565386026","0.39103517565386026"
"44372","0.39103517565386026","0.39103517565386026","0.39103517565386026"
"44378","0.39103517565386026","0.39103517565386026","0.39103517565386026"
"44390","0.39103517565386026","0.39103517565386026","0.39103517565386026"
"44396","0.39103517565386026","0.39103517565386026","0.39103517565386026"
"44400","0.39103517565386026","0.39103517565386026","0.39103517565386026"
"44419","0.39103517565386026","0.39103517565386026","0.39103517565386026"
"44427","0.39103517565386026","0.39103517565386026","0.39103517565386026"
"44432","0.3914351756437554","0.3914351756437554","0.3914351756437554"
"44433","0.391635175638703","0.391635175638703","0.391635175638703"
"44435","0.39203517562859813","0.39203517562859813","0.39203517562859813"
"44441","0.393035175603336","0.393035175603336","0.393035175603336"
"44442","0.393035175603336","0.393035175603336","0.393035175603336"
"44443","0.393035175603336","0.393035175603336","0.393035175603336"
"44444","0.393035175603336","0.393035175603336","0.393035175603336"
"44451","0.393035175603336","0.393035175603336","0.393035175603336"
"44455","0.393035175603336","0.393035175603336","0.393035175603336"
"44468","0.393035175603336","0.393035175603336","0.393035175603336"
"44475","0.393035175603336","0.393035175603336","0.393035175603336"
"44477","0.393035175603336","0.393035175603336","0.393035175603336"
"44481","0.393035175603336","0.393035175603336","0.393035175603336"
"44485","0.393035175603336","0.393035175603336","0.393035175603336"
"44490","0.393035175603336","0.393035175603336","0.393035175603336"
"44494","0.393035175603336","0.393035175603336","0.393035175603336"
"44499","0.393035175603336","0.393035175603336","0.393035175603336"
"44502","0.393035175603336","0.393035175603336","0.393035175603336"
"44506","0.393035175603336","0.393035175603336","0.393035175603336"
"44511","0.393035175603336","0.393035175603336","0.393035175603336"
"44514","0.393035175603336","0.393035175603336","0.393035175603336"
"44519","0.393035175603336","0.393035175603336","0.393035175603336"
"44525","0.393035175603336","0.393035175603336","0.393035175603336"
"44527","0.393035175603336","0.393035175603336","0.393035175603336"
"44538","0.393035175603336","0.393035175603336","0.393035175603336"
"44539","0.393035175603336","0.393035175603336","0.393035175603336"
"44540","0.393035175603336","0.393035175603336","0.393035175603336"
"44541","0.3932351755982836","0.3932351755982836","0.3932351755982836"
"44546","0.39423517557302146","0.39423517557302146","0.39423517557302146"
"44562","0.39503517555281176","0.39503517555281176","0.39503517555281176"
"44565","0.39503517555281176","0.39503517555281176","0.39503517555281176"
"44571","0.39503517555281176","0.39503517555281176","0.39503517555281176"
"44573","0.39503517555281176","0.39503517555281176","0.39503517555281176"
"44575","0.39503517555281176","0.39503517555281176","0.39503517555281176"
"44576","0.39503517555281176","0.39503517555281176","0.39503517555281176"
"44581","0.39503517555281176","0.39503517555281176","0.39503517555281176"
"44582","0.39503517555281176","0.39503517555281176","0.39503517555281176"
"44585","0.39503517555281176","0.39503517555281176","0.39503517555281176"
"44590","0.39503517555281176","0.39503517555281176","0.39503517555281176"
"44609","0.39503517555281176","0.39503517555281176","0.39503517555281176"
"44631","0.39503517555281176","0.39503517555281176","0.39503517555281176"
"44641","0.39503517555281176","0.39503517555281176","0.39503517555281176"
"44645","0.39503517555281176","0.39503517555281176","0.39503517555281176"
"44648","0.39503517555281176","0.39503517555281176","0.39503517555281176"
"44649","0.39503517555281176","0.39503517555281176","0.39503517555281176"
"44656","0.3938351755831263","0.3938351755831263","0.3938351755831263"
"44661","0.393035175603336","0.393035175603336","0.393035175603336"
"44662","0.393035175603336","0.393035175603336","0.393035175603336"
"44667","0.393035175603336","0.393035175603336","0.393035175603336"
"44669","0.393035175603336","0.393035175603336","0.393035175603336"
"44682","0.393035175603336","0.393035175603336","0.393035175603336"
"44686","0.393035175603336","0.393035175603336","0.393035175603336"
"44692","0.393035175603336","0.393035175603336","0.393035175603336"
"44693","0.393035175603336","0.393035175603336","0.393035175603336"
"44701","0.393035175603336","0.393035175603336","0.393035175603336"
"44702","0.393035175603336","0.393035175603336","0.393035175603336"
"44703","0.393035175603336","0.393035175603336","0.393035175603336"
"44705","0.393035175603336","0.393035175603336","0.393035175603336"
"44707","0.393035175603336","0.393035175603336","0.393035175603336"
"44711","0.393035175603336","0.393035175603336","0.393035175603336"
"44715","0.393035175603336","0.393035175603336","0.393035175603336"
"44717","0.393035175603336","0.393035175603336","0.393035175603336"
"44718","0.393035175603336","0.393035175603336","0.393035175603336"
"44725","0.393035175603336","0.393035175603336","0.393035175603336"
"44727","0.393035175603336","0.393035175603336","0.393035175603336"
"44729","0.393035175603336","0.393035175603336","0.393035175603336"
"44732","0.393035175603336","0.393035175603336","0.393035175603336"
"44739","0.393035175603336","0.393035175603336","0.393035175603336"
"44741","0.393035175603336","0.393035175603336","0.393035175603336"
"44751","0.393035175603336","0.393035175603336","0.393035175603336"
"44762","0.39343517559323116","0.39343517559323116","0.39343517559323116"
"44763","0.39363517558817873","0.39363517558817873","0.39363517558817873"
"44766","0.39423517557302146","0.39423517557302146","0.39423517557302146"
"44773","0.39503517555281176","0.39503517555281176","0.39503517555281176"
"44775","0.39503517555281176","0.39503517555281176","0.39503517555281176"
"44781","0.39503517555281176","0.39503517555281176","0.39503517555281176"
"44795","0.39503517555281176","0.39503517555281176","0.39503517555281176"
"44798","0.39503517555281176","0.39503517555281176","0.39503517555281176"
"44801","0.39503517555281176","0.39503517555281176","0.39503517555281176"
"44803","0.39503517555281176","0.39503517555281176","0.39503517555281176"
"44807","0.39503517555281176","0.39503517555281176","0.39503517555281176"
"44812","0.39503517555281176","0.39503517555281176","0.39503517555281176"
"44831","0.39503517555281176","0.39503517555281176","0.39503517555281176"
"44832","0.39503517555281176","0.39503517555281176","0.39503517555281176"
"44855","0.39503517555281176","0.39503517555281176","0.39503517555281176"
"44860","0.39503517555281176","0.39503517555281176","0.39503517555281176"
"44893","0.3970351755022875","0.3970351755022875","0.3970351755022875"
"44913","0.3970351755022875","0.3970351755022875","0.3970351755022875"
"44916","0.3970351755022875","0.3970351755022875","0.3970351755022875"
"44918","0.3970351755022875","0.3970351755022875","0.3970351755022875"
"44920","0.3970351755022875","0.3970351755022875","0.3970351755022875"
"44928","0.3970351755022875","0.3970351755022875","0.3970351755022875"
"44929","0.3970351755022875","0.3970351755022875","0.3970351755022875"
"44935","0.3970351755022875","0.3970351755022875","0.3970351755022875"
"44942","0.3970351755022875","0.3970351755022875","0.3970351755022875"
"44947","0.3970351755022875","0.3970351755022875","0.3970351755022875"
"44948","0.3970351755022875","0.3970351755022875","0.3970351755022875"
"44949","0.3970351755022875","0.3970351755022875","0.3970351755022875"
"44950","0.3970351755022875","0.3970351755022875","0.3970351755022875"
"44960","0.3970351755022875","0.3970351755022875","0.3970351755022875"
"44963","0.3970351755022875","0.3970351755022875","0.3970351755022875"
"44966","0.3970351755022875","0.3970351755022875","0.3970351755022875"
"44969","0.3970351755022875","0.3970351755022875","0.3970351755022875"
"44987","0.3956351755376545","0.3956351755376545","0.3956351755376545"
"44999","0.39503517555281176","0.39503517555281176","0.39503517555281176"
"45000","0.39503517555281176","0.39503517555281176","0.39503517555281176"
"45002","0.39503517555281176","0.39503517555281176","0.39503517555281176"
"45009","0.39503517555281176","0.39503517555281176","0.39503517555281176"
"45021","0.39503517555281176","0.39503517555281176","0.39503517555281176"
"45025","0.39503517555281176","0.39503517555281176","0.39503517555281176"
"45037","0.39503517555281176","0.39503517555281176","0.39503517555281176"
"45039","0.39503517555281176","0.39503517555281176","0.39503517555281176"
"45040","0.39503517555281176","0.39503517555281176","0.39503517555281176"
"45050","0.39503517555281176","0.39503517555281176","0.39503517555281176"
"45065","0.39503517555281176","0.39503517555281176","0.39503517555281176"
"45068","0.39503517555281176","0.39503517555281176","0.39503517555281176"
"45073","0.39503517555281176","0.39503517555281176","0.39503517555281176"
"45075","0.39503517555281176","0.39503517555281176","0.39503517555281176"
"45077","0.39503517555281176","0.39503517555281176","0.39503517555281176"
"45083","0.39503517555281176","0.39503517555281176","0.39503517555281176"
"45085","0.39503517555281176","0.39503517555281176","0.39503517555281176"
"45091","0.39523517554775933","0.39523517554775933","0.39523517554775933"
"45092","0.3954351755427069","0.3954351755427069","0.3954351755427069"
"45096","0.3962351755224972","0.3962351755224972","0.3962351755224972"
"45110","0.3970351755022875","0.3970351755022875","0.3970351755022875"
"45113","0.3970351755022875","0.3970351755022875","0.3970351755022875"
"45123","0.3970351755022875","0.3970351755022875","0.3970351755022875"
"45124","0.3970351755022875","0.3970351755022875","0.3970351755022875"
"45128","0.3970351755022875","0.3970351755022875","0.3970351755022875"
"45132","0.3970351755022875","0.3970351755022875","0.3970351755022875"
"45139","0.3970351755022875","0.3970351755022875","0.3970351755022875"
"45144","0.3970351755022875","0.3970351755022875","0.3970351755022875"
"45150","0.3970351755022875","0.3970351755022875","0.3970351755022875"
"45158","0.3970351755022875","0.3970351755022875","0.3970351755022875"
"45160","0.3970351755022875","0.3970351755022875","0.3970351755022875"
"45165","0.3970351755022875","0.3970351755022875","0.3970351755022875"
"45170","0.3970351755022875","0.3970351755022875","0.3970351755022875"
"45183","0.3970351755022875","0.3970351755022875","0.3970351755022875"
"45188","0.3970351755022875","0.3970351755022875","0.3970351755022875"
"45189","0.3970351755022875","0.3970351755022875","0.3970351755022875"
"45190","0.3970351755022875","0.3970351755022875","0.3970351755022875"
"45191","0.3970351755022875","0.3970351755022875","0.3970351755022875"
"45194","0.3970351755022875","0.3970351755022875","0.3970351755022875"
"45200","0.3970351755022875","0.3970351755022875","0.3970351755022875"
"45206","0.39823517547197296","0.39823517547197296","0.39823517547197296"
"45223","0.39903517545176326","0.39903517545176326","0.39903517545176326"
"45224","0.39903517545176326","0.39903517545176326","0.39903517545176326"
"45238","0.39903517545176326","0.39903517545176326","0.39903517545176326"
"45250","0.39903517545176326","0.39903517545176326","0.39903517545176326"
"45260","0.39903517545176326","0.39903517545176326","0.39903517545176326"
"45261","0.39903517545176326","0.39903517545176326","0.39903517545176326"
"45277","0.39903517545176326","0.39903517545176326","0.39903517545176326"
"45278","0.39903517545176326","0.39903517545176326","0.39903517545176326"
"45293","0.39903517545176326","0.39903517545176326","0.39903517545176326"
"45309","0.39903517545176326","0.39903517545176326","0.39903517545176326"
"45313","0.39843517546692053","0.39843517546692053","0.39843517546692053"
"45316","0.3978351754820778","0.3978351754820778","0.3978351754820778"
"45332","0.3970351755022875","0.3970351755022875","0.3970351755022875"
"45339","0.3970351755022875","0.3970351755022875","0.3970351755022875"
"45340","0.3970351755022875","0.3970351755022875","0.3970351755022875"
"45342","0.3970351755022875","0.3970351755022875","0.3970351755022875"
"45343","0.3970351755022875","0.3970351755022875","0.3970351755022875"
"45367","0.3970351755022875","0.3970351755022875","0.3970351755022875"
"45372","0.3970351755022875","0.3970351755022875","0.3970351755022875"
"45375","0.3970351755022875","0.3970351755022875","0.3970351755022875"
"45380","0.3970351755022875","0.3970351755022875","0.3970351755022875"
"45386","0.3970351755022875","0.3970351755022875","0.3970351755022875"
"45393","0.3970351755022875","0.3970351755022875","0.3970351755022875"
"45402","0.3970351755022875","0.3970351755022875","0.3970351755022875"
"45411","0.3970351755022875","0.3970351755022875","0.3970351755022875"
"45412","0.3970351755022875","0.3970351755022875","0.3970351755022875"
"45413","0.3970351755022875","0.3970351755022875","0.3970351755022875"
"45414","0.3970351755022875","0.3970351755022875","0.3970351755022875"
"45424","0.3962351755224972","0.3962351755224972","0.3962351755224972"
"45431","0.39503517555281176","0.39503517555281176","0.39503517555281176"
"45442","0.39503517555281176","0.39503517555281176","0.39503517555281176"
"45443","0.39503517555281176","0.39503517555281176","0.39503517555281176"
"45453","0.39503517555281176","0.39503517555281176","0.39503517555281176"
"45473","0.39503517555281176","0.39503517555281176","0.39503517555281176"
"45477","0.39503517555281176","0.39503517555281176","0.39503517555281176"
"45483","0.39503517555281176","0.39503517555281176","0.39503517555281176"
"45493","0.39503517555281176","0.39503517555281176","0.39503517555281176"
"45496","0.39503517555281176","0.39503517555281176","0.39503517555281176"
"45497","0.39503517555281176","0.39503517555281176","0.39503517555281176"
"45498","0.39503517555281176","0.39503517555281176","0.39503517555281176"
"45500","0.39503517555281176","0.39503517555281176","0.39503517555281176"
"45505","0.39503517555281176","0.39503517555281176","0.39503517555281176"
"45519","0.39503517555281176","0.39503517555281176","0.39503517555281176"
"45526","0.39503517555281176","0.39503517555281176","0.39503517555281176"
"45528","0.39503517555281176","0.39503517555281176","0.39503517555281176"
"45531","0.3948351755578642","0.3948351755578642","0.3948351755578642"
"45533","0.39443517556796903","0.39443517556796903","0.39443517556796903"
"45537","0.39363517558817873","0.39363517558817873","0.39363517558817873"
"45547","0.393035175603336","0.393035175603336","0.393035175603336"
"45548","0.393035175603336","0.393035175603336","0.393035175603336"
"45556","0.393035175603336","0.393035175603336","0.393035175603336"
"45572","0.393035175603336","0.393035175603336","0.393035175603336"
"45579","0.393035175603336","0.393035175603336","0.393035175603336"
"45581","0.393035175603336","0.393035175603336","0.393035175603336"
"45585","0.393035175603336","0.393035175603336","0.393035175603336"
"45586","0.393035175603336","0.393035175603336","0.393035175603336"
"45588","0.393035175603336","0.393035175603336","0.393035175603336"
"45594","0.393035175603336","0.393035175603336","0.393035175603336"
"45599","0.393035175603336","0.393035175603336","0.393035175603336"
"45606","0.393035175603336","0.393035175603336","0.393035175603336"
"45609","0.393035175603336","0.393035175603336","0.393035175603336"
"45611","0.393035175603336","0.393035175603336","0.393035175603336"
"45625","0.393035175603336","0.393035175603336","0.393035175603336"
"45628","0.393035175603336","0.393035175603336","0.393035175603336"
"45635","0.393035175603336","0.393035175603336","0.393035175603336"
"45638","0.393035175603336","0.393035175603336","0.393035175603336"
"45644","0.3938351755831263","0.3938351755831263","0.3938351755831263"
"45647","0.39443517556796903","0.39443517556796903","0.39443517556796903"
"45657","0.39503517555281176","0.39503517555281176","0.39503517555281176"
"45658","0.39503517555281176","0.39503517555281176","0.39503517555281176"
"45662","0.39503517555281176","0.39503517555281176","0.39503517555281176"
"45663","0.39503517555281176","0.39503517555281176","0.39503517555281176"
"45670","0.39503517555281176","0.39503517555281176","0.39503517555281176"
"45673","0.39503517555281176","0.39503517555281176","0.39503517555281176"
"45701","0.39503517555281176","0.39503517555281176","0.39503517555281176"
"45707","0.39503517555281176","0.39503517555281176","0.39503517555281176"
"45709","0.39503517555281176","0.39503517555281176","0.39503517555281176"
"45724","0.39503517555281176","0.39503517555281176","0.39503517555281176"
"45725","0.39503517555281176","0.39503517555281176","0.39503517555281176"
"45730","0.39503517555281176","0.39503517555281176","0.39503517555281176"
"45731","0.39503517555281176","0.39503517555281176","0.39503517555281176"
"45733","0.39503517555281176","0.39503517555281176","0.39503517555281176"
"45735","0.39503517555281176","0.39503517555281176","0.39503517555281176"
"45736","0.39503517555281176","0.39503517555281176","0.39503517555281176"
"45738","0.39503517555281176","0.39503517555281176","0.39503517555281176"
"45740","0.39503517555281176","0.39503517555281176","0.39503517555281176"
"45745","0.39503517555281176","0.39503517555281176","0.39503517555281176"
"45749","0.39503517555281176","0.39503517555281176","0.39503517555281176"
"45750","0.39503517555281176","0.39503517555281176","0.39503517555281176"
"45753","0.39443517556796903","0.39443517556796903","0.39443517556796903"
"45755","0.3940351755780739","0.3940351755780739","0.3940351755780739"
"45771","0.393035175603336","0.393035175603336","0.393035175603336"
"45772","0.393035175603336","0.393035175603336","0.393035175603336"
"45774","0.393035175603336","0.393035175603336","0.393035175603336"
"45783","0.393035175603336","0.393035175603336","0.393035175603336"
"45785","0.393035175603336","0.393035175603336","0.393035175603336"
"45798","0.393035175603336","0.393035175603336","0.393035175603336"
"45800","0.393035175603336","0.393035175603336","0.393035175603336"
"45808","0.393035175603336","0.393035175603336","0.393035175603336"
"45810","0.393035175603336","0.393035175603336","0.393035175603336"
"45815","0.393035175603336","0.393035175603336","0.393035175603336"
"45818","0.393035175603336","0.393035175603336","0.393035175603336"
"45826","0.393035175603336","0.393035175603336","0.393035175603336"
"45835","0.393035175603336","0.393035175603336","0.393035175603336"
"45839","0.393035175603336","0.393035175603336","0.393035175603336"
"45846","0.393035175603336","0.393035175603336","0.393035175603336"
"45856","0.393035175603336","0.393035175603336","0.393035175603336"
"45868","0.3946351755629166","0.3946351755629166","0.3946351755629166"
"45869","0.3948351755578642","0.3948351755578642","0.3948351755578642"
"45881","0.39503517555281176","0.39503517555281176","0.39503517555281176"
"45893","0.39503517555281176","0.39503517555281176","0.39503517555281176"
"45894","0.39503517555281176","0.39503517555281176","0.39503517555281176"
"45899","0.39503517555281176","0.39503517555281176","0.39503517555281176"
"45904","0.39503517555281176","0.39503517555281176","0.39503517555281176"
"45908","0.39503517555281176","0.39503517555281176","0.39503517555281176"
"45912","0.39503517555281176","0.39503517555281176","0.39503517555281176"
"45918","0.39503517555281176","0.39503517555281176","0.39503517555281176"
"45920","0.39503517555281176","0.39503517555281176","0.39503517555281176"
"45924","0.39503517555281176","0.39503517555281176","0.39503517555281176"
"45925","0.39503517555281176","0.39503517555281176","0.39503517555281176"
"45928","0.39503517555281176","0.39503517555281176","0.39503517555281176"
"45933","0.39503517555281176","0.39503517555281176","0.39503517555281176"
"45943","0.39503517555281176","0.39503517555281176","0.39503517555281176"
"45945","0.39503517555281176","0.39503517555281176","0.39503517555281176"
"45956","0.39503517555281176","0.39503517555281176","0.39503517555281176"
"45964","0.39503517555281176","0.39503517555281176","0.39503517555281176"
"45970","0.39503517555281176","0.39503517555281176","0.39503517555281176"
"45981","0.3970351755022875","0.3970351755022875","0.3970351755022875"
"45982","0.3970351755022875","0.3970351755022875","0.3970351755022875"
"45987","0.3970351755022875","0.3970351755022875","0.3970351755022875"
"45988","0.3970351755022875","0.3970351755022875","0.3970351755022875"
"46001","0.3970351755022875","0.3970351755022875","0.3970351755022875"
"46003","0.3970351755022875","0.3970351755022875","0.3970351755022875"
"46004","0.3970351755022875","0.3970351755022875","0.3970351755022875"
"46005","0.3970351755022875","0.3970351755022875","0.3970351755022875"
"46011","0.3970351755022875","0.3970351755022875","0.3970351755022875"
"46018","0.3970351755022875","0.3970351755022875","0.3970351755022875"
"46024","0.3970351755022875","0.3970351755022875","0.3970351755022875"
"46028","0.3970351755022875","0.3970351755022875","0.3970351755022875"
"46030","0.3970351755022875","0.3970351755022875","0.3970351755022875"
"46039","0.3970351755022875","0.3970351755022875","0.3970351755022875"
"46049","0.3970351755022875","0.3970351755022875","0.3970351755022875"
"46050","0.3970351755022875","0.3970351755022875","0.3970351755022875"
"46060","0.3970351755022875","0.3970351755022875","0.3970351755022875"
"46068","0.3970351755022875","0.3970351755022875","0.3970351755022875"
"46072","0.3970351755022875","0.3970351755022875","0.3970351755022875"
"46092","0.39903517545176326","0.39903517545176326","0.39903517545176326"
"46093","0.39903517545176326","0.39903517545176326","0.39903517545176326"
"46094","0.39903517545176326","0.39903517545176326","0.39903517545176326"
"46098","0.39903517545176326","0.39903517545176326","0.39903517545176326"
"46107","0.39903517545176326","0.39903517545176326","0.39903517545176326"
"46117","0.39903517545176326","0.39903517545176326","0.39903517545176326"
"46118","0.39903517545176326","0.39903517545176326","0.39903517545176326"
"46126","0.39903517545176326","0.39903517545176326","0.39903517545176326"
"46135","0.39903517545176326","0.39903517545176326","0.39903517545176326"
"46140","0.39903517545176326","0.39903517545176326","0.39903517545176326"
"46142","0.39903517545176326","0.39903517545176326","0.39903517545176326"
"46143","0.39903517545176326","0.39903517545176326","0.39903517545176326"
"46149","0.39903517545176326","0.39903517545176326","0.39903517545176326"
"46151","0.39903517545176326","0.39903517545176326","0.39903517545176326"
"46157","0.39903517545176326","0.39903517545176326","0.39903517545176326"
"46161","0.39903517545176326","0.39903517545176326","0.39903517545176326"
"46162","0.39903517545176326","0.39903517545176326","0.39903517545176326"
"46163","0.39903517545176326","0.39903517545176326","0.39903517545176326"
"46166","0.39903517545176326","0.39903517545176326","0.39903517545176326"
"46169","0.39903517545176326","0.39903517545176326","0.39903517545176326"
"46184","0.39903517545176326","0.39903517545176326","0.39903517545176326"
"46194","0.39983517543155356","0.39983517543155356","0.39983517543155356"
"46208","0.401035175401239","0.401035175401239","0.401035175401239"
"46213","0.401035175401239","0.401035175401239","0.401035175401239"
"46221","0.401035175401239","0.401035175401239","0.401035175401239"
"46227","0.401035175401239","0.401035175401239","0.401035175401239"
"46235","0.401035175401239","0.401035175401239","0.401035175401239"
"46242","0.401035175401239","0.401035175401239","0.401035175401239"
"46243","0.401035175401239","0.401035175401239","0.401035175401239"
"46244","0.401035175401239","0.401035175401239","0.401035175401239"
"46246","0.401035175401239","0.401035175401239","0.401035175401239"
"46256","0.401035175401239","0.401035175401239","0.401035175401239"
"46268","0.401035175401239","0.401035175401239","0.401035175401239"
"46272","0.401035175401239","0.401035175401239","0.401035175401239"
"46277","0.401035175401239","0.401035175401239","0.401035175401239"
"46280","0.401035175401239","0.401035175401239","0.401035175401239"
"46288","0.401035175401239","0.401035175401239","0.401035175401239"
"46297","0.401035175401239","0.401035175401239","0.401035175401239"
"46307","0.399635175436606","0.399635175436606","0.399635175436606"
"46310","0.39903517545176326","0.39903517545176326","0.39903517545176326"
"46311","0.39903517545176326","0.39903517545176326","0.39903517545176326"
"46324","0.39903517545176326","0.39903517545176326","0.39903517545176326"
"46339","0.39903517545176326","0.39903517545176326","0.39903517545176326"
"46340","0.39903517545176326","0.39903517545176326","0.39903517545176326"
"46341","0.39903517545176326","0.39903517545176326","0.39903517545176326"
"46347","0.39903517545176326","0.39903517545176326","0.39903517545176326"
"46351","0.39903517545176326","0.39903517545176326","0.39903517545176326"
"46353","0.39903517545176326","0.39903517545176326","0.39903517545176326"
"46362","0.39903517545176326","0.39903517545176326","0.39903517545176326"
"46368","0.39903517545176326","0.39903517545176326","0.39903517545176326"
"46373","0.39903517545176326","0.39903517545176326","0.39903517545176326"
"46391","0.39903517545176326","0.39903517545176326","0.39903517545176326"
"46401","0.39903517545176326","0.39903517545176326","0.39903517545176326"
"46403","0.39903517545176326","0.39903517545176326","0.39903517545176326"
"46410","0.39903517545176326","0.39903517545176326","0.39903517545176326"
"46411","0.39923517544671083","0.39923517544671083","0.39923517544671083"
"46425","0.401035175401239","0.401035175401239","0.401035175401239"
"46426","0.401035175401239","0.401035175401239","0.401035175401239"
"46437","0.401035175401239","0.401035175401239","0.401035175401239"
"46441","0.401035175401239","0.401035175401239","0.401035175401239"
"46445","0.401035175401239","0.401035175401239","0.401035175401239"
"46447","0.401035175401239","0.401035175401239","0.401035175401239"
"46451","0.401035175401239","0.401035175401239","0.401035175401239"
"46465","0.401035175401239","0.401035175401239","0.401035175401239"
"46470","0.401035175401239","0.401035175401239","0.401035175401239"
"46486","0.401035175401239","0.401035175401239","0.401035175401239"
"46494","0.401035175401239","0.401035175401239","0.401035175401239"
"46495","0.401035175401239","0.401035175401239","0.401035175401239"
"46496","0.401035175401239","0.401035175401239","0.401035175401239"
"46525","0.40003517542650113","0.40003517542650113","0.40003517542650113"
"46526","0.39983517543155356","0.39983517543155356","0.39983517543155356"
"46529","0.39923517544671083","0.39923517544671083","0.39923517544671083"
"46531","0.39903517545176326","0.39903517545176326","0.39903517545176326"
"46543","0.39903517545176326","0.39903517545176326","0.39903517545176326"
"46544","0.39903517545176326","0.39903517545176326","0.39903517545176326"
"46551","0.39903517545176326","0.39903517545176326","0.39903517545176326"
"46552","0.39903517545176326","0.39903517545176326","0.39903517545176326"
"46556","0.39903517545176326","0.39903517545176326","0.39903517545176326"
"46560","0.39903517545176326","0.39903517545176326","0.39903517545176326"
"46562","0.39903517545176326","0.39903517545176326","0.39903517545176326"
"46563","0.39903517545176326","0.39903517545176326","0.39903517545176326"
"46567","0.39903517545176326","0.39903517545176326","0.39903517545176326"
"46605","0.39903517545176326","0.39903517545176326","0.39903517545176326"
"46608","0.39903517545176326","0.39903517545176326","0.39903517545176326"
"46627","0.39903517545176326","0.39903517545176326","0.39903517545176326"
"46631","0.3988351754568157","0.3988351754568157","0.3988351754568157"
"46632","0.3986351754618681","0.3986351754618681","0.3986351754618681"
"46634","0.39823517547197296","0.39823517547197296","0.39823517547197296"
"46636","0.3978351754820778","0.3978351754820778","0.3978351754820778"
"46646","0.3970351755022875","0.3970351755022875","0.3970351755022875"
"46647","0.3970351755022875","0.3970351755022875","0.3970351755022875"
"46676","0.3970351755022875","0.3970351755022875","0.3970351755022875"
"46682","0.3970351755022875","0.3970351755022875","0.3970351755022875"
"46689","0.3970351755022875","0.3970351755022875","0.3970351755022875"
"46691","0.3970351755022875","0.3970351755022875","0.3970351755022875"
"46707","0.3970351755022875","0.3970351755022875","0.3970351755022875"
"46714","0.3970351755022875","0.3970351755022875","0.3970351755022875"
"46721","0.3970351755022875","0.3970351755022875","0.3970351755022875"
"46727","0.3970351755022875","0.3970351755022875","0.3970351755022875"
"46733","0.3970351755022875","0.3970351755022875","0.3970351755022875"
"46744","0.3962351755224972","0.3962351755224972","0.3962351755224972"
"46757","0.39503517555281176","0.39503517555281176","0.39503517555281176"
"46765","0.39503517555281176","0.39503517555281176","0.39503517555281176"
"46768","0.39503517555281176","0.39503517555281176","0.39503517555281176"
"46770","0.39503517555281176","0.39503517555281176","0.39503517555281176"
"46794","0.39503517555281176","0.39503517555281176","0.39503517555281176"
"46795","0.39503517555281176","0.39503517555281176","0.39503517555281176"
"46801","0.39503517555281176","0.39503517555281176","0.39503517555281176"
"46805","0.39503517555281176","0.39503517555281176","0.39503517555281176"
"46824","0.39503517555281176","0.39503517555281176","0.39503517555281176"
"46831","0.39503517555281176","0.39503517555281176","0.39503517555281176"
"46832","0.39503517555281176","0.39503517555281176","0.39503517555281176"
"46834","0.39503517555281176","0.39503517555281176","0.39503517555281176"
"46872","0.3970351755022875","0.3970351755022875","0.3970351755022875"
"46884","0.3970351755022875","0.3970351755022875","0.3970351755022875"
"46892","0.3970351755022875","0.3970351755022875","0.3970351755022875"
"46894","0.3970351755022875","0.3970351755022875","0.3970351755022875"
"46902","0.3970351755022875","0.3970351755022875","0.3970351755022875"
"46907","0.3970351755022875","0.3970351755022875","0.3970351755022875"
"46908","0.3970351755022875","0.3970351755022875","0.3970351755022875"
"46916","0.3970351755022875","0.3970351755022875","0.3970351755022875"
"46917","0.3970351755022875","0.3970351755022875","0.3970351755022875"
"46918","0.3970351755022875","0.3970351755022875","0.3970351755022875"
"46934","0.3970351755022875","0.3970351755022875","0.3970351755022875"
"46947","0.3970351755022875","0.3970351755022875","0.3970351755022875"
"46949","0.3970351755022875","0.3970351755022875","0.3970351755022875"
"46954","0.3970351755022875","0.3970351755022875","0.3970351755022875"
"46955","0.3970351755022875","0.3970351755022875","0.3970351755022875"
"46957","0.3970351755022875","0.3970351755022875","0.3970351755022875"
"46966","0.39823517547197296","0.39823517547197296","0.39823517547197296"
"46972","0.39903517545176326","0.39903517545176326","0.39903517545176326"
"46973","0.39903517545176326","0.39903517545176326","0.39903517545176326"
"46978","0.39903517545176326","0.39903517545176326","0.39903517545176326"
"46979","0.39903517545176326","0.39903517545176326","0.39903517545176326"
"46983","0.39903517545176326","0.39903517545176326","0.39903517545176326"
"46987","0.39903517545176326","0.39903517545176326","0.39903517545176326"
"47005","0.39903517545176326","0.39903517545176326","0.39903517545176326"
"47006","0.39903517545176326","0.39903517545176326","0.39903517545176326"
"47011","0.39903517545176326","0.39903517545176326","0.39903517545176326"
"47019","0.39903517545176326","0.39903517545176326","0.39903517545176326"
"47032","0.39903517545176326","0.39903517545176326","0.39903517545176326"
"47034","0.39903517545176326","0.39903517545176326","0.39903517545176326"
"47036","0.39903517545176326","0.39903517545176326","0.39903517545176326"
"47037","0.39903517545176326","0.39903517545176326","0.39903517545176326"
"47038","0.39903517545176326","0.39903517545176326","0.39903517545176326"
"47039","0.39903517545176326","0.39903517545176326","0.39903517545176326"
"47051","0.39903517545176326","0.39903517545176326","0.39903517545176326"
"47052","0.39903517545176326","0.39903517545176326","0.39903517545176326"
"47058","0.39903517545176326","0.39903517545176326","0.39903517545176326"
"47062","0.39903517545176326","0.39903517545176326","0.39903517545176326"
"47063","0.39903517545176326","0.39903517545176326","0.39903517545176326"
"47065","0.39903517545176326","0.39903517545176326","0.39903517545176326"
"47069","0.39903517545176326","0.39903517545176326","0.39903517545176326"
"47070","0.39903517545176326","0.39903517545176326","0.39903517545176326"
"47082","0.401035175401239","0.401035175401239","0.401035175401239"
"47085","0.401035175401239","0.401035175401239","0.401035175401239"
"47090","0.401035175401239","0.401035175401239","0.401035175401239"
"47093","0.401035175401239","0.401035175401239","0.401035175401239"
"47097","0.401035175401239","0.401035175401239","0.401035175401239"
"47099","0.401035175401239","0.401035175401239","0.401035175401239"
"47101","0.401035175401239","0.401035175401239","0.401035175401239"
"47109","0.401035175401239","0.401035175401239","0.401035175401239"
"47117","0.401035175401239","0.401035175401239","0.401035175401239"
"47118","0.401035175401239","0.401035175401239","0.401035175401239"
"47121","0.401035175401239","0.401035175401239","0.401035175401239"
"47124","0.401035175401239","0.401035175401239","0.401035175401239"
"47131","0.401035175401239","0.401035175401239","0.401035175401239"
"47136","0.401035175401239","0.401035175401239","0.401035175401239"
"47137","0.401035175401239","0.401035175401239","0.401035175401239"
"47151","0.401035175401239","0.401035175401239","0.401035175401239"
"47166","0.401035175401239","0.401035175401239","0.401035175401239"
"47171","0.401035175401239","0.401035175401239","0.401035175401239"
"47178","0.401035175401239","0.401035175401239","0.401035175401239"
"47181","0.4012351753961866","0.4012351753961866","0.4012351753961866"
"47189","0.4028351753557672","0.4028351753557672","0.4028351753557672"
"47194","0.40303517535071476","0.40303517535071476","0.40303517535071476"
"47195","0.40303517535071476","0.40303517535071476","0.40303517535071476"
"47208","0.40303517535071476","0.40303517535071476","0.40303517535071476"
"47215","0.40303517535071476","0.40303517535071476","0.40303517535071476"
"47220","0.40303517535071476","0.40303517535071476","0.40303517535071476"
"47229","0.40303517535071476","0.40303517535071476","0.40303517535071476"
"47231","0.40303517535071476","0.40303517535071476","0.40303517535071476"
"47232","0.40303517535071476","0.40303517535071476","0.40303517535071476"
"47244","0.40303517535071476","0.40303517535071476","0.40303517535071476"
"47251","0.40303517535071476","0.40303517535071476","0.40303517535071476"
"47256","0.40303517535071476","0.40303517535071476","0.40303517535071476"
"47257","0.40303517535071476","0.40303517535071476","0.40303517535071476"
"47259","0.40303517535071476","0.40303517535071476","0.40303517535071476"
"47263","0.40303517535071476","0.40303517535071476","0.40303517535071476"
"47270","0.40303517535071476","0.40303517535071476","0.40303517535071476"
"47273","0.40303517535071476","0.40303517535071476","0.40303517535071476"
"47276","0.40303517535071476","0.40303517535071476","0.40303517535071476"
"47281","0.40303517535071476","0.40303517535071476","0.40303517535071476"
"47282","0.40303517535071476","0.40303517535071476","0.40303517535071476"
"47283","0.40303517535071476","0.40303517535071476","0.40303517535071476"
"47284","0.40303517535071476","0.40303517535071476","0.40303517535071476"
"47300","0.4050351753001905","0.4050351753001905","0.4050351753001905"
"47304","0.4050351753001905","0.4050351753001905","0.4050351753001905"
"47305","0.4050351753001905","0.4050351753001905","0.4050351753001905"
"47311","0.4050351753001905","0.4050351753001905","0.4050351753001905"
"47313","0.4050351753001905","0.4050351753001905","0.4050351753001905"
"47318","0.4050351753001905","0.4050351753001905","0.4050351753001905"
"47326","0.4050351753001905","0.4050351753001905","0.4050351753001905"
"47334","0.4050351753001905","0.4050351753001905","0.4050351753001905"
"47337","0.4050351753001905","0.4050351753001905","0.4050351753001905"
"47339","0.4050351753001905","0.4050351753001905","0.4050351753001905"
"47341","0.4050351753001905","0.4050351753001905","0.4050351753001905"
"47343","0.4050351753001905","0.4050351753001905","0.4050351753001905"
"47357","0.4050351753001905","0.4050351753001905","0.4050351753001905"
"47370","0.4050351753001905","0.4050351753001905","0.4050351753001905"
"47374","0.4050351753001905","0.4050351753001905","0.4050351753001905"
"47388","0.4050351753001905","0.4050351753001905","0.4050351753001905"
"47389","0.4050351753001905","0.4050351753001905","0.4050351753001905"
"47390","0.4050351753001905","0.4050351753001905","0.4050351753001905"
"47398","0.4050351753001905","0.4050351753001905","0.4050351753001905"
"47418","0.40303517535071476","0.40303517535071476","0.40303517535071476"
"47425","0.40303517535071476","0.40303517535071476","0.40303517535071476"
"47434","0.40303517535071476","0.40303517535071476","0.40303517535071476"
"47436","0.40303517535071476","0.40303517535071476","0.40303517535071476"
"47455","0.40303517535071476","0.40303517535071476","0.40303517535071476"
"47458","0.40303517535071476","0.40303517535071476","0.40303517535071476"
"47477","0.40303517535071476","0.40303517535071476","0.40303517535071476"
"47479","0.40303517535071476","0.40303517535071476","0.40303517535071476"
"47481","0.40303517535071476","0.40303517535071476","0.40303517535071476"
"47482","0.40303517535071476","0.40303517535071476","0.40303517535071476"
"47497","0.40303517535071476","0.40303517535071476","0.40303517535071476"
"47499","0.40303517535071476","0.40303517535071476","0.40303517535071476"
"47500","0.40303517535071476","0.40303517535071476","0.40303517535071476"
"47517","0.4044351753153478","0.4044351753153478","0.4044351753153478"
"47525","0.4050351753001905","0.4050351753001905","0.4050351753001905"
"47528","0.4050351753001905","0.4050351753001905","0.4050351753001905"
"47529","0.4050351753001905","0.4050351753001905","0.4050351753001905"
"47533","0.4050351753001905","0.4050351753001905","0.4050351753001905"
"47534","0.4050351753001905","0.4050351753001905","0.4050351753001905"
"47549","0.4050351753001905","0.4050351753001905","0.4050351753001905"
"47554","0.4050351753001905","0.4050351753001905","0.4050351753001905"
"47562","0.4050351753001905","0.4050351753001905","0.4050351753001905"
"47565","0.4050351753001905","0.4050351753001905","0.4050351753001905"
"47586","0.4050351753001905","0.4050351753001905","0.4050351753001905"
"47591","0.4050351753001905","0.4050351753001905","0.4050351753001905"
"47614","0.4050351753001905","0.4050351753001905","0.4050351753001905"
"47617","0.4050351753001905","0.4050351753001905","0.4050351753001905"
"47637","0.40303517535071476","0.40303517535071476","0.40303517535071476"
"47646","0.40303517535071476","0.40303517535071476","0.40303517535071476"
"47653","0.40303517535071476","0.40303517535071476","0.40303517535071476"
"47688","0.40303517535071476","0.40303517535071476","0.40303517535071476"
"47696","0.40303517535071476","0.40303517535071476","0.40303517535071476"
"47697","0.40303517535071476","0.40303517535071476","0.40303517535071476"
"47702","0.40303517535071476","0.40303517535071476","0.40303517535071476"
"47703","0.40303517535071476","0.40303517535071476","0.40303517535071476"
"47705","0.40303517535071476","0.40303517535071476","0.40303517535071476"
"47707","0.40303517535071476","0.40303517535071476","0.40303517535071476"
"47708","0.40303517535071476","0.40303517535071476","0.40303517535071476"
"47714","0.40303517535071476","0.40303517535071476","0.40303517535071476"
"47715","0.40303517535071476","0.40303517535071476","0.40303517535071476"
"47719","0.40303517535071476","0.40303517535071476","0.40303517535071476"
"47722","0.40303517535071476","0.40303517535071476","0.40303517535071476"
"47731","0.4028351753557672","0.4028351753557672","0.4028351753557672"
"47737","0.40163517538608173","0.40163517538608173","0.40163517538608173"
"47740","0.401035175401239","0.401035175401239","0.401035175401239"
"47762","0.401035175401239","0.401035175401239","0.401035175401239"
"47764","0.401035175401239","0.401035175401239","0.401035175401239"
"47765","0.401035175401239","0.401035175401239","0.401035175401239"
"47770","0.401035175401239","0.401035175401239","0.401035175401239"
"47781","0.401035175401239","0.401035175401239","0.401035175401239"
"47791","0.401035175401239","0.401035175401239","0.401035175401239"
"47793","0.401035175401239","0.401035175401239","0.401035175401239"
"47794","0.401035175401239","0.401035175401239","0.401035175401239"
"47800","0.401035175401239","0.401035175401239","0.401035175401239"
"47803","0.401035175401239","0.401035175401239","0.401035175401239"
"47816","0.401035175401239","0.401035175401239","0.401035175401239"
"47819","0.401035175401239","0.401035175401239","0.401035175401239"
"47823","0.401035175401239","0.401035175401239","0.401035175401239"
"47825","0.401035175401239","0.401035175401239","0.401035175401239"
"47851","0.39903517545176326","0.39903517545176326","0.39903517545176326"
"47854","0.39903517545176326","0.39903517545176326","0.39903517545176326"
"47859","0.39903517545176326","0.39903517545176326","0.39903517545176326"
"47860","0.39903517545176326","0.39903517545176326","0.39903517545176326"
"47865","0.39903517545176326","0.39903517545176326","0.39903517545176326"
"47872","0.39903517545176326","0.39903517545176326","0.39903517545176326"
"47875","0.39903517545176326","0.39903517545176326","0.39903517545176326"
"47884","0.39903517545176326","0.39903517545176326","0.39903517545176326"
"47892","0.39903517545176326","0.39903517545176326","0.39903517545176326"
"47904","0.39903517545176326","0.39903517545176326","0.39903517545176326"
"47907","0.39903517545176326","0.39903517545176326","0.39903517545176326"
"47909","0.39903517545176326","0.39903517545176326","0.39903517545176326"
"47910","0.39903517545176326","0.39903517545176326","0.39903517545176326"
"47921","0.39903517545176326","0.39903517545176326","0.39903517545176326"
"47932","0.39903517545176326","0.39903517545176326","0.39903517545176326"
"47934","0.39903517545176326","0.39903517545176326","0.39903517545176326"
"47942","0.39903517545176326","0.39903517545176326","0.39903517545176326"
"47943","0.39903517545176326","0.39903517545176326","0.39903517545176326"
"47947","0.39903517545176326","0.39903517545176326","0.39903517545176326"
"47958","0.39743517549218266","0.39743517549218266","0.39743517549218266"
"47959","0.3972351754972351","0.3972351754972351","0.3972351754972351"
"47961","0.3970351755022875","0.3970351755022875","0.3970351755022875"
"47962","0.3970351755022875","0.3970351755022875","0.3970351755022875"
"47964","0.3970351755022875","0.3970351755022875","0.3970351755022875"
"47969","0.3970351755022875","0.3970351755022875","0.3970351755022875"
"47972","0.3970351755022875","0.3970351755022875","0.3970351755022875"
"47988","0.3970351755022875","0.3970351755022875","0.3970351755022875"
"47990","0.3970351755022875","0.3970351755022875","0.3970351755022875"
"47996","0.3970351755022875","0.3970351755022875","0.3970351755022875"
"47998","0.3970351755022875","0.3970351755022875","0.3970351755022875"
"47999","0.3970351755022875","0.3970351755022875","0.3970351755022875"
"48005","0.3970351755022875","0.3970351755022875","0.3970351755022875"
"48021","0.3970351755022875","0.3970351755022875","0.3970351755022875"
"48026","0.3970351755022875","0.3970351755022875","0.3970351755022875"
"48030","0.3970351755022875","0.3970351755022875","0.3970351755022875"
"48032","0.3970351755022875","0.3970351755022875","0.3970351755022875"
"48037","0.3970351755022875","0.3970351755022875","0.3970351755022875"
"48040","0.3970351755022875","0.3970351755022875","0.3970351755022875"
"48052","0.3970351755022875","0.3970351755022875","0.3970351755022875"
"48057","0.3970351755022875","0.3970351755022875","0.3970351755022875"
"48065","0.39603517552754963","0.39603517552754963","0.39603517552754963"
"48069","0.39523517554775933","0.39523517554775933","0.39523517554775933"
"48075","0.39503517555281176","0.39503517555281176","0.39503517555281176"
"48076","0.39503517555281176","0.39503517555281176","0.39503517555281176"
"48082","0.39503517555281176","0.39503517555281176","0.39503517555281176"
"48085","0.39503517555281176","0.39503517555281176","0.39503517555281176"
"48096","0.39503517555281176","0.39503517555281176","0.39503517555281176"
"48100","0.39503517555281176","0.39503517555281176","0.39503517555281176"
"48102","0.39503517555281176","0.39503517555281176","0.39503517555281176"
"48103","0.39503517555281176","0.39503517555281176","0.39503517555281176"
"48104","0.39503517555281176","0.39503517555281176","0.39503517555281176"
"48107","0.39503517555281176","0.39503517555281176","0.39503517555281176"
"48110","0.39503517555281176","0.39503517555281176","0.39503517555281176"
"48115","0.39503517555281176","0.39503517555281176","0.39503517555281176"
"48133","0.39503517555281176","0.39503517555281176","0.39503517555281176"
"48140","0.39503517555281176","0.39503517555281176","0.39503517555281176"
"48144","0.39503517555281176","0.39503517555281176","0.39503517555281176"
"48153","0.39503517555281176","0.39503517555281176","0.39503517555281176"
"48157","0.39503517555281176","0.39503517555281176","0.39503517555281176"
"48159","0.39503517555281176","0.39503517555281176","0.39503517555281176"
"48182","0.393035175603336","0.393035175603336","0.393035175603336"
"48194","0.393035175603336","0.393035175603336","0.393035175603336"
"48196","0.393035175603336","0.393035175603336","0.393035175603336"
"48205","0.393035175603336","0.393035175603336","0.393035175603336"
"48212","0.393035175603336","0.393035175603336","0.393035175603336"
"48217","0.393035175603336","0.393035175603336","0.393035175603336"
"48219","0.393035175603336","0.393035175603336","0.393035175603336"
"48222","0.393035175603336","0.393035175603336","0.393035175603336"
"48223","0.393035175603336","0.393035175603336","0.393035175603336"
"48231","0.393035175603336","0.393035175603336","0.393035175603336"
"48235","0.393035175603336","0.393035175603336","0.393035175603336"
"48236","0.393035175603336","0.393035175603336","0.393035175603336"
"48238","0.393035175603336","0.393035175603336","0.393035175603336"
"48240","0.393035175603336","0.393035175603336","0.393035175603336"
"48247","0.393035175603336","0.393035175603336","0.393035175603336"
"48257","0.393035175603336","0.393035175603336","0.393035175603336"
"48260","0.393035175603336","0.393035175603336","0.393035175603336"
"48264","0.393035175603336","0.393035175603336","0.393035175603336"
"48276","0.393035175603336","0.393035175603336","0.393035175603336"
"48283","0.39363517558817873","0.39363517558817873","0.39363517558817873"
"48287","0.39443517556796903","0.39443517556796903","0.39443517556796903"
"48288","0.3946351755629166","0.3946351755629166","0.3946351755629166"
"48289","0.3948351755578642","0.3948351755578642","0.3948351755578642"
"48298","0.39503517555281176","0.39503517555281176","0.39503517555281176"
"48304","0.39503517555281176","0.39503517555281176","0.39503517555281176"
"48305","0.39503517555281176","0.39503517555281176","0.39503517555281176"
"48308","0.39503517555281176","0.39503517555281176","0.39503517555281176"
"48312","0.39503517555281176","0.39503517555281176","0.39503517555281176"
"48318","0.39503517555281176","0.39503517555281176","0.39503517555281176"
"48330","0.39503517555281176","0.39503517555281176","0.39503517555281176"
"48334","0.39503517555281176","0.39503517555281176","0.39503517555281176"
"48335","0.39503517555281176","0.39503517555281176","0.39503517555281176"
"48348","0.39503517555281176","0.39503517555281176","0.39503517555281176"
"48356","0.39503517555281176","0.39503517555281176","0.39503517555281176"
"48362","0.39503517555281176","0.39503517555281176","0.39503517555281176"
"48363","0.39503517555281176","0.39503517555281176","0.39503517555281176"
"48366","0.39503517555281176","0.39503517555281176","0.39503517555281176"
"48369","0.39503517555281176","0.39503517555281176","0.39503517555281176"
"48371","0.39503517555281176","0.39503517555281176","0.39503517555281176"
"48373","0.39503517555281176","0.39503517555281176","0.39503517555281176"
"48386","0.39503517555281176","0.39503517555281176","0.39503517555281176"
"48401","0.393035175603336","0.393035175603336","0.393035175603336"
"48410","0.393035175603336","0.393035175603336","0.393035175603336"
"48424","0.393035175603336","0.393035175603336","0.393035175603336"
"48425","0.393035175603336","0.393035175603336","0.393035175603336"
"48426","0.393035175603336","0.393035175603336","0.393035175603336"
"48427","0.393035175603336","0.393035175603336","0.393035175603336"
"48431","0.393035175603336","0.393035175603336","0.393035175603336"
"48433","0.393035175603336","0.393035175603336","0.393035175603336"
"48434","0.393035175603336","0.393035175603336","0.393035175603336"
"48436","0.393035175603336","0.393035175603336","0.393035175603336"
"48439","0.393035175603336","0.393035175603336","0.393035175603336"
"48446","0.393035175603336","0.393035175603336","0.393035175603336"
"48452","0.393035175603336","0.393035175603336","0.393035175603336"
"48455","0.393035175603336","0.393035175603336","0.393035175603336"
"48466","0.393035175603336","0.393035175603336","0.393035175603336"
"48467","0.393035175603336","0.393035175603336","0.393035175603336"
"48469","0.393035175603336","0.393035175603336","0.393035175603336"
"48470","0.393035175603336","0.393035175603336","0.393035175603336"
"48472","0.393035175603336","0.393035175603336","0.393035175603336"
"48482","0.393035175603336","0.393035175603336","0.393035175603336"
"48486","0.393035175603336","0.393035175603336","0.393035175603336"
"48491","0.393035175603336","0.393035175603336","0.393035175603336"
"48494","0.393035175603336","0.393035175603336","0.393035175603336"
"48497","0.393035175603336","0.393035175603336","0.393035175603336"
"48500","0.393035175603336","0.393035175603336","0.393035175603336"
"48503","0.39363517558817873","0.39363517558817873","0.39363517558817873"
"48509","0.3948351755578642","0.3948351755578642","0.3948351755578642"
"48514","0.39503517555281176","0.39503517555281176","0.39503517555281176"
"48529","0.39503517555281176","0.39503517555281176","0.39503517555281176"
"48530","0.39503517555281176","0.39503517555281176","0.39503517555281176"
"48535","0.39503517555281176","0.39503517555281176","0.39503517555281176"
"48537","0.39503517555281176","0.39503517555281176","0.39503517555281176"
"48546","0.39503517555281176","0.39503517555281176","0.39503517555281176"
"48553","0.39503517555281176","0.39503517555281176","0.39503517555281176"
"48554","0.39503517555281176","0.39503517555281176","0.39503517555281176"
"48567","0.39503517555281176","0.39503517555281176","0.39503517555281176"
"48572","0.39503517555281176","0.39503517555281176","0.39503517555281176"
"48581","0.39503517555281176","0.39503517555281176","0.39503517555281176"
"48584","0.39503517555281176","0.39503517555281176","0.39503517555281176"
"48585","0.39503517555281176","0.39503517555281176","0.39503517555281176"
"48592","0.39503517555281176","0.39503517555281176","0.39503517555281176"
"48620","0.3970351755022875","0.3970351755022875","0.3970351755022875"
"48627","0.3970351755022875","0.3970351755022875","0.3970351755022875"
"48633","0.3970351755022875","0.3970351755022875","0.3970351755022875"
"48640","0.3970351755022875","0.3970351755022875","0.3970351755022875"
"48668","0.3970351755022875","0.3970351755022875","0.3970351755022875"
"48689","0.3970351755022875","0.3970351755022875","0.3970351755022875"
"48703","0.3970351755022875","0.3970351755022875","0.3970351755022875"
"48715","0.3970351755022875","0.3970351755022875","0.3970351755022875"
"48720","0.3970351755022875","0.3970351755022875","0.3970351755022875"
"48731","0.39903517545176326","0.39903517545176326","0.39903517545176326"
"48749","0.39903517545176326","0.39903517545176326","0.39903517545176326"
"48751","0.39903517545176326","0.39903517545176326","0.39903517545176326"
"48752","0.39903517545176326","0.39903517545176326","0.39903517545176326"
"48758","0.39903517545176326","0.39903517545176326","0.39903517545176326"
"48769","0.39903517545176326","0.39903517545176326","0.39903517545176326"
"48772","0.39903517545176326","0.39903517545176326","0.39903517545176326"
"48778","0.39903517545176326","0.39903517545176326","0.39903517545176326"
"48787","0.39903517545176326","0.39903517545176326","0.39903517545176326"
"48794","0.39903517545176326","0.39903517545176326","0.39903517545176326"
"48800","0.39903517545176326","0.39903517545176326","0.39903517545176326"
"48801","0.39903517545176326","0.39903517545176326","0.39903517545176326"
"48806","0.39903517545176326","0.39903517545176326","0.39903517545176326"
"48808","0.39903517545176326","0.39903517545176326","0.39903517545176326"
"48815","0.39903517545176326","0.39903517545176326","0.39903517545176326"
"48816","0.39903517545176326","0.39903517545176326","0.39903517545176326"
"48822","0.39903517545176326","0.39903517545176326","0.39903517545176326"
"48837","0.39763517548713023","0.39763517548713023","0.39763517548713023"
"48840","0.3970351755022875","0.3970351755022875","0.3970351755022875"
"48842","0.3970351755022875","0.3970351755022875","0.3970351755022875"
"48845","0.3970351755022875","0.3970351755022875","0.3970351755022875"
"48846","0.3970351755022875","0.3970351755022875","0.3970351755022875"
"48848","0.3970351755022875","0.3970351755022875","0.3970351755022875"
"48850","0.3970351755022875","0.3970351755022875","0.3970351755022875"
"48854","0.3970351755022875","0.3970351755022875","0.3970351755022875"
"48856","0.3970351755022875","0.3970351755022875","0.3970351755022875"
"48857","0.3970351755022875","0.3970351755022875","0.3970351755022875"
"48860","0.3970351755022875","0.3970351755022875","0.3970351755022875"
"48863","0.3970351755022875","0.3970351755022875","0.3970351755022875"
"48871","0.3970351755022875","0.3970351755022875","0.3970351755022875"
"48873","0.3970351755022875","0.3970351755022875","0.3970351755022875"
"48877","0.3970351755022875","0.3970351755022875","0.3970351755022875"
"48884","0.3970351755022875","0.3970351755022875","0.3970351755022875"
"48888","0.3970351755022875","0.3970351755022875","0.3970351755022875"
"48891","0.3970351755022875","0.3970351755022875","0.3970351755022875"
"48892","0.3970351755022875","0.3970351755022875","0.3970351755022875"
"48911","0.3970351755022875","0.3970351755022875","0.3970351755022875"
"48913","0.3970351755022875","0.3970351755022875","0.3970351755022875"
"48915","0.3970351755022875","0.3970351755022875","0.3970351755022875"
"48916","0.3970351755022875","0.3970351755022875","0.3970351755022875"
"48923","0.3970351755022875","0.3970351755022875","0.3970351755022875"
"48935","0.3970351755022875","0.3970351755022875","0.3970351755022875"
"48950","0.39503517555281176","0.39503517555281176","0.39503517555281176"
"48952","0.39503517555281176","0.39503517555281176","0.39503517555281176"
"48955","0.39503517555281176","0.39503517555281176","0.39503517555281176"
"48956","0.39503517555281176","0.39503517555281176","0.39503517555281176"
"48964","0.39503517555281176","0.39503517555281176","0.39503517555281176"
"48972","0.39503517555281176","0.39503517555281176","0.39503517555281176"
"48980","0.39503517555281176","0.39503517555281176","0.39503517555281176"
"48986","0.39503517555281176","0.39503517555281176","0.39503517555281176"
"48992","0.39503517555281176","0.39503517555281176","0.39503517555281176"
"48998","0.39503517555281176","0.39503517555281176","0.39503517555281176"
"48999","0.39503517555281176","0.39503517555281176","0.39503517555281176"
"49004","0.39503517555281176","0.39503517555281176","0.39503517555281176"
"49007","0.39503517555281176","0.39503517555281176","0.39503517555281176"
"49017","0.39503517555281176","0.39503517555281176","0.39503517555281176"
"49022","0.39503517555281176","0.39503517555281176","0.39503517555281176"
"49024","0.39503517555281176","0.39503517555281176","0.39503517555281176"
"49034","0.39503517555281176","0.39503517555281176","0.39503517555281176"
"49036","0.39503517555281176","0.39503517555281176","0.39503517555281176"
"49057","0.39363517558817873","0.39363517558817873","0.39363517558817873"
"49062","0.393035175603336","0.393035175603336","0.393035175603336"
"49064","0.393035175603336","0.393035175603336","0.393035175603336"
"49079","0.393035175603336","0.393035175603336","0.393035175603336"
"49089","0.393035175603336","0.393035175603336","0.393035175603336"
"49105","0.393035175603336","0.393035175603336","0.393035175603336"
"49109","0.393035175603336","0.393035175603336","0.393035175603336"
"49115","0.393035175603336","0.393035175603336","0.393035175603336"
"49128","0.393035175603336","0.393035175603336","0.393035175603336"
"49133","0.393035175603336","0.393035175603336","0.393035175603336"
"49135","0.393035175603336","0.393035175603336","0.393035175603336"
"49143","0.393035175603336","0.393035175603336","0.393035175603336"
"49144","0.393035175603336","0.393035175603336","0.393035175603336"
"49146","0.393035175603336","0.393035175603336","0.393035175603336"
"49148","0.393035175603336","0.393035175603336","0.393035175603336"
"49156","0.393035175603336","0.393035175603336","0.393035175603336"
"49160","0.393035175603336","0.393035175603336","0.393035175603336"
"49164","0.3938351755831263","0.3938351755831263","0.3938351755831263"
"49167","0.39443517556796903","0.39443517556796903","0.39443517556796903"
"49168","0.3946351755629166","0.3946351755629166","0.3946351755629166"
"49171","0.39503517555281176","0.39503517555281176","0.39503517555281176"
"49172","0.39503517555281176","0.39503517555281176","0.39503517555281176"
"49179","0.39503517555281176","0.39503517555281176","0.39503517555281176"
"49180","0.39503517555281176","0.39503517555281176","0.39503517555281176"
"49181","0.39503517555281176","0.39503517555281176","0.39503517555281176"
"49183","0.39503517555281176","0.39503517555281176","0.39503517555281176"
"49185","0.39503517555281176","0.39503517555281176","0.39503517555281176"
"49186","0.39503517555281176","0.39503517555281176","0.39503517555281176"
"49187","0.39503517555281176","0.39503517555281176","0.39503517555281176"
"49213","0.39503517555281176","0.39503517555281176","0.39503517555281176"
"49214","0.39503517555281176","0.39503517555281176","0.39503517555281176"
"49224","0.39503517555281176","0.39503517555281176","0.39503517555281176"
"49228","0.39503517555281176","0.39503517555281176","0.39503517555281176"
"49236","0.39503517555281176","0.39503517555281176","0.39503517555281176"
"49246","0.39503517555281176","0.39503517555281176","0.39503517555281176"
"49251","0.39503517555281176","0.39503517555281176","0.39503517555281176"
"49259","0.39503517555281176","0.39503517555281176","0.39503517555281176"
"49268","0.39503517555281176","0.39503517555281176","0.39503517555281176"
"49271","0.39523517554775933","0.39523517554775933","0.39523517554775933"
"49272","0.3954351755427069","0.3954351755427069","0.3954351755427069"
"49279","0.39683517550733993","0.39683517550733993","0.39683517550733993"
"49282","0.3970351755022875","0.3970351755022875","0.3970351755022875"
"49283","0.3970351755022875","0.3970351755022875","0.3970351755022875"
"49286","0.3970351755022875","0.3970351755022875","0.3970351755022875"
"49290","0.3970351755022875","0.3970351755022875","0.3970351755022875"
"49301","0.3970351755022875","0.3970351755022875","0.3970351755022875"
"49305","0.3970351755022875","0.3970351755022875","0.3970351755022875"
"49306","0.3970351755022875","0.3970351755022875","0.3970351755022875"
"49310","0.3970351755022875","0.3970351755022875","0.3970351755022875"
"49315","0.3970351755022875","0.3970351755022875","0.3970351755022875"
"49325","0.3970351755022875","0.3970351755022875","0.3970351755022875"
"49338","0.3970351755022875","0.3970351755022875","0.3970351755022875"
"49344","0.3970351755022875","0.3970351755022875","0.3970351755022875"
"49350","0.3970351755022875","0.3970351755022875","0.3970351755022875"
"49359","0.3970351755022875","0.3970351755022875","0.3970351755022875"
"49362","0.3970351755022875","0.3970351755022875","0.3970351755022875"
"49371","0.3970351755022875","0.3970351755022875","0.3970351755022875"
"49396","0.39503517555281176","0.39503517555281176","0.39503517555281176"
"49400","0.39503517555281176","0.39503517555281176","0.39503517555281176"
"49401","0.39503517555281176","0.39503517555281176","0.39503517555281176"
"49402","0.39503517555281176","0.39503517555281176","0.39503517555281176"
"49407","0.39503517555281176","0.39503517555281176","0.39503517555281176"
"49416","0.39503517555281176","0.39503517555281176","0.39503517555281176"
"49419","0.39503517555281176","0.39503517555281176","0.39503517555281176"
"49438","0.39503517555281176","0.39503517555281176","0.39503517555281176"
"49453","0.39503517555281176","0.39503517555281176","0.39503517555281176"
"49456","0.39503517555281176","0.39503517555281176","0.39503517555281176"
"49479","0.39503517555281176","0.39503517555281176","0.39503517555281176"
"49481","0.39503517555281176","0.39503517555281176","0.39503517555281176"
"49482","0.39503517555281176","0.39503517555281176","0.39503517555281176"
"49487","0.39503517555281176","0.39503517555281176","0.39503517555281176"
"49491","0.39523517554775933","0.39523517554775933","0.39523517554775933"
"49496","0.3962351755224972","0.3962351755224972","0.3962351755224972"
"49498","0.39663517551239236","0.39663517551239236","0.39663517551239236"
"49500","0.3970351755022875","0.3970351755022875","0.3970351755022875"
"49503","0.3970351755022875","0.3970351755022875","0.3970351755022875"
"49520","0.3970351755022875","0.3970351755022875","0.3970351755022875"
"49528","0.3970351755022875","0.3970351755022875","0.3970351755022875"
"49532","0.3970351755022875","0.3970351755022875","0.3970351755022875"
"49534","0.3970351755022875","0.3970351755022875","0.3970351755022875"
"49536","0.3970351755022875","0.3970351755022875","0.3970351755022875"
"49537","0.3970351755022875","0.3970351755022875","0.3970351755022875"
"49550","0.3970351755022875","0.3970351755022875","0.3970351755022875"
"49556","0.3970351755022875","0.3970351755022875","0.3970351755022875"
"49558","0.3970351755022875","0.3970351755022875","0.3970351755022875"
"49563","0.3970351755022875","0.3970351755022875","0.3970351755022875"
"49568","0.3970351755022875","0.3970351755022875","0.3970351755022875"
"49570","0.3970351755022875","0.3970351755022875","0.3970351755022875"
"49573","0.3970351755022875","0.3970351755022875","0.3970351755022875"
"49576","0.3970351755022875","0.3970351755022875","0.3970351755022875"
"49577","0.3970351755022875","0.3970351755022875","0.3970351755022875"
"49583","0.3970351755022875","0.3970351755022875","0.3970351755022875"
"49592","0.3970351755022875","0.3970351755022875","0.3970351755022875"
"49596","0.3970351755022875","0.3970351755022875","0.3970351755022875"
"49597","0.3970351755022875","0.3970351755022875","0.3970351755022875"
"49604","0.3978351754820778","0.3978351754820778","0.3978351754820778"
"49612","0.39903517545176326","0.39903517545176326","0.39903517545176326"
"49616","0.39903517545176326","0.39903517545176326","0.39903517545176326"
"49621","0.39903517545176326","0.39903517545176326","0.39903517545176326"
"49634","0.39903517545176326","0.39903517545176326","0.39903517545176326"
"49644","0.39903517545176326","0.39903517545176326","0.39903517545176326"
"49645","0.39903517545176326","0.39903517545176326","0.39903517545176326"
"49655","0.39903517545176326","0.39903517545176326","0.39903517545176326"
"49656","0.39903517545176326","0.39903517545176326","0.39903517545176326"
"49668","0.39903517545176326","0.39903517545176326","0.39903517545176326"
"49672","0.39903517545176326","0.39903517545176326","0.39903517545176326"
"49676","0.39903517545176326","0.39903517545176326","0.39903517545176326"
"49684","0.39903517545176326","0.39903517545176326","0.39903517545176326"
"49691","0.39903517545176326","0.39903517545176326","0.39903517545176326"
"49695","0.39903517545176326","0.39903517545176326","0.39903517545176326"
"49701","0.39903517545176326","0.39903517545176326","0.39903517545176326"
"49702","0.39903517545176326","0.39903517545176326","0.39903517545176326"
"49722","0.3970351755022875","0.3970351755022875","0.3970351755022875"
"49725","0.3970351755022875","0.3970351755022875","0.3970351755022875"
"49726","0.3970351755022875","0.3970351755022875","0.3970351755022875"
"49727","0.3970351755022875","0.3970351755022875","0.3970351755022875"
"49729","0.3970351755022875","0.3970351755022875","0.3970351755022875"
"49733","0.3970351755022875","0.3970351755022875","0.3970351755022875"
"49741","0.3970351755022875","0.3970351755022875","0.3970351755022875"
"49748","0.3970351755022875","0.3970351755022875","0.3970351755022875"
"49760","0.3970351755022875","0.3970351755022875","0.3970351755022875"
"49765","0.3970351755022875","0.3970351755022875","0.3970351755022875"
"49767","0.3970351755022875","0.3970351755022875","0.3970351755022875"
"49777","0.3970351755022875","0.3970351755022875","0.3970351755022875"
"49780","0.3970351755022875","0.3970351755022875","0.3970351755022875"
"49784","0.3970351755022875","0.3970351755022875","0.3970351755022875"
"49785","0.3970351755022875","0.3970351755022875","0.3970351755022875"
"49792","0.3970351755022875","0.3970351755022875","0.3970351755022875"
"49810","0.3970351755022875","0.3970351755022875","0.3970351755022875"
"49814","0.3970351755022875","0.3970351755022875","0.3970351755022875"
"49823","0.3964351755174448","0.3964351755174448","0.3964351755174448"
"49824","0.3962351755224972","0.3962351755224972","0.3962351755224972"
"49828","0.3954351755427069","0.3954351755427069","0.3954351755427069"
"49833","0.39503517555281176","0.39503517555281176","0.39503517555281176"
"49834","0.39503517555281176","0.39503517555281176","0.39503517555281176"
"49843","0.39503517555281176","0.39503517555281176","0.39503517555281176"
"49847","0.39503517555281176","0.39503517555281176","0.39503517555281176"
"49850","0.39503517555281176","0.39503517555281176","0.39503517555281176"
"49861","0.39503517555281176","0.39503517555281176","0.39503517555281176"
"49867","0.39503517555281176","0.39503517555281176","0.39503517555281176"
"49868","0.39503517555281176","0.39503517555281176","0.39503517555281176"
"49881","0.39503517555281176","0.39503517555281176","0.39503517555281176"
"49882","0.39503517555281176","0.39503517555281176","0.39503517555281176"
"49892","0.39503517555281176","0.39503517555281176","0.39503517555281176"
"49894","0.39503517555281176","0.39503517555281176","0.39503517555281176"
"49895","0.39503517555281176","0.39503517555281176","0.39503517555281176"
"49902","0.39503517555281176","0.39503517555281176","0.39503517555281176"
"49909","0.39503517555281176","0.39503517555281176","0.39503517555281176"
"49915","0.39503517555281176","0.39503517555281176","0.39503517555281176"
"49923","0.39503517555281176","0.39503517555281176","0.39503517555281176"
"49940","0.393035175603336","0.393035175603336","0.393035175603336"
"49943","0.393035175603336","0.393035175603336","0.393035175603336"
"49951","0.393035175603336","0.393035175603336","0.393035175603336"
"49954","0.393035175603336","0.393035175603336","0.393035175603336"
"49955","0.393035175603336","0.393035175603336","0.393035175603336"
"49960","0.393035175603336","0.393035175603336","0.393035175603336"
"49962","0.393035175603336","0.393035175603336","0.393035175603336"
"49969","0.393035175603336","0.393035175603336","0.393035175603336"
"49971","0.393035175603336","0.393035175603336","0.393035175603336"
"49980","0.393035175603336","0.393035175603336","0.393035175603336"
"49982","0.393035175603336","0.393035175603336","0.393035175603336"
"49984","0.393035175603336","0.393035175603336","0.393035175603336"
"49987","0.393035175603336","0.393035175603336","0.393035175603336"
"49991","0.393035175603336","0.393035175603336","0.393035175603336"
"49992","0.393035175603336","0.393035175603336","0.393035175603336"
"49993","0.393035175603336","0.393035175603336","0.393035175603336"
"50004","0.393035175603336","0.393035175603336","0.393035175603336"
"50014","0.393035175603336","0.393035175603336","0.393035175603336"
"50021","0.393035175603336","0.393035175603336","0.393035175603336"
"50045","0.3940351755780739","0.3940351755780739","0.3940351755780739"
"50053","0.39503517555281176","0.39503517555281176","0.39503517555281176"
"50061","0.39503517555281176","0.39503517555281176","0.39503517555281176"
"50064","0.39503517555281176","0.39503517555281176","0.39503517555281176"
"50073","0.39503517555281176","0.39503517555281176","0.39503517555281176"
"50075","0.39503517555281176","0.39503517555281176","0.39503517555281176"
"50081","0.39503517555281176","0.39503517555281176","0.39503517555281176"
"50083","0.39503517555281176","0.39503517555281176","0.39503517555281176"
"50085","0.39503517555281176","0.39503517555281176","0.39503517555281176"
"50087","0.39503517555281176","0.39503517555281176","0.39503517555281176"
"50091","0.39503517555281176","0.39503517555281176","0.39503517555281176"
"50099","0.39503517555281176","0.39503517555281176","0.39503517555281176"
"50112","0.39503517555281176","0.39503517555281176","0.39503517555281176"
"50118","0.39503517555281176","0.39503517555281176","0.39503517555281176"
"50121","0.39503517555281176","0.39503517555281176","0.39503517555281176"
"50128","0.39503517555281176","0.39503517555281176","0.39503517555281176"
"50139","0.39503517555281176","0.39503517555281176","0.39503517555281176"
"50143","0.39503517555281176","0.39503517555281176","0.39503517555281176"
"50151","0.3948351755578642","0.3948351755578642","0.3948351755578642"
"50161","0.393035175603336","0.393035175603336","0.393035175603336"
"50170","0.393035175603336","0.393035175603336","0.393035175603336"
"50178","0.393035175603336","0.393035175603336","0.393035175603336"
"50179","0.393035175603336","0.393035175603336","0.393035175603336"
"50188","0.393035175603336","0.393035175603336","0.393035175603336"
"50201","0.393035175603336","0.393035175603336","0.393035175603336"
"50205","0.393035175603336","0.393035175603336","0.393035175603336"
"50209","0.393035175603336","0.393035175603336","0.393035175603336"
"50213","0.393035175603336","0.393035175603336","0.393035175603336"
"50220","0.393035175603336","0.393035175603336","0.393035175603336"
"50226","0.393035175603336","0.393035175603336","0.393035175603336"
"50244","0.393035175603336","0.393035175603336","0.393035175603336"
"50246","0.393035175603336","0.393035175603336","0.393035175603336"
"50257","0.393035175603336","0.393035175603336","0.393035175603336"
"50265","0.3940351755780739","0.3940351755780739","0.3940351755780739"
"50275","0.39503517555281176","0.39503517555281176","0.39503517555281176"
"50282","0.39503517555281176","0.39503517555281176","0.39503517555281176"
"50287","0.39503517555281176","0.39503517555281176","0.39503517555281176"
"50296","0.39503517555281176","0.39503517555281176","0.39503517555281176"
"50298","0.39503517555281176","0.39503517555281176","0.39503517555281176"
"50306","0.39503517555281176","0.39503517555281176","0.39503517555281176"
"50326","0.39503517555281176","0.39503517555281176","0.39503517555281176"
"50337","0.39503517555281176","0.39503517555281176","0.39503517555281176"
"50341","0.39503517555281176","0.39503517555281176","0.39503517555281176"
"50343","0.39503517555281176","0.39503517555281176","0.39503517555281176"
"50351","0.39503517555281176","0.39503517555281176","0.39503517555281176"
"50354","0.39503517555281176","0.39503517555281176","0.39503517555281176"
"50356","0.39503517555281176","0.39503517555281176","0.39503517555281176"
"50358","0.39503517555281176","0.39503517555281176","0.39503517555281176"
"50365","0.39503517555281176","0.39503517555281176","0.39503517555281176"
"50374","0.39423517557302146","0.39423517557302146","0.39423517557302146"
"50375","0.3940351755780739","0.3940351755780739","0.3940351755780739"
"50386","0.393035175603336","0.393035175603336","0.393035175603336"
"50388","0.393035175603336","0.393035175603336","0.393035175603336"
"50395","0.393035175603336","0.393035175603336","0.393035175603336"
"50400","0.393035175603336","0.393035175603336","0.393035175603336"
"50410","0.393035175603336","0.393035175603336","0.393035175603336"
"50423","0.393035175603336","0.393035175603336","0.393035175603336"
"50427","0.393035175603336","0.393035175603336","0.393035175603336"
"50431","0.393035175603336","0.393035175603336","0.393035175603336"
"50435","0.393035175603336","0.393035175603336","0.393035175603336"
"50440","0.393035175603336","0.393035175603336","0.393035175603336"
"50443","0.393035175603336","0.393035175603336","0.393035175603336"
"50446","0.393035175603336","0.393035175603336","0.393035175603336"
"50458","0.393035175603336","0.393035175603336","0.393035175603336"
"50459","0.393035175603336","0.393035175603336","0.393035175603336"
"50466","0.393035175603336","0.393035175603336","0.393035175603336"
"50481","0.3932351755982836","0.3932351755982836","0.3932351755982836"
"50492","0.39503517555281176","0.39503517555281176","0.39503517555281176"
"50510","0.39503517555281176","0.39503517555281176","0.39503517555281176"
"50511","0.39503517555281176","0.39503517555281176","0.39503517555281176"
"50531","0.39503517555281176","0.39503517555281176","0.39503517555281176"
"50539","0.39503517555281176","0.39503517555281176","0.39503517555281176"
"50553","0.39503517555281176","0.39503517555281176","0.39503517555281176"
"50570","0.39503517555281176","0.39503517555281176","0.39503517555281176"
"50574","0.39503517555281176","0.39503517555281176","0.39503517555281176"
"50575","0.39503517555281176","0.39503517555281176","0.39503517555281176"
"50578","0.39503517555281176","0.39503517555281176","0.39503517555281176"
"50581","0.39503517555281176","0.39503517555281176","0.39503517555281176"
"50583","0.39503517555281176","0.39503517555281176","0.39503517555281176"
"50586","0.39503517555281176","0.39503517555281176","0.39503517555281176"
"50587","0.39503517555281176","0.39503517555281176","0.39503517555281176"
"50602","0.393035175603336","0.393035175603336","0.393035175603336"
"50612","0.393035175603336","0.393035175603336","0.393035175603336"
"50614","0.393035175603336","0.393035175603336","0.393035175603336"
"50615","0.393035175603336","0.393035175603336","0.393035175603336"
"50621","0.393035175603336","0.393035175603336","0.393035175603336"
"50622","0.393035175603336","0.393035175603336","0.393035175603336"
"50624","0.393035175603336","0.393035175603336","0.393035175603336"
"50627","0.393035175603336","0.393035175603336","0.393035175603336"
"50640","0.393035175603336","0.393035175603336","0.393035175603336"
"50641","0.393035175603336","0.393035175603336","0.393035175603336"
"50642","0.393035175603336","0.393035175603336","0.393035175603336"
"50643","0.393035175603336","0.393035175603336","0.393035175603336"
"50658","0.393035175603336","0.393035175603336","0.393035175603336"
"50664","0.393035175603336","0.393035175603336","0.393035175603336"
"50665","0.393035175603336","0.393035175603336","0.393035175603336"
"50669","0.393035175603336","0.393035175603336","0.393035175603336"
"50672","0.393035175603336","0.393035175603336","0.393035175603336"
"50673","0.393035175603336","0.393035175603336","0.393035175603336"
"50675","0.393035175603336","0.393035175603336","0.393035175603336"
"50677","0.393035175603336","0.393035175603336","0.393035175603336"
"50680","0.393035175603336","0.393035175603336","0.393035175603336"
"50681","0.393035175603336","0.393035175603336","0.393035175603336"
"50692","0.393035175603336","0.393035175603336","0.393035175603336"
"50697","0.393035175603336","0.393035175603336","0.393035175603336"
"50706","0.39183517563365056","0.39183517563365056","0.39183517563365056"
"50709","0.39123517564880783","0.39123517564880783","0.39123517564880783"
"50722","0.39103517565386026","0.39103517565386026","0.39103517565386026"
"50723","0.39103517565386026","0.39103517565386026","0.39103517565386026"
"50728","0.39103517565386026","0.39103517565386026","0.39103517565386026"
"50733","0.39103517565386026","0.39103517565386026","0.39103517565386026"
"50734","0.39103517565386026","0.39103517565386026","0.39103517565386026"
"50742","0.39103517565386026","0.39103517565386026","0.39103517565386026"
"50750","0.39103517565386026","0.39103517565386026","0.39103517565386026"
"50755","0.39103517565386026","0.39103517565386026","0.39103517565386026"
"50760","0.39103517565386026","0.39103517565386026","0.39103517565386026"
"50765","0.39103517565386026","0.39103517565386026","0.39103517565386026"
"50770","0.39103517565386026","0.39103517565386026","0.39103517565386026"
"50790","0.39103517565386026","0.39103517565386026","0.39103517565386026"
"50806","0.39103517565386026","0.39103517565386026","0.39103517565386026"
"50807","0.39103517565386026","0.39103517565386026","0.39103517565386026"
"50809","0.39103517565386026","0.39103517565386026","0.39103517565386026"
"50813","0.39043517566901753","0.39043517566901753","0.39043517566901753"
"50819","0.3892351756993321","0.3892351756993321","0.3892351756993321"
"50827","0.3890351757043845","0.3890351757043845","0.3890351757043845"
"50842","0.3890351757043845","0.3890351757043845","0.3890351757043845"
"50843","0.3890351757043845","0.3890351757043845","0.3890351757043845"
"50869","0.3890351757043845","0.3890351757043845","0.3890351757043845"
"50874","0.3890351757043845","0.3890351757043845","0.3890351757043845"
"50875","0.3890351757043845","0.3890351757043845","0.3890351757043845"
"50881","0.3890351757043845","0.3890351757043845","0.3890351757043845"
"50889","0.3890351757043845","0.3890351757043845","0.3890351757043845"
"50892","0.3890351757043845","0.3890351757043845","0.3890351757043845"
"50894","0.3890351757043845","0.3890351757043845","0.3890351757043845"
"50900","0.3890351757043845","0.3890351757043845","0.3890351757043845"
"50914","0.3890351757043845","0.3890351757043845","0.3890351757043845"
"50916","0.3890351757043845","0.3890351757043845","0.3890351757043845"
"50917","0.3890351757043845","0.3890351757043845","0.3890351757043845"
"50919","0.3890351757043845","0.3890351757043845","0.3890351757043845"
"50930","0.38703517575490876","0.38703517575490876","0.38703517575490876"
"50938","0.38703517575490876","0.38703517575490876","0.38703517575490876"
"50940","0.38703517575490876","0.38703517575490876","0.38703517575490876"
"50943","0.38703517575490876","0.38703517575490876","0.38703517575490876"
"50946","0.38703517575490876","0.38703517575490876","0.38703517575490876"
"50951","0.38703517575490876","0.38703517575490876","0.38703517575490876"
"50961","0.38703517575490876","0.38703517575490876","0.38703517575490876"
"50962","0.38703517575490876","0.38703517575490876","0.38703517575490876"
"50979","0.38703517575490876","0.38703517575490876","0.38703517575490876"
"50980","0.38703517575490876","0.38703517575490876","0.38703517575490876"
"50987","0.38703517575490876","0.38703517575490876","0.38703517575490876"
"50989","0.38703517575490876","0.38703517575490876","0.38703517575490876"
"50990","0.38703517575490876","0.38703517575490876","0.38703517575490876"
"50991","0.38703517575490876","0.38703517575490876","0.38703517575490876"
"51001","0.38703517575490876","0.38703517575490876","0.38703517575490876"
"51006","0.38703517575490876","0.38703517575490876","0.38703517575490876"
"51010","0.38703517575490876","0.38703517575490876","0.38703517575490876"
"51024","0.38703517575490876","0.38703517575490876","0.38703517575490876"
"51026","0.38703517575490876","0.38703517575490876","0.38703517575490876"
"51028","0.38703517575490876","0.38703517575490876","0.38703517575490876"
"51031","0.38723517574985633","0.38723517574985633","0.38723517574985633"
"51042","0.3890351757043845","0.3890351757043845","0.3890351757043845"
"51049","0.3890351757043845","0.3890351757043845","0.3890351757043845"
"51060","0.3890351757043845","0.3890351757043845","0.3890351757043845"
"51062","0.3890351757043845","0.3890351757043845","0.3890351757043845"
"51068","0.3890351757043845","0.3890351757043845","0.3890351757043845"
"51077","0.3890351757043845","0.3890351757043845","0.3890351757043845"
"51081","0.3890351757043845","0.3890351757043845","0.3890351757043845"
"51093","0.3890351757043845","0.3890351757043845","0.3890351757043845"
"51104","0.3890351757043845","0.3890351757043845","0.3890351757043845"
"51106","0.3890351757043845","0.3890351757043845","0.3890351757043845"
"51112","0.3890351757043845","0.3890351757043845","0.3890351757043845"
"51113","0.3890351757043845","0.3890351757043845","0.3890351757043845"
"51118","0.3890351757043845","0.3890351757043845","0.3890351757043845"
"51119","0.3890351757043845","0.3890351757043845","0.3890351757043845"
"51123","0.3890351757043845","0.3890351757043845","0.3890351757043845"
"51130","0.3890351757043845","0.3890351757043845","0.3890351757043845"
"51133","0.3890351757043845","0.3890351757043845","0.3890351757043845"
"51145","0.3900351756791224","0.3900351756791224","0.3900351756791224"
"51146","0.39023517567406996","0.39023517567406996","0.39023517567406996"
"51149","0.3908351756589127","0.3908351756589127","0.3908351756589127"
"51154","0.39103517565386026","0.39103517565386026","0.39103517565386026"
"51157","0.39103517565386026","0.39103517565386026","0.39103517565386026"
"51164","0.39103517565386026","0.39103517565386026","0.39103517565386026"
"51166","0.39103517565386026","0.39103517565386026","0.39103517565386026"
"51179","0.39103517565386026","0.39103517565386026","0.39103517565386026"
"51187","0.39103517565386026","0.39103517565386026","0.39103517565386026"
"51188","0.39103517565386026","0.39103517565386026","0.39103517565386026"
"51194","0.39103517565386026","0.39103517565386026","0.39103517565386026"
"51215","0.39103517565386026","0.39103517565386026","0.39103517565386026"
"51221","0.39103517565386026","0.39103517565386026","0.39103517565386026"
"51239","0.39103517565386026","0.39103517565386026","0.39103517565386026"
"51248","0.39103517565386026","0.39103517565386026","0.39103517565386026"
"51249","0.39103517565386026","0.39103517565386026","0.39103517565386026"
"51250","0.39103517565386026","0.39103517565386026","0.39103517565386026"
"51251","0.39123517564880783","0.39123517564880783","0.39123517564880783"
"51252","0.3914351756437554","0.3914351756437554","0.3914351756437554"
"51262","0.393035175603336","0.393035175603336","0.393035175603336"
"51267","0.393035175603336","0.393035175603336","0.393035175603336"
"51268","0.393035175603336","0.393035175603336","0.393035175603336"
"51279","0.393035175603336","0.393035175603336","0.393035175603336"
"51281","0.393035175603336","0.393035175603336","0.393035175603336"
"51282","0.393035175603336","0.393035175603336","0.393035175603336"
"51283","0.393035175603336","0.393035175603336","0.393035175603336"
"51284","0.393035175603336","0.393035175603336","0.393035175603336"
"51289","0.393035175603336","0.393035175603336","0.393035175603336"
"51291","0.393035175603336","0.393035175603336","0.393035175603336"
"51306","0.393035175603336","0.393035175603336","0.393035175603336"
"51308","0.393035175603336","0.393035175603336","0.393035175603336"
"51313","0.393035175603336","0.393035175603336","0.393035175603336"
"51331","0.393035175603336","0.393035175603336","0.393035175603336"
"51334","0.393035175603336","0.393035175603336","0.393035175603336"
"51350","0.393035175603336","0.393035175603336","0.393035175603336"
"51352","0.393035175603336","0.393035175603336","0.393035175603336"
"51353","0.393035175603336","0.393035175603336","0.393035175603336"
"51354","0.393035175603336","0.393035175603336","0.393035175603336"
"51365","0.3940351755780739","0.3940351755780739","0.3940351755780739"
"51369","0.3948351755578642","0.3948351755578642","0.3948351755578642"
"51379","0.39503517555281176","0.39503517555281176","0.39503517555281176"
"51393","0.39503517555281176","0.39503517555281176","0.39503517555281176"
"51394","0.39503517555281176","0.39503517555281176","0.39503517555281176"
"51399","0.39503517555281176","0.39503517555281176","0.39503517555281176"
"51403","0.39503517555281176","0.39503517555281176","0.39503517555281176"
"51406","0.39503517555281176","0.39503517555281176","0.39503517555281176"
"51412","0.39503517555281176","0.39503517555281176","0.39503517555281176"
"51414","0.39503517555281176","0.39503517555281176","0.39503517555281176"
"51420","0.39503517555281176","0.39503517555281176","0.39503517555281176"
"51426","0.39503517555281176","0.39503517555281176","0.39503517555281176"
"51429","0.39503517555281176","0.39503517555281176","0.39503517555281176"
"51432","0.39503517555281176","0.39503517555281176","0.39503517555281176"
"51439","0.39503517555281176","0.39503517555281176","0.39503517555281176"
"51452","0.39503517555281176","0.39503517555281176","0.39503517555281176"
"51458","0.39503517555281176","0.39503517555281176","0.39503517555281176"
"51459","0.39503517555281176","0.39503517555281176","0.39503517555281176"
"51464","0.39503517555281176","0.39503517555281176","0.39503517555281176"
"51466","0.39503517555281176","0.39503517555281176","0.39503517555281176"
"51484","0.393035175603336","0.393035175603336","0.393035175603336"
"51486","0.393035175603336","0.393035175603336","0.393035175603336"
"51488","0.393035175603336","0.393035175603336","0.393035175603336"
"51489","0.393035175603336","0.393035175603336","0.393035175603336"
"51496","0.393035175603336","0.393035175603336","0.393035175603336"
"51500","0.393035175603336","0.393035175603336","0.393035175603336"
"51503","0.393035175603336","0.393035175603336","0.393035175603336"
"51511","0.393035175603336","0.393035175603336","0.393035175603336"
"51513","0.393035175603336","0.393035175603336","0.393035175603336"
"51519","0.393035175603336","0.393035175603336","0.393035175603336"
"51520","0.393035175603336","0.393035175603336","0.393035175603336"
"51525","0.393035175603336","0.393035175603336","0.393035175603336"
"51531","0.393035175603336","0.393035175603336","0.393035175603336"
"51542","0.393035175603336","0.393035175603336","0.393035175603336"
"51544","0.393035175603336","0.393035175603336","0.393035175603336"
"51549","0.393035175603336","0.393035175603336","0.393035175603336"
"51555","0.393035175603336","0.393035175603336","0.393035175603336"
"51574","0.393035175603336","0.393035175603336","0.393035175603336"
"51585","0.39203517562859813","0.39203517562859813","0.39203517562859813"
"51597","0.39103517565386026","0.39103517565386026","0.39103517565386026"
"51606","0.39103517565386026","0.39103517565386026","0.39103517565386026"
"51607","0.39103517565386026","0.39103517565386026","0.39103517565386026"
"51610","0.39103517565386026","0.39103517565386026","0.39103517565386026"
"51614","0.39103517565386026","0.39103517565386026","0.39103517565386026"
"51620","0.39103517565386026","0.39103517565386026","0.39103517565386026"
"51622","0.39103517565386026","0.39103517565386026","0.39103517565386026"
"51627","0.39103517565386026","0.39103517565386026","0.39103517565386026"
"51632","0.39103517565386026","0.39103517565386026","0.39103517565386026"
"51635","0.39103517565386026","0.39103517565386026","0.39103517565386026"
"51636","0.39103517565386026","0.39103517565386026","0.39103517565386026"
"51639","0.39103517565386026","0.39103517565386026","0.39103517565386026"
"51645","0.39103517565386026","0.39103517565386026","0.39103517565386026"
"51648","0.39103517565386026","0.39103517565386026","0.39103517565386026"
"51649","0.39103517565386026","0.39103517565386026","0.39103517565386026"
"51657","0.39103517565386026","0.39103517565386026","0.39103517565386026"
"51661","0.39103517565386026","0.39103517565386026","0.39103517565386026"
"51667","0.39103517565386026","0.39103517565386026","0.39103517565386026"
"51678","0.39103517565386026","0.39103517565386026","0.39103517565386026"
"51682","0.39103517565386026","0.39103517565386026","0.39103517565386026"
"51684","0.39103517565386026","0.39103517565386026","0.39103517565386026"
"51688","0.39103517565386026","0.39103517565386026","0.39103517565386026"
"51691","0.3908351756589127","0.3908351756589127","0.3908351756589127"
"51693","0.39043517566901753","0.39043517566901753","0.39043517566901753"
"51696","0.3898351756841748","0.3898351756841748","0.3898351756841748"
"51703","0.3890351757043845","0.3890351757043845","0.3890351757043845"
"51710","0.3890351757043845","0.3890351757043845","0.3890351757043845"
"51716","0.3890351757043845","0.3890351757043845","0.3890351757043845"
"51717","0.3890351757043845","0.3890351757043845","0.3890351757043845"
"51720","0.3890351757043845","0.3890351757043845","0.3890351757043845"
"51721","0.3890351757043845","0.3890351757043845","0.3890351757043845"
"51727","0.3890351757043845","0.3890351757043845","0.3890351757043845"
"51751","0.3890351757043845","0.3890351757043845","0.3890351757043845"
"51752","0.3890351757043845","0.3890351757043845","0.3890351757043845"
"51754","0.3890351757043845","0.3890351757043845","0.3890351757043845"
"51755","0.3890351757043845","0.3890351757043845","0.3890351757043845"
"51758","0.3890351757043845","0.3890351757043845","0.3890351757043845"
"51760","0.3890351757043845","0.3890351757043845","0.3890351757043845"
"51763","0.3890351757043845","0.3890351757043845","0.3890351757043845"
"51788","0.3890351757043845","0.3890351757043845","0.3890351757043845"
"51792","0.3890351757043845","0.3890351757043845","0.3890351757043845"
"51801","0.3892351756993321","0.3892351756993321","0.3892351756993321"
"51807","0.39043517566901753","0.39043517566901753","0.39043517566901753"
"51809","0.3908351756589127","0.3908351756589127","0.3908351756589127"
"51810","0.39103517565386026","0.39103517565386026","0.39103517565386026"
"51821","0.39103517565386026","0.39103517565386026","0.39103517565386026"
"51831","0.39103517565386026","0.39103517565386026","0.39103517565386026"
"51841","0.39103517565386026","0.39103517565386026","0.39103517565386026"
"51847","0.39103517565386026","0.39103517565386026","0.39103517565386026"
"51852","0.39103517565386026","0.39103517565386026","0.39103517565386026"
"51853","0.39103517565386026","0.39103517565386026","0.39103517565386026"
"51859","0.39103517565386026","0.39103517565386026","0.39103517565386026"
"51861","0.39103517565386026","0.39103517565386026","0.39103517565386026"
"51866","0.39103517565386026","0.39103517565386026","0.39103517565386026"
"51879","0.39103517565386026","0.39103517565386026","0.39103517565386026"
"51883","0.39103517565386026","0.39103517565386026","0.39103517565386026"
"51885","0.39103517565386026","0.39103517565386026","0.39103517565386026"
"51893","0.39103517565386026","0.39103517565386026","0.39103517565386026"
"51894","0.39103517565386026","0.39103517565386026","0.39103517565386026"
"51897","0.39103517565386026","0.39103517565386026","0.39103517565386026"
"51916","0.3898351756841748","0.3898351756841748","0.3898351756841748"
"51917","0.38963517568922723","0.38963517568922723","0.38963517568922723"
"51925","0.3890351757043845","0.3890351757043845","0.3890351757043845"
"51928","0.3890351757043845","0.3890351757043845","0.3890351757043845"
"51935","0.3890351757043845","0.3890351757043845","0.3890351757043845"
"51950","0.3890351757043845","0.3890351757043845","0.3890351757043845"
"51975","0.3890351757043845","0.3890351757043845","0.3890351757043845"
"51978","0.3890351757043845","0.3890351757043845","0.3890351757043845"
"51979","0.3890351757043845","0.3890351757043845","0.3890351757043845"
"51984","0.3890351757043845","0.3890351757043845","0.3890351757043845"
"51988","0.3890351757043845","0.3890351757043845","0.3890351757043845"
"52005","0.3890351757043845","0.3890351757043845","0.3890351757043845"
"52008","0.3890351757043845","0.3890351757043845","0.3890351757043845"
"52012","0.3890351757043845","0.3890351757043845","0.3890351757043845"
"52016","0.3890351757043845","0.3890351757043845","0.3890351757043845"
"52021","0.38883517570943693","0.38883517570943693","0.38883517570943693"
"52024","0.3882351757245942","0.3882351757245942","0.3882351757245942"
"52027","0.3876351757397515","0.3876351757397515","0.3876351757397515"
"52028","0.3874351757448039","0.3874351757448039","0.3874351757448039"
"52034","0.38703517575490876","0.38703517575490876","0.38703517575490876"
"52040","0.38703517575490876","0.38703517575490876","0.38703517575490876"
"52044","0.38703517575490876","0.38703517575490876","0.38703517575490876"
"52053","0.38703517575490876","0.38703517575490876","0.38703517575490876"
"52071","0.38703517575490876","0.38703517575490876","0.38703517575490876"
"52076","0.38703517575490876","0.38703517575490876","0.38703517575490876"
"52089","0.38703517575490876","0.38703517575490876","0.38703517575490876"
"52108","0.38703517575490876","0.38703517575490876","0.38703517575490876"
"52128","0.38703517575490876","0.38703517575490876","0.38703517575490876"
"52130","0.38703517575490876","0.38703517575490876","0.38703517575490876"
"52131","0.38723517574985633","0.38723517574985633","0.38723517574985633"
"52132","0.3874351757448039","0.3874351757448039","0.3874351757448039"
"52134","0.38783517573469906","0.38783517573469906","0.38783517573469906"
"52143","0.3890351757043845","0.3890351757043845","0.3890351757043845"
"52159","0.3890351757043845","0.3890351757043845","0.3890351757043845"
"52180","0.3890351757043845","0.3890351757043845","0.3890351757043845"
"52181","0.3890351757043845","0.3890351757043845","0.3890351757043845"
"52190","0.3890351757043845","0.3890351757043845","0.3890351757043845"
"52191","0.3890351757043845","0.3890351757043845","0.3890351757043845"
"52194","0.3890351757043845","0.3890351757043845","0.3890351757043845"
"52206","0.3890351757043845","0.3890351757043845","0.3890351757043845"
"52209","0.3890351757043845","0.3890351757043845","0.3890351757043845"
"52210","0.3890351757043845","0.3890351757043845","0.3890351757043845"
"52214","0.3890351757043845","0.3890351757043845","0.3890351757043845"
"52219","0.3890351757043845","0.3890351757043845","0.3890351757043845"
"52230","0.3890351757043845","0.3890351757043845","0.3890351757043845"
"52231","0.3890351757043845","0.3890351757043845","0.3890351757043845"
"52232","0.3890351757043845","0.3890351757043845","0.3890351757043845"
"52242","0.38863517571448936","0.38863517571448936","0.38863517571448936"
"52252","0.38703517575490876","0.38703517575490876","0.38703517575490876"
"52254","0.38703517575490876","0.38703517575490876","0.38703517575490876"
"52261","0.38703517575490876","0.38703517575490876","0.38703517575490876"
"52262","0.38703517575490876","0.38703517575490876","0.38703517575490876"
"52265","0.38703517575490876","0.38703517575490876","0.38703517575490876"
"52271","0.38703517575490876","0.38703517575490876","0.38703517575490876"
"52275","0.38703517575490876","0.38703517575490876","0.38703517575490876"
"52282","0.38703517575490876","0.38703517575490876","0.38703517575490876"
"52284","0.38703517575490876","0.38703517575490876","0.38703517575490876"
"52286","0.38703517575490876","0.38703517575490876","0.38703517575490876"
"52297","0.38703517575490876","0.38703517575490876","0.38703517575490876"
"52304","0.38703517575490876","0.38703517575490876","0.38703517575490876"
"52308","0.38703517575490876","0.38703517575490876","0.38703517575490876"
"52311","0.38703517575490876","0.38703517575490876","0.38703517575490876"
"52315","0.38703517575490876","0.38703517575490876","0.38703517575490876"
"52329","0.38703517575490876","0.38703517575490876","0.38703517575490876"
"52333","0.38703517575490876","0.38703517575490876","0.38703517575490876"
"52338","0.38703517575490876","0.38703517575490876","0.38703517575490876"
"52341","0.38703517575490876","0.38703517575490876","0.38703517575490876"
"52344","0.38703517575490876","0.38703517575490876","0.38703517575490876"
"52349","0.38703517575490876","0.38703517575490876","0.38703517575490876"
"52357","0.3884351757195418","0.3884351757195418","0.3884351757195418"
"52358","0.38863517571448936","0.38863517571448936","0.38863517571448936"
"52365","0.3890351757043845","0.3890351757043845","0.3890351757043845"
"52366","0.3890351757043845","0.3890351757043845","0.3890351757043845"
"52379","0.3890351757043845","0.3890351757043845","0.3890351757043845"
"52382","0.3890351757043845","0.3890351757043845","0.3890351757043845"
"52400","0.3890351757043845","0.3890351757043845","0.3890351757043845"
"52402","0.3890351757043845","0.3890351757043845","0.3890351757043845"
"52409","0.3890351757043845","0.3890351757043845","0.3890351757043845"
"52423","0.3890351757043845","0.3890351757043845","0.3890351757043845"
"52429","0.3890351757043845","0.3890351757043845","0.3890351757043845"
"52438","0.3890351757043845","0.3890351757043845","0.3890351757043845"
"52441","0.3890351757043845","0.3890351757043845","0.3890351757043845"
"52448","0.3890351757043845","0.3890351757043845","0.3890351757043845"
"52455","0.3890351757043845","0.3890351757043845","0.3890351757043845"
"52457","0.3890351757043845","0.3890351757043845","0.3890351757043845"
"52460","0.3890351757043845","0.3890351757043845","0.3890351757043845"
"52479","0.39103517565386026","0.39103517565386026","0.39103517565386026"
"52484","0.39103517565386026","0.39103517565386026","0.39103517565386026"
"52486","0.39103517565386026","0.39103517565386026","0.39103517565386026"
"52512","0.39103517565386026","0.39103517565386026","0.39103517565386026"
"52514","0.39103517565386026","0.39103517565386026","0.39103517565386026"
"52518","0.39103517565386026","0.39103517565386026","0.39103517565386026"
"52521","0.39103517565386026","0.39103517565386026","0.39103517565386026"
"52533","0.39103517565386026","0.39103517565386026","0.39103517565386026"
"52543","0.39103517565386026","0.39103517565386026","0.39103517565386026"
"52567","0.39103517565386026","0.39103517565386026","0.39103517565386026"
"52570","0.39103517565386026","0.39103517565386026","0.39103517565386026"
"52580","0.3890351757043845","0.3890351757043845","0.3890351757043845"
"52581","0.3890351757043845","0.3890351757043845","0.3890351757043845"
"52586","0.3890351757043845","0.3890351757043845","0.3890351757043845"
"52592","0.3890351757043845","0.3890351757043845","0.3890351757043845"
"52593","0.3890351757043845","0.3890351757043845","0.3890351757043845"
"52595","0.3890351757043845","0.3890351757043845","0.3890351757043845"
"52597","0.3890351757043845","0.3890351757043845","0.3890351757043845"
"52601","0.3890351757043845","0.3890351757043845","0.3890351757043845"
"52602","0.3890351757043845","0.3890351757043845","0.3890351757043845"
"52609","0.3890351757043845","0.3890351757043845","0.3890351757043845"
"52610","0.3890351757043845","0.3890351757043845","0.3890351757043845"
"52613","0.3890351757043845","0.3890351757043845","0.3890351757043845"
"52617","0.3890351757043845","0.3890351757043845","0.3890351757043845"
"52621","0.3890351757043845","0.3890351757043845","0.3890351757043845"
"52625","0.3890351757043845","0.3890351757043845","0.3890351757043845"
"52627","0.3890351757043845","0.3890351757043845","0.3890351757043845"
"52631","0.3890351757043845","0.3890351757043845","0.3890351757043845"
"52632","0.3890351757043845","0.3890351757043845","0.3890351757043845"
"52639","0.3890351757043845","0.3890351757043845","0.3890351757043845"
"52644","0.3890351757043845","0.3890351757043845","0.3890351757043845"
"52645","0.3890351757043845","0.3890351757043845","0.3890351757043845"
"52655","0.3890351757043845","0.3890351757043845","0.3890351757043845"
"52670","0.3890351757043845","0.3890351757043845","0.3890351757043845"
"52689","0.38723517574985633","0.38723517574985633","0.38723517574985633"
"52706","0.38703517575490876","0.38703517575490876","0.38703517575490876"
"52711","0.38703517575490876","0.38703517575490876","0.38703517575490876"
"52720","0.38703517575490876","0.38703517575490876","0.38703517575490876"
"52727","0.38703517575490876","0.38703517575490876","0.38703517575490876"
"52738","0.38703517575490876","0.38703517575490876","0.38703517575490876"
"52742","0.38703517575490876","0.38703517575490876","0.38703517575490876"
"52743","0.38703517575490876","0.38703517575490876","0.38703517575490876"
"52748","0.38703517575490876","0.38703517575490876","0.38703517575490876"
"52749","0.38703517575490876","0.38703517575490876","0.38703517575490876"
"52753","0.38703517575490876","0.38703517575490876","0.38703517575490876"
"52759","0.38703517575490876","0.38703517575490876","0.38703517575490876"
"52770","0.38703517575490876","0.38703517575490876","0.38703517575490876"
"52778","0.38703517575490876","0.38703517575490876","0.38703517575490876"
"52789","0.38703517575490876","0.38703517575490876","0.38703517575490876"
"52791","0.3868351757599612","0.3868351757599612","0.3868351757599612"
"52792","0.3866351757650136","0.3866351757650136","0.3866351757650136"
"52799","0.3852351758003806","0.3852351758003806","0.3852351758003806"
"52803","0.385035175805433","0.385035175805433","0.385035175805433"
"52806","0.385035175805433","0.385035175805433","0.385035175805433"
"52809","0.385035175805433","0.385035175805433","0.385035175805433"
"52819","0.385035175805433","0.385035175805433","0.385035175805433"
"52822","0.385035175805433","0.385035175805433","0.385035175805433"
"52827","0.385035175805433","0.385035175805433","0.385035175805433"
"52830","0.385035175805433","0.385035175805433","0.385035175805433"
"52853","0.385035175805433","0.385035175805433","0.385035175805433"
"52859","0.385035175805433","0.385035175805433","0.385035175805433"
"52867","0.385035175805433","0.385035175805433","0.385035175805433"
"52870","0.385035175805433","0.385035175805433","0.385035175805433"
"52890","0.385035175805433","0.385035175805433","0.385035175805433"
"52901","0.3852351758003806","0.3852351758003806","0.3852351758003806"
"52903","0.38563517579027573","0.38563517579027573","0.38563517579027573"
"52909","0.3868351757599612","0.3868351757599612","0.3868351757599612"
"52911","0.38703517575490876","0.38703517575490876","0.38703517575490876"
"52914","0.38703517575490876","0.38703517575490876","0.38703517575490876"
"52918","0.38703517575490876","0.38703517575490876","0.38703517575490876"
"52921","0.38703517575490876","0.38703517575490876","0.38703517575490876"
"52924","0.38703517575490876","0.38703517575490876","0.38703517575490876"
"52925","0.38703517575490876","0.38703517575490876","0.38703517575490876"
"52927","0.38703517575490876","0.38703517575490876","0.38703517575490876"
"52928","0.38703517575490876","0.38703517575490876","0.38703517575490876"
"52935","0.38703517575490876","0.38703517575490876","0.38703517575490876"
"52938","0.38703517575490876","0.38703517575490876","0.38703517575490876"
"52941","0.38703517575490876","0.38703517575490876","0.38703517575490876"
"52944","0.38703517575490876","0.38703517575490876","0.38703517575490876"
"52947","0.38703517575490876","0.38703517575490876","0.38703517575490876"
"52950","0.38703517575490876","0.38703517575490876","0.38703517575490876"
"52952","0.38703517575490876","0.38703517575490876","0.38703517575490876"
"52955","0.38703517575490876","0.38703517575490876","0.38703517575490876"
"52956","0.38703517575490876","0.38703517575490876","0.38703517575490876"
"52959","0.38703517575490876","0.38703517575490876","0.38703517575490876"
"52960","0.38703517575490876","0.38703517575490876","0.38703517575490876"
"52961","0.38703517575490876","0.38703517575490876","0.38703517575490876"
"52962","0.38703517575490876","0.38703517575490876","0.38703517575490876"
"52966","0.38703517575490876","0.38703517575490876","0.38703517575490876"
"52967","0.38703517575490876","0.38703517575490876","0.38703517575490876"
"52969","0.38703517575490876","0.38703517575490876","0.38703517575490876"
"52981","0.38703517575490876","0.38703517575490876","0.38703517575490876"
"52986","0.38703517575490876","0.38703517575490876","0.38703517575490876"
"52989","0.38703517575490876","0.38703517575490876","0.38703517575490876"
"53007","0.38703517575490876","0.38703517575490876","0.38703517575490876"
"53012","0.3866351757650136","0.3866351757650136","0.3866351757650136"
"53017","0.38563517579027573","0.38563517579027573","0.38563517579027573"
"53021","0.385035175805433","0.385035175805433","0.385035175805433"
"53048","0.385035175805433","0.385035175805433","0.385035175805433"
"53051","0.385035175805433","0.385035175805433","0.385035175805433"
"53054","0.385035175805433","0.385035175805433","0.385035175805433"
"53055","0.385035175805433","0.385035175805433","0.385035175805433"
"53061","0.385035175805433","0.385035175805433","0.385035175805433"
"53071","0.385035175805433","0.385035175805433","0.385035175805433"
"53086","0.385035175805433","0.385035175805433","0.385035175805433"
"53087","0.385035175805433","0.385035175805433","0.385035175805433"
"53088","0.385035175805433","0.385035175805433","0.385035175805433"
"53108","0.385035175805433","0.385035175805433","0.385035175805433"
"53116","0.385035175805433","0.385035175805433","0.385035175805433"
"53135","0.38703517575490876","0.38703517575490876","0.38703517575490876"
"53138","0.38703517575490876","0.38703517575490876","0.38703517575490876"
"53141","0.38703517575490876","0.38703517575490876","0.38703517575490876"
"53142","0.38703517575490876","0.38703517575490876","0.38703517575490876"
"53143","0.38703517575490876","0.38703517575490876","0.38703517575490876"
"53146","0.38703517575490876","0.38703517575490876","0.38703517575490876"
"53149","0.38703517575490876","0.38703517575490876","0.38703517575490876"
"53161","0.38703517575490876","0.38703517575490876","0.38703517575490876"
"53173","0.38703517575490876","0.38703517575490876","0.38703517575490876"
"53175","0.38703517575490876","0.38703517575490876","0.38703517575490876"
"53177","0.38703517575490876","0.38703517575490876","0.38703517575490876"
"53178","0.38703517575490876","0.38703517575490876","0.38703517575490876"
"53191","0.38703517575490876","0.38703517575490876","0.38703517575490876"
"53197","0.38703517575490876","0.38703517575490876","0.38703517575490876"
"53202","0.38703517575490876","0.38703517575490876","0.38703517575490876"
"53203","0.38703517575490876","0.38703517575490876","0.38703517575490876"
"53207","0.38703517575490876","0.38703517575490876","0.38703517575490876"
"53211","0.38703517575490876","0.38703517575490876","0.38703517575490876"
"53215","0.38703517575490876","0.38703517575490876","0.38703517575490876"
"53223","0.38703517575490876","0.38703517575490876","0.38703517575490876"
"53224","0.38703517575490876","0.38703517575490876","0.38703517575490876"
"53225","0.38703517575490876","0.38703517575490876","0.38703517575490876"
"53227","0.38703517575490876","0.38703517575490876","0.38703517575490876"
"53231","0.3868351757599612","0.3868351757599612","0.3868351757599612"
"53232","0.3866351757650136","0.3866351757650136","0.3866351757650136"
"53253","0.385035175805433","0.385035175805433","0.385035175805433"
"53273","0.385035175805433","0.385035175805433","0.385035175805433"
"53274","0.385035175805433","0.385035175805433","0.385035175805433"
"53286","0.385035175805433","0.385035175805433","0.385035175805433"
"53292","0.385035175805433","0.385035175805433","0.385035175805433"
"53296","0.385035175805433","0.385035175805433","0.385035175805433"
"53321","0.385035175805433","0.385035175805433","0.385035175805433"
"53325","0.385035175805433","0.385035175805433","0.385035175805433"
"53330","0.385035175805433","0.385035175805433","0.385035175805433"
"53359","0.38703517575490876","0.38703517575490876","0.38703517575490876"
"53370","0.38703517575490876","0.38703517575490876","0.38703517575490876"
"53376","0.38703517575490876","0.38703517575490876","0.38703517575490876"
"53382","0.38703517575490876","0.38703517575490876","0.38703517575490876"
"53388","0.38703517575490876","0.38703517575490876","0.38703517575490876"
"53392","0.38703517575490876","0.38703517575490876","0.38703517575490876"
"53396","0.38703517575490876","0.38703517575490876","0.38703517575490876"
"53399","0.38703517575490876","0.38703517575490876","0.38703517575490876"
"53400","0.38703517575490876","0.38703517575490876","0.38703517575490876"
"53405","0.38703517575490876","0.38703517575490876","0.38703517575490876"
"53408","0.38703517575490876","0.38703517575490876","0.38703517575490876"
"53410","0.38703517575490876","0.38703517575490876","0.38703517575490876"
"53421","0.38703517575490876","0.38703517575490876","0.38703517575490876"
"53427","0.38703517575490876","0.38703517575490876","0.38703517575490876"
"53428","0.38703517575490876","0.38703517575490876","0.38703517575490876"
"53431","0.38703517575490876","0.38703517575490876","0.38703517575490876"
"53436","0.38703517575490876","0.38703517575490876","0.38703517575490876"
"53440","0.38703517575490876","0.38703517575490876","0.38703517575490876"
"53441","0.38703517575490876","0.38703517575490876","0.38703517575490876"
"53442","0.38703517575490876","0.38703517575490876","0.38703517575490876"
"53449","0.38703517575490876","0.38703517575490876","0.38703517575490876"
"53452","0.3866351757650136","0.3866351757650136","0.3866351757650136"
"53454","0.38623517577511846","0.38623517577511846","0.38623517577511846"
"53457","0.38563517579027573","0.38563517579027573","0.38563517579027573"
"53461","0.385035175805433","0.385035175805433","0.385035175805433"
"53484","0.385035175805433","0.385035175805433","0.385035175805433"
"53490","0.385035175805433","0.385035175805433","0.385035175805433"
"53495","0.385035175805433","0.385035175805433","0.385035175805433"
"53500","0.385035175805433","0.385035175805433","0.385035175805433"
"53504","0.385035175805433","0.385035175805433","0.385035175805433"
"53506","0.385035175805433","0.385035175805433","0.385035175805433"
"53511","0.385035175805433","0.385035175805433","0.385035175805433"
"53512","0.385035175805433","0.385035175805433","0.385035175805433"
"53517","0.385035175805433","0.385035175805433","0.385035175805433"
"53522","0.385035175805433","0.385035175805433","0.385035175805433"
"53531","0.385035175805433","0.385035175805433","0.385035175805433"
"53539","0.385035175805433","0.385035175805433","0.385035175805433"
"53542","0.385035175805433","0.385035175805433","0.385035175805433"
"53551","0.385035175805433","0.385035175805433","0.385035175805433"
"53553","0.385035175805433","0.385035175805433","0.385035175805433"
"53557","0.385035175805433","0.385035175805433","0.385035175805433"
"53568","0.3834351758458524","0.3834351758458524","0.3834351758458524"
"53569","0.38323517585090483","0.38323517585090483","0.38323517585090483"
"53580","0.38303517585595726","0.38303517585595726","0.38303517585595726"
"53587","0.38303517585595726","0.38303517585595726","0.38303517585595726"
"53590","0.38303517585595726","0.38303517585595726","0.38303517585595726"
"53592","0.38303517585595726","0.38303517585595726","0.38303517585595726"
"53593","0.38303517585595726","0.38303517585595726","0.38303517585595726"
"53594","0.38303517585595726","0.38303517585595726","0.38303517585595726"
"53598","0.38303517585595726","0.38303517585595726","0.38303517585595726"
"53608","0.38303517585595726","0.38303517585595726","0.38303517585595726"
"53615","0.38303517585595726","0.38303517585595726","0.38303517585595726"
"53625","0.38303517585595726","0.38303517585595726","0.38303517585595726"
"53629","0.38303517585595726","0.38303517585595726","0.38303517585595726"
"53633","0.38303517585595726","0.38303517585595726","0.38303517585595726"
"53635","0.38303517585595726","0.38303517585595726","0.38303517585595726"
"53642","0.38303517585595726","0.38303517585595726","0.38303517585595726"
"53672","0.3834351758458524","0.3834351758458524","0.3834351758458524"
"53674","0.38383517583574756","0.38383517583574756","0.38383517583574756"
"53685","0.385035175805433","0.385035175805433","0.385035175805433"
"53687","0.385035175805433","0.385035175805433","0.385035175805433"
"53688","0.385035175805433","0.385035175805433","0.385035175805433"
"53691","0.385035175805433","0.385035175805433","0.385035175805433"
"53692","0.385035175805433","0.385035175805433","0.385035175805433"
"53695","0.385035175805433","0.385035175805433","0.385035175805433"
"53717","0.385035175805433","0.385035175805433","0.385035175805433"
"53721","0.385035175805433","0.385035175805433","0.385035175805433"
"53729","0.385035175805433","0.385035175805433","0.385035175805433"
"53739","0.385035175805433","0.385035175805433","0.385035175805433"
"53744","0.385035175805433","0.385035175805433","0.385035175805433"
"53754","0.385035175805433","0.385035175805433","0.385035175805433"
"53772","0.385035175805433","0.385035175805433","0.385035175805433"
"53795","0.38303517585595726","0.38303517585595726","0.38303517585595726"
"53796","0.38303517585595726","0.38303517585595726","0.38303517585595726"
"53797","0.38303517585595726","0.38303517585595726","0.38303517585595726"
"53800","0.38303517585595726","0.38303517585595726","0.38303517585595726"
"53806","0.38303517585595726","0.38303517585595726","0.38303517585595726"
"53812","0.38303517585595726","0.38303517585595726","0.38303517585595726"
"53815","0.38303517585595726","0.38303517585595726","0.38303517585595726"
"53824","0.38303517585595726","0.38303517585595726","0.38303517585595726"
"53831","0.38303517585595726","0.38303517585595726","0.38303517585595726"
"53832","0.38303517585595726","0.38303517585595726","0.38303517585595726"
"53837","0.38303517585595726","0.38303517585595726","0.38303517585595726"
"53855","0.38303517585595726","0.38303517585595726","0.38303517585595726"
"53886","0.38303517585595726","0.38303517585595726","0.38303517585595726"
"53899","0.38483517581048543","0.38483517581048543","0.38483517581048543"
"53905","0.385035175805433","0.385035175805433","0.385035175805433"
"53907","0.385035175805433","0.385035175805433","0.385035175805433"
"53917","0.385035175805433","0.385035175805433","0.385035175805433"
"53918","0.385035175805433","0.385035175805433","0.385035175805433"
"53919","0.385035175805433","0.385035175805433","0.385035175805433"
"53920","0.385035175805433","0.385035175805433","0.385035175805433"
"53925","0.385035175805433","0.385035175805433","0.385035175805433"
"53943","0.385035175805433","0.385035175805433","0.385035175805433"
"53944","0.385035175805433","0.385035175805433","0.385035175805433"
"53947","0.385035175805433","0.385035175805433","0.385035175805433"
"53948","0.385035175805433","0.385035175805433","0.385035175805433"
"53964","0.385035175805433","0.385035175805433","0.385035175805433"
"53973","0.385035175805433","0.385035175805433","0.385035175805433"
"53975","0.385035175805433","0.385035175805433","0.385035175805433"
"53979","0.385035175805433","0.385035175805433","0.385035175805433"
"53988","0.385035175805433","0.385035175805433","0.385035175805433"
"53989","0.385035175805433","0.385035175805433","0.385035175805433"
"54006","0.38383517583574756","0.38383517583574756","0.38383517583574756"
"54020","0.38303517585595726","0.38303517585595726","0.38303517585595726"
"54023","0.38303517585595726","0.38303517585595726","0.38303517585595726"
"54028","0.38303517585595726","0.38303517585595726","0.38303517585595726"
"54032","0.38303517585595726","0.38303517585595726","0.38303517585595726"
"54070","0.38303517585595726","0.38303517585595726","0.38303517585595726"
"54071","0.38303517585595726","0.38303517585595726","0.38303517585595726"
"54073","0.38303517585595726","0.38303517585595726","0.38303517585595726"
"54076","0.38303517585595726","0.38303517585595726","0.38303517585595726"
"54089","0.38303517585595726","0.38303517585595726","0.38303517585595726"
"54098","0.38303517585595726","0.38303517585595726","0.38303517585595726"
"54102","0.38303517585595726","0.38303517585595726","0.38303517585595726"
"54104","0.38303517585595726","0.38303517585595726","0.38303517585595726"
"54107","0.38303517585595726","0.38303517585595726","0.38303517585595726"
"54123","0.385035175805433","0.385035175805433","0.385035175805433"
"54124","0.385035175805433","0.385035175805433","0.385035175805433"
"54129","0.385035175805433","0.385035175805433","0.385035175805433"
"54131","0.385035175805433","0.385035175805433","0.385035175805433"
"54145","0.385035175805433","0.385035175805433","0.385035175805433"
"54146","0.385035175805433","0.385035175805433","0.385035175805433"
"54153","0.385035175805433","0.385035175805433","0.385035175805433"
"54156","0.385035175805433","0.385035175805433","0.385035175805433"
"54158","0.385035175805433","0.385035175805433","0.385035175805433"
"54161","0.385035175805433","0.385035175805433","0.385035175805433"
"54163","0.385035175805433","0.385035175805433","0.385035175805433"
"54164","0.385035175805433","0.385035175805433","0.385035175805433"
"54165","0.385035175805433","0.385035175805433","0.385035175805433"
"54173","0.385035175805433","0.385035175805433","0.385035175805433"
"54184","0.385035175805433","0.385035175805433","0.385035175805433"
"54187","0.385035175805433","0.385035175805433","0.385035175805433"
"54196","0.385035175805433","0.385035175805433","0.385035175805433"
"54204","0.385035175805433","0.385035175805433","0.385035175805433"
"54206","0.385035175805433","0.385035175805433","0.385035175805433"
"54212","0.385035175805433","0.385035175805433","0.385035175805433"
"54213","0.385035175805433","0.385035175805433","0.385035175805433"
"54214","0.385035175805433","0.385035175805433","0.385035175805433"
"54216","0.385035175805433","0.385035175805433","0.385035175805433"
"54219","0.385035175805433","0.385035175805433","0.385035175805433"
"54228","0.3834351758458524","0.3834351758458524","0.3834351758458524"
"54231","0.38303517585595726","0.38303517585595726","0.38303517585595726"
"54238","0.38303517585595726","0.38303517585595726","0.38303517585595726"
"54246","0.38303517585595726","0.38303517585595726","0.38303517585595726"
"54247","0.38303517585595726","0.38303517585595726","0.38303517585595726"
"54254","0.38303517585595726","0.38303517585595726","0.38303517585595726"
"54256","0.38303517585595726","0.38303517585595726","0.38303517585595726"
"54271","0.38303517585595726","0.38303517585595726","0.38303517585595726"
"54280","0.38303517585595726","0.38303517585595726","0.38303517585595726"
"54281","0.38303517585595726","0.38303517585595726","0.38303517585595726"
"54286","0.38303517585595726","0.38303517585595726","0.38303517585595726"
"54287","0.38303517585595726","0.38303517585595726","0.38303517585595726"
"54292","0.38303517585595726","0.38303517585595726","0.38303517585595726"
"54301","0.38303517585595726","0.38303517585595726","0.38303517585595726"
"54320","0.38303517585595726","0.38303517585595726","0.38303517585595726"
"54326","0.38303517585595726","0.38303517585595726","0.38303517585595726"
"54331","0.38323517585090483","0.38323517585090483","0.38323517585090483"
"54353","0.385035175805433","0.385035175805433","0.385035175805433"
"54357","0.385035175805433","0.385035175805433","0.385035175805433"
"54358","0.385035175805433","0.385035175805433","0.385035175805433"
"54359","0.385035175805433","0.385035175805433","0.385035175805433"
"54363","0.385035175805433","0.385035175805433","0.385035175805433"
"54364","0.385035175805433","0.385035175805433","0.385035175805433"
"54371","0.385035175805433","0.385035175805433","0.385035175805433"
"54379","0.385035175805433","0.385035175805433","0.385035175805433"
"54398","0.385035175805433","0.385035175805433","0.385035175805433"
"54400","0.385035175805433","0.385035175805433","0.385035175805433"
"54401","0.385035175805433","0.385035175805433","0.385035175805433"
"54403","0.385035175805433","0.385035175805433","0.385035175805433"
"54404","0.385035175805433","0.385035175805433","0.385035175805433"
"54413","0.385035175805433","0.385035175805433","0.385035175805433"
"54415","0.385035175805433","0.385035175805433","0.385035175805433"
"54417","0.385035175805433","0.385035175805433","0.385035175805433"
"54434","0.385035175805433","0.385035175805433","0.385035175805433"
"54443","0.38563517579027573","0.38563517579027573","0.38563517579027573"
"54444","0.3858351757852233","0.3858351757852233","0.3858351757852233"
"54445","0.3860351757801709","0.3860351757801709","0.3860351757801709"
"54452","0.38703517575490876","0.38703517575490876","0.38703517575490876"
"54462","0.38703517575490876","0.38703517575490876","0.38703517575490876"
"54471","0.38703517575490876","0.38703517575490876","0.38703517575490876"
"54475","0.38703517575490876","0.38703517575490876","0.38703517575490876"
"54483","0.38703517575490876","0.38703517575490876","0.38703517575490876"
"54489","0.38703517575490876","0.38703517575490876","0.38703517575490876"
"54491","0.38703517575490876","0.38703517575490876","0.38703517575490876"
"54493","0.38703517575490876","0.38703517575490876","0.38703517575490876"
"54508","0.38703517575490876","0.38703517575490876","0.38703517575490876"
"54510","0.38703517575490876","0.38703517575490876","0.38703517575490876"
"54514","0.38703517575490876","0.38703517575490876","0.38703517575490876"
"54523","0.38703517575490876","0.38703517575490876","0.38703517575490876"
"54525","0.38703517575490876","0.38703517575490876","0.38703517575490876"
"54531","0.38703517575490876","0.38703517575490876","0.38703517575490876"
"54533","0.38703517575490876","0.38703517575490876","0.38703517575490876"
"54541","0.38703517575490876","0.38703517575490876","0.38703517575490876"
"54559","0.3852351758003806","0.3852351758003806","0.3852351758003806"
"54563","0.385035175805433","0.385035175805433","0.385035175805433"
"54565","0.385035175805433","0.385035175805433","0.385035175805433"
"54568","0.385035175805433","0.385035175805433","0.385035175805433"
"54569","0.385035175805433","0.385035175805433","0.385035175805433"
"54571","0.385035175805433","0.385035175805433","0.385035175805433"
"54578","0.385035175805433","0.385035175805433","0.385035175805433"
"54585","0.385035175805433","0.385035175805433","0.385035175805433"
"54595","0.385035175805433","0.385035175805433","0.385035175805433"
"54598","0.385035175805433","0.385035175805433","0.385035175805433"
"54606","0.385035175805433","0.385035175805433","0.385035175805433"
"54609","0.385035175805433","0.385035175805433","0.385035175805433"
"54611","0.385035175805433","0.385035175805433","0.385035175805433"
"54613","0.385035175805433","0.385035175805433","0.385035175805433"
"54614","0.385035175805433","0.385035175805433","0.385035175805433"
"54617","0.385035175805433","0.385035175805433","0.385035175805433"
"54629","0.385035175805433","0.385035175805433","0.385035175805433"
"54645","0.385035175805433","0.385035175805433","0.385035175805433"
"54671","0.38303517585595726","0.38303517585595726","0.38303517585595726"
"54676","0.38303517585595726","0.38303517585595726","0.38303517585595726"
"54685","0.38303517585595726","0.38303517585595726","0.38303517585595726"
"54688","0.38303517585595726","0.38303517585595726","0.38303517585595726"
"54689","0.38303517585595726","0.38303517585595726","0.38303517585595726"
"54707","0.38303517585595726","0.38303517585595726","0.38303517585595726"
"54709","0.38303517585595726","0.38303517585595726","0.38303517585595726"
"54720","0.38303517585595726","0.38303517585595726","0.38303517585595726"
"54726","0.38303517585595726","0.38303517585595726","0.38303517585595726"
"54738","0.38303517585595726","0.38303517585595726","0.38303517585595726"
"54745","0.38303517585595726","0.38303517585595726","0.38303517585595726"
"54752","0.38303517585595726","0.38303517585595726","0.38303517585595726"
"54755","0.38303517585595726","0.38303517585595726","0.38303517585595726"
"54757","0.38303517585595726","0.38303517585595726","0.38303517585595726"
"54776","0.3818351758862718","0.3818351758862718","0.3818351758862718"
"54778","0.38143517589637665","0.38143517589637665","0.38143517589637665"
"54785","0.3810351759064815","0.3810351759064815","0.3810351759064815"
"54788","0.3810351759064815","0.3810351759064815","0.3810351759064815"
"54789","0.3810351759064815","0.3810351759064815","0.3810351759064815"
"54801","0.3810351759064815","0.3810351759064815","0.3810351759064815"
"54815","0.3810351759064815","0.3810351759064815","0.3810351759064815"
"54819","0.3810351759064815","0.3810351759064815","0.3810351759064815"
"54823","0.3810351759064815","0.3810351759064815","0.3810351759064815"
"54826","0.3810351759064815","0.3810351759064815","0.3810351759064815"
"54843","0.3810351759064815","0.3810351759064815","0.3810351759064815"
"54847","0.3810351759064815","0.3810351759064815","0.3810351759064815"
"54848","0.3810351759064815","0.3810351759064815","0.3810351759064815"
"54853","0.3810351759064815","0.3810351759064815","0.3810351759064815"
"54855","0.3810351759064815","0.3810351759064815","0.3810351759064815"
"54860","0.3810351759064815","0.3810351759064815","0.3810351759064815"
"54862","0.3810351759064815","0.3810351759064815","0.3810351759064815"
"54866","0.3810351759064815","0.3810351759064815","0.3810351759064815"
"54888","0.3794351759469009","0.3794351759469009","0.3794351759469009"
"54890","0.37903517595700575","0.37903517595700575","0.37903517595700575"
"54895","0.37903517595700575","0.37903517595700575","0.37903517595700575"
"54896","0.37903517595700575","0.37903517595700575","0.37903517595700575"
"54898","0.37903517595700575","0.37903517595700575","0.37903517595700575"
"54912","0.37903517595700575","0.37903517595700575","0.37903517595700575"
"54913","0.37903517595700575","0.37903517595700575","0.37903517595700575"
"54914","0.37903517595700575","0.37903517595700575","0.37903517595700575"
"54917","0.37903517595700575","0.37903517595700575","0.37903517595700575"
"54932","0.37903517595700575","0.37903517595700575","0.37903517595700575"
"54936","0.37903517595700575","0.37903517595700575","0.37903517595700575"
"54941","0.37903517595700575","0.37903517595700575","0.37903517595700575"
"54946","0.37903517595700575","0.37903517595700575","0.37903517595700575"
"54960","0.37903517595700575","0.37903517595700575","0.37903517595700575"
"54961","0.37903517595700575","0.37903517595700575","0.37903517595700575"
"54964","0.37903517595700575","0.37903517595700575","0.37903517595700575"
"54979","0.37903517595700575","0.37903517595700575","0.37903517595700575"
"55005","0.3810351759064815","0.3810351759064815","0.3810351759064815"
"55025","0.3810351759064815","0.3810351759064815","0.3810351759064815"
"55035","0.3810351759064815","0.3810351759064815","0.3810351759064815"
"55040","0.3810351759064815","0.3810351759064815","0.3810351759064815"
"55043","0.3810351759064815","0.3810351759064815","0.3810351759064815"
"55044","0.3810351759064815","0.3810351759064815","0.3810351759064815"
"55045","0.3810351759064815","0.3810351759064815","0.3810351759064815"
"55048","0.3810351759064815","0.3810351759064815","0.3810351759064815"
"55052","0.3810351759064815","0.3810351759064815","0.3810351759064815"
"55053","0.3810351759064815","0.3810351759064815","0.3810351759064815"
"55059","0.3810351759064815","0.3810351759064815","0.3810351759064815"
"55061","0.3810351759064815","0.3810351759064815","0.3810351759064815"
"55083","0.3810351759064815","0.3810351759064815","0.3810351759064815"
"55087","0.3810351759064815","0.3810351759064815","0.3810351759064815"
"55091","0.3810351759064815","0.3810351759064815","0.3810351759064815"
"55097","0.3810351759064815","0.3810351759064815","0.3810351759064815"
"55110","0.37903517595700575","0.37903517595700575","0.37903517595700575"
"55112","0.37903517595700575","0.37903517595700575","0.37903517595700575"
"55116","0.37903517595700575","0.37903517595700575","0.37903517595700575"
"55143","0.37903517595700575","0.37903517595700575","0.37903517595700575"
"55144","0.37903517595700575","0.37903517595700575","0.37903517595700575"
"55151","0.37903517595700575","0.37903517595700575","0.37903517595700575"
"55156","0.37903517595700575","0.37903517595700575","0.37903517595700575"
"55157","0.37903517595700575","0.37903517595700575","0.37903517595700575"
"55164","0.37903517595700575","0.37903517595700575","0.37903517595700575"
"55165","0.37903517595700575","0.37903517595700575","0.37903517595700575"
"55166","0.37903517595700575","0.37903517595700575","0.37903517595700575"
"55171","0.37903517595700575","0.37903517595700575","0.37903517595700575"
"55176","0.37903517595700575","0.37903517595700575","0.37903517595700575"
"55182","0.37903517595700575","0.37903517595700575","0.37903517595700575"
"55185","0.37903517595700575","0.37903517595700575","0.37903517595700575"
"55189","0.37903517595700575","0.37903517595700575","0.37903517595700575"
"55198","0.37903517595700575","0.37903517595700575","0.37903517595700575"
"55204","0.37903517595700575","0.37903517595700575","0.37903517595700575"
"55208","0.37903517595700575","0.37903517595700575","0.37903517595700575"
"55216","0.3802351759266912","0.3802351759266912","0.3802351759266912"
"55225","0.3810351759064815","0.3810351759064815","0.3810351759064815"
"55233","0.3810351759064815","0.3810351759064815","0.3810351759064815"
"55234","0.3810351759064815","0.3810351759064815","0.3810351759064815"
"55238","0.3810351759064815","0.3810351759064815","0.3810351759064815"
"55244","0.3810351759064815","0.3810351759064815","0.3810351759064815"
"55245","0.3810351759064815","0.3810351759064815","0.3810351759064815"
"55247","0.3810351759064815","0.3810351759064815","0.3810351759064815"
"55249","0.3810351759064815","0.3810351759064815","0.3810351759064815"
"55252","0.3810351759064815","0.3810351759064815","0.3810351759064815"
"55259","0.3810351759064815","0.3810351759064815","0.3810351759064815"
"55261","0.3810351759064815","0.3810351759064815","0.3810351759064815"
"55271","0.3810351759064815","0.3810351759064815","0.3810351759064815"
"55273","0.3810351759064815","0.3810351759064815","0.3810351759064815"
"55278","0.3810351759064815","0.3810351759064815","0.3810351759064815"
"55282","0.3810351759064815","0.3810351759064815","0.3810351759064815"
"55283","0.3810351759064815","0.3810351759064815","0.3810351759064815"
"55289","0.3810351759064815","0.3810351759064815","0.3810351759064815"
"55290","0.3810351759064815","0.3810351759064815","0.3810351759064815"
"55301","0.3810351759064815","0.3810351759064815","0.3810351759064815"
"55302","0.3810351759064815","0.3810351759064815","0.3810351759064815"
"55305","0.3810351759064815","0.3810351759064815","0.3810351759064815"
"55311","0.3810351759064815","0.3810351759064815","0.3810351759064815"
"55314","0.3810351759064815","0.3810351759064815","0.3810351759064815"
"55327","0.38243517587111453","0.38243517587111453","0.38243517587111453"
"55333","0.38303517585595726","0.38303517585595726","0.38303517585595726"
"55337","0.38303517585595726","0.38303517585595726","0.38303517585595726"
"55341","0.38303517585595726","0.38303517585595726","0.38303517585595726"
"55352","0.38303517585595726","0.38303517585595726","0.38303517585595726"
"55358","0.38303517585595726","0.38303517585595726","0.38303517585595726"
"55360","0.38303517585595726","0.38303517585595726","0.38303517585595726"
"55387","0.38303517585595726","0.38303517585595726","0.38303517585595726"
"55397","0.38303517585595726","0.38303517585595726","0.38303517585595726"
"55402","0.38303517585595726","0.38303517585595726","0.38303517585595726"
"55403","0.38303517585595726","0.38303517585595726","0.38303517585595726"
"55406","0.38303517585595726","0.38303517585595726","0.38303517585595726"
"55407","0.38303517585595726","0.38303517585595726","0.38303517585595726"
"55419","0.38303517585595726","0.38303517585595726","0.38303517585595726"
"55421","0.38303517585595726","0.38303517585595726","0.38303517585595726"
"55424","0.38303517585595726","0.38303517585595726","0.38303517585595726"
"55440","0.385035175805433","0.385035175805433","0.385035175805433"
"55446","0.385035175805433","0.385035175805433","0.385035175805433"
"55449","0.385035175805433","0.385035175805433","0.385035175805433"
"55454","0.385035175805433","0.385035175805433","0.385035175805433"
"55460","0.385035175805433","0.385035175805433","0.385035175805433"
"55461","0.385035175805433","0.385035175805433","0.385035175805433"
"55469","0.385035175805433","0.385035175805433","0.385035175805433"
"55476","0.385035175805433","0.385035175805433","0.385035175805433"
"55478","0.385035175805433","0.385035175805433","0.385035175805433"
"55497","0.385035175805433","0.385035175805433","0.385035175805433"
"55498","0.385035175805433","0.385035175805433","0.385035175805433"
"55499","0.385035175805433","0.385035175805433","0.385035175805433"
"55518","0.385035175805433","0.385035175805433","0.385035175805433"
"55522","0.385035175805433","0.385035175805433","0.385035175805433"
"55523","0.385035175805433","0.385035175805433","0.385035175805433"
"55525","0.385035175805433","0.385035175805433","0.385035175805433"
"55548","0.3866351757650136","0.3866351757650136","0.3866351757650136"
"55550","0.38703517575490876","0.38703517575490876","0.38703517575490876"
"55557","0.38703517575490876","0.38703517575490876","0.38703517575490876"
"55560","0.38703517575490876","0.38703517575490876","0.38703517575490876"
"55570","0.38703517575490876","0.38703517575490876","0.38703517575490876"
"55584","0.38703517575490876","0.38703517575490876","0.38703517575490876"
"55592","0.38703517575490876","0.38703517575490876","0.38703517575490876"
"55596","0.38703517575490876","0.38703517575490876","0.38703517575490876"
"55600","0.38703517575490876","0.38703517575490876","0.38703517575490876"
"55605","0.38703517575490876","0.38703517575490876","0.38703517575490876"
"55606","0.38703517575490876","0.38703517575490876","0.38703517575490876"
"55613","0.38703517575490876","0.38703517575490876","0.38703517575490876"
"55624","0.38703517575490876","0.38703517575490876","0.38703517575490876"
"55641","0.38703517575490876","0.38703517575490876","0.38703517575490876"
"55645","0.38703517575490876","0.38703517575490876","0.38703517575490876"
"55646","0.38703517575490876","0.38703517575490876","0.38703517575490876"
"55654","0.38783517573469906","0.38783517573469906","0.38783517573469906"
"55660","0.3890351757043845","0.3890351757043845","0.3890351757043845"
"55663","0.3890351757043845","0.3890351757043845","0.3890351757043845"
"55671","0.3890351757043845","0.3890351757043845","0.3890351757043845"
"55675","0.3890351757043845","0.3890351757043845","0.3890351757043845"
"55683","0.3890351757043845","0.3890351757043845","0.3890351757043845"
"55685","0.3890351757043845","0.3890351757043845","0.3890351757043845"
"55689","0.3890351757043845","0.3890351757043845","0.3890351757043845"
"55698","0.3890351757043845","0.3890351757043845","0.3890351757043845"
"55703","0.3890351757043845","0.3890351757043845","0.3890351757043845"
"55709","0.3890351757043845","0.3890351757043845","0.3890351757043845"
"55710","0.3890351757043845","0.3890351757043845","0.3890351757043845"
"55720","0.3890351757043845","0.3890351757043845","0.3890351757043845"
"55723","0.3890351757043845","0.3890351757043845","0.3890351757043845"
"55725","0.3890351757043845","0.3890351757043845","0.3890351757043845"
"55727","0.3890351757043845","0.3890351757043845","0.3890351757043845"
"55730","0.3890351757043845","0.3890351757043845","0.3890351757043845"
"55737","0.3890351757043845","0.3890351757043845","0.3890351757043845"
"55738","0.3890351757043845","0.3890351757043845","0.3890351757043845"
"55744","0.3890351757043845","0.3890351757043845","0.3890351757043845"
"55770","0.38703517575490876","0.38703517575490876","0.38703517575490876"
"55771","0.38703517575490876","0.38703517575490876","0.38703517575490876"
"55772","0.38703517575490876","0.38703517575490876","0.38703517575490876"
"55781","0.38703517575490876","0.38703517575490876","0.38703517575490876"
"55783","0.38703517575490876","0.38703517575490876","0.38703517575490876"
"55785","0.38703517575490876","0.38703517575490876","0.38703517575490876"
"55792","0.38703517575490876","0.38703517575490876","0.38703517575490876"
"55793","0.38703517575490876","0.38703517575490876","0.38703517575490876"
"55817","0.38703517575490876","0.38703517575490876","0.38703517575490876"
"55828","0.38703517575490876","0.38703517575490876","0.38703517575490876"
"55832","0.38703517575490876","0.38703517575490876","0.38703517575490876"
"55845","0.38703517575490876","0.38703517575490876","0.38703517575490876"
"55846","0.38703517575490876","0.38703517575490876","0.38703517575490876"
"55850","0.38703517575490876","0.38703517575490876","0.38703517575490876"
"55855","0.38703517575490876","0.38703517575490876","0.38703517575490876"
"55863","0.38703517575490876","0.38703517575490876","0.38703517575490876"
"55890","0.385035175805433","0.385035175805433","0.385035175805433"
"55894","0.385035175805433","0.385035175805433","0.385035175805433"
"55895","0.385035175805433","0.385035175805433","0.385035175805433"
"55898","0.385035175805433","0.385035175805433","0.385035175805433"
"55905","0.385035175805433","0.385035175805433","0.385035175805433"
"55907","0.385035175805433","0.385035175805433","0.385035175805433"
"55909","0.385035175805433","0.385035175805433","0.385035175805433"
"55911","0.385035175805433","0.385035175805433","0.385035175805433"
"55917","0.385035175805433","0.385035175805433","0.385035175805433"
"55922","0.385035175805433","0.385035175805433","0.385035175805433"
"55923","0.385035175805433","0.385035175805433","0.385035175805433"
"55925","0.385035175805433","0.385035175805433","0.385035175805433"
"55932","0.385035175805433","0.385035175805433","0.385035175805433"
"55940","0.385035175805433","0.385035175805433","0.385035175805433"
"55946","0.385035175805433","0.385035175805433","0.385035175805433"
"55950","0.385035175805433","0.385035175805433","0.385035175805433"
"55951","0.385035175805433","0.385035175805433","0.385035175805433"
"55952","0.385035175805433","0.385035175805433","0.385035175805433"
"55953","0.385035175805433","0.385035175805433","0.385035175805433"
"55960","0.385035175805433","0.385035175805433","0.385035175805433"
"55980","0.385035175805433","0.385035175805433","0.385035175805433"
"55993","0.38703517575490876","0.38703517575490876","0.38703517575490876"
"55998","0.38703517575490876","0.38703517575490876","0.38703517575490876"
"56022","0.38703517575490876","0.38703517575490876","0.38703517575490876"
"56029","0.38703517575490876","0.38703517575490876","0.38703517575490876"
"56034","0.38703517575490876","0.38703517575490876","0.38703517575490876"
"56035","0.38703517575490876","0.38703517575490876","0.38703517575490876"
"56050","0.38703517575490876","0.38703517575490876","0.38703517575490876"
"56059","0.38703517575490876","0.38703517575490876","0.38703517575490876"
"56062","0.38703517575490876","0.38703517575490876","0.38703517575490876"
"56063","0.38703517575490876","0.38703517575490876","0.38703517575490876"
"56067","0.38703517575490876","0.38703517575490876","0.38703517575490876"
"56073","0.38703517575490876","0.38703517575490876","0.38703517575490876"
"56076","0.38703517575490876","0.38703517575490876","0.38703517575490876"
"56077","0.38703517575490876","0.38703517575490876","0.38703517575490876"
"56079","0.38703517575490876","0.38703517575490876","0.38703517575490876"
"56082","0.38703517575490876","0.38703517575490876","0.38703517575490876"
"56084","0.38703517575490876","0.38703517575490876","0.38703517575490876"
"56100","0.385035175805433","0.385035175805433","0.385035175805433"
"56101","0.385035175805433","0.385035175805433","0.385035175805433"
"56128","0.385035175805433","0.385035175805433","0.385035175805433"
"56130","0.385035175805433","0.385035175805433","0.385035175805433"
"56136","0.385035175805433","0.385035175805433","0.385035175805433"
"56138","0.385035175805433","0.385035175805433","0.385035175805433"
"56146","0.385035175805433","0.385035175805433","0.385035175805433"
"56169","0.385035175805433","0.385035175805433","0.385035175805433"
"56175","0.385035175805433","0.385035175805433","0.385035175805433"
"56188","0.385035175805433","0.385035175805433","0.385035175805433"
"56197","0.385035175805433","0.385035175805433","0.385035175805433"
"56202","0.38543517579532816","0.38543517579532816","0.38543517579532816"
"56204","0.3858351757852233","0.3858351757852233","0.3858351757852233"
"56207","0.38643517577006603","0.38643517577006603","0.38643517577006603"
"56211","0.38703517575490876","0.38703517575490876","0.38703517575490876"
"56216","0.38703517575490876","0.38703517575490876","0.38703517575490876"
"56222","0.38703517575490876","0.38703517575490876","0.38703517575490876"
"56225","0.38703517575490876","0.38703517575490876","0.38703517575490876"
"56227","0.38703517575490876","0.38703517575490876","0.38703517575490876"
"56237","0.38703517575490876","0.38703517575490876","0.38703517575490876"
"56245","0.38703517575490876","0.38703517575490876","0.38703517575490876"
"56250","0.38703517575490876","0.38703517575490876","0.38703517575490876"
"56251","0.38703517575490876","0.38703517575490876","0.38703517575490876"
"56255","0.38703517575490876","0.38703517575490876","0.38703517575490876"
"56256","0.38703517575490876","0.38703517575490876","0.38703517575490876"
"56258","0.38703517575490876","0.38703517575490876","0.38703517575490876"
"56270","0.38703517575490876","0.38703517575490876","0.38703517575490876"
"56280","0.38703517575490876","0.38703517575490876","0.38703517575490876"
"56284","0.38703517575490876","0.38703517575490876","0.38703517575490876"
"56285","0.38703517575490876","0.38703517575490876","0.38703517575490876"
"56288","0.38703517575490876","0.38703517575490876","0.38703517575490876"
"56291","0.38703517575490876","0.38703517575490876","0.38703517575490876"
"56292","0.38703517575490876","0.38703517575490876","0.38703517575490876"
"56298","0.38703517575490876","0.38703517575490876","0.38703517575490876"
"56327","0.385035175805433","0.385035175805433","0.385035175805433"
"56329","0.385035175805433","0.385035175805433","0.385035175805433"
"56333","0.385035175805433","0.385035175805433","0.385035175805433"
"56334","0.385035175805433","0.385035175805433","0.385035175805433"
"56343","0.385035175805433","0.385035175805433","0.385035175805433"
"56344","0.385035175805433","0.385035175805433","0.385035175805433"
"56346","0.385035175805433","0.385035175805433","0.385035175805433"
"56347","0.385035175805433","0.385035175805433","0.385035175805433"
"56355","0.385035175805433","0.385035175805433","0.385035175805433"
"56367","0.385035175805433","0.385035175805433","0.385035175805433"
"56381","0.385035175805433","0.385035175805433","0.385035175805433"
"56386","0.385035175805433","0.385035175805433","0.385035175805433"
"56393","0.385035175805433","0.385035175805433","0.385035175805433"
"56406","0.385035175805433","0.385035175805433","0.385035175805433"
"56407","0.385035175805433","0.385035175805433","0.385035175805433"
"56422","0.38543517579532816","0.38543517579532816","0.38543517579532816"
"56424","0.3858351757852233","0.3858351757852233","0.3858351757852233"
"56425","0.3860351757801709","0.3860351757801709","0.3860351757801709"
"56429","0.3868351757599612","0.3868351757599612","0.3868351757599612"
"56433","0.38703517575490876","0.38703517575490876","0.38703517575490876"
"56440","0.38703517575490876","0.38703517575490876","0.38703517575490876"
"56442","0.38703517575490876","0.38703517575490876","0.38703517575490876"
"56443","0.38703517575490876","0.38703517575490876","0.38703517575490876"
"56456","0.38703517575490876","0.38703517575490876","0.38703517575490876"
"56457","0.38703517575490876","0.38703517575490876","0.38703517575490876"
"56458","0.38703517575490876","0.38703517575490876","0.38703517575490876"
"56465","0.38703517575490876","0.38703517575490876","0.38703517575490876"
"56479","0.38703517575490876","0.38703517575490876","0.38703517575490876"
"56485","0.38703517575490876","0.38703517575490876","0.38703517575490876"
"56486","0.38703517575490876","0.38703517575490876","0.38703517575490876"
"56492","0.38703517575490876","0.38703517575490876","0.38703517575490876"
"56493","0.38703517575490876","0.38703517575490876","0.38703517575490876"
"56513","0.38703517575490876","0.38703517575490876","0.38703517575490876"
"56515","0.38703517575490876","0.38703517575490876","0.38703517575490876"
"56516","0.38703517575490876","0.38703517575490876","0.38703517575490876"
"56527","0.38703517575490876","0.38703517575490876","0.38703517575490876"
"56547","0.3890351757043845","0.3890351757043845","0.3890351757043845"
"56550","0.3890351757043845","0.3890351757043845","0.3890351757043845"
"56553","0.3890351757043845","0.3890351757043845","0.3890351757043845"
"56561","0.3890351757043845","0.3890351757043845","0.3890351757043845"
"56563","0.3890351757043845","0.3890351757043845","0.3890351757043845"
"56569","0.3890351757043845","0.3890351757043845","0.3890351757043845"
"56580","0.3890351757043845","0.3890351757043845","0.3890351757043845"
"56590","0.3890351757043845","0.3890351757043845","0.3890351757043845"
"56613","0.3890351757043845","0.3890351757043845","0.3890351757043845"
"56614","0.3890351757043845","0.3890351757043845","0.3890351757043845"
"56619","0.3890351757043845","0.3890351757043845","0.3890351757043845"
"56629","0.3890351757043845","0.3890351757043845","0.3890351757043845"
"56645","0.38803517572964663","0.38803517572964663","0.38803517572964663"
"56649","0.38723517574985633","0.38723517574985633","0.38723517574985633"
"56655","0.38703517575490876","0.38703517575490876","0.38703517575490876"
"56660","0.38703517575490876","0.38703517575490876","0.38703517575490876"
"56662","0.38703517575490876","0.38703517575490876","0.38703517575490876"
"56669","0.38703517575490876","0.38703517575490876","0.38703517575490876"
"56674","0.38703517575490876","0.38703517575490876","0.38703517575490876"
"56691","0.38703517575490876","0.38703517575490876","0.38703517575490876"
"56695","0.38703517575490876","0.38703517575490876","0.38703517575490876"
"56706","0.38703517575490876","0.38703517575490876","0.38703517575490876"
"56710","0.38703517575490876","0.38703517575490876","0.38703517575490876"
"56711","0.38703517575490876","0.38703517575490876","0.38703517575490876"
"56716","0.38703517575490876","0.38703517575490876","0.38703517575490876"
"56719","0.38703517575490876","0.38703517575490876","0.38703517575490876"
"56727","0.38703517575490876","0.38703517575490876","0.38703517575490876"
"56729","0.38703517575490876","0.38703517575490876","0.38703517575490876"
"56732","0.38703517575490876","0.38703517575490876","0.38703517575490876"
"56734","0.38703517575490876","0.38703517575490876","0.38703517575490876"
"56737","0.38703517575490876","0.38703517575490876","0.38703517575490876"
"56742","0.38703517575490876","0.38703517575490876","0.38703517575490876"
"56746","0.38703517575490876","0.38703517575490876","0.38703517575490876"
"56748","0.38703517575490876","0.38703517575490876","0.38703517575490876"
"56749","0.38703517575490876","0.38703517575490876","0.38703517575490876"
"56753","0.38643517577006603","0.38643517577006603","0.38643517577006603"
"56763","0.385035175805433","0.385035175805433","0.385035175805433"
"56773","0.385035175805433","0.385035175805433","0.385035175805433"
"56777","0.385035175805433","0.385035175805433","0.385035175805433"
"56790","0.385035175805433","0.385035175805433","0.385035175805433"
"56792","0.385035175805433","0.385035175805433","0.385035175805433"
"56801","0.385035175805433","0.385035175805433","0.385035175805433"
"56808","0.385035175805433","0.385035175805433","0.385035175805433"
"56815","0.385035175805433","0.385035175805433","0.385035175805433"
"56827","0.385035175805433","0.385035175805433","0.385035175805433"
"56832","0.385035175805433","0.385035175805433","0.385035175805433"
"56839","0.385035175805433","0.385035175805433","0.385035175805433"
"56846","0.385035175805433","0.385035175805433","0.385035175805433"
"56848","0.385035175805433","0.385035175805433","0.385035175805433"
"56853","0.385035175805433","0.385035175805433","0.385035175805433"
"56855","0.385035175805433","0.385035175805433","0.385035175805433"
"56858","0.385035175805433","0.385035175805433","0.385035175805433"
"56861","0.38483517581048543","0.38483517581048543","0.38483517581048543"
"56867","0.3836351758408","0.3836351758408","0.3836351758408"
"56873","0.38303517585595726","0.38303517585595726","0.38303517585595726"
"56874","0.38303517585595726","0.38303517585595726","0.38303517585595726"
"56884","0.38303517585595726","0.38303517585595726","0.38303517585595726"
"56885","0.38303517585595726","0.38303517585595726","0.38303517585595726"
"56894","0.38303517585595726","0.38303517585595726","0.38303517585595726"
"56902","0.38303517585595726","0.38303517585595726","0.38303517585595726"
"56910","0.38303517585595726","0.38303517585595726","0.38303517585595726"
"56925","0.38303517585595726","0.38303517585595726","0.38303517585595726"
"56933","0.38303517585595726","0.38303517585595726","0.38303517585595726"
"56936","0.38303517585595726","0.38303517585595726","0.38303517585595726"
"56941","0.38303517585595726","0.38303517585595726","0.38303517585595726"
"56942","0.38303517585595726","0.38303517585595726","0.38303517585595726"
"56949","0.38303517585595726","0.38303517585595726","0.38303517585595726"
"56952","0.38303517585595726","0.38303517585595726","0.38303517585595726"
"56954","0.38303517585595726","0.38303517585595726","0.38303517585595726"
"56966","0.38303517585595726","0.38303517585595726","0.38303517585595726"
"56972","0.3834351758458524","0.3834351758458524","0.3834351758458524"
"56977","0.3844351758205903","0.3844351758205903","0.3844351758205903"
"56981","0.385035175805433","0.385035175805433","0.385035175805433"
"56984","0.385035175805433","0.385035175805433","0.385035175805433"
"56988","0.385035175805433","0.385035175805433","0.385035175805433"
"56996","0.385035175805433","0.385035175805433","0.385035175805433"
"57000","0.385035175805433","0.385035175805433","0.385035175805433"
"57001","0.385035175805433","0.385035175805433","0.385035175805433"
"57010","0.385035175805433","0.385035175805433","0.385035175805433"
"57023","0.385035175805433","0.385035175805433","0.385035175805433"
"57033","0.385035175805433","0.385035175805433","0.385035175805433"
"57037","0.385035175805433","0.385035175805433","0.385035175805433"
"57043","0.385035175805433","0.385035175805433","0.385035175805433"
"57045","0.385035175805433","0.385035175805433","0.385035175805433"
"57053","0.385035175805433","0.385035175805433","0.385035175805433"
"57058","0.385035175805433","0.385035175805433","0.385035175805433"
"57062","0.385035175805433","0.385035175805433","0.385035175805433"
"57063","0.385035175805433","0.385035175805433","0.385035175805433"
"57065","0.385035175805433","0.385035175805433","0.385035175805433"
"57073","0.385035175805433","0.385035175805433","0.385035175805433"
"57087","0.38643517577006603","0.38643517577006603","0.38643517577006603"
"57111","0.38703517575490876","0.38703517575490876","0.38703517575490876"
"57113","0.38703517575490876","0.38703517575490876","0.38703517575490876"
"57118","0.38703517575490876","0.38703517575490876","0.38703517575490876"
"57119","0.38703517575490876","0.38703517575490876","0.38703517575490876"
"57127","0.38703517575490876","0.38703517575490876","0.38703517575490876"
"57150","0.38703517575490876","0.38703517575490876","0.38703517575490876"
"57164","0.38703517575490876","0.38703517575490876","0.38703517575490876"
"57168","0.38703517575490876","0.38703517575490876","0.38703517575490876"
"57170","0.38703517575490876","0.38703517575490876","0.38703517575490876"
"57173","0.38703517575490876","0.38703517575490876","0.38703517575490876"
"57176","0.38703517575490876","0.38703517575490876","0.38703517575490876"
"57189","0.38703517575490876","0.38703517575490876","0.38703517575490876"
"57207","0.3890351757043845","0.3890351757043845","0.3890351757043845"
"57208","0.3890351757043845","0.3890351757043845","0.3890351757043845"
"57209","0.3890351757043845","0.3890351757043845","0.3890351757043845"
"57211","0.3890351757043845","0.3890351757043845","0.3890351757043845"
"57216","0.3890351757043845","0.3890351757043845","0.3890351757043845"
"57220","0.3890351757043845","0.3890351757043845","0.3890351757043845"
"57222","0.3890351757043845","0.3890351757043845","0.3890351757043845"
"57228","0.3890351757043845","0.3890351757043845","0.3890351757043845"
"57232","0.3890351757043845","0.3890351757043845","0.3890351757043845"
"57234","0.3890351757043845","0.3890351757043845","0.3890351757043845"
"57249","0.3890351757043845","0.3890351757043845","0.3890351757043845"
"57251","0.3890351757043845","0.3890351757043845","0.3890351757043845"
"57254","0.3890351757043845","0.3890351757043845","0.3890351757043845"
"57267","0.3890351757043845","0.3890351757043845","0.3890351757043845"
"57268","0.3890351757043845","0.3890351757043845","0.3890351757043845"
"57276","0.3890351757043845","0.3890351757043845","0.3890351757043845"
"57281","0.3890351757043845","0.3890351757043845","0.3890351757043845"
"57284","0.3890351757043845","0.3890351757043845","0.3890351757043845"
"57298","0.3890351757043845","0.3890351757043845","0.3890351757043845"
"57301","0.3892351756993321","0.3892351756993321","0.3892351756993321"
"57303","0.38963517568922723","0.38963517568922723","0.38963517568922723"
"57305","0.3900351756791224","0.3900351756791224","0.3900351756791224"
"57315","0.39103517565386026","0.39103517565386026","0.39103517565386026"
"57323","0.39103517565386026","0.39103517565386026","0.39103517565386026"
"57333","0.39103517565386026","0.39103517565386026","0.39103517565386026"
"57339","0.39103517565386026","0.39103517565386026","0.39103517565386026"
"57342","0.39103517565386026","0.39103517565386026","0.39103517565386026"
"57354","0.39103517565386026","0.39103517565386026","0.39103517565386026"
"57364","0.39103517565386026","0.39103517565386026","0.39103517565386026"
"57366","0.39103517565386026","0.39103517565386026","0.39103517565386026"
"57371","0.39103517565386026","0.39103517565386026","0.39103517565386026"
"57374","0.39103517565386026","0.39103517565386026","0.39103517565386026"
"57380","0.39103517565386026","0.39103517565386026","0.39103517565386026"
"57390","0.39103517565386026","0.39103517565386026","0.39103517565386026"
"57395","0.39103517565386026","0.39103517565386026","0.39103517565386026"
"57402","0.39103517565386026","0.39103517565386026","0.39103517565386026"
"57411","0.3908351756589127","0.3908351756589127","0.3908351756589127"
"57413","0.39043517566901753","0.39043517566901753","0.39043517566901753"
"57420","0.3890351757043845","0.3890351757043845","0.3890351757043845"
"57427","0.3890351757043845","0.3890351757043845","0.3890351757043845"
"57428","0.3890351757043845","0.3890351757043845","0.3890351757043845"
"57434","0.3890351757043845","0.3890351757043845","0.3890351757043845"
"57437","0.3890351757043845","0.3890351757043845","0.3890351757043845"
"57439","0.3890351757043845","0.3890351757043845","0.3890351757043845"
"57446","0.3890351757043845","0.3890351757043845","0.3890351757043845"
"57464","0.3890351757043845","0.3890351757043845","0.3890351757043845"
"57466","0.3890351757043845","0.3890351757043845","0.3890351757043845"
"57470","0.3890351757043845","0.3890351757043845","0.3890351757043845"
"57476","0.3890351757043845","0.3890351757043845","0.3890351757043845"
"57477","0.3890351757043845","0.3890351757043845","0.3890351757043845"
"57489","0.3890351757043845","0.3890351757043845","0.3890351757043845"
"57496","0.3890351757043845","0.3890351757043845","0.3890351757043845"
"57500","0.3890351757043845","0.3890351757043845","0.3890351757043845"
"57501","0.3890351757043845","0.3890351757043845","0.3890351757043845"
"57509","0.3890351757043845","0.3890351757043845","0.3890351757043845"
"57514","0.3890351757043845","0.3890351757043845","0.3890351757043845"
"57518","0.3890351757043845","0.3890351757043845","0.3890351757043845"
"57527","0.3876351757397515","0.3876351757397515","0.3876351757397515"
"57538","0.38703517575490876","0.38703517575490876","0.38703517575490876"
"57539","0.38703517575490876","0.38703517575490876","0.38703517575490876"
"57553","0.38703517575490876","0.38703517575490876","0.38703517575490876"
"57556","0.38703517575490876","0.38703517575490876","0.38703517575490876"
"57558","0.38703517575490876","0.38703517575490876","0.38703517575490876"
"57566","0.38703517575490876","0.38703517575490876","0.38703517575490876"
"57581","0.38703517575490876","0.38703517575490876","0.38703517575490876"
"57587","0.38703517575490876","0.38703517575490876","0.38703517575490876"
"57590","0.38703517575490876","0.38703517575490876","0.38703517575490876"
"57603","0.38703517575490876","0.38703517575490876","0.38703517575490876"
"57607","0.38703517575490876","0.38703517575490876","0.38703517575490876"
"57633","0.38643517577006603","0.38643517577006603","0.38643517577006603"
"57638","0.38543517579532816","0.38543517579532816","0.38543517579532816"
"57645","0.385035175805433","0.385035175805433","0.385035175805433"
"57667","0.385035175805433","0.385035175805433","0.385035175805433"
"57668","0.385035175805433","0.385035175805433","0.385035175805433"
"57675","0.385035175805433","0.385035175805433","0.385035175805433"
"57676","0.385035175805433","0.385035175805433","0.385035175805433"
"57681","0.385035175805433","0.385035175805433","0.385035175805433"
"57685","0.385035175805433","0.385035175805433","0.385035175805433"
"57701","0.385035175805433","0.385035175805433","0.385035175805433"
"57704","0.385035175805433","0.385035175805433","0.385035175805433"
"57717","0.385035175805433","0.385035175805433","0.385035175805433"
"57732","0.385035175805433","0.385035175805433","0.385035175805433"
"57740","0.385035175805433","0.385035175805433","0.385035175805433"
"57742","0.38543517579532816","0.38543517579532816","0.38543517579532816"
"57746","0.38623517577511846","0.38623517577511846","0.38623517577511846"
"57753","0.38703517575490876","0.38703517575490876","0.38703517575490876"
"57759","0.38703517575490876","0.38703517575490876","0.38703517575490876"
"57760","0.38703517575490876","0.38703517575490876","0.38703517575490876"
"57761","0.38703517575490876","0.38703517575490876","0.38703517575490876"
"57769","0.38703517575490876","0.38703517575490876","0.38703517575490876"
"57779","0.38703517575490876","0.38703517575490876","0.38703517575490876"
"57790","0.38703517575490876","0.38703517575490876","0.38703517575490876"
"57792","0.38703517575490876","0.38703517575490876","0.38703517575490876"
"57793","0.38703517575490876","0.38703517575490876","0.38703517575490876"
"57796","0.38703517575490876","0.38703517575490876","0.38703517575490876"
"57800","0.38703517575490876","0.38703517575490876","0.38703517575490876"
"57802","0.38703517575490876","0.38703517575490876","0.38703517575490876"
"57822","0.38703517575490876","0.38703517575490876","0.38703517575490876"
"57828","0.38703517575490876","0.38703517575490876","0.38703517575490876"
"57831","0.38703517575490876","0.38703517575490876","0.38703517575490876"
"57856","0.3858351757852233","0.3858351757852233","0.3858351757852233"
"57872","0.385035175805433","0.385035175805433","0.385035175805433"
"57877","0.385035175805433","0.385035175805433","0.385035175805433"
"57888","0.385035175805433","0.385035175805433","0.385035175805433"
"57908","0.385035175805433","0.385035175805433","0.385035175805433"
"57911","0.385035175805433","0.385035175805433","0.385035175805433"
"57916","0.385035175805433","0.385035175805433","0.385035175805433"
"57919","0.385035175805433","0.385035175805433","0.385035175805433"
"57925","0.385035175805433","0.385035175805433","0.385035175805433"
"57934","0.385035175805433","0.385035175805433","0.385035175805433"
"57935","0.385035175805433","0.385035175805433","0.385035175805433"
"57941","0.385035175805433","0.385035175805433","0.385035175805433"
"57942","0.385035175805433","0.385035175805433","0.385035175805433"
"57950","0.385035175805433","0.385035175805433","0.385035175805433"
"57956","0.385035175805433","0.385035175805433","0.385035175805433"
"57983","0.38303517585595726","0.38303517585595726","0.38303517585595726"
"57998","0.38303517585595726","0.38303517585595726","0.38303517585595726"
"58015","0.38303517585595726","0.38303517585595726","0.38303517585595726"
"58020","0.38303517585595726","0.38303517585595726","0.38303517585595726"
"58039","0.38303517585595726","0.38303517585595726","0.38303517585595726"
"58047","0.38303517585595726","0.38303517585595726","0.38303517585595726"
"58048","0.38303517585595726","0.38303517585595726","0.38303517585595726"
"58064","0.38303517585595726","0.38303517585595726","0.38303517585595726"
"58069","0.38303517585595726","0.38303517585595726","0.38303517585595726"
"58084","0.385035175805433","0.385035175805433","0.385035175805433"
"58089","0.385035175805433","0.385035175805433","0.385035175805433"
"58092","0.385035175805433","0.385035175805433","0.385035175805433"
"58096","0.385035175805433","0.385035175805433","0.385035175805433"
"58112","0.385035175805433","0.385035175805433","0.385035175805433"
"58116","0.385035175805433","0.385035175805433","0.385035175805433"
"58121","0.385035175805433","0.385035175805433","0.385035175805433"
"58147","0.385035175805433","0.385035175805433","0.385035175805433"
"58167","0.385035175805433","0.385035175805433","0.385035175805433"
"58175","0.385035175805433","0.385035175805433","0.385035175805433"
"58179","0.385035175805433","0.385035175805433","0.385035175805433"
"58183","0.38563517579027573","0.38563517579027573","0.38563517579027573"
"58186","0.38623517577511846","0.38623517577511846","0.38623517577511846"
"58196","0.38703517575490876","0.38703517575490876","0.38703517575490876"
"58206","0.38703517575490876","0.38703517575490876","0.38703517575490876"
"58209","0.38703517575490876","0.38703517575490876","0.38703517575490876"
"58211","0.38703517575490876","0.38703517575490876","0.38703517575490876"
"58226","0.38703517575490876","0.38703517575490876","0.38703517575490876"
"58229","0.38703517575490876","0.38703517575490876","0.38703517575490876"
"58236","0.38703517575490876","0.38703517575490876","0.38703517575490876"
"58241","0.38703517575490876","0.38703517575490876","0.38703517575490876"
"58249","0.38703517575490876","0.38703517575490876","0.38703517575490876"
"58256","0.38703517575490876","0.38703517575490876","0.38703517575490876"
"58261","0.38703517575490876","0.38703517575490876","0.38703517575490876"
"58264","0.38703517575490876","0.38703517575490876","0.38703517575490876"
"58271","0.38703517575490876","0.38703517575490876","0.38703517575490876"
"58288","0.38703517575490876","0.38703517575490876","0.38703517575490876"
"58289","0.38703517575490876","0.38703517575490876","0.38703517575490876"
"58298","0.38543517579532816","0.38543517579532816","0.38543517579532816"
"58302","0.385035175805433","0.385035175805433","0.385035175805433"
"58308","0.385035175805433","0.385035175805433","0.385035175805433"
"58309","0.385035175805433","0.385035175805433","0.385035175805433"
"58317","0.385035175805433","0.385035175805433","0.385035175805433"
"58321","0.385035175805433","0.385035175805433","0.385035175805433"
"58336","0.385035175805433","0.385035175805433","0.385035175805433"
"58340","0.385035175805433","0.385035175805433","0.385035175805433"
"58345","0.385035175805433","0.385035175805433","0.385035175805433"
"58360","0.385035175805433","0.385035175805433","0.385035175805433"
"58367","0.385035175805433","0.385035175805433","0.385035175805433"
"58370","0.385035175805433","0.385035175805433","0.385035175805433"
"58373","0.385035175805433","0.385035175805433","0.385035175805433"
"58377","0.385035175805433","0.385035175805433","0.385035175805433"
"58382","0.385035175805433","0.385035175805433","0.385035175805433"
"58388","0.385035175805433","0.385035175805433","0.385035175805433"
"58400","0.385035175805433","0.385035175805433","0.385035175805433"
"58401","0.3852351758003806","0.3852351758003806","0.3852351758003806"
"58402","0.38543517579532816","0.38543517579532816","0.38543517579532816"
"58406","0.38623517577511846","0.38623517577511846","0.38623517577511846"
"58407","0.38643517577006603","0.38643517577006603","0.38643517577006603"
"58411","0.38703517575490876","0.38703517575490876","0.38703517575490876"
"58422","0.38703517575490876","0.38703517575490876","0.38703517575490876"
"58423","0.38703517575490876","0.38703517575490876","0.38703517575490876"
"58430","0.38703517575490876","0.38703517575490876","0.38703517575490876"
"58434","0.38703517575490876","0.38703517575490876","0.38703517575490876"
"58444","0.38703517575490876","0.38703517575490876","0.38703517575490876"
"58445","0.38703517575490876","0.38703517575490876","0.38703517575490876"
"58454","0.38703517575490876","0.38703517575490876","0.38703517575490876"
"58455","0.38703517575490876","0.38703517575490876","0.38703517575490876"
"58465","0.38703517575490876","0.38703517575490876","0.38703517575490876"
"58466","0.38703517575490876","0.38703517575490876","0.38703517575490876"
"58472","0.38703517575490876","0.38703517575490876","0.38703517575490876"
"58473","0.38703517575490876","0.38703517575490876","0.38703517575490876"
"58474","0.38703517575490876","0.38703517575490876","0.38703517575490876"
"58481","0.38703517575490876","0.38703517575490876","0.38703517575490876"
"58486","0.38703517575490876","0.38703517575490876","0.38703517575490876"
"58491","0.38703517575490876","0.38703517575490876","0.38703517575490876"
"58494","0.38703517575490876","0.38703517575490876","0.38703517575490876"
"58498","0.38703517575490876","0.38703517575490876","0.38703517575490876"
"58508","0.38703517575490876","0.38703517575490876","0.38703517575490876"
"58511","0.38723517574985633","0.38723517574985633","0.38723517574985633"
"58515","0.38803517572964663","0.38803517572964663","0.38803517572964663"
"58521","0.3890351757043845","0.3890351757043845","0.3890351757043845"
"58522","0.3890351757043845","0.3890351757043845","0.3890351757043845"
"58528","0.3890351757043845","0.3890351757043845","0.3890351757043845"
"58533","0.3890351757043845","0.3890351757043845","0.3890351757043845"
"58536","0.3890351757043845","0.3890351757043845","0.3890351757043845"
"58546","0.3890351757043845","0.3890351757043845","0.3890351757043845"
"58549","0.3890351757043845","0.3890351757043845","0.3890351757043845"
"58550","0.3890351757043845","0.3890351757043845","0.3890351757043845"
"58551","0.3890351757043845","0.3890351757043845","0.3890351757043845"
"58566","0.3890351757043845","0.3890351757043845","0.3890351757043845"
"58568","0.3890351757043845","0.3890351757043845","0.3890351757043845"
"58571","0.3890351757043845","0.3890351757043845","0.3890351757043845"
"58584","0.3890351757043845","0.3890351757043845","0.3890351757043845"
"58590","0.3890351757043845","0.3890351757043845","0.3890351757043845"
"58592","0.3890351757043845","0.3890351757043845","0.3890351757043845"
"58607","0.3890351757043845","0.3890351757043845","0.3890351757043845"
"58613","0.3890351757043845","0.3890351757043845","0.3890351757043845"
"58615","0.3890351757043845","0.3890351757043845","0.3890351757043845"
"58624","0.3898351756841748","0.3898351756841748","0.3898351756841748"
"58636","0.39103517565386026","0.39103517565386026","0.39103517565386026"
"58637","0.39103517565386026","0.39103517565386026","0.39103517565386026"
"58654","0.39103517565386026","0.39103517565386026","0.39103517565386026"
"58660","0.39103517565386026","0.39103517565386026","0.39103517565386026"
"58666","0.39103517565386026","0.39103517565386026","0.39103517565386026"
"58674","0.39103517565386026","0.39103517565386026","0.39103517565386026"
"58676","0.39103517565386026","0.39103517565386026","0.39103517565386026"
"58677","0.39103517565386026","0.39103517565386026","0.39103517565386026"
"58678","0.39103517565386026","0.39103517565386026","0.39103517565386026"
"58679","0.39103517565386026","0.39103517565386026","0.39103517565386026"
"58701","0.39103517565386026","0.39103517565386026","0.39103517565386026"
"58704","0.39103517565386026","0.39103517565386026","0.39103517565386026"
"58718","0.39103517565386026","0.39103517565386026","0.39103517565386026"
"58733","0.391635175638703","0.391635175638703","0.391635175638703"
"58734","0.39183517563365056","0.39183517563365056","0.39183517563365056"
"58742","0.393035175603336","0.393035175603336","0.393035175603336"
"58749","0.393035175603336","0.393035175603336","0.393035175603336"
"58750","0.393035175603336","0.393035175603336","0.393035175603336"
"58751","0.393035175603336","0.393035175603336","0.393035175603336"
"58754","0.393035175603336","0.393035175603336","0.393035175603336"
"58763","0.393035175603336","0.393035175603336","0.393035175603336"
"58766","0.393035175603336","0.393035175603336","0.393035175603336"
"58770","0.393035175603336","0.393035175603336","0.393035175603336"
"58775","0.393035175603336","0.393035175603336","0.393035175603336"
"58781","0.393035175603336","0.393035175603336","0.393035175603336"
"58787","0.393035175603336","0.393035175603336","0.393035175603336"
"58789","0.393035175603336","0.393035175603336","0.393035175603336"
"58791","0.393035175603336","0.393035175603336","0.393035175603336"
"58795","0.393035175603336","0.393035175603336","0.393035175603336"
"58803","0.393035175603336","0.393035175603336","0.393035175603336"
"58805","0.393035175603336","0.393035175603336","0.393035175603336"
"58806","0.393035175603336","0.393035175603336","0.393035175603336"
"58816","0.393035175603336","0.393035175603336","0.393035175603336"
"58827","0.393035175603336","0.393035175603336","0.393035175603336"
"58829","0.393035175603336","0.393035175603336","0.393035175603336"
"58845","0.3940351755780739","0.3940351755780739","0.3940351755780739"
"58851","0.39503517555281176","0.39503517555281176","0.39503517555281176"
"58857","0.39503517555281176","0.39503517555281176","0.39503517555281176"
"58862","0.39503517555281176","0.39503517555281176","0.39503517555281176"
"58863","0.39503517555281176","0.39503517555281176","0.39503517555281176"
"58865","0.39503517555281176","0.39503517555281176","0.39503517555281176"
"58870","0.39503517555281176","0.39503517555281176","0.39503517555281176"
"58871","0.39503517555281176","0.39503517555281176","0.39503517555281176"
"58872","0.39503517555281176","0.39503517555281176","0.39503517555281176"
"58875","0.39503517555281176","0.39503517555281176","0.39503517555281176"
"58884","0.39503517555281176","0.39503517555281176","0.39503517555281176"
"58887","0.39503517555281176","0.39503517555281176","0.39503517555281176"
"58899","0.39503517555281176","0.39503517555281176","0.39503517555281176"
"58903","0.39503517555281176","0.39503517555281176","0.39503517555281176"
"58906","0.39503517555281176","0.39503517555281176","0.39503517555281176"
"58914","0.39503517555281176","0.39503517555281176","0.39503517555281176"
"58922","0.39503517555281176","0.39503517555281176","0.39503517555281176"
"58923","0.39503517555281176","0.39503517555281176","0.39503517555281176"
"58924","0.39503517555281176","0.39503517555281176","0.39503517555281176"
"58925","0.39503517555281176","0.39503517555281176","0.39503517555281176"
"58935","0.39503517555281176","0.39503517555281176","0.39503517555281176"
"58937","0.39503517555281176","0.39503517555281176","0.39503517555281176"
"58957","0.39363517558817873","0.39363517558817873","0.39363517558817873"
"58966","0.393035175603336","0.393035175603336","0.393035175603336"
"58976","0.393035175603336","0.393035175603336","0.393035175603336"
"58984","0.393035175603336","0.393035175603336","0.393035175603336"
"58985","0.393035175603336","0.393035175603336","0.393035175603336"
"58988","0.393035175603336","0.393035175603336","0.393035175603336"
"58994","0.393035175603336","0.393035175603336","0.393035175603336"
"59002","0.393035175603336","0.393035175603336","0.393035175603336"
"59006","0.393035175603336","0.393035175603336","0.393035175603336"
"59007","0.393035175603336","0.393035175603336","0.393035175603336"
"59008","0.393035175603336","0.393035175603336","0.393035175603336"
"59010","0.393035175603336","0.393035175603336","0.393035175603336"
"59011","0.393035175603336","0.393035175603336","0.393035175603336"
"59013","0.393035175603336","0.393035175603336","0.393035175603336"
"59015","0.393035175603336","0.393035175603336","0.393035175603336"
"59019","0.393035175603336","0.393035175603336","0.393035175603336"
"59020","0.393035175603336","0.393035175603336","0.393035175603336"
"59027","0.393035175603336","0.393035175603336","0.393035175603336"
"59039","0.393035175603336","0.393035175603336","0.393035175603336"
"59045","0.393035175603336","0.393035175603336","0.393035175603336"
"59046","0.393035175603336","0.393035175603336","0.393035175603336"
"59061","0.3932351755982836","0.3932351755982836","0.3932351755982836"
"59076","0.39503517555281176","0.39503517555281176","0.39503517555281176"
"59079","0.39503517555281176","0.39503517555281176","0.39503517555281176"
"59081","0.39503517555281176","0.39503517555281176","0.39503517555281176"
"59084","0.39503517555281176","0.39503517555281176","0.39503517555281176"
"59087","0.39503517555281176","0.39503517555281176","0.39503517555281176"
"59117","0.39503517555281176","0.39503517555281176","0.39503517555281176"
"59120","0.39503517555281176","0.39503517555281176","0.39503517555281176"
"59132","0.39503517555281176","0.39503517555281176","0.39503517555281176"
"59137","0.39503517555281176","0.39503517555281176","0.39503517555281176"
"59146","0.39503517555281176","0.39503517555281176","0.39503517555281176"
"59151","0.39503517555281176","0.39503517555281176","0.39503517555281176"
"59162","0.39503517555281176","0.39503517555281176","0.39503517555281176"
"59163","0.39503517555281176","0.39503517555281176","0.39503517555281176"
"59167","0.39503517555281176","0.39503517555281176","0.39503517555281176"
"59169","0.39503517555281176","0.39503517555281176","0.39503517555281176"
"59173","0.39443517556796903","0.39443517556796903","0.39443517556796903"
"59176","0.3938351755831263","0.3938351755831263","0.3938351755831263"
"59195","0.393035175603336","0.393035175603336","0.393035175603336"
"59214","0.393035175603336","0.393035175603336","0.393035175603336"
"59217","0.393035175603336","0.393035175603336","0.393035175603336"
"59226","0.393035175603336","0.393035175603336","0.393035175603336"
"59228","0.393035175603336","0.393035175603336","0.393035175603336"
"59233","0.393035175603336","0.393035175603336","0.393035175603336"
"59235","0.393035175603336","0.393035175603336","0.393035175603336"
"59241","0.393035175603336","0.393035175603336","0.393035175603336"
"59243","0.393035175603336","0.393035175603336","0.393035175603336"
"59249","0.393035175603336","0.393035175603336","0.393035175603336"
"59251","0.393035175603336","0.393035175603336","0.393035175603336"
"59271","0.393035175603336","0.393035175603336","0.393035175603336"
"59277","0.393035175603336","0.393035175603336","0.393035175603336"
"59280","0.393035175603336","0.393035175603336","0.393035175603336"
"59289","0.39123517564880783","0.39123517564880783","0.39123517564880783"
"59299","0.39103517565386026","0.39103517565386026","0.39103517565386026"
"59306","0.39103517565386026","0.39103517565386026","0.39103517565386026"
"59307","0.39103517565386026","0.39103517565386026","0.39103517565386026"
"59313","0.39103517565386026","0.39103517565386026","0.39103517565386026"
"59317","0.39103517565386026","0.39103517565386026","0.39103517565386026"
"59326","0.39103517565386026","0.39103517565386026","0.39103517565386026"
"59339","0.39103517565386026","0.39103517565386026","0.39103517565386026"
"59348","0.39103517565386026","0.39103517565386026","0.39103517565386026"
"59350","0.39103517565386026","0.39103517565386026","0.39103517565386026"
"59352","0.39103517565386026","0.39103517565386026","0.39103517565386026"
"59358","0.39103517565386026","0.39103517565386026","0.39103517565386026"
"59363","0.39103517565386026","0.39103517565386026","0.39103517565386026"
"59364","0.39103517565386026","0.39103517565386026","0.39103517565386026"
"59372","0.39103517565386026","0.39103517565386026","0.39103517565386026"
"59373","0.39103517565386026","0.39103517565386026","0.39103517565386026"
"59386","0.39103517565386026","0.39103517565386026","0.39103517565386026"
"59391","0.39123517564880783","0.39123517564880783","0.39123517564880783"
"59396","0.3922351756235457","0.3922351756235457","0.3922351756235457"
"59397","0.3924351756184933","0.3924351756184933","0.3924351756184933"
"59404","0.393035175603336","0.393035175603336","0.393035175603336"
"59406","0.393035175603336","0.393035175603336","0.393035175603336"
"59407","0.393035175603336","0.393035175603336","0.393035175603336"
"59412","0.393035175603336","0.393035175603336","0.393035175603336"
"59415","0.393035175603336","0.393035175603336","0.393035175603336"
"59421","0.393035175603336","0.393035175603336","0.393035175603336"
"59423","0.393035175603336","0.393035175603336","0.393035175603336"
"59425","0.393035175603336","0.393035175603336","0.393035175603336"
"59449","0.393035175603336","0.393035175603336","0.393035175603336"
"59450","0.393035175603336","0.393035175603336","0.393035175603336"
"59453","0.393035175603336","0.393035175603336","0.393035175603336"
"59461","0.393035175603336","0.393035175603336","0.393035175603336"
"59471","0.393035175603336","0.393035175603336","0.393035175603336"
"59479","0.393035175603336","0.393035175603336","0.393035175603336"
"59487","0.393035175603336","0.393035175603336","0.393035175603336"
"59492","0.393035175603336","0.393035175603336","0.393035175603336"
"59495","0.393035175603336","0.393035175603336","0.393035175603336"
"59497","0.393035175603336","0.393035175603336","0.393035175603336"
"59508","0.3946351755629166","0.3946351755629166","0.3946351755629166"
"59511","0.39503517555281176","0.39503517555281176","0.39503517555281176"
"59526","0.39503517555281176","0.39503517555281176","0.39503517555281176"
"59534","0.39503517555281176","0.39503517555281176","0.39503517555281176"
"59543","0.39503517555281176","0.39503517555281176","0.39503517555281176"
"59547","0.39503517555281176","0.39503517555281176","0.39503517555281176"
"59558","0.39503517555281176","0.39503517555281176","0.39503517555281176"
"59566","0.39503517555281176","0.39503517555281176","0.39503517555281176"
"59576","0.39503517555281176","0.39503517555281176","0.39503517555281176"
"59577","0.39503517555281176","0.39503517555281176","0.39503517555281176"
"59579","0.39503517555281176","0.39503517555281176","0.39503517555281176"
"59581","0.39503517555281176","0.39503517555281176","0.39503517555281176"
"59588","0.39503517555281176","0.39503517555281176","0.39503517555281176"
"59590","0.39503517555281176","0.39503517555281176","0.39503517555281176"
"59594","0.39503517555281176","0.39503517555281176","0.39503517555281176"
"59595","0.39503517555281176","0.39503517555281176","0.39503517555281176"
"59596","0.39503517555281176","0.39503517555281176","0.39503517555281176"
"59597","0.39503517555281176","0.39503517555281176","0.39503517555281176"
"59599","0.39503517555281176","0.39503517555281176","0.39503517555281176"
"59601","0.39503517555281176","0.39503517555281176","0.39503517555281176"
"59602","0.39503517555281176","0.39503517555281176","0.39503517555281176"
"59606","0.39503517555281176","0.39503517555281176","0.39503517555281176"
"59609","0.39503517555281176","0.39503517555281176","0.39503517555281176"
"59611","0.3948351755578642","0.3948351755578642","0.3948351755578642"
"59613","0.39443517556796903","0.39443517556796903","0.39443517556796903"
"59614","0.39423517557302146","0.39423517557302146","0.39423517557302146"
"59620","0.393035175603336","0.393035175603336","0.393035175603336"
"59636","0.393035175603336","0.393035175603336","0.393035175603336"
"59637","0.393035175603336","0.393035175603336","0.393035175603336"
"59638","0.393035175603336","0.393035175603336","0.393035175603336"
"59656","0.393035175603336","0.393035175603336","0.393035175603336"
"59664","0.393035175603336","0.393035175603336","0.393035175603336"
"59667","0.393035175603336","0.393035175603336","0.393035175603336"
"59668","0.393035175603336","0.393035175603336","0.393035175603336"
"59673","0.393035175603336","0.393035175603336","0.393035175603336"
"59676","0.393035175603336","0.393035175603336","0.393035175603336"
"59682","0.393035175603336","0.393035175603336","0.393035175603336"
"59691","0.393035175603336","0.393035175603336","0.393035175603336"
"59695","0.393035175603336","0.393035175603336","0.393035175603336"
"59701","0.393035175603336","0.393035175603336","0.393035175603336"
"59702","0.393035175603336","0.393035175603336","0.393035175603336"
"59706","0.393035175603336","0.393035175603336","0.393035175603336"
"59707","0.393035175603336","0.393035175603336","0.393035175603336"
"59709","0.393035175603336","0.393035175603336","0.393035175603336"
"59712","0.393035175603336","0.393035175603336","0.393035175603336"
"59714","0.393035175603336","0.393035175603336","0.393035175603336"
"59715","0.393035175603336","0.393035175603336","0.393035175603336"
"59720","0.393035175603336","0.393035175603336","0.393035175603336"
"59730","0.39103517565386026","0.39103517565386026","0.39103517565386026"
"59747","0.39103517565386026","0.39103517565386026","0.39103517565386026"
"59753","0.39103517565386026","0.39103517565386026","0.39103517565386026"
"59755","0.39103517565386026","0.39103517565386026","0.39103517565386026"
"59767","0.39103517565386026","0.39103517565386026","0.39103517565386026"
"59772","0.39103517565386026","0.39103517565386026","0.39103517565386026"
"59785","0.39103517565386026","0.39103517565386026","0.39103517565386026"
"59800","0.39103517565386026","0.39103517565386026","0.39103517565386026"
"59802","0.39103517565386026","0.39103517565386026","0.39103517565386026"
"59805","0.39103517565386026","0.39103517565386026","0.39103517565386026"
"59816","0.39103517565386026","0.39103517565386026","0.39103517565386026"
"59824","0.39103517565386026","0.39103517565386026","0.39103517565386026"
"59827","0.39103517565386026","0.39103517565386026","0.39103517565386026"
"59841","0.393035175603336","0.393035175603336","0.393035175603336"
"59842","0.393035175603336","0.393035175603336","0.393035175603336"
"59861","0.393035175603336","0.393035175603336","0.393035175603336"
"59872","0.393035175603336","0.393035175603336","0.393035175603336"
"59874","0.393035175603336","0.393035175603336","0.393035175603336"
"59886","0.393035175603336","0.393035175603336","0.393035175603336"
"59887","0.393035175603336","0.393035175603336","0.393035175603336"
"59889","0.393035175603336","0.393035175603336","0.393035175603336"
"59906","0.393035175603336","0.393035175603336","0.393035175603336"
"59918","0.393035175603336","0.393035175603336","0.393035175603336"
"59921","0.393035175603336","0.393035175603336","0.393035175603336"
"59934","0.393035175603336","0.393035175603336","0.393035175603336"
"59938","0.393035175603336","0.393035175603336","0.393035175603336"
"59947","0.39443517556796903","0.39443517556796903","0.39443517556796903"
"59955","0.39503517555281176","0.39503517555281176","0.39503517555281176"
"59965","0.39503517555281176","0.39503517555281176","0.39503517555281176"
"59966","0.39503517555281176","0.39503517555281176","0.39503517555281176"
"59968","0.39503517555281176","0.39503517555281176","0.39503517555281176"
"59977","0.39503517555281176","0.39503517555281176","0.39503517555281176"
"59982","0.39503517555281176","0.39503517555281176","0.39503517555281176"
"59989","0.39503517555281176","0.39503517555281176","0.39503517555281176"
"59996","0.39503517555281176","0.39503517555281176","0.39503517555281176"
"59998","0.39503517555281176","0.39503517555281176","0.39503517555281176"
"60003","0.39503517555281176","0.39503517555281176","0.39503517555281176"
"60030","0.39503517555281176","0.39503517555281176","0.39503517555281176"
"60038","0.39503517555281176","0.39503517555281176","0.39503517555281176"
"60041","0.39503517555281176","0.39503517555281176","0.39503517555281176"
"60042","0.39503517555281176","0.39503517555281176","0.39503517555281176"
"60043","0.39503517555281176","0.39503517555281176","0.39503517555281176"
"60050","0.39503517555281176","0.39503517555281176","0.39503517555281176"
"60072","0.3970351755022875","0.3970351755022875","0.3970351755022875"
"60095","0.3970351755022875","0.3970351755022875","0.3970351755022875"
"60100","0.3970351755022875","0.3970351755022875","0.3970351755022875"
"60101","0.3970351755022875","0.3970351755022875","0.3970351755022875"
"60102","0.3970351755022875","0.3970351755022875","0.3970351755022875"
"60109","0.3970351755022875","0.3970351755022875","0.3970351755022875"
"60111","0.3970351755022875","0.3970351755022875","0.3970351755022875"
"60131","0.3970351755022875","0.3970351755022875","0.3970351755022875"
"60135","0.3970351755022875","0.3970351755022875","0.3970351755022875"
"60136","0.3970351755022875","0.3970351755022875","0.3970351755022875"
"60141","0.3970351755022875","0.3970351755022875","0.3970351755022875"
"60143","0.3970351755022875","0.3970351755022875","0.3970351755022875"
"60145","0.3970351755022875","0.3970351755022875","0.3970351755022875"
"60166","0.39823517547197296","0.39823517547197296","0.39823517547197296"
"60174","0.39903517545176326","0.39903517545176326","0.39903517545176326"
"60182","0.39903517545176326","0.39903517545176326","0.39903517545176326"
"60191","0.39903517545176326","0.39903517545176326","0.39903517545176326"
"60196","0.39903517545176326","0.39903517545176326","0.39903517545176326"
"60197","0.39903517545176326","0.39903517545176326","0.39903517545176326"
"60203","0.39903517545176326","0.39903517545176326","0.39903517545176326"
"60211","0.39903517545176326","0.39903517545176326","0.39903517545176326"
"60212","0.39903517545176326","0.39903517545176326","0.39903517545176326"
"60218","0.39903517545176326","0.39903517545176326","0.39903517545176326"
"60219","0.39903517545176326","0.39903517545176326","0.39903517545176326"
"60252","0.39903517545176326","0.39903517545176326","0.39903517545176326"
"60253","0.39903517545176326","0.39903517545176326","0.39903517545176326"
"60255","0.39903517545176326","0.39903517545176326","0.39903517545176326"
"60256","0.39903517545176326","0.39903517545176326","0.39903517545176326"
"60272","0.3994351754416584","0.3994351754416584","0.3994351754416584"
"60275","0.40003517542650113","0.40003517542650113","0.40003517542650113"
"60285","0.401035175401239","0.401035175401239","0.401035175401239"
"60287","0.401035175401239","0.401035175401239","0.401035175401239"
"60294","0.401035175401239","0.401035175401239","0.401035175401239"
"60295","0.401035175401239","0.401035175401239","0.401035175401239"
"60297","0.401035175401239","0.401035175401239","0.401035175401239"
"60299","0.401035175401239","0.401035175401239","0.401035175401239"
"60300","0.401035175401239","0.401035175401239","0.401035175401239"
"60303","0.401035175401239","0.401035175401239","0.401035175401239"
"60308","0.401035175401239","0.401035175401239","0.401035175401239"
"60309","0.401035175401239","0.401035175401239","0.401035175401239"
"60311","0.401035175401239","0.401035175401239","0.401035175401239"
"60313","0.401035175401239","0.401035175401239","0.401035175401239"
"60314","0.401035175401239","0.401035175401239","0.401035175401239"
"60316","0.401035175401239","0.401035175401239","0.401035175401239"
"60321","0.401035175401239","0.401035175401239","0.401035175401239"
"60326","0.401035175401239","0.401035175401239","0.401035175401239"
"60342","0.401035175401239","0.401035175401239","0.401035175401239"
"60347","0.401035175401239","0.401035175401239","0.401035175401239"
"60349","0.401035175401239","0.401035175401239","0.401035175401239"
"60351","0.401035175401239","0.401035175401239","0.401035175401239"
"60353","0.401035175401239","0.401035175401239","0.401035175401239"
"60356","0.401035175401239","0.401035175401239","0.401035175401239"
"60363","0.401035175401239","0.401035175401239","0.401035175401239"
"60375","0.401035175401239","0.401035175401239","0.401035175401239"
"60377","0.401035175401239","0.401035175401239","0.401035175401239"
"60379","0.401035175401239","0.401035175401239","0.401035175401239"
"60395","0.39903517545176326","0.39903517545176326","0.39903517545176326"
"60398","0.39903517545176326","0.39903517545176326","0.39903517545176326"
"60404","0.39903517545176326","0.39903517545176326","0.39903517545176326"
"60412","0.39903517545176326","0.39903517545176326","0.39903517545176326"
"60416","0.39903517545176326","0.39903517545176326","0.39903517545176326"
"60429","0.39903517545176326","0.39903517545176326","0.39903517545176326"
"60436","0.39903517545176326","0.39903517545176326","0.39903517545176326"
"60438","0.39903517545176326","0.39903517545176326","0.39903517545176326"
"60447","0.39903517545176326","0.39903517545176326","0.39903517545176326"
"60449","0.39903517545176326","0.39903517545176326","0.39903517545176326"
"60454","0.39903517545176326","0.39903517545176326","0.39903517545176326"
"60456","0.39903517545176326","0.39903517545176326","0.39903517545176326"
"60462","0.39903517545176326","0.39903517545176326","0.39903517545176326"
"60465","0.39903517545176326","0.39903517545176326","0.39903517545176326"
"60466","0.39903517545176326","0.39903517545176326","0.39903517545176326"
"60475","0.39903517545176326","0.39903517545176326","0.39903517545176326"
"60482","0.39903517545176326","0.39903517545176326","0.39903517545176326"
"60486","0.39903517545176326","0.39903517545176326","0.39903517545176326"
"60496","0.3978351754820778","0.3978351754820778","0.3978351754820778"
"60500","0.3970351755022875","0.3970351755022875","0.3970351755022875"
"60501","0.3970351755022875","0.3970351755022875","0.3970351755022875"
"60515","0.3970351755022875","0.3970351755022875","0.3970351755022875"
"60525","0.3970351755022875","0.3970351755022875","0.3970351755022875"
"60526","0.3970351755022875","0.3970351755022875","0.3970351755022875"
"60528","0.3970351755022875","0.3970351755022875","0.3970351755022875"
"60534","0.3970351755022875","0.3970351755022875","0.3970351755022875"
"60537","0.3970351755022875","0.3970351755022875","0.3970351755022875"
"60542","0.3970351755022875","0.3970351755022875","0.3970351755022875"
"60543","0.3970351755022875","0.3970351755022875","0.3970351755022875"
"60544","0.3970351755022875","0.3970351755022875","0.3970351755022875"
"60550","0.3970351755022875","0.3970351755022875","0.3970351755022875"
"60551","0.3970351755022875","0.3970351755022875","0.3970351755022875"
"60575","0.3970351755022875","0.3970351755022875","0.3970351755022875"
"60577","0.3970351755022875","0.3970351755022875","0.3970351755022875"
"60584","0.3970351755022875","0.3970351755022875","0.3970351755022875"
"60588","0.3970351755022875","0.3970351755022875","0.3970351755022875"
"60590","0.3970351755022875","0.3970351755022875","0.3970351755022875"
"60603","0.3964351755174448","0.3964351755174448","0.3964351755174448"
"60622","0.39503517555281176","0.39503517555281176","0.39503517555281176"
"60624","0.39503517555281176","0.39503517555281176","0.39503517555281176"
"60626","0.39503517555281176","0.39503517555281176","0.39503517555281176"
"60630","0.39503517555281176","0.39503517555281176","0.39503517555281176"
"60640","0.39503517555281176","0.39503517555281176","0.39503517555281176"
"60643","0.39503517555281176","0.39503517555281176","0.39503517555281176"
"60650","0.39503517555281176","0.39503517555281176","0.39503517555281176"
"60651","0.39503517555281176","0.39503517555281176","0.39503517555281176"
"60652","0.39503517555281176","0.39503517555281176","0.39503517555281176"
"60656","0.39503517555281176","0.39503517555281176","0.39503517555281176"
"60664","0.39503517555281176","0.39503517555281176","0.39503517555281176"
"60669","0.39503517555281176","0.39503517555281176","0.39503517555281176"
"60673","0.39503517555281176","0.39503517555281176","0.39503517555281176"
"60674","0.39503517555281176","0.39503517555281176","0.39503517555281176"
"60675","0.39503517555281176","0.39503517555281176","0.39503517555281176"
"60679","0.39503517555281176","0.39503517555281176","0.39503517555281176"
"60680","0.39503517555281176","0.39503517555281176","0.39503517555281176"
"60683","0.39503517555281176","0.39503517555281176","0.39503517555281176"
"60694","0.39503517555281176","0.39503517555281176","0.39503517555281176"
"60698","0.39503517555281176","0.39503517555281176","0.39503517555281176"
"60704","0.39503517555281176","0.39503517555281176","0.39503517555281176"
"60707","0.39503517555281176","0.39503517555281176","0.39503517555281176"
"60711","0.3948351755578642","0.3948351755578642","0.3948351755578642"
"60712","0.3946351755629166","0.3946351755629166","0.3946351755629166"
"60718","0.39343517559323116","0.39343517559323116","0.39343517559323116"
"60720","0.393035175603336","0.393035175603336","0.393035175603336"
"60735","0.393035175603336","0.393035175603336","0.393035175603336"
"60743","0.393035175603336","0.393035175603336","0.393035175603336"
"60759","0.393035175603336","0.393035175603336","0.393035175603336"
"60764","0.393035175603336","0.393035175603336","0.393035175603336"
"60766","0.393035175603336","0.393035175603336","0.393035175603336"
"60772","0.393035175603336","0.393035175603336","0.393035175603336"
"60776","0.393035175603336","0.393035175603336","0.393035175603336"
"60778","0.393035175603336","0.393035175603336","0.393035175603336"
"60780","0.393035175603336","0.393035175603336","0.393035175603336"
"60785","0.393035175603336","0.393035175603336","0.393035175603336"
"60797","0.393035175603336","0.393035175603336","0.393035175603336"
"60798","0.393035175603336","0.393035175603336","0.393035175603336"
"60806","0.393035175603336","0.393035175603336","0.393035175603336"
"60808","0.393035175603336","0.393035175603336","0.393035175603336"
"60813","0.393035175603336","0.393035175603336","0.393035175603336"
"60856","0.39503517555281176","0.39503517555281176","0.39503517555281176"
"60860","0.39503517555281176","0.39503517555281176","0.39503517555281176"
"60865","0.39503517555281176","0.39503517555281176","0.39503517555281176"
"60868","0.39503517555281176","0.39503517555281176","0.39503517555281176"
"60870","0.39503517555281176","0.39503517555281176","0.39503517555281176"
"60871","0.39503517555281176","0.39503517555281176","0.39503517555281176"
"60879","0.39503517555281176","0.39503517555281176","0.39503517555281176"
"60881","0.39503517555281176","0.39503517555281176","0.39503517555281176"
"60885","0.39503517555281176","0.39503517555281176","0.39503517555281176"
"60908","0.39503517555281176","0.39503517555281176","0.39503517555281176"
"60922","0.39503517555281176","0.39503517555281176","0.39503517555281176"
"60924","0.39503517555281176","0.39503517555281176","0.39503517555281176"
"60928","0.39503517555281176","0.39503517555281176","0.39503517555281176"
"60941","0.3970351755022875","0.3970351755022875","0.3970351755022875"
"60942","0.3970351755022875","0.3970351755022875","0.3970351755022875"
"60946","0.3970351755022875","0.3970351755022875","0.3970351755022875"
"60947","0.3970351755022875","0.3970351755022875","0.3970351755022875"
"60962","0.3970351755022875","0.3970351755022875","0.3970351755022875"
"60963","0.3970351755022875","0.3970351755022875","0.3970351755022875"
"60966","0.3970351755022875","0.3970351755022875","0.3970351755022875"
"60981","0.3970351755022875","0.3970351755022875","0.3970351755022875"
"60988","0.3970351755022875","0.3970351755022875","0.3970351755022875"
"60989","0.3970351755022875","0.3970351755022875","0.3970351755022875"
"60993","0.3970351755022875","0.3970351755022875","0.3970351755022875"
"60994","0.3970351755022875","0.3970351755022875","0.3970351755022875"
"61005","0.3970351755022875","0.3970351755022875","0.3970351755022875"
"61012","0.3970351755022875","0.3970351755022875","0.3970351755022875"
"61016","0.3970351755022875","0.3970351755022875","0.3970351755022875"
"61017","0.3970351755022875","0.3970351755022875","0.3970351755022875"
"61018","0.3970351755022875","0.3970351755022875","0.3970351755022875"
"61023","0.3970351755022875","0.3970351755022875","0.3970351755022875"
"61035","0.3970351755022875","0.3970351755022875","0.3970351755022875"
"61038","0.3970351755022875","0.3970351755022875","0.3970351755022875"
"61046","0.39583517553260206","0.39583517553260206","0.39583517553260206"
"61058","0.39503517555281176","0.39503517555281176","0.39503517555281176"
"61059","0.39503517555281176","0.39503517555281176","0.39503517555281176"
"61061","0.39503517555281176","0.39503517555281176","0.39503517555281176"
"61077","0.39503517555281176","0.39503517555281176","0.39503517555281176"
"61078","0.39503517555281176","0.39503517555281176","0.39503517555281176"
"61081","0.39503517555281176","0.39503517555281176","0.39503517555281176"
"61083","0.39503517555281176","0.39503517555281176","0.39503517555281176"
"61086","0.39503517555281176","0.39503517555281176","0.39503517555281176"
"61089","0.39503517555281176","0.39503517555281176","0.39503517555281176"
"61090","0.39503517555281176","0.39503517555281176","0.39503517555281176"
"61098","0.39503517555281176","0.39503517555281176","0.39503517555281176"
"61108","0.39503517555281176","0.39503517555281176","0.39503517555281176"
"61122","0.39503517555281176","0.39503517555281176","0.39503517555281176"
"61126","0.39503517555281176","0.39503517555281176","0.39503517555281176"
"61129","0.39503517555281176","0.39503517555281176","0.39503517555281176"
"61133","0.39503517555281176","0.39503517555281176","0.39503517555281176"
"61156","0.3938351755831263","0.3938351755831263","0.3938351755831263"
"61162","0.393035175603336","0.393035175603336","0.393035175603336"
"61163","0.393035175603336","0.393035175603336","0.393035175603336"
"61166","0.393035175603336","0.393035175603336","0.393035175603336"
"61171","0.393035175603336","0.393035175603336","0.393035175603336"
"61191","0.393035175603336","0.393035175603336","0.393035175603336"
"61199","0.393035175603336","0.393035175603336","0.393035175603336"
"61208","0.393035175603336","0.393035175603336","0.393035175603336"
"61209","0.393035175603336","0.393035175603336","0.393035175603336"
"61212","0.393035175603336","0.393035175603336","0.393035175603336"
"61213","0.393035175603336","0.393035175603336","0.393035175603336"
"61217","0.393035175603336","0.393035175603336","0.393035175603336"
"61238","0.393035175603336","0.393035175603336","0.393035175603336"
"61241","0.393035175603336","0.393035175603336","0.393035175603336"
"61244","0.393035175603336","0.393035175603336","0.393035175603336"
"61254","0.393035175603336","0.393035175603336","0.393035175603336"
"61255","0.393035175603336","0.393035175603336","0.393035175603336"
"61256","0.393035175603336","0.393035175603336","0.393035175603336"
"61257","0.393035175603336","0.393035175603336","0.393035175603336"
"61258","0.393035175603336","0.393035175603336","0.393035175603336"
"61271","0.39503517555281176","0.39503517555281176","0.39503517555281176"
"61272","0.39503517555281176","0.39503517555281176","0.39503517555281176"
"61288","0.39503517555281176","0.39503517555281176","0.39503517555281176"
"61305","0.39503517555281176","0.39503517555281176","0.39503517555281176"
"61308","0.39503517555281176","0.39503517555281176","0.39503517555281176"
"61315","0.39503517555281176","0.39503517555281176","0.39503517555281176"
"61323","0.39503517555281176","0.39503517555281176","0.39503517555281176"
"61325","0.39503517555281176","0.39503517555281176","0.39503517555281176"
"61331","0.39503517555281176","0.39503517555281176","0.39503517555281176"
"61348","0.39503517555281176","0.39503517555281176","0.39503517555281176"
"61351","0.39503517555281176","0.39503517555281176","0.39503517555281176"
"61364","0.39503517555281176","0.39503517555281176","0.39503517555281176"
"61388","0.3970351755022875","0.3970351755022875","0.3970351755022875"
"61390","0.3970351755022875","0.3970351755022875","0.3970351755022875"
"61392","0.3970351755022875","0.3970351755022875","0.3970351755022875"
"61399","0.3970351755022875","0.3970351755022875","0.3970351755022875"
"61404","0.3970351755022875","0.3970351755022875","0.3970351755022875"
"61405","0.3970351755022875","0.3970351755022875","0.3970351755022875"
"61420","0.3970351755022875","0.3970351755022875","0.3970351755022875"
"61431","0.3970351755022875","0.3970351755022875","0.3970351755022875"
"61440","0.3970351755022875","0.3970351755022875","0.3970351755022875"
"61441","0.3970351755022875","0.3970351755022875","0.3970351755022875"
"61443","0.3970351755022875","0.3970351755022875","0.3970351755022875"
"61459","0.3970351755022875","0.3970351755022875","0.3970351755022875"
"61462","0.3970351755022875","0.3970351755022875","0.3970351755022875"
"61478","0.3970351755022875","0.3970351755022875","0.3970351755022875"
"61482","0.39743517549218266","0.39743517549218266","0.39743517549218266"
"61488","0.3986351754618681","0.3986351754618681","0.3986351754618681"
"61489","0.3988351754568157","0.3988351754568157","0.3988351754568157"
"61501","0.39903517545176326","0.39903517545176326","0.39903517545176326"
"61516","0.39903517545176326","0.39903517545176326","0.39903517545176326"
"61525","0.39903517545176326","0.39903517545176326","0.39903517545176326"
"61536","0.39903517545176326","0.39903517545176326","0.39903517545176326"
"61548","0.39903517545176326","0.39903517545176326","0.39903517545176326"
"61555","0.39903517545176326","0.39903517545176326","0.39903517545176326"
"61560","0.39903517545176326","0.39903517545176326","0.39903517545176326"
"61564","0.39903517545176326","0.39903517545176326","0.39903517545176326"
"61580","0.39903517545176326","0.39903517545176326","0.39903517545176326"
"61585","0.39903517545176326","0.39903517545176326","0.39903517545176326"
"61590","0.39903517545176326","0.39903517545176326","0.39903517545176326"
"61604","0.3970351755022875","0.3970351755022875","0.3970351755022875"
"61608","0.3970351755022875","0.3970351755022875","0.3970351755022875"
"61620","0.3970351755022875","0.3970351755022875","0.3970351755022875"
"61624","0.3970351755022875","0.3970351755022875","0.3970351755022875"
"61629","0.3970351755022875","0.3970351755022875","0.3970351755022875"
"61635","0.3970351755022875","0.3970351755022875","0.3970351755022875"
"61651","0.3970351755022875","0.3970351755022875","0.3970351755022875"
"61662","0.3970351755022875","0.3970351755022875","0.3970351755022875"
"61676","0.3970351755022875","0.3970351755022875","0.3970351755022875"
"61682","0.3970351755022875","0.3970351755022875","0.3970351755022875"
"61690","0.3970351755022875","0.3970351755022875","0.3970351755022875"
"61694","0.3970351755022875","0.3970351755022875","0.3970351755022875"
"61700","0.3970351755022875","0.3970351755022875","0.3970351755022875"
"61701","0.39683517550733993","0.39683517550733993","0.39683517550733993"
"61705","0.39603517552754963","0.39603517552754963","0.39603517552754963"
"61706","0.39583517553260206","0.39583517553260206","0.39583517553260206"
"61710","0.39503517555281176","0.39503517555281176","0.39503517555281176"