"Step","251028_normalized_zwidth_v1 - geom/py","251028_normalized_zwidth_v1 - geom/py__MIN","251028_normalized_zwidth_v1 - geom/py__MAX"
"1","0.1","0.1","0.1"
"17","0.1","0.1","0.1"
"18","0.1","0.1","0.1"
"22","0.1","0.1","0.1"
"26","0.1","0.1","0.1"
"34","0.1","0.1","0.1"
"36","0.1","0.1","0.1"
"49","0.1","0.1","0.1"
"59","0.1","0.1","0.1"
"60","0.1","0.1","0.1"
"64","0.1","0.1","0.1"
"67","0.1","0.1","0.1"
"73","0.1","0.1","0.1"
"77","0.1","0.1","0.1"
"78","0.1","0.1","0.1"
"88","0.1","0.1","0.1"
"92","0.1","0.1","0.1"
"95","0.1","0.1","0.1"
"97","0.1","0.1","0.1"
"103","0.10059999998484273","0.10059999998484273","0.10059999998484273"
"119","0.10199999994947576","0.10199999994947576","0.10199999994947576"
"143","0.10199999994947576","0.10199999994947576","0.10199999994947576"
"149","0.10199999994947576","0.10199999994947576","0.10199999994947576"
"151","0.10199999994947576","0.10199999994947576","0.10199999994947576"
"154","0.10199999994947576","0.10199999994947576","0.10199999994947576"
"155","0.10199999994947576","0.10199999994947576","0.10199999994947576"
"157","0.10199999994947576","0.10199999994947576","0.10199999994947576"
"160","0.10199999994947576","0.10199999994947576","0.10199999994947576"
"163","0.10199999994947576","0.10199999994947576","0.10199999994947576"
"164","0.10199999994947576","0.10199999994947576","0.10199999994947576"
"167","0.10199999994947576","0.10199999994947576","0.10199999994947576"
"172","0.10199999994947576","0.10199999994947576","0.10199999994947576"
"174","0.10199999994947576","0.10199999994947576","0.10199999994947576"
"176","0.10199999994947576","0.10199999994947576","0.10199999994947576"
"185","0.10199999994947576","0.10199999994947576","0.10199999994947576"
"193","0.10199999994947576","0.10199999994947576","0.10199999994947576"
"212","0.1023999999393709","0.1023999999393709","0.1023999999393709"
"222","0.1039999998989515","0.1039999998989515","0.1039999998989515"
"225","0.1039999998989515","0.1039999998989515","0.1039999998989515"
"231","0.1039999998989515","0.1039999998989515","0.1039999998989515"
"247","0.1039999998989515","0.1039999998989515","0.1039999998989515"
"250","0.1039999998989515","0.1039999998989515","0.1039999998989515"
"259","0.1039999998989515","0.1039999998989515","0.1039999998989515"
"266","0.1039999998989515","0.1039999998989515","0.1039999998989515"
"274","0.1039999998989515","0.1039999998989515","0.1039999998989515"
"277","0.1039999998989515","0.1039999998989515","0.1039999998989515"
"278","0.1039999998989515","0.1039999998989515","0.1039999998989515"
"281","0.1039999998989515","0.1039999998989515","0.1039999998989515"
"290","0.1039999998989515","0.1039999998989515","0.1039999998989515"
"292","0.1039999998989515","0.1039999998989515","0.1039999998989515"
"295","0.1039999998989515","0.1039999998989515","0.1039999998989515"
"301","0.1039999998989515","0.1039999998989515","0.1039999998989515"
"304","0.1039999998989515","0.1039999998989515","0.1039999998989515"
"305","0.1039999998989515","0.1039999998989515","0.1039999998989515"
"309","0.1039999998989515","0.1039999998989515","0.1039999998989515"
"314","0.1039999998989515","0.1039999998989515","0.1039999998989515"
"317","0.1039999998989515","0.1039999998989515","0.1039999998989515"
"318","0.1039999998989515","0.1039999998989515","0.1039999998989515"
"337","0.10599999984842726","0.10599999984842726","0.10599999984842726"
"353","0.10599999984842726","0.10599999984842726","0.10599999984842726"
"361","0.10599999984842726","0.10599999984842726","0.10599999984842726"
"368","0.10599999984842726","0.10599999984842726","0.10599999984842726"
"372","0.10599999984842726","0.10599999984842726","0.10599999984842726"
"382","0.10599999984842726","0.10599999984842726","0.10599999984842726"
"389","0.10599999984842726","0.10599999984842726","0.10599999984842726"
"397","0.10599999984842726","0.10599999984842726","0.10599999984842726"
"405","0.10599999984842726","0.10599999984842726","0.10599999984842726"
"414","0.10599999984842726","0.10599999984842726","0.10599999984842726"
"425","0.10599999984842726","0.10599999984842726","0.10599999984842726"
"430","0.10599999984842726","0.10599999984842726","0.10599999984842726"
"435","0.10699999982316513","0.10699999982316513","0.10699999982316513"
"447","0.107999999797903","0.107999999797903","0.107999999797903"
"455","0.107999999797903","0.107999999797903","0.107999999797903"
"461","0.107999999797903","0.107999999797903","0.107999999797903"
"465","0.107999999797903","0.107999999797903","0.107999999797903"
"472","0.107999999797903","0.107999999797903","0.107999999797903"
"477","0.107999999797903","0.107999999797903","0.107999999797903"
"482","0.107999999797903","0.107999999797903","0.107999999797903"
"490","0.107999999797903","0.107999999797903","0.107999999797903"
"497","0.107999999797903","0.107999999797903","0.107999999797903"
"503","0.107999999797903","0.107999999797903","0.107999999797903"
"506","0.107999999797903","0.107999999797903","0.107999999797903"
"511","0.107999999797903","0.107999999797903","0.107999999797903"
"515","0.107999999797903","0.107999999797903","0.107999999797903"
"517","0.107999999797903","0.107999999797903","0.107999999797903"
"519","0.107999999797903","0.107999999797903","0.107999999797903"
"526","0.107999999797903","0.107999999797903","0.107999999797903"
"534","0.107999999797903","0.107999999797903","0.107999999797903"
"549","0.10979999975243118","0.10979999975243118","0.10979999975243118"
"550","0.10999999974737876","0.10999999974737876","0.10999999974737876"
"552","0.10999999974737876","0.10999999974737876","0.10999999974737876"
"568","0.10999999974737876","0.10999999974737876","0.10999999974737876"
"575","0.10999999974737876","0.10999999974737876","0.10999999974737876"
"578","0.10999999974737876","0.10999999974737876","0.10999999974737876"
"583","0.10999999974737876","0.10999999974737876","0.10999999974737876"
"585","0.10999999974737876","0.10999999974737876","0.10999999974737876"
"586","0.10999999974737876","0.10999999974737876","0.10999999974737876"
"589","0.10999999974737876","0.10999999974737876","0.10999999974737876"
"591","0.10999999974737876","0.10999999974737876","0.10999999974737876"
"595","0.10999999974737876","0.10999999974737876","0.10999999974737876"
"597","0.10999999974737876","0.10999999974737876","0.10999999974737876"
"613","0.10999999974737876","0.10999999974737876","0.10999999974737876"
"614","0.10999999974737876","0.10999999974737876","0.10999999974737876"
"646","0.10999999974737876","0.10999999974737876","0.10999999974737876"
"647","0.10999999974737876","0.10999999974737876","0.10999999974737876"
"648","0.10999999974737876","0.10999999974737876","0.10999999974737876"
"649","0.10999999974737876","0.10999999974737876","0.10999999974737876"
"651","0.11019999974232633","0.11019999974232633","0.11019999974232633"
"652","0.11039999973727391","0.11039999973727391","0.11039999973727391"
"653","0.11059999973222148","0.11059999973222148","0.11059999973222148"
"663","0.11199999969685451","0.11199999969685451","0.11199999969685451"
"676","0.11199999969685451","0.11199999969685451","0.11199999969685451"
"686","0.11199999969685451","0.11199999969685451","0.11199999969685451"
"703","0.11199999969685451","0.11199999969685451","0.11199999969685451"
"722","0.11199999969685451","0.11199999969685451","0.11199999969685451"
"724","0.11199999969685451","0.11199999969685451","0.11199999969685451"
"752","0.11199999969685451","0.11199999969685451","0.11199999969685451"
"755","0.11199999969685451","0.11199999969685451","0.11199999969685451"
"761","0.11219999969180208","0.11219999969180208","0.11219999969180208"
"763","0.11259999968169723","0.11259999968169723","0.11259999968169723"
"774","0.11399999964633026","0.11399999964633026","0.11399999964633026"
"776","0.11399999964633026","0.11399999964633026","0.11399999964633026"
"789","0.11399999964633026","0.11399999964633026","0.11399999964633026"
"802","0.11399999964633026","0.11399999964633026","0.11399999964633026"
"805","0.11399999964633026","0.11399999964633026","0.11399999964633026"
"807","0.11399999964633026","0.11399999964633026","0.11399999964633026"
"813","0.11399999964633026","0.11399999964633026","0.11399999964633026"
"827","0.11399999964633026","0.11399999964633026","0.11399999964633026"
"840","0.11399999964633026","0.11399999964633026","0.11399999964633026"
"855","0.11399999964633026","0.11399999964633026","0.11399999964633026"
"882","0.11559999960591086","0.11559999960591086","0.11559999960591086"
"883","0.11559999960591086","0.11559999960591086","0.11559999960591086"
"885","0.11559999960591086","0.11559999960591086","0.11559999960591086"
"886","0.11559999960591086","0.11559999960591086","0.11559999960591086"
"896","0.11559999960591086","0.11559999960591086","0.11559999960591086"
"904","0.11559999960591086","0.11559999960591086","0.11559999960591086"
"914","0.11559999960591086","0.11559999960591086","0.11559999960591086"
"922","0.11559999960591086","0.11559999960591086","0.11559999960591086"
"926","0.11559999960591086","0.11559999960591086","0.11559999960591086"
"939","0.11559999960591086","0.11559999960591086","0.11559999960591086"
"940","0.11559999960591086","0.11559999960591086","0.11559999960591086"
"946","0.11559999960591086","0.11559999960591086","0.11559999960591086"
"948","0.11559999960591086","0.11559999960591086","0.11559999960591086"
"949","0.11559999960591086","0.11559999960591086","0.11559999960591086"
"950","0.11559999960591086","0.11559999960591086","0.11559999960591086"
"955","0.11559999960591086","0.11559999960591086","0.11559999960591086"
"962","0.11559999960591086","0.11559999960591086","0.11559999960591086"
"963","0.11559999960591086","0.11559999960591086","0.11559999960591086"
"965","0.11559999960591086","0.11559999960591086","0.11559999960591086"
"972","0.11559999960591086","0.11559999960591086","0.11559999960591086"
"976","0.11559999960591086","0.11559999960591086","0.11559999960591086"
"991","0.11759999955538661","0.11759999955538661","0.11759999955538661"
"997","0.11759999955538661","0.11759999955538661","0.11759999955538661"
"998","0.11759999955538661","0.11759999955538661","0.11759999955538661"
"1001","0.11759999955538661","0.11759999955538661","0.11759999955538661"
"1011","0.11759999955538661","0.11759999955538661","0.11759999955538661"
"1021","0.11759999955538661","0.11759999955538661","0.11759999955538661"
"1026","0.11759999955538661","0.11759999955538661","0.11759999955538661"
"1050","0.11759999955538661","0.11759999955538661","0.11759999955538661"
"1054","0.11759999955538661","0.11759999955538661","0.11759999955538661"
"1063","0.11759999955538661","0.11759999955538661","0.11759999955538661"
"1067","0.11759999955538661","0.11759999955538661","0.11759999955538661"
"1074","0.11759999955538661","0.11759999955538661","0.11759999955538661"
"1075","0.11759999955538661","0.11759999955538661","0.11759999955538661"
"1082","0.11759999955538661","0.11759999955538661","0.11759999955538661"
"1085","0.11759999955538661","0.11759999955538661","0.11759999955538661"
"1088","0.11759999955538661","0.11759999955538661","0.11759999955538661"
"1104","0.11959999950486236","0.11959999950486236","0.11959999950486236"
"1113","0.11959999950486236","0.11959999950486236","0.11959999950486236"
"1121","0.11959999950486236","0.11959999950486236","0.11959999950486236"
"1128","0.11959999950486236","0.11959999950486236","0.11959999950486236"
"1129","0.11959999950486236","0.11959999950486236","0.11959999950486236"
"1131","0.11959999950486236","0.11959999950486236","0.11959999950486236"
"1132","0.11959999950486236","0.11959999950486236","0.11959999950486236"
"1133","0.11959999950486236","0.11959999950486236","0.11959999950486236"
"1137","0.11959999950486236","0.11959999950486236","0.11959999950486236"
"1138","0.11959999950486236","0.11959999950486236","0.11959999950486236"
"1143","0.11959999950486236","0.11959999950486236","0.11959999950486236"
"1164","0.11959999950486236","0.11959999950486236","0.11959999950486236"
"1165","0.11959999950486236","0.11959999950486236","0.11959999950486236"
"1168","0.11959999950486236","0.11959999950486236","0.11959999950486236"
"1183","0.11959999950486236","0.11959999950486236","0.11959999950486236"
"1212","0.12119999946444296","0.12119999946444296","0.12119999946444296"
"1217","0.12119999946444296","0.12119999946444296","0.12119999946444296"
"1225","0.12119999946444296","0.12119999946444296","0.12119999946444296"
"1230","0.12119999946444296","0.12119999946444296","0.12119999946444296"
"1233","0.12119999946444296","0.12119999946444296","0.12119999946444296"
"1235","0.12119999946444296","0.12119999946444296","0.12119999946444296"
"1239","0.12119999946444296","0.12119999946444296","0.12119999946444296"
"1248","0.12119999946444296","0.12119999946444296","0.12119999946444296"
"1253","0.12119999946444296","0.12119999946444296","0.12119999946444296"
"1262","0.12119999946444296","0.12119999946444296","0.12119999946444296"
"1263","0.12119999946444296","0.12119999946444296","0.12119999946444296"
"1269","0.12119999946444296","0.12119999946444296","0.12119999946444296"
"1270","0.12119999946444296","0.12119999946444296","0.12119999946444296"
"1272","0.12119999946444296","0.12119999946444296","0.12119999946444296"
"1274","0.12119999946444296","0.12119999946444296","0.12119999946444296"
"1280","0.12119999946444296","0.12119999946444296","0.12119999946444296"
"1281","0.12119999946444296","0.12119999946444296","0.12119999946444296"
"1287","0.12119999946444296","0.12119999946444296","0.12119999946444296"
"1288","0.12119999946444296","0.12119999946444296","0.12119999946444296"
"1302","0.12119999946444296","0.12119999946444296","0.12119999946444296"
"1311","0.12139999945939053","0.12139999945939053","0.12139999945939053"
"1312","0.12159999945433811","0.12159999945433811","0.12159999945433811"
"1321","0.12319999941391871","0.12319999941391871","0.12319999941391871"
"1323","0.12319999941391871","0.12319999941391871","0.12319999941391871"
"1326","0.12319999941391871","0.12319999941391871","0.12319999941391871"
"1327","0.12319999941391871","0.12319999941391871","0.12319999941391871"
"1333","0.12319999941391871","0.12319999941391871","0.12319999941391871"
"1349","0.12319999941391871","0.12319999941391871","0.12319999941391871"
"1351","0.12319999941391871","0.12319999941391871","0.12319999941391871"
"1352","0.12319999941391871","0.12319999941391871","0.12319999941391871"
"1353","0.12319999941391871","0.12319999941391871","0.12319999941391871"
"1360","0.12319999941391871","0.12319999941391871","0.12319999941391871"
"1363","0.12319999941391871","0.12319999941391871","0.12319999941391871"
"1365","0.12319999941391871","0.12319999941391871","0.12319999941391871"
"1367","0.12319999941391871","0.12319999941391871","0.12319999941391871"
"1368","0.12319999941391871","0.12319999941391871","0.12319999941391871"
"1371","0.12319999941391871","0.12319999941391871","0.12319999941391871"
"1374","0.12319999941391871","0.12319999941391871","0.12319999941391871"
"1378","0.12319999941391871","0.12319999941391871","0.12319999941391871"
"1393","0.12319999941391871","0.12319999941391871","0.12319999941391871"
"1395","0.12319999941391871","0.12319999941391871","0.12319999941391871"
"1398","0.12319999941391871","0.12319999941391871","0.12319999941391871"
"1399","0.12319999941391871","0.12319999941391871","0.12319999941391871"
"1404","0.12319999941391871","0.12319999941391871","0.12319999941391871"
"1407","0.12319999941391871","0.12319999941391871","0.12319999941391871"
"1409","0.12319999941391871","0.12319999941391871","0.12319999941391871"
"1425","0.12419999938865658","0.12419999938865658","0.12419999938865658"
"1429","0.12499999936844688","0.12499999936844688","0.12499999936844688"
"1437","0.12519999936339446","0.12519999936339446","0.12519999936339446"
"1447","0.12519999936339446","0.12519999936339446","0.12519999936339446"
"1448","0.12519999936339446","0.12519999936339446","0.12519999936339446"
"1449","0.12519999936339446","0.12519999936339446","0.12519999936339446"
"1450","0.12519999936339446","0.12519999936339446","0.12519999936339446"
"1458","0.12519999936339446","0.12519999936339446","0.12519999936339446"
"1459","0.12519999936339446","0.12519999936339446","0.12519999936339446"
"1462","0.12519999936339446","0.12519999936339446","0.12519999936339446"
"1465","0.12519999936339446","0.12519999936339446","0.12519999936339446"
"1466","0.12519999936339446","0.12519999936339446","0.12519999936339446"
"1471","0.12519999936339446","0.12519999936339446","0.12519999936339446"
"1473","0.12519999936339446","0.12519999936339446","0.12519999936339446"
"1475","0.12519999936339446","0.12519999936339446","0.12519999936339446"
"1487","0.12519999936339446","0.12519999936339446","0.12519999936339446"
"1488","0.12519999936339446","0.12519999936339446","0.12519999936339446"
"1491","0.12519999936339446","0.12519999936339446","0.12519999936339446"
"1495","0.12519999936339446","0.12519999936339446","0.12519999936339446"
"1501","0.12519999936339446","0.12519999936339446","0.12519999936339446"
"1502","0.12519999936339446","0.12519999936339446","0.12519999936339446"
"1508","0.12519999936339446","0.12519999936339446","0.12519999936339446"
"1512","0.12519999936339446","0.12519999936339446","0.12519999936339446"
"1513","0.12519999936339446","0.12519999936339446","0.12519999936339446"
"1532","0.1255999993532896","0.1255999993532896","0.1255999993532896"
"1538","0.12679999932297506","0.12679999932297506","0.12679999932297506"
"1540","0.1271999993128702","0.1271999993128702","0.1271999993128702"
"1541","0.1271999993128702","0.1271999993128702","0.1271999993128702"
"1542","0.1271999993128702","0.1271999993128702","0.1271999993128702"
"1547","0.1271999993128702","0.1271999993128702","0.1271999993128702"
"1548","0.1271999993128702","0.1271999993128702","0.1271999993128702"
"1551","0.1271999993128702","0.1271999993128702","0.1271999993128702"
"1552","0.1271999993128702","0.1271999993128702","0.1271999993128702"
"1573","0.1271999993128702","0.1271999993128702","0.1271999993128702"
"1575","0.1271999993128702","0.1271999993128702","0.1271999993128702"
"1577","0.1271999993128702","0.1271999993128702","0.1271999993128702"
"1586","0.1271999993128702","0.1271999993128702","0.1271999993128702"
"1589","0.1271999993128702","0.1271999993128702","0.1271999993128702"
"1590","0.1271999993128702","0.1271999993128702","0.1271999993128702"
"1599","0.1271999993128702","0.1271999993128702","0.1271999993128702"
"1601","0.1271999993128702","0.1271999993128702","0.1271999993128702"
"1608","0.1271999993128702","0.1271999993128702","0.1271999993128702"
"1614","0.1271999993128702","0.1271999993128702","0.1271999993128702"
"1617","0.1271999993128702","0.1271999993128702","0.1271999993128702"
"1628","0.1271999993128702","0.1271999993128702","0.1271999993128702"
"1634","0.1271999993128702","0.1271999993128702","0.1271999993128702"
"1651","0.12919999926234596","0.12919999926234596","0.12919999926234596"
"1653","0.12919999926234596","0.12919999926234596","0.12919999926234596"
"1658","0.12919999926234596","0.12919999926234596","0.12919999926234596"
"1659","0.12919999926234596","0.12919999926234596","0.12919999926234596"
"1666","0.12919999926234596","0.12919999926234596","0.12919999926234596"
"1674","0.12919999926234596","0.12919999926234596","0.12919999926234596"
"1676","0.12919999926234596","0.12919999926234596","0.12919999926234596"
"1687","0.12919999926234596","0.12919999926234596","0.12919999926234596"
"1691","0.12919999926234596","0.12919999926234596","0.12919999926234596"
"1701","0.12919999926234596","0.12919999926234596","0.12919999926234596"
"1703","0.12919999926234596","0.12919999926234596","0.12919999926234596"
"1706","0.12919999926234596","0.12919999926234596","0.12919999926234596"
"1708","0.12919999926234596","0.12919999926234596","0.12919999926234596"
"1710","0.12919999926234596","0.12919999926234596","0.12919999926234596"
"1713","0.12919999926234596","0.12919999926234596","0.12919999926234596"
"1715","0.12919999926234596","0.12919999926234596","0.12919999926234596"
"1717","0.12919999926234596","0.12919999926234596","0.12919999926234596"
"1719","0.12919999926234596","0.12919999926234596","0.12919999926234596"
"1721","0.12919999926234596","0.12919999926234596","0.12919999926234596"
"1725","0.12919999926234596","0.12919999926234596","0.12919999926234596"
"1726","0.12919999926234596","0.12919999926234596","0.12919999926234596"
"1731","0.12919999926234596","0.12919999926234596","0.12919999926234596"
"1733","0.12919999926234596","0.12919999926234596","0.12919999926234596"
"1742","0.12919999926234596","0.12919999926234596","0.12919999926234596"
"1753","0.12979999924718869","0.12979999924718869","0.12979999924718869"
"1761","0.1311999992118217","0.1311999992118217","0.1311999992118217"
"1763","0.1311999992118217","0.1311999992118217","0.1311999992118217"
"1774","0.1311999992118217","0.1311999992118217","0.1311999992118217"
"1782","0.1311999992118217","0.1311999992118217","0.1311999992118217"
"1783","0.1311999992118217","0.1311999992118217","0.1311999992118217"
"1793","0.1311999992118217","0.1311999992118217","0.1311999992118217"
"1797","0.1311999992118217","0.1311999992118217","0.1311999992118217"
"1801","0.1311999992118217","0.1311999992118217","0.1311999992118217"
"1802","0.1311999992118217","0.1311999992118217","0.1311999992118217"
"1804","0.1311999992118217","0.1311999992118217","0.1311999992118217"
"1811","0.1311999992118217","0.1311999992118217","0.1311999992118217"
"1815","0.1311999992118217","0.1311999992118217","0.1311999992118217"
"1822","0.1311999992118217","0.1311999992118217","0.1311999992118217"
"1823","0.1311999992118217","0.1311999992118217","0.1311999992118217"
"1829","0.1311999992118217","0.1311999992118217","0.1311999992118217"
"1831","0.1311999992118217","0.1311999992118217","0.1311999992118217"
"1833","0.1311999992118217","0.1311999992118217","0.1311999992118217"
"1834","0.1311999992118217","0.1311999992118217","0.1311999992118217"
"1837","0.1311999992118217","0.1311999992118217","0.1311999992118217"
"1841","0.1311999992118217","0.1311999992118217","0.1311999992118217"
"1844","0.1311999992118217","0.1311999992118217","0.1311999992118217"
"1847","0.1311999992118217","0.1311999992118217","0.1311999992118217"
"1860","0.1311999992118217","0.1311999992118217","0.1311999992118217"
"1862","0.13159999920171686","0.13159999920171686","0.13159999920171686"
"1863","0.13179999919666444","0.13179999919666444","0.13179999919666444"
"1868","0.1327999991714023","0.1327999991714023","0.1327999991714023"
"1870","0.13319999916129746","0.13319999916129746","0.13319999916129746"
"1875","0.13319999916129746","0.13319999916129746","0.13319999916129746"
"1879","0.13319999916129746","0.13319999916129746","0.13319999916129746"
"1894","0.13319999916129746","0.13319999916129746","0.13319999916129746"
"1898","0.13319999916129746","0.13319999916129746","0.13319999916129746"
"1934","0.13319999916129746","0.13319999916129746","0.13319999916129746"
"1940","0.13319999916129746","0.13319999916129746","0.13319999916129746"
"1945","0.13319999916129746","0.13319999916129746","0.13319999916129746"
"1952","0.13319999916129746","0.13319999916129746","0.13319999916129746"
"1957","0.13319999916129746","0.13319999916129746","0.13319999916129746"
"1960","0.13319999916129746","0.13319999916129746","0.13319999916129746"
"1967","0.13319999916129746","0.13319999916129746","0.13319999916129746"
"1973","0.13379999914614019","0.13379999914614019","0.13379999914614019"
"1980","0.1351999991107732","0.1351999991107732","0.1351999991107732"
"1986","0.1351999991107732","0.1351999991107732","0.1351999991107732"
"1992","0.1351999991107732","0.1351999991107732","0.1351999991107732"
"2001","0.1351999991107732","0.1351999991107732","0.1351999991107732"
"2007","0.1351999991107732","0.1351999991107732","0.1351999991107732"
"2013","0.1351999991107732","0.1351999991107732","0.1351999991107732"
"2015","0.1351999991107732","0.1351999991107732","0.1351999991107732"
"2017","0.1351999991107732","0.1351999991107732","0.1351999991107732"
"2029","0.1351999991107732","0.1351999991107732","0.1351999991107732"
"2035","0.1351999991107732","0.1351999991107732","0.1351999991107732"
"2040","0.1351999991107732","0.1351999991107732","0.1351999991107732"
"2043","0.1351999991107732","0.1351999991107732","0.1351999991107732"
"2047","0.1351999991107732","0.1351999991107732","0.1351999991107732"
"2050","0.1351999991107732","0.1351999991107732","0.1351999991107732"
"2068","0.1351999991107732","0.1351999991107732","0.1351999991107732"
"2069","0.1351999991107732","0.1351999991107732","0.1351999991107732"
"2077","0.1351999991107732","0.1351999991107732","0.1351999991107732"
"2091","0.1367999990703538","0.1367999990703538","0.1367999990703538"
"2093","0.1367999990703538","0.1367999990703538","0.1367999990703538"
"2099","0.1367999990703538","0.1367999990703538","0.1367999990703538"
"2102","0.1367999990703538","0.1367999990703538","0.1367999990703538"
"2106","0.1367999990703538","0.1367999990703538","0.1367999990703538"
"2111","0.1367999990703538","0.1367999990703538","0.1367999990703538"
"2132","0.1367999990703538","0.1367999990703538","0.1367999990703538"
"2136","0.1367999990703538","0.1367999990703538","0.1367999990703538"
"2142","0.1367999990703538","0.1367999990703538","0.1367999990703538"
"2144","0.1367999990703538","0.1367999990703538","0.1367999990703538"
"2147","0.1367999990703538","0.1367999990703538","0.1367999990703538"
"2153","0.1367999990703538","0.1367999990703538","0.1367999990703538"
"2159","0.1367999990703538","0.1367999990703538","0.1367999990703538"
"2165","0.1367999990703538","0.1367999990703538","0.1367999990703538"
"2166","0.1367999990703538","0.1367999990703538","0.1367999990703538"
"2167","0.1367999990703538","0.1367999990703538","0.1367999990703538"
"2172","0.1367999990703538","0.1367999990703538","0.1367999990703538"
"2181","0.1367999990703538","0.1367999990703538","0.1367999990703538"
"2185","0.1367999990703538","0.1367999990703538","0.1367999990703538"
"2186","0.1367999990703538","0.1367999990703538","0.1367999990703538"
"2188","0.1367999990703538","0.1367999990703538","0.1367999990703538"
"2190","0.1367999990703538","0.1367999990703538","0.1367999990703538"
"2193","0.13739999905519654","0.13739999905519654","0.13739999905519654"
"2200","0.13879999901982956","0.13879999901982956","0.13879999901982956"
"2202","0.13879999901982956","0.13879999901982956","0.13879999901982956"
"2204","0.13879999901982956","0.13879999901982956","0.13879999901982956"
"2209","0.13879999901982956","0.13879999901982956","0.13879999901982956"
"2210","0.13879999901982956","0.13879999901982956","0.13879999901982956"
"2214","0.13879999901982956","0.13879999901982956","0.13879999901982956"
"2233","0.13879999901982956","0.13879999901982956","0.13879999901982956"
"2248","0.13879999901982956","0.13879999901982956","0.13879999901982956"
"2261","0.13879999901982956","0.13879999901982956","0.13879999901982956"
"2264","0.13879999901982956","0.13879999901982956","0.13879999901982956"
"2266","0.13879999901982956","0.13879999901982956","0.13879999901982956"
"2272","0.13879999901982956","0.13879999901982956","0.13879999901982956"
"2273","0.13879999901982956","0.13879999901982956","0.13879999901982956"
"2284","0.13879999901982956","0.13879999901982956","0.13879999901982956"
"2296","0.13879999901982956","0.13879999901982956","0.13879999901982956"
"2303","0.1393999990046723","0.1393999990046723","0.1393999990046723"
"2322","0.14039999897941016","0.14039999897941016","0.14039999897941016"
"2329","0.14039999897941016","0.14039999897941016","0.14039999897941016"
"2335","0.14039999897941016","0.14039999897941016","0.14039999897941016"
"2344","0.14039999897941016","0.14039999897941016","0.14039999897941016"
"2347","0.14039999897941016","0.14039999897941016","0.14039999897941016"
"2353","0.14039999897941016","0.14039999897941016","0.14039999897941016"
"2357","0.14039999897941016","0.14039999897941016","0.14039999897941016"
"2364","0.14039999897941016","0.14039999897941016","0.14039999897941016"
"2374","0.14039999897941016","0.14039999897941016","0.14039999897941016"
"2376","0.14039999897941016","0.14039999897941016","0.14039999897941016"
"2379","0.14039999897941016","0.14039999897941016","0.14039999897941016"
"2383","0.14039999897941016","0.14039999897941016","0.14039999897941016"
"2397","0.14039999897941016","0.14039999897941016","0.14039999897941016"
"2401","0.14039999897941016","0.14039999897941016","0.14039999897941016"
"2407","0.14039999897941016","0.14039999897941016","0.14039999897941016"
"2411","0.1401999989844626","0.1401999989844626","0.1401999989844626"
"2420","0.14119999895920046","0.14119999895920046","0.14119999895920046"
"2422","0.14119999895920046","0.14119999895920046","0.14119999895920046"
"2423","0.14119999895920046","0.14119999895920046","0.14119999895920046"
"2429","0.14119999895920046","0.14119999895920046","0.14119999895920046"
"2430","0.14119999895920046","0.14119999895920046","0.14119999895920046"
"2455","0.14119999895920046","0.14119999895920046","0.14119999895920046"
"2460","0.14119999895920046","0.14119999895920046","0.14119999895920046"
"2481","0.14119999895920046","0.14119999895920046","0.14119999895920046"
"2486","0.14119999895920046","0.14119999895920046","0.14119999895920046"
"2488","0.14119999895920046","0.14119999895920046","0.14119999895920046"
"2489","0.14119999895920046","0.14119999895920046","0.14119999895920046"
"2492","0.14119999895920046","0.14119999895920046","0.14119999895920046"
"2502","0.14119999895920046","0.14119999895920046","0.14119999895920046"
"2511","0.14119999895920046","0.14119999895920046","0.14119999895920046"
"2512","0.14119999895920046","0.14119999895920046","0.14119999895920046"
"2521","0.14139999895414804","0.14139999895414804","0.14139999895414804"
"2523","0.14139999895414804","0.14139999895414804","0.14139999895414804"
"2534","0.14199999893899076","0.14199999893899076","0.14199999893899076"
"2538","0.14199999893899076","0.14199999893899076","0.14199999893899076"
"2543","0.14199999893899076","0.14199999893899076","0.14199999893899076"
"2549","0.14199999893899076","0.14199999893899076","0.14199999893899076"
"2550","0.14199999893899076","0.14199999893899076","0.14199999893899076"
"2552","0.14199999893899076","0.14199999893899076","0.14199999893899076"
"2564","0.14199999893899076","0.14199999893899076","0.14199999893899076"
"2566","0.14199999893899076","0.14199999893899076","0.14199999893899076"
"2573","0.14199999893899076","0.14199999893899076","0.14199999893899076"
"2574","0.14199999893899076","0.14199999893899076","0.14199999893899076"
"2579","0.14199999893899076","0.14199999893899076","0.14199999893899076"
"2584","0.14199999893899076","0.14199999893899076","0.14199999893899076"
"2587","0.14199999893899076","0.14199999893899076","0.14199999893899076"
"2591","0.14199999893899076","0.14199999893899076","0.14199999893899076"
"2600","0.14199999893899076","0.14199999893899076","0.14199999893899076"
"2607","0.14199999893899076","0.14199999893899076","0.14199999893899076"
"2613","0.14199999893899076","0.14199999893899076","0.14199999893899076"
"2622","0.14199999893899076","0.14199999893899076","0.14199999893899076"
"2625","0.14199999893899076","0.14199999893899076","0.14199999893899076"
"2647","0.14359999889857136","0.14359999889857136","0.14359999889857136"
"2656","0.14359999889857136","0.14359999889857136","0.14359999889857136"
"2663","0.14359999889857136","0.14359999889857136","0.14359999889857136"
"2664","0.14359999889857136","0.14359999889857136","0.14359999889857136"
"2671","0.14359999889857136","0.14359999889857136","0.14359999889857136"
"2673","0.14359999889857136","0.14359999889857136","0.14359999889857136"
"2674","0.14359999889857136","0.14359999889857136","0.14359999889857136"
"2677","0.14359999889857136","0.14359999889857136","0.14359999889857136"
"2684","0.14359999889857136","0.14359999889857136","0.14359999889857136"
"2685","0.14359999889857136","0.14359999889857136","0.14359999889857136"
"2701","0.14359999889857136","0.14359999889857136","0.14359999889857136"
"2706","0.14359999889857136","0.14359999889857136","0.14359999889857136"
"2708","0.14359999889857136","0.14359999889857136","0.14359999889857136"
"2710","0.14359999889857136","0.14359999889857136","0.14359999889857136"
"2715","0.14359999889857136","0.14359999889857136","0.14359999889857136"
"2726","0.14359999889857136","0.14359999889857136","0.14359999889857136"
"2733","0.14359999889857136","0.14359999889857136","0.14359999889857136"
"2739","0.14359999889857136","0.14359999889857136","0.14359999889857136"
"2740","0.14359999889857136","0.14359999889857136","0.14359999889857136"
"2753","0.1447999988682568","0.1447999988682568","0.1447999988682568"
"2774","0.1447999988682568","0.1447999988682568","0.1447999988682568"
"2792","0.1447999988682568","0.1447999988682568","0.1447999988682568"
"2798","0.1447999988682568","0.1447999988682568","0.1447999988682568"
"2799","0.1447999988682568","0.1447999988682568","0.1447999988682568"
"2816","0.1447999988682568","0.1447999988682568","0.1447999988682568"
"2817","0.1447999988682568","0.1447999988682568","0.1447999988682568"
"2822","0.1447999988682568","0.1447999988682568","0.1447999988682568"
"2834","0.1447999988682568","0.1447999988682568","0.1447999988682568"
"2837","0.1447999988682568","0.1447999988682568","0.1447999988682568"
"2840","0.1447999988682568","0.1447999988682568","0.1447999988682568"
"2861","0.1455999988480471","0.1455999988480471","0.1455999988480471"
"2864","0.1455999988480471","0.1455999988480471","0.1455999988480471"
"2866","0.1455999988480471","0.1455999988480471","0.1455999988480471"
"2872","0.1455999988480471","0.1455999988480471","0.1455999988480471"
"2875","0.1455999988480471","0.1455999988480471","0.1455999988480471"
"2885","0.1455999988480471","0.1455999988480471","0.1455999988480471"
"2894","0.1455999988480471","0.1455999988480471","0.1455999988480471"
"2903","0.1455999988480471","0.1455999988480471","0.1455999988480471"
"2910","0.1455999988480471","0.1455999988480471","0.1455999988480471"
"2912","0.1455999988480471","0.1455999988480471","0.1455999988480471"
"2917","0.1455999988480471","0.1455999988480471","0.1455999988480471"
"2928","0.1455999988480471","0.1455999988480471","0.1455999988480471"
"2930","0.1455999988480471","0.1455999988480471","0.1455999988480471"
"2939","0.1455999988480471","0.1455999988480471","0.1455999988480471"
"2942","0.1455999988480471","0.1455999988480471","0.1455999988480471"
"2947","0.1455999988480471","0.1455999988480471","0.1455999988480471"
"2951","0.1455999988480471","0.1455999988480471","0.1455999988480471"
"2959","0.1455999988480471","0.1455999988480471","0.1455999988480471"
"2976","0.14759999879752286","0.14759999879752286","0.14759999879752286"
"2978","0.14759999879752286","0.14759999879752286","0.14759999879752286"
"2984","0.14759999879752286","0.14759999879752286","0.14759999879752286"
"2993","0.14759999879752286","0.14759999879752286","0.14759999879752286"
"2997","0.14759999879752286","0.14759999879752286","0.14759999879752286"
"3004","0.14759999879752286","0.14759999879752286","0.14759999879752286"
"3010","0.14759999879752286","0.14759999879752286","0.14759999879752286"
"3018","0.14759999879752286","0.14759999879752286","0.14759999879752286"
"3028","0.14759999879752286","0.14759999879752286","0.14759999879752286"
"3030","0.14759999879752286","0.14759999879752286","0.14759999879752286"
"3031","0.14759999879752286","0.14759999879752286","0.14759999879752286"
"3053","0.14759999879752286","0.14759999879752286","0.14759999879752286"
"3067","0.14759999879752286","0.14759999879752286","0.14759999879752286"
"3069","0.14759999879752286","0.14759999879752286","0.14759999879752286"
"3070","0.14759999879752286","0.14759999879752286","0.14759999879752286"
"3071","0.14779999879247044","0.14779999879247044","0.14779999879247044"
"3074","0.14839999877731316","0.14839999877731316","0.14839999877731316"
"3084","0.1495999987469986","0.1495999987469986","0.1495999987469986"
"3086","0.1495999987469986","0.1495999987469986","0.1495999987469986"
"3092","0.1495999987469986","0.1495999987469986","0.1495999987469986"
"3097","0.1495999987469986","0.1495999987469986","0.1495999987469986"
"3109","0.1495999987469986","0.1495999987469986","0.1495999987469986"
"3112","0.1495999987469986","0.1495999987469986","0.1495999987469986"
"3118","0.1495999987469986","0.1495999987469986","0.1495999987469986"
"3122","0.1495999987469986","0.1495999987469986","0.1495999987469986"
"3125","0.1495999987469986","0.1495999987469986","0.1495999987469986"
"3154","0.1495999987469986","0.1495999987469986","0.1495999987469986"
"3164","0.1495999987469986","0.1495999987469986","0.1495999987469986"
"3168","0.1495999987469986","0.1495999987469986","0.1495999987469986"
"3177","0.1495999987469986","0.1495999987469986","0.1495999987469986"
"3207","0.15119999870657921","0.15119999870657921","0.15119999870657921"
"3215","0.15119999870657921","0.15119999870657921","0.15119999870657921"
"3216","0.15119999870657921","0.15119999870657921","0.15119999870657921"
"3222","0.15119999870657921","0.15119999870657921","0.15119999870657921"
"3225","0.15119999870657921","0.15119999870657921","0.15119999870657921"
"3231","0.15119999870657921","0.15119999870657921","0.15119999870657921"
"3239","0.15119999870657921","0.15119999870657921","0.15119999870657921"
"3252","0.15119999870657921","0.15119999870657921","0.15119999870657921"
"3264","0.15119999870657921","0.15119999870657921","0.15119999870657921"
"3274","0.15119999870657921","0.15119999870657921","0.15119999870657921"
"3275","0.15119999870657921","0.15119999870657921","0.15119999870657921"
"3297","0.15159999869647436","0.15159999869647436","0.15159999869647436"
"3305","0.15179999869142194","0.15179999869142194","0.15179999869142194"
"3307","0.15179999869142194","0.15179999869142194","0.15179999869142194"
"3317","0.15179999869142194","0.15179999869142194","0.15179999869142194"
"3319","0.15179999869142194","0.15179999869142194","0.15179999869142194"
"3329","0.15179999869142194","0.15179999869142194","0.15179999869142194"
"3336","0.15179999869142194","0.15179999869142194","0.15179999869142194"
"3338","0.15179999869142194","0.15179999869142194","0.15179999869142194"
"3342","0.15179999869142194","0.15179999869142194","0.15179999869142194"
"3344","0.15179999869142194","0.15179999869142194","0.15179999869142194"
"3354","0.15179999869142194","0.15179999869142194","0.15179999869142194"
"3357","0.15179999869142194","0.15179999869142194","0.15179999869142194"
"3361","0.15179999869142194","0.15179999869142194","0.15179999869142194"
"3366","0.15179999869142194","0.15179999869142194","0.15179999869142194"
"3368","0.15179999869142194","0.15179999869142194","0.15179999869142194"
"3373","0.15179999869142194","0.15179999869142194","0.15179999869142194"
"3374","0.15179999869142194","0.15179999869142194","0.15179999869142194"
"3383","0.15179999869142194","0.15179999869142194","0.15179999869142194"
"3386","0.15179999869142194","0.15179999869142194","0.15179999869142194"
"3393","0.15179999869142194","0.15179999869142194","0.15179999869142194"
"3394","0.15179999869142194","0.15179999869142194","0.15179999869142194"
"3399","0.15179999869142194","0.15179999869142194","0.15179999869142194"
"3400","0.15179999869142194","0.15179999869142194","0.15179999869142194"
"3418","0.15339999865100254","0.15339999865100254","0.15339999865100254"
"3420","0.15339999865100254","0.15339999865100254","0.15339999865100254"
"3422","0.15339999865100254","0.15339999865100254","0.15339999865100254"
"3430","0.15339999865100254","0.15339999865100254","0.15339999865100254"
"3442","0.15339999865100254","0.15339999865100254","0.15339999865100254"
"3445","0.15339999865100254","0.15339999865100254","0.15339999865100254"
"3447","0.15339999865100254","0.15339999865100254","0.15339999865100254"
"3452","0.15339999865100254","0.15339999865100254","0.15339999865100254"
"3486","0.15339999865100254","0.15339999865100254","0.15339999865100254"
"3487","0.15339999865100254","0.15339999865100254","0.15339999865100254"
"3494","0.15339999865100254","0.15339999865100254","0.15339999865100254"
"3495","0.15339999865100254","0.15339999865100254","0.15339999865100254"
"3496","0.15339999865100254","0.15339999865100254","0.15339999865100254"
"3507","0.15339999865100254","0.15339999865100254","0.15339999865100254"
"3512","0.15339999865100254","0.15339999865100254","0.15339999865100254"
"3516","0.15419999863079284","0.15419999863079284","0.15419999863079284"
"3526","0.154599998620688","0.154599998620688","0.154599998620688"
"3529","0.154599998620688","0.154599998620688","0.154599998620688"
"3536","0.154599998620688","0.154599998620688","0.154599998620688"
"3537","0.154599998620688","0.154599998620688","0.154599998620688"
"3544","0.154599998620688","0.154599998620688","0.154599998620688"
"3547","0.154599998620688","0.154599998620688","0.154599998620688"
"3558","0.154599998620688","0.154599998620688","0.154599998620688"
"3564","0.154599998620688","0.154599998620688","0.154599998620688"
"3567","0.154599998620688","0.154599998620688","0.154599998620688"
"3572","0.154599998620688","0.154599998620688","0.154599998620688"
"3576","0.154599998620688","0.154599998620688","0.154599998620688"
"3578","0.154599998620688","0.154599998620688","0.154599998620688"
"3584","0.154599998620688","0.154599998620688","0.154599998620688"
"3589","0.154599998620688","0.154599998620688","0.154599998620688"
"3595","0.154599998620688","0.154599998620688","0.154599998620688"
"3596","0.154599998620688","0.154599998620688","0.154599998620688"
"3600","0.154599998620688","0.154599998620688","0.154599998620688"
"3601","0.154599998620688","0.154599998620688","0.154599998620688"
"3602","0.154599998620688","0.154599998620688","0.154599998620688"
"3603","0.154599998620688","0.154599998620688","0.154599998620688"
"3609","0.154599998620688","0.154599998620688","0.154599998620688"
"3611","0.154599998620688","0.154599998620688","0.154599998620688"
"3614","0.154599998620688","0.154599998620688","0.154599998620688"
"3630","0.1561999985802686","0.1561999985802686","0.1561999985802686"
"3634","0.1561999985802686","0.1561999985802686","0.1561999985802686"
"3637","0.1561999985802686","0.1561999985802686","0.1561999985802686"
"3649","0.1561999985802686","0.1561999985802686","0.1561999985802686"
"3650","0.1561999985802686","0.1561999985802686","0.1561999985802686"
"3657","0.1561999985802686","0.1561999985802686","0.1561999985802686"
"3668","0.1561999985802686","0.1561999985802686","0.1561999985802686"
"3674","0.1561999985802686","0.1561999985802686","0.1561999985802686"
"3677","0.1561999985802686","0.1561999985802686","0.1561999985802686"
"3678","0.1561999985802686","0.1561999985802686","0.1561999985802686"
"3679","0.1561999985802686","0.1561999985802686","0.1561999985802686"
"3680","0.1561999985802686","0.1561999985802686","0.1561999985802686"
"3684","0.1561999985802686","0.1561999985802686","0.1561999985802686"
"3687","0.1561999985802686","0.1561999985802686","0.1561999985802686"
"3700","0.1561999985802686","0.1561999985802686","0.1561999985802686"
"3720","0.1561999985802686","0.1561999985802686","0.1561999985802686"
"3724","0.1561999985802686","0.1561999985802686","0.1561999985802686"
"3731","0.15599999858532101","0.15599999858532101","0.15599999858532101"
"3738","0.1569999985600589","0.1569999985600589","0.1569999985600589"
"3741","0.15739999854995404","0.15739999854995404","0.15739999854995404"
"3747","0.15739999854995404","0.15739999854995404","0.15739999854995404"
"3750","0.15739999854995404","0.15739999854995404","0.15739999854995404"
"3751","0.15739999854995404","0.15739999854995404","0.15739999854995404"
"3759","0.15739999854995404","0.15739999854995404","0.15739999854995404"
"3766","0.15739999854995404","0.15739999854995404","0.15739999854995404"
"3768","0.15739999854995404","0.15739999854995404","0.15739999854995404"
"3784","0.15739999854995404","0.15739999854995404","0.15739999854995404"
"3790","0.15739999854995404","0.15739999854995404","0.15739999854995404"
"3795","0.15739999854995404","0.15739999854995404","0.15739999854995404"
"3804","0.15739999854995404","0.15739999854995404","0.15739999854995404"
"3813","0.15739999854995404","0.15739999854995404","0.15739999854995404"
"3816","0.15739999854995404","0.15739999854995404","0.15739999854995404"
"3819","0.15739999854995404","0.15739999854995404","0.15739999854995404"
"3837","0.15739999854995404","0.15739999854995404","0.15739999854995404"
"3839","0.15739999854995404","0.15739999854995404","0.15739999854995404"
"3841","0.15759999854490161","0.15759999854490161","0.15759999854490161"
"3850","0.1593999984994298","0.1593999984994298","0.1593999984994298"
"3851","0.1593999984994298","0.1593999984994298","0.1593999984994298"
"3858","0.1593999984994298","0.1593999984994298","0.1593999984994298"
"3862","0.1593999984994298","0.1593999984994298","0.1593999984994298"
"3869","0.1593999984994298","0.1593999984994298","0.1593999984994298"
"3871","0.1593999984994298","0.1593999984994298","0.1593999984994298"
"3872","0.1593999984994298","0.1593999984994298","0.1593999984994298"
"3879","0.1593999984994298","0.1593999984994298","0.1593999984994298"
"3884","0.1593999984994298","0.1593999984994298","0.1593999984994298"
"3888","0.1593999984994298","0.1593999984994298","0.1593999984994298"
"3890","0.1593999984994298","0.1593999984994298","0.1593999984994298"
"3893","0.1593999984994298","0.1593999984994298","0.1593999984994298"
"3898","0.1593999984994298","0.1593999984994298","0.1593999984994298"
"3905","0.1593999984994298","0.1593999984994298","0.1593999984994298"
"3911","0.1593999984994298","0.1593999984994298","0.1593999984994298"
"3915","0.1593999984994298","0.1593999984994298","0.1593999984994298"
"3922","0.1593999984994298","0.1593999984994298","0.1593999984994298"
"3924","0.1593999984994298","0.1593999984994298","0.1593999984994298"
"3932","0.1593999984994298","0.1593999984994298","0.1593999984994298"
"3938","0.1593999984994298","0.1593999984994298","0.1593999984994298"
"3945","0.1593999984994298","0.1593999984994298","0.1593999984994298"
"3951","0.15959999849437737","0.15959999849437737","0.15959999849437737"
"3952","0.1593999984994298","0.1593999984994298","0.1593999984994298"
"3959","0.16039999847416767","0.16039999847416767","0.16039999847416767"
"3962","0.16059999846911524","0.16059999846911524","0.16059999846911524"
"3967","0.16059999846911524","0.16059999846911524","0.16059999846911524"
"3975","0.16059999846911524","0.16059999846911524","0.16059999846911524"
"3994","0.16059999846911524","0.16059999846911524","0.16059999846911524"
"4010","0.16059999846911524","0.16059999846911524","0.16059999846911524"
"4013","0.16059999846911524","0.16059999846911524","0.16059999846911524"
"4017","0.16059999846911524","0.16059999846911524","0.16059999846911524"
"4022","0.16059999846911524","0.16059999846911524","0.16059999846911524"
"4033","0.16059999846911524","0.16059999846911524","0.16059999846911524"
"4041","0.16059999846911524","0.16059999846911524","0.16059999846911524"
"4055","0.16059999846911524","0.16059999846911524","0.16059999846911524"
"4067","0.16119999845395797","0.16119999845395797","0.16119999845395797"
"4075","0.1617999984388007","0.1617999984388007","0.1617999984388007"
"4092","0.1617999984388007","0.1617999984388007","0.1617999984388007"
"4101","0.1617999984388007","0.1617999984388007","0.1617999984388007"
"4102","0.1617999984388007","0.1617999984388007","0.1617999984388007"
"4105","0.1617999984388007","0.1617999984388007","0.1617999984388007"
"4115","0.1617999984388007","0.1617999984388007","0.1617999984388007"
"4116","0.1617999984388007","0.1617999984388007","0.1617999984388007"
"4132","0.1617999984388007","0.1617999984388007","0.1617999984388007"
"4141","0.1617999984388007","0.1617999984388007","0.1617999984388007"
"4142","0.1617999984388007","0.1617999984388007","0.1617999984388007"
"4149","0.1617999984388007","0.1617999984388007","0.1617999984388007"
"4163","0.1617999984388007","0.1617999984388007","0.1617999984388007"
"4164","0.1617999984388007","0.1617999984388007","0.1617999984388007"
"4176","0.16219999842869584","0.16219999842869584","0.16219999842869584"
"4178","0.16219999842869584","0.16219999842869584","0.16219999842869584"
"4182","0.162599998418591","0.162599998418591","0.162599998418591"
"4185","0.162599998418591","0.162599998418591","0.162599998418591"
"4199","0.162599998418591","0.162599998418591","0.162599998418591"
"4213","0.162599998418591","0.162599998418591","0.162599998418591"
"4214","0.162599998418591","0.162599998418591","0.162599998418591"
"4230","0.162599998418591","0.162599998418591","0.162599998418591"
"4248","0.162599998418591","0.162599998418591","0.162599998418591"
"4252","0.162599998418591","0.162599998418591","0.162599998418591"
"4271","0.162599998418591","0.162599998418591","0.162599998418591"
"4276","0.162599998418591","0.162599998418591","0.162599998418591"
"4282","0.162599998418591","0.162599998418591","0.162599998418591"
"4296","0.16319999840343372","0.16319999840343372","0.16319999840343372"
"4298","0.16319999840343372","0.16319999840343372","0.16319999840343372"
"4319","0.16319999840343372","0.16319999840343372","0.16319999840343372"
"4322","0.16319999840343372","0.16319999840343372","0.16319999840343372"
"4329","0.16319999840343372","0.16319999840343372","0.16319999840343372"
"4330","0.16319999840343372","0.16319999840343372","0.16319999840343372"
"4338","0.16319999840343372","0.16319999840343372","0.16319999840343372"
"4339","0.16319999840343372","0.16319999840343372","0.16319999840343372"
"4342","0.16319999840343372","0.16319999840343372","0.16319999840343372"
"4350","0.16319999840343372","0.16319999840343372","0.16319999840343372"
"4359","0.16319999840343372","0.16319999840343372","0.16319999840343372"
"4360","0.16319999840343372","0.16319999840343372","0.16319999840343372"
"4370","0.16319999840343372","0.16319999840343372","0.16319999840343372"
"4378","0.16319999840343372","0.16319999840343372","0.16319999840343372"
"4380","0.16319999840343372","0.16319999840343372","0.16319999840343372"
"4385","0.16319999840343372","0.16319999840343372","0.16319999840343372"
"4393","0.16379999838827644","0.16379999838827644","0.16379999838827644"
"4403","0.16519999835290947","0.16519999835290947","0.16519999835290947"
"4406","0.16519999835290947","0.16519999835290947","0.16519999835290947"
"4412","0.16519999835290947","0.16519999835290947","0.16519999835290947"
"4414","0.16519999835290947","0.16519999835290947","0.16519999835290947"
"4416","0.16519999835290947","0.16519999835290947","0.16519999835290947"
"4421","0.16519999835290947","0.16519999835290947","0.16519999835290947"
"4425","0.16519999835290947","0.16519999835290947","0.16519999835290947"
"4426","0.16519999835290947","0.16519999835290947","0.16519999835290947"
"4430","0.16519999835290947","0.16519999835290947","0.16519999835290947"
"4438","0.16519999835290947","0.16519999835290947","0.16519999835290947"
"4444","0.16519999835290947","0.16519999835290947","0.16519999835290947"
"4446","0.16519999835290947","0.16519999835290947","0.16519999835290947"
"4448","0.16519999835290947","0.16519999835290947","0.16519999835290947"
"4449","0.16519999835290947","0.16519999835290947","0.16519999835290947"
"4454","0.16519999835290947","0.16519999835290947","0.16519999835290947"
"4466","0.16519999835290947","0.16519999835290947","0.16519999835290947"
"4469","0.16519999835290947","0.16519999835290947","0.16519999835290947"
"4479","0.16519999835290947","0.16519999835290947","0.16519999835290947"
"4482","0.16519999835290947","0.16519999835290947","0.16519999835290947"
"4487","0.16519999835290947","0.16519999835290947","0.16519999835290947"
"4488","0.16519999835290947","0.16519999835290947","0.16519999835290947"
"4490","0.16519999835290947","0.16519999835290947","0.16519999835290947"
"4492","0.16519999835290947","0.16519999835290947","0.16519999835290947"
"4495","0.16519999835290947","0.16519999835290947","0.16519999835290947"
"4503","0.1657999983377522","0.1657999983377522","0.1657999983377522"
"4506","0.16639999832259492","0.16639999832259492","0.16639999832259492"
"4511","0.16719999830238522","0.16719999830238522","0.16719999830238522"
"4513","0.16719999830238522","0.16719999830238522","0.16719999830238522"
"4523","0.16719999830238522","0.16719999830238522","0.16719999830238522"
"4527","0.16719999830238522","0.16719999830238522","0.16719999830238522"
"4528","0.16719999830238522","0.16719999830238522","0.16719999830238522"
"4554","0.16719999830238522","0.16719999830238522","0.16719999830238522"
"4560","0.16719999830238522","0.16719999830238522","0.16719999830238522"
"4561","0.16719999830238522","0.16719999830238522","0.16719999830238522"
"4580","0.16719999830238522","0.16719999830238522","0.16719999830238522"
"4588","0.16719999830238522","0.16719999830238522","0.16719999830238522"
"4608","0.16719999830238522","0.16719999830238522","0.16719999830238522"
"4610","0.16719999830238522","0.16719999830238522","0.16719999830238522"
"4619","0.1689999982569134","0.1689999982569134","0.1689999982569134"
"4628","0.16919999825186097","0.16919999825186097","0.16919999825186097"
"4632","0.16919999825186097","0.16919999825186097","0.16919999825186097"
"4638","0.16919999825186097","0.16919999825186097","0.16919999825186097"
"4649","0.16919999825186097","0.16919999825186097","0.16919999825186097"
"4651","0.16919999825186097","0.16919999825186097","0.16919999825186097"
"4652","0.16919999825186097","0.16919999825186097","0.16919999825186097"
"4654","0.16919999825186097","0.16919999825186097","0.16919999825186097"
"4659","0.16919999825186097","0.16919999825186097","0.16919999825186097"
"4660","0.16919999825186097","0.16919999825186097","0.16919999825186097"
"4662","0.16919999825186097","0.16919999825186097","0.16919999825186097"
"4667","0.16919999825186097","0.16919999825186097","0.16919999825186097"
"4673","0.16919999825186097","0.16919999825186097","0.16919999825186097"
"4675","0.16919999825186097","0.16919999825186097","0.16919999825186097"
"4677","0.16919999825186097","0.16919999825186097","0.16919999825186097"
"4678","0.16919999825186097","0.16919999825186097","0.16919999825186097"
"4690","0.16919999825186097","0.16919999825186097","0.16919999825186097"
"4695","0.16919999825186097","0.16919999825186097","0.16919999825186097"
"4697","0.16919999825186097","0.16919999825186097","0.16919999825186097"
"4709","0.16919999825186097","0.16919999825186097","0.16919999825186097"
"4716","0.16919999825186097","0.16919999825186097","0.16919999825186097"
"4728","0.16919999825186097","0.16919999825186097","0.16919999825186097"
"4730","0.16959999824175612","0.16959999824175612","0.16959999824175612"
"4735","0.16959999824175612","0.16959999824175612","0.16959999824175612"
"4736","0.16959999824175612","0.16959999824175612","0.16959999824175612"
"4751","0.16959999824175612","0.16959999824175612","0.16959999824175612"
"4757","0.16959999824175612","0.16959999824175612","0.16959999824175612"
"4763","0.16959999824175612","0.16959999824175612","0.16959999824175612"
"4774","0.16959999824175612","0.16959999824175612","0.16959999824175612"
"4775","0.16959999824175612","0.16959999824175612","0.16959999824175612"
"4779","0.16959999824175612","0.16959999824175612","0.16959999824175612"
"4791","0.16959999824175612","0.16959999824175612","0.16959999824175612"
"4800","0.16959999824175612","0.16959999824175612","0.16959999824175612"
"4801","0.16959999824175612","0.16959999824175612","0.16959999824175612"
"4819","0.16959999824175612","0.16959999824175612","0.16959999824175612"
"4840","0.17079999821144157","0.17079999821144157","0.17079999821144157"
"4846","0.17079999821144157","0.17079999821144157","0.17079999821144157"
"4861","0.17079999821144157","0.17079999821144157","0.17079999821144157"
"4876","0.17079999821144157","0.17079999821144157","0.17079999821144157"
"4891","0.17079999821144157","0.17079999821144157","0.17079999821144157"
"4894","0.17079999821144157","0.17079999821144157","0.17079999821144157"
"4902","0.17079999821144157","0.17079999821144157","0.17079999821144157"
"4907","0.17079999821144157","0.17079999821144157","0.17079999821144157"
"4910","0.17079999821144157","0.17079999821144157","0.17079999821144157"
"4912","0.17079999821144157","0.17079999821144157","0.17079999821144157"
"4918","0.17079999821144157","0.17079999821144157","0.17079999821144157"
"4919","0.17079999821144157","0.17079999821144157","0.17079999821144157"
"4920","0.17079999821144157","0.17079999821144157","0.17079999821144157"
"4924","0.17079999821144157","0.17079999821144157","0.17079999821144157"
"4936","0.17079999821144157","0.17079999821144157","0.17079999821144157"
"4938","0.17079999821144157","0.17079999821144157","0.17079999821144157"
"4941","0.17099999820638914","0.17099999820638914","0.17099999820638914"
"4943","0.17099999820638914","0.17099999820638914","0.17099999820638914"
"4944","0.17119999820133672","0.17119999820133672","0.17119999820133672"
"4951","0.17159999819123187","0.17159999819123187","0.17159999819123187"
"4952","0.17159999819123187","0.17159999819123187","0.17159999819123187"
"4958","0.17159999819123187","0.17159999819123187","0.17159999819123187"
"4964","0.17159999819123187","0.17159999819123187","0.17159999819123187"
"4968","0.17159999819123187","0.17159999819123187","0.17159999819123187"
"4969","0.17159999819123187","0.17159999819123187","0.17159999819123187"
"4975","0.17159999819123187","0.17159999819123187","0.17159999819123187"
"4980","0.17159999819123187","0.17159999819123187","0.17159999819123187"
"4984","0.17159999819123187","0.17159999819123187","0.17159999819123187"
"4999","0.17159999819123187","0.17159999819123187","0.17159999819123187"
"5001","0.17159999819123187","0.17159999819123187","0.17159999819123187"
"5005","0.17159999819123187","0.17159999819123187","0.17159999819123187"
"5016","0.17159999819123187","0.17159999819123187","0.17159999819123187"
"5020","0.17159999819123187","0.17159999819123187","0.17159999819123187"
"5036","0.17159999819123187","0.17159999819123187","0.17159999819123187"
"5039","0.17159999819123187","0.17159999819123187","0.17159999819123187"
"5041","0.17159999819123187","0.17159999819123187","0.17159999819123187"
"5042","0.17159999819123187","0.17159999819123187","0.17159999819123187"
"5057","0.1729999981558649","0.1729999981558649","0.1729999981558649"
"5063","0.17359999814070762","0.17359999814070762","0.17359999814070762"
"5066","0.17359999814070762","0.17359999814070762","0.17359999814070762"
"5075","0.17359999814070762","0.17359999814070762","0.17359999814070762"
"5077","0.17359999814070762","0.17359999814070762","0.17359999814070762"
"5079","0.17359999814070762","0.17359999814070762","0.17359999814070762"
"5092","0.17359999814070762","0.17359999814070762","0.17359999814070762"
"5094","0.17359999814070762","0.17359999814070762","0.17359999814070762"
"5105","0.17359999814070762","0.17359999814070762","0.17359999814070762"
"5114","0.17359999814070762","0.17359999814070762","0.17359999814070762"
"5124","0.17359999814070762","0.17359999814070762","0.17359999814070762"
"5129","0.17359999814070762","0.17359999814070762","0.17359999814070762"
"5141","0.17359999814070762","0.17359999814070762","0.17359999814070762"
"5143","0.17359999814070762","0.17359999814070762","0.17359999814070762"
"5146","0.17359999814070762","0.17359999814070762","0.17359999814070762"
"5159","0.17359999814070762","0.17359999814070762","0.17359999814070762"
"5165","0.17419999812555034","0.17419999812555034","0.17419999812555034"
"5168","0.17479999811039307","0.17479999811039307","0.17479999811039307"
"5169","0.17499999810534064","0.17499999810534064","0.17499999810534064"
"5171","0.17479999811039307","0.17479999811039307","0.17479999811039307"
"5173","0.17479999811039307","0.17479999811039307","0.17479999811039307"
"5180","0.17479999811039307","0.17479999811039307","0.17479999811039307"
"5183","0.17479999811039307","0.17479999811039307","0.17479999811039307"
"5192","0.17479999811039307","0.17479999811039307","0.17479999811039307"
"5202","0.17479999811039307","0.17479999811039307","0.17479999811039307"
"5208","0.17479999811039307","0.17479999811039307","0.17479999811039307"
"5211","0.17479999811039307","0.17479999811039307","0.17479999811039307"
"5219","0.17479999811039307","0.17479999811039307","0.17479999811039307"
"5234","0.17479999811039307","0.17479999811039307","0.17479999811039307"
"5240","0.17479999811039307","0.17479999811039307","0.17479999811039307"
"5241","0.17479999811039307","0.17479999811039307","0.17479999811039307"
"5243","0.17479999811039307","0.17479999811039307","0.17479999811039307"
"5249","0.17479999811039307","0.17479999811039307","0.17479999811039307"
"5256","0.17479999811039307","0.17479999811039307","0.17479999811039307"
"5261","0.17479999811039307","0.17479999811039307","0.17479999811039307"
"5262","0.17479999811039307","0.17479999811039307","0.17479999811039307"
"5267","0.17479999811039307","0.17479999811039307","0.17479999811039307"
"5268","0.17479999811039307","0.17479999811039307","0.17479999811039307"
"5285","0.17479999811039307","0.17479999811039307","0.17479999811039307"
"5295","0.17479999811039307","0.17479999811039307","0.17479999811039307"
"5303","0.17479999811039307","0.17479999811039307","0.17479999811039307"
"5305","0.17479999811039307","0.17479999811039307","0.17479999811039307"
"5314","0.17479999811039307","0.17479999811039307","0.17479999811039307"
"5319","0.17479999811039307","0.17479999811039307","0.17479999811039307"
"5323","0.17479999811039307","0.17479999811039307","0.17479999811039307"
"5328","0.17479999811039307","0.17479999811039307","0.17479999811039307"
"5334","0.17479999811039307","0.17479999811039307","0.17479999811039307"
"5336","0.17479999811039307","0.17479999811039307","0.17479999811039307"
"5337","0.17479999811039307","0.17479999811039307","0.17479999811039307"
"5341","0.17479999811039307","0.17479999811039307","0.17479999811039307"
"5343","0.17479999811039307","0.17479999811039307","0.17479999811039307"
"5344","0.17479999811039307","0.17479999811039307","0.17479999811039307"
"5347","0.17479999811039307","0.17479999811039307","0.17479999811039307"
"5349","0.17479999811039307","0.17479999811039307","0.17479999811039307"
"5356","0.17479999811039307","0.17479999811039307","0.17479999811039307"
"5359","0.17479999811039307","0.17479999811039307","0.17479999811039307"
"5361","0.17479999811039307","0.17479999811039307","0.17479999811039307"
"5362","0.17479999811039307","0.17479999811039307","0.17479999811039307"
"5370","0.17479999811039307","0.17479999811039307","0.17479999811039307"
"5380","0.17479999811039307","0.17479999811039307","0.17479999811039307"
"5389","0.1761999980750261","0.1761999980750261","0.1761999980750261"
"5391","0.17639999806997367","0.17639999806997367","0.17639999806997367"
"5393","0.17639999806997367","0.17639999806997367","0.17639999806997367"
"5396","0.17639999806997367","0.17639999806997367","0.17639999806997367"
"5397","0.17639999806997367","0.17639999806997367","0.17639999806997367"
"5413","0.17639999806997367","0.17639999806997367","0.17639999806997367"
"5417","0.17639999806997367","0.17639999806997367","0.17639999806997367"
"5420","0.17639999806997367","0.17639999806997367","0.17639999806997367"
"5424","0.17639999806997367","0.17639999806997367","0.17639999806997367"
"5432","0.17639999806997367","0.17639999806997367","0.17639999806997367"
"5435","0.17639999806997367","0.17639999806997367","0.17639999806997367"
"5438","0.17639999806997367","0.17639999806997367","0.17639999806997367"
"5439","0.17639999806997367","0.17639999806997367","0.17639999806997367"
"5440","0.17639999806997367","0.17639999806997367","0.17639999806997367"
"5444","0.17639999806997367","0.17639999806997367","0.17639999806997367"
"5450","0.17639999806997367","0.17639999806997367","0.17639999806997367"
"5474","0.17639999806997367","0.17639999806997367","0.17639999806997367"
"5484","0.17639999806997367","0.17639999806997367","0.17639999806997367"
"5487","0.17639999806997367","0.17639999806997367","0.17639999806997367"
"5501","0.17799999802955427","0.17799999802955427","0.17799999802955427"
"5518","0.17799999802955427","0.17799999802955427","0.17799999802955427"
"5521","0.17799999802955427","0.17799999802955427","0.17799999802955427"
"5534","0.17799999802955427","0.17799999802955427","0.17799999802955427"
"5536","0.17799999802955427","0.17799999802955427","0.17799999802955427"
"5545","0.17799999802955427","0.17799999802955427","0.17799999802955427"
"5548","0.17799999802955427","0.17799999802955427","0.17799999802955427"
"5562","0.17799999802955427","0.17799999802955427","0.17799999802955427"
"5571","0.17799999802955427","0.17799999802955427","0.17799999802955427"
"5582","0.17799999802955427","0.17799999802955427","0.17799999802955427"
"5584","0.17799999802955427","0.17799999802955427","0.17799999802955427"
"5588","0.17799999802955427","0.17799999802955427","0.17799999802955427"
"5589","0.17799999802955427","0.17799999802955427","0.17799999802955427"
"5594","0.17799999802955427","0.17799999802955427","0.17799999802955427"
"5597","0.17799999802955427","0.17799999802955427","0.17799999802955427"
"5605","0.178599998014397","0.178599998014397","0.178599998014397"
"5614","0.17919999799923972","0.17919999799923972","0.17919999799923972"
"5615","0.17919999799923972","0.17919999799923972","0.17919999799923972"
"5617","0.17919999799923972","0.17919999799923972","0.17919999799923972"
"5622","0.17919999799923972","0.17919999799923972","0.17919999799923972"
"5629","0.17919999799923972","0.17919999799923972","0.17919999799923972"
"5630","0.17919999799923972","0.17919999799923972","0.17919999799923972"
"5641","0.17919999799923972","0.17919999799923972","0.17919999799923972"
"5645","0.17919999799923972","0.17919999799923972","0.17919999799923972"
"5646","0.17919999799923972","0.17919999799923972","0.17919999799923972"
"5654","0.17919999799923972","0.17919999799923972","0.17919999799923972"
"5662","0.17919999799923972","0.17919999799923972","0.17919999799923972"
"5665","0.17919999799923972","0.17919999799923972","0.17919999799923972"
"5684","0.17919999799923972","0.17919999799923972","0.17919999799923972"
"5686","0.17919999799923972","0.17919999799923972","0.17919999799923972"
"5711","0.1793999979941873","0.1793999979941873","0.1793999979941873"
"5715","0.1793999979941873","0.1793999979941873","0.1793999979941873"
"5742","0.17999999797903002","0.17999999797903002","0.17999999797903002"
"5745","0.17999999797903002","0.17999999797903002","0.17999999797903002"
"5754","0.17999999797903002","0.17999999797903002","0.17999999797903002"
"5756","0.17999999797903002","0.17999999797903002","0.17999999797903002"
"5757","0.17999999797903002","0.17999999797903002","0.17999999797903002"
"5758","0.17999999797903002","0.17999999797903002","0.17999999797903002"
"5765","0.17999999797903002","0.17999999797903002","0.17999999797903002"
"5766","0.17999999797903002","0.17999999797903002","0.17999999797903002"
"5770","0.17999999797903002","0.17999999797903002","0.17999999797903002"
"5773","0.17999999797903002","0.17999999797903002","0.17999999797903002"
"5774","0.17999999797903002","0.17999999797903002","0.17999999797903002"
"5779","0.17999999797903002","0.17999999797903002","0.17999999797903002"
"5796","0.17999999797903002","0.17999999797903002","0.17999999797903002"
"5797","0.17999999797903002","0.17999999797903002","0.17999999797903002"
"5801","0.17999999797903002","0.17999999797903002","0.17999999797903002"
"5808","0.17999999797903002","0.17999999797903002","0.17999999797903002"
"5818","0.17999999797903002","0.17999999797903002","0.17999999797903002"
"5825","0.17979999798408244","0.17979999798408244","0.17979999798408244"
"5836","0.18039999796892517","0.18039999796892517","0.18039999796892517"
"5848","0.18039999796892517","0.18039999796892517","0.18039999796892517"
"5849","0.18039999796892517","0.18039999796892517","0.18039999796892517"
"5853","0.18039999796892517","0.18039999796892517","0.18039999796892517"
"5856","0.18039999796892517","0.18039999796892517","0.18039999796892517"
"5868","0.18039999796892517","0.18039999796892517","0.18039999796892517"
"5877","0.18039999796892517","0.18039999796892517","0.18039999796892517"
"5880","0.18039999796892517","0.18039999796892517","0.18039999796892517"
"5884","0.18039999796892517","0.18039999796892517","0.18039999796892517"
"5890","0.18039999796892517","0.18039999796892517","0.18039999796892517"
"5891","0.18039999796892517","0.18039999796892517","0.18039999796892517"
"5902","0.18039999796892517","0.18039999796892517","0.18039999796892517"
"5905","0.18039999796892517","0.18039999796892517","0.18039999796892517"
"5910","0.18039999796892517","0.18039999796892517","0.18039999796892517"
"5923","0.18039999796892517","0.18039999796892517","0.18039999796892517"
"5928","0.18039999796892517","0.18039999796892517","0.18039999796892517"
"5937","0.18059999796387274","0.18059999796387274","0.18059999796387274"
"5938","0.18079999795882032","0.18079999795882032","0.18079999795882032"
"5941","0.18079999795882032","0.18079999795882032","0.18079999795882032"
"5945","0.18079999795882032","0.18079999795882032","0.18079999795882032"
"5948","0.18079999795882032","0.18079999795882032","0.18079999795882032"
"5957","0.18079999795882032","0.18079999795882032","0.18079999795882032"
"5967","0.18079999795882032","0.18079999795882032","0.18079999795882032"
"5973","0.18079999795882032","0.18079999795882032","0.18079999795882032"
"5976","0.18079999795882032","0.18079999795882032","0.18079999795882032"
"5980","0.18079999795882032","0.18079999795882032","0.18079999795882032"
"5997","0.18079999795882032","0.18079999795882032","0.18079999795882032"
"6001","0.18079999795882032","0.18079999795882032","0.18079999795882032"
"6008","0.18079999795882032","0.18079999795882032","0.18079999795882032"
"6024","0.18079999795882032","0.18079999795882032","0.18079999795882032"
"6027","0.18079999795882032","0.18079999795882032","0.18079999795882032"
"6033","0.18079999795882032","0.18079999795882032","0.18079999795882032"
"6055","0.1817999979335582","0.1817999979335582","0.1817999979335582"
"6077","0.1817999979335582","0.1817999979335582","0.1817999979335582"
"6079","0.1817999979335582","0.1817999979335582","0.1817999979335582"
"6080","0.1817999979335582","0.1817999979335582","0.1817999979335582"
"6088","0.1817999979335582","0.1817999979335582","0.1817999979335582"
"6090","0.1817999979335582","0.1817999979335582","0.1817999979335582"
"6097","0.1817999979335582","0.1817999979335582","0.1817999979335582"
"6104","0.1817999979335582","0.1817999979335582","0.1817999979335582"
"6115","0.1817999979335582","0.1817999979335582","0.1817999979335582"
"6121","0.1817999979335582","0.1817999979335582","0.1817999979335582"
"6126","0.1817999979335582","0.1817999979335582","0.1817999979335582"
"6138","0.1817999979335582","0.1817999979335582","0.1817999979335582"
"6140","0.1817999979335582","0.1817999979335582","0.1817999979335582"
"6147","0.1817999979335582","0.1817999979335582","0.1817999979335582"
"6151","0.18159999793861062","0.18159999793861062","0.18159999793861062"
"6153","0.18159999793861062","0.18159999793861062","0.18159999793861062"
"6171","0.1809999979537679","0.1809999979537679","0.1809999979537679"
"6180","0.1809999979537679","0.1809999979537679","0.1809999979537679"
"6184","0.1809999979537679","0.1809999979537679","0.1809999979537679"
"6188","0.1809999979537679","0.1809999979537679","0.1809999979537679"
"6190","0.1809999979537679","0.1809999979537679","0.1809999979537679"
"6197","0.1809999979537679","0.1809999979537679","0.1809999979537679"
"6201","0.1809999979537679","0.1809999979537679","0.1809999979537679"
"6202","0.1809999979537679","0.1809999979537679","0.1809999979537679"
"6206","0.1809999979537679","0.1809999979537679","0.1809999979537679"
"6209","0.1809999979537679","0.1809999979537679","0.1809999979537679"
"6222","0.1809999979537679","0.1809999979537679","0.1809999979537679"
"6226","0.1809999979537679","0.1809999979537679","0.1809999979537679"
"6233","0.1809999979537679","0.1809999979537679","0.1809999979537679"
"6237","0.1809999979537679","0.1809999979537679","0.1809999979537679"
"6241","0.1809999979537679","0.1809999979537679","0.1809999979537679"
"6244","0.1809999979537679","0.1809999979537679","0.1809999979537679"
"6260","0.1809999979537679","0.1809999979537679","0.1809999979537679"
"6262","0.1809999979537679","0.1809999979537679","0.1809999979537679"
"6269","0.18199999792850577","0.18199999792850577","0.18199999792850577"
"6270","0.18219999792345334","0.18219999792345334","0.18219999792345334"
"6281","0.18219999792345334","0.18219999792345334","0.18219999792345334"
"6282","0.18219999792345334","0.18219999792345334","0.18219999792345334"
"6294","0.18219999792345334","0.18219999792345334","0.18219999792345334"
"6298","0.18219999792345334","0.18219999792345334","0.18219999792345334"
"6307","0.18219999792345334","0.18219999792345334","0.18219999792345334"
"6310","0.18219999792345334","0.18219999792345334","0.18219999792345334"
"6313","0.18219999792345334","0.18219999792345334","0.18219999792345334"
"6319","0.18219999792345334","0.18219999792345334","0.18219999792345334"
"6323","0.18219999792345334","0.18219999792345334","0.18219999792345334"
"6335","0.18219999792345334","0.18219999792345334","0.18219999792345334"
"6338","0.18219999792345334","0.18219999792345334","0.18219999792345334"
"6343","0.18219999792345334","0.18219999792345334","0.18219999792345334"
"6344","0.18219999792345334","0.18219999792345334","0.18219999792345334"
"6350","0.18219999792345334","0.18219999792345334","0.18219999792345334"
"6352","0.18219999792345334","0.18219999792345334","0.18219999792345334"
"6358","0.18219999792345334","0.18219999792345334","0.18219999792345334"
"6371","0.18199999792850577","0.18199999792850577","0.18199999792850577"
"6381","0.18299999790324364","0.18299999790324364","0.18299999790324364"
"6383","0.18299999790324364","0.18299999790324364","0.18299999790324364"
"6388","0.18299999790324364","0.18299999790324364","0.18299999790324364"
"6397","0.18299999790324364","0.18299999790324364","0.18299999790324364"
"6403","0.18299999790324364","0.18299999790324364","0.18299999790324364"
"6415","0.18299999790324364","0.18299999790324364","0.18299999790324364"
"6423","0.18299999790324364","0.18299999790324364","0.18299999790324364"
"6427","0.18299999790324364","0.18299999790324364","0.18299999790324364"
"6431","0.18299999790324364","0.18299999790324364","0.18299999790324364"
"6439","0.18299999790324364","0.18299999790324364","0.18299999790324364"
"6441","0.18299999790324364","0.18299999790324364","0.18299999790324364"
"6443","0.18299999790324364","0.18299999790324364","0.18299999790324364"
"6448","0.18299999790324364","0.18299999790324364","0.18299999790324364"
"6456","0.18299999790324364","0.18299999790324364","0.18299999790324364"
"6460","0.18299999790324364","0.18299999790324364","0.18299999790324364"
"6466","0.18299999790324364","0.18299999790324364","0.18299999790324364"
"6472","0.18299999790324364","0.18299999790324364","0.18299999790324364"
"6474","0.18299999790324364","0.18299999790324364","0.18299999790324364"
"6485","0.18319999789819122","0.18319999789819122","0.18319999789819122"
"6487","0.18319999789819122","0.18319999789819122","0.18319999789819122"
"6495","0.18379999788303394","0.18379999788303394","0.18379999788303394"
"6496","0.18379999788303394","0.18379999788303394","0.18379999788303394"
"6511","0.18379999788303394","0.18379999788303394","0.18379999788303394"
"6512","0.18379999788303394","0.18379999788303394","0.18379999788303394"
"6516","0.18379999788303394","0.18379999788303394","0.18379999788303394"
"6523","0.18379999788303394","0.18379999788303394","0.18379999788303394"
"6527","0.18379999788303394","0.18379999788303394","0.18379999788303394"
"6535","0.18379999788303394","0.18379999788303394","0.18379999788303394"
"6536","0.18379999788303394","0.18379999788303394","0.18379999788303394"
"6537","0.18379999788303394","0.18379999788303394","0.18379999788303394"
"6539","0.18379999788303394","0.18379999788303394","0.18379999788303394"
"6540","0.18379999788303394","0.18379999788303394","0.18379999788303394"
"6552","0.18379999788303394","0.18379999788303394","0.18379999788303394"
"6553","0.18379999788303394","0.18379999788303394","0.18379999788303394"
"6556","0.18379999788303394","0.18379999788303394","0.18379999788303394"
"6557","0.18379999788303394","0.18379999788303394","0.18379999788303394"
"6563","0.18379999788303394","0.18379999788303394","0.18379999788303394"
"6566","0.18379999788303394","0.18379999788303394","0.18379999788303394"
"6576","0.18379999788303394","0.18379999788303394","0.18379999788303394"
"6579","0.18379999788303394","0.18379999788303394","0.18379999788303394"
"6580","0.18379999788303394","0.18379999788303394","0.18379999788303394"
"6586","0.18379999788303394","0.18379999788303394","0.18379999788303394"
"6596","0.18459999786282424","0.18459999786282424","0.18459999786282424"
"6604","0.18459999786282424","0.18459999786282424","0.18459999786282424"
"6607","0.18459999786282424","0.18459999786282424","0.18459999786282424"
"6611","0.18459999786282424","0.18459999786282424","0.18459999786282424"
"6628","0.18459999786282424","0.18459999786282424","0.18459999786282424"
"6631","0.18459999786282424","0.18459999786282424","0.18459999786282424"
"6644","0.18459999786282424","0.18459999786282424","0.18459999786282424"
"6645","0.18459999786282424","0.18459999786282424","0.18459999786282424"
"6646","0.18459999786282424","0.18459999786282424","0.18459999786282424"
"6652","0.18459999786282424","0.18459999786282424","0.18459999786282424"
"6660","0.18459999786282424","0.18459999786282424","0.18459999786282424"
"6674","0.18459999786282424","0.18459999786282424","0.18459999786282424"
"6677","0.18459999786282424","0.18459999786282424","0.18459999786282424"
"6679","0.18459999786282424","0.18459999786282424","0.18459999786282424"
"6686","0.18459999786282424","0.18459999786282424","0.18459999786282424"
"6692","0.18459999786282424","0.18459999786282424","0.18459999786282424"
"6693","0.18459999786282424","0.18459999786282424","0.18459999786282424"
"6696","0.18459999786282424","0.18459999786282424","0.18459999786282424"
"6701","0.18479999785777182","0.18479999785777182","0.18479999785777182"
"6737","0.1849999978527194","0.1849999978527194","0.1849999978527194"
"6743","0.1849999978527194","0.1849999978527194","0.1849999978527194"
"6748","0.1849999978527194","0.1849999978527194","0.1849999978527194"
"6750","0.1849999978527194","0.1849999978527194","0.1849999978527194"
"6760","0.1849999978527194","0.1849999978527194","0.1849999978527194"
"6763","0.1849999978527194","0.1849999978527194","0.1849999978527194"
"6764","0.1849999978527194","0.1849999978527194","0.1849999978527194"
"6776","0.1849999978527194","0.1849999978527194","0.1849999978527194"
"6781","0.1849999978527194","0.1849999978527194","0.1849999978527194"
"6783","0.1849999978527194","0.1849999978527194","0.1849999978527194"
"6790","0.1849999978527194","0.1849999978527194","0.1849999978527194"
"6804","0.1849999978527194","0.1849999978527194","0.1849999978527194"
"6816","0.1857999978325097","0.1857999978325097","0.1857999978325097"
"6827","0.18619999782240484","0.18619999782240484","0.18619999782240484"
"6828","0.18619999782240484","0.18619999782240484","0.18619999782240484"
"6829","0.18619999782240484","0.18619999782240484","0.18619999782240484"
"6831","0.18619999782240484","0.18619999782240484","0.18619999782240484"
"6835","0.18619999782240484","0.18619999782240484","0.18619999782240484"
"6837","0.18619999782240484","0.18619999782240484","0.18619999782240484"
"6856","0.18619999782240484","0.18619999782240484","0.18619999782240484"
"6870","0.18619999782240484","0.18619999782240484","0.18619999782240484"
"6887","0.18619999782240484","0.18619999782240484","0.18619999782240484"
"6895","0.18619999782240484","0.18619999782240484","0.18619999782240484"
"6899","0.18619999782240484","0.18619999782240484","0.18619999782240484"
"6901","0.18619999782240484","0.18619999782240484","0.18619999782240484"
"6903","0.18619999782240484","0.18619999782240484","0.18619999782240484"
"6925","0.18699999780219514","0.18699999780219514","0.18699999780219514"
"6935","0.18719999779714272","0.18719999779714272","0.18719999779714272"
"6945","0.18719999779714272","0.18719999779714272","0.18719999779714272"
"6948","0.18719999779714272","0.18719999779714272","0.18719999779714272"
"6951","0.18719999779714272","0.18719999779714272","0.18719999779714272"
"6956","0.18719999779714272","0.18719999779714272","0.18719999779714272"
"6962","0.18719999779714272","0.18719999779714272","0.18719999779714272"
"6974","0.18719999779714272","0.18719999779714272","0.18719999779714272"
"6981","0.18719999779714272","0.18719999779714272","0.18719999779714272"
"6988","0.18719999779714272","0.18719999779714272","0.18719999779714272"
"6995","0.18719999779714272","0.18719999779714272","0.18719999779714272"
"7005","0.18719999779714272","0.18719999779714272","0.18719999779714272"
"7008","0.18719999779714272","0.18719999779714272","0.18719999779714272"
"7011","0.18719999779714272","0.18719999779714272","0.18719999779714272"
"7018","0.18719999779714272","0.18719999779714272","0.18719999779714272"
"7019","0.18719999779714272","0.18719999779714272","0.18719999779714272"
"7052","0.18839999776682817","0.18839999776682817","0.18839999776682817"
"7057","0.18839999776682817","0.18839999776682817","0.18839999776682817"
"7060","0.18839999776682817","0.18839999776682817","0.18839999776682817"
"7062","0.18839999776682817","0.18839999776682817","0.18839999776682817"
"7065","0.18839999776682817","0.18839999776682817","0.18839999776682817"
"7067","0.18839999776682817","0.18839999776682817","0.18839999776682817"
"7078","0.18839999776682817","0.18839999776682817","0.18839999776682817"
"7091","0.18839999776682817","0.18839999776682817","0.18839999776682817"
"7092","0.18839999776682817","0.18839999776682817","0.18839999776682817"
"7095","0.18839999776682817","0.18839999776682817","0.18839999776682817"
"7113","0.18839999776682817","0.18839999776682817","0.18839999776682817"
"7115","0.18839999776682817","0.18839999776682817","0.18839999776682817"
"7122","0.18839999776682817","0.18839999776682817","0.18839999776682817"
"7138","0.18839999776682817","0.18839999776682817","0.18839999776682817"
"7150","0.18999999772640877","0.18999999772640877","0.18999999772640877"
"7160","0.18999999772640877","0.18999999772640877","0.18999999772640877"
"7163","0.18999999772640877","0.18999999772640877","0.18999999772640877"
"7167","0.18999999772640877","0.18999999772640877","0.18999999772640877"
"7174","0.18999999772640877","0.18999999772640877","0.18999999772640877"
"7189","0.18999999772640877","0.18999999772640877","0.18999999772640877"
"7201","0.18999999772640877","0.18999999772640877","0.18999999772640877"
"7207","0.18999999772640877","0.18999999772640877","0.18999999772640877"
"7208","0.18999999772640877","0.18999999772640877","0.18999999772640877"
"7213","0.18999999772640877","0.18999999772640877","0.18999999772640877"
"7215","0.18999999772640877","0.18999999772640877","0.18999999772640877"
"7227","0.18999999772640877","0.18999999772640877","0.18999999772640877"
"7237","0.18999999772640877","0.18999999772640877","0.18999999772640877"
"7239","0.18999999772640877","0.18999999772640877","0.18999999772640877"
"7240","0.18999999772640877","0.18999999772640877","0.18999999772640877"
"7242","0.18999999772640877","0.18999999772640877","0.18999999772640877"
"7246","0.18999999772640877","0.18999999772640877","0.18999999772640877"
"7249","0.18999999772640877","0.18999999772640877","0.18999999772640877"
"7261","0.19159999768598937","0.19159999768598937","0.19159999768598937"
"7265","0.19159999768598937","0.19159999768598937","0.19159999768598937"
"7270","0.19159999768598937","0.19159999768598937","0.19159999768598937"
"7275","0.19159999768598937","0.19159999768598937","0.19159999768598937"
"7276","0.19159999768598937","0.19159999768598937","0.19159999768598937"
"7287","0.19159999768598937","0.19159999768598937","0.19159999768598937"
"7293","0.19159999768598937","0.19159999768598937","0.19159999768598937"
"7294","0.19159999768598937","0.19159999768598937","0.19159999768598937"
"7299","0.19159999768598937","0.19159999768598937","0.19159999768598937"
"7300","0.19159999768598937","0.19159999768598937","0.19159999768598937"
"7302","0.19159999768598937","0.19159999768598937","0.19159999768598937"
"7309","0.19159999768598937","0.19159999768598937","0.19159999768598937"
"7316","0.19159999768598937","0.19159999768598937","0.19159999768598937"
"7326","0.19159999768598937","0.19159999768598937","0.19159999768598937"
"7330","0.19159999768598937","0.19159999768598937","0.19159999768598937"
"7331","0.19159999768598937","0.19159999768598937","0.19159999768598937"
"7333","0.19159999768598937","0.19159999768598937","0.19159999768598937"
"7345","0.19159999768598937","0.19159999768598937","0.19159999768598937"
"7346","0.19159999768598937","0.19159999768598937","0.19159999768598937"
"7350","0.19159999768598937","0.19159999768598937","0.19159999768598937"
"7358","0.19159999768598937","0.19159999768598937","0.19159999768598937"
"7362","0.19199999767588452","0.19199999767588452","0.19199999767588452"
"7365","0.1921999976708321","0.1921999976708321","0.1921999976708321"
"7374","0.19279999765567482","0.19279999765567482","0.19279999765567482"
"7379","0.19279999765567482","0.19279999765567482","0.19279999765567482"
"7384","0.19279999765567482","0.19279999765567482","0.19279999765567482"
"7385","0.19279999765567482","0.19279999765567482","0.19279999765567482"
"7390","0.19279999765567482","0.19279999765567482","0.19279999765567482"
"7391","0.19279999765567482","0.19279999765567482","0.19279999765567482"
"7401","0.19279999765567482","0.19279999765567482","0.19279999765567482"
"7417","0.19279999765567482","0.19279999765567482","0.19279999765567482"
"7432","0.19279999765567482","0.19279999765567482","0.19279999765567482"
"7442","0.19279999765567482","0.19279999765567482","0.19279999765567482"
"7452","0.19279999765567482","0.19279999765567482","0.19279999765567482"
"7455","0.19279999765567482","0.19279999765567482","0.19279999765567482"
"7460","0.19279999765567482","0.19279999765567482","0.19279999765567482"
"7465","0.19279999765567482","0.19279999765567482","0.19279999765567482"
"7473","0.19339999764051755","0.19339999764051755","0.19339999764051755"
"7499","0.19439999761525542","0.19439999761525542","0.19439999761525542"
"7507","0.19439999761525542","0.19439999761525542","0.19439999761525542"
"7510","0.19439999761525542","0.19439999761525542","0.19439999761525542"
"7513","0.19439999761525542","0.19439999761525542","0.19439999761525542"
"7515","0.19439999761525542","0.19439999761525542","0.19439999761525542"
"7521","0.19439999761525542","0.19439999761525542","0.19439999761525542"
"7524","0.19439999761525542","0.19439999761525542","0.19439999761525542"
"7539","0.19439999761525542","0.19439999761525542","0.19439999761525542"
"7540","0.19439999761525542","0.19439999761525542","0.19439999761525542"
"7548","0.19439999761525542","0.19439999761525542","0.19439999761525542"
"7559","0.19439999761525542","0.19439999761525542","0.19439999761525542"
"7560","0.19439999761525542","0.19439999761525542","0.19439999761525542"
"7567","0.19439999761525542","0.19439999761525542","0.19439999761525542"
"7568","0.19439999761525542","0.19439999761525542","0.19439999761525542"
"7575","0.19439999761525542","0.19439999761525542","0.19439999761525542"
"7576","0.19439999761525542","0.19439999761525542","0.19439999761525542"
"7579","0.19439999761525542","0.19439999761525542","0.19439999761525542"
"7588","0.19479999760515057","0.19479999760515057","0.19479999760515057"
"7592","0.19519999759504572","0.19519999759504572","0.19519999759504572"
"7601","0.19519999759504572","0.19519999759504572","0.19519999759504572"
"7607","0.19519999759504572","0.19519999759504572","0.19519999759504572"
"7609","0.19519999759504572","0.19519999759504572","0.19519999759504572"
"7614","0.19519999759504572","0.19519999759504572","0.19519999759504572"
"7615","0.19519999759504572","0.19519999759504572","0.19519999759504572"
"7622","0.19519999759504572","0.19519999759504572","0.19519999759504572"
"7639","0.19519999759504572","0.19519999759504572","0.19519999759504572"
"7640","0.19519999759504572","0.19519999759504572","0.19519999759504572"
"7642","0.19519999759504572","0.19519999759504572","0.19519999759504572"
"7645","0.19519999759504572","0.19519999759504572","0.19519999759504572"
"7651","0.19519999759504572","0.19519999759504572","0.19519999759504572"
"7653","0.19519999759504572","0.19519999759504572","0.19519999759504572"
"7657","0.19519999759504572","0.19519999759504572","0.19519999759504572"
"7660","0.19519999759504572","0.19519999759504572","0.19519999759504572"
"7662","0.19519999759504572","0.19519999759504572","0.19519999759504572"
"7668","0.19519999759504572","0.19519999759504572","0.19519999759504572"
"7671","0.19519999759504572","0.19519999759504572","0.19519999759504572"
"7675","0.19519999759504572","0.19519999759504572","0.19519999759504572"
"7687","0.19519999759504572","0.19519999759504572","0.19519999759504572"
"7709","0.19599999757483602","0.19599999757483602","0.19599999757483602"
"7711","0.19599999757483602","0.19599999757483602","0.19599999757483602"
"7714","0.19599999757483602","0.19599999757483602","0.19599999757483602"
"7718","0.19599999757483602","0.19599999757483602","0.19599999757483602"
"7723","0.19599999757483602","0.19599999757483602","0.19599999757483602"
"7732","0.19599999757483602","0.19599999757483602","0.19599999757483602"
"7740","0.19599999757483602","0.19599999757483602","0.19599999757483602"
"7756","0.19599999757483602","0.19599999757483602","0.19599999757483602"
"7761","0.19599999757483602","0.19599999757483602","0.19599999757483602"
"7762","0.19599999757483602","0.19599999757483602","0.19599999757483602"
"7777","0.19599999757483602","0.19599999757483602","0.19599999757483602"
"7795","0.19599999757483602","0.19599999757483602","0.19599999757483602"
"7800","0.19599999757483602","0.19599999757483602","0.19599999757483602"
"7803","0.19659999755967875","0.19659999755967875","0.19659999755967875"
"7810","0.19599999757483602","0.19599999757483602","0.19599999757483602"
"7811","0.19599999757483602","0.19599999757483602","0.19599999757483602"
"7815","0.19599999757483602","0.19599999757483602","0.19599999757483602"
"7825","0.19599999757483602","0.19599999757483602","0.19599999757483602"
"7834","0.19599999757483602","0.19599999757483602","0.19599999757483602"
"7838","0.19599999757483602","0.19599999757483602","0.19599999757483602"
"7839","0.19599999757483602","0.19599999757483602","0.19599999757483602"
"7844","0.19599999757483602","0.19599999757483602","0.19599999757483602"
"7849","0.19599999757483602","0.19599999757483602","0.19599999757483602"
"7851","0.19599999757483602","0.19599999757483602","0.19599999757483602"
"7856","0.19599999757483602","0.19599999757483602","0.19599999757483602"
"7859","0.19599999757483602","0.19599999757483602","0.19599999757483602"
"7864","0.19599999757483602","0.19599999757483602","0.19599999757483602"
"7868","0.19599999757483602","0.19599999757483602","0.19599999757483602"
"7872","0.19599999757483602","0.19599999757483602","0.19599999757483602"
"7875","0.19599999757483602","0.19599999757483602","0.19599999757483602"
"7884","0.19599999757483602","0.19599999757483602","0.19599999757483602"
"7886","0.19599999757483602","0.19599999757483602","0.19599999757483602"
"7895","0.19599999757483602","0.19599999757483602","0.19599999757483602"
"7899","0.19599999757483602","0.19599999757483602","0.19599999757483602"
"7902","0.19599999757483602","0.19599999757483602","0.19599999757483602"
"7905","0.19599999757483602","0.19599999757483602","0.19599999757483602"
"7909","0.19599999757483602","0.19599999757483602","0.19599999757483602"
"7913","0.1961999975697836","0.1961999975697836","0.1961999975697836"
"7918","0.19679999755462632","0.19679999755462632","0.19679999755462632"
"7940","0.19719999754452147","0.19719999754452147","0.19719999754452147"
"7942","0.19719999754452147","0.19719999754452147","0.19719999754452147"
"7946","0.19719999754452147","0.19719999754452147","0.19719999754452147"
"7954","0.19719999754452147","0.19719999754452147","0.19719999754452147"
"7955","0.19719999754452147","0.19719999754452147","0.19719999754452147"
"7963","0.19719999754452147","0.19719999754452147","0.19719999754452147"
"7968","0.19719999754452147","0.19719999754452147","0.19719999754452147"
"7973","0.19719999754452147","0.19719999754452147","0.19719999754452147"
"7974","0.19719999754452147","0.19719999754452147","0.19719999754452147"
"7993","0.19719999754452147","0.19719999754452147","0.19719999754452147"
"7995","0.19719999754452147","0.19719999754452147","0.19719999754452147"
"8005","0.19719999754452147","0.19719999754452147","0.19719999754452147"
"8009","0.19719999754452147","0.19719999754452147","0.19719999754452147"
"8019","0.19719999754452147","0.19719999754452147","0.19719999754452147"
"8037","0.19799999752431177","0.19799999752431177","0.19799999752431177"
"8051","0.19799999752431177","0.19799999752431177","0.19799999752431177"
"8053","0.19799999752431177","0.19799999752431177","0.19799999752431177"
"8056","0.19799999752431177","0.19799999752431177","0.19799999752431177"
"8060","0.19799999752431177","0.19799999752431177","0.19799999752431177"
"8065","0.19799999752431177","0.19799999752431177","0.19799999752431177"
"8067","0.19799999752431177","0.19799999752431177","0.19799999752431177"
"8074","0.19799999752431177","0.19799999752431177","0.19799999752431177"
"8082","0.19799999752431177","0.19799999752431177","0.19799999752431177"
"8089","0.19799999752431177","0.19799999752431177","0.19799999752431177"
"8091","0.19799999752431177","0.19799999752431177","0.19799999752431177"
"8093","0.19799999752431177","0.19799999752431177","0.19799999752431177"
"8096","0.19799999752431177","0.19799999752431177","0.19799999752431177"
"8097","0.19799999752431177","0.19799999752431177","0.19799999752431177"
"8102","0.19799999752431177","0.19799999752431177","0.19799999752431177"
"8107","0.19799999752431177","0.19799999752431177","0.19799999752431177"
"8109","0.19799999752431177","0.19799999752431177","0.19799999752431177"
"8113","0.19799999752431177","0.19799999752431177","0.19799999752431177"
"8130","0.19799999752431177","0.19799999752431177","0.19799999752431177"
"8134","0.19799999752431177","0.19799999752431177","0.19799999752431177"
"8136","0.19839999751420692","0.19839999751420692","0.19839999751420692"
"8137","0.1985999975091545","0.1985999975091545","0.1985999975091545"
"8140","0.19879999750410207","0.19879999750410207","0.19879999750410207"
"8144","0.19879999750410207","0.19879999750410207","0.19879999750410207"
"8148","0.19879999750410207","0.19879999750410207","0.19879999750410207"
"8149","0.19879999750410207","0.19879999750410207","0.19879999750410207"
"8152","0.19879999750410207","0.19879999750410207","0.19879999750410207"
"8153","0.19879999750410207","0.19879999750410207","0.19879999750410207"
"8154","0.19879999750410207","0.19879999750410207","0.19879999750410207"
"8167","0.19879999750410207","0.19879999750410207","0.19879999750410207"
"8176","0.19879999750410207","0.19879999750410207","0.19879999750410207"
"8187","0.19879999750410207","0.19879999750410207","0.19879999750410207"
"8190","0.19879999750410207","0.19879999750410207","0.19879999750410207"
"8198","0.19879999750410207","0.19879999750410207","0.19879999750410207"
"8199","0.19879999750410207","0.19879999750410207","0.19879999750410207"
"8203","0.19879999750410207","0.19879999750410207","0.19879999750410207"
"8205","0.19879999750410207","0.19879999750410207","0.19879999750410207"
"8207","0.19879999750410207","0.19879999750410207","0.19879999750410207"
"8210","0.19879999750410207","0.19879999750410207","0.19879999750410207"
"8224","0.19879999750410207","0.19879999750410207","0.19879999750410207"
"8232","0.19879999750410207","0.19879999750410207","0.19879999750410207"
"8236","0.19879999750410207","0.19879999750410207","0.19879999750410207"
"8241","0.19899999749904965","0.19899999749904965","0.19899999749904965"
"8260","0.19999999747378752","0.19999999747378752","0.19999999747378752"
"8261","0.19999999747378752","0.19999999747378752","0.19999999747378752"
"8267","0.19999999747378752","0.19999999747378752","0.19999999747378752"
"8270","0.19999999747378752","0.19999999747378752","0.19999999747378752"
"8271","0.19999999747378752","0.19999999747378752","0.19999999747378752"
"8283","0.19999999747378752","0.19999999747378752","0.19999999747378752"
"8285","0.19999999747378752","0.19999999747378752","0.19999999747378752"
"8288","0.19999999747378752","0.19999999747378752","0.19999999747378752"
"8290","0.19999999747378752","0.19999999747378752","0.19999999747378752"
"8295","0.19999999747378752","0.19999999747378752","0.19999999747378752"
"8308","0.19999999747378752","0.19999999747378752","0.19999999747378752"
"8312","0.19999999747378752","0.19999999747378752","0.19999999747378752"
"8319","0.19999999747378752","0.19999999747378752","0.19999999747378752"
"8331","0.19999999747378752","0.19999999747378752","0.19999999747378752"
"8332","0.19999999747378752","0.19999999747378752","0.19999999747378752"
"8335","0.19999999747378752","0.19999999747378752","0.19999999747378752"
"8337","0.19999999747378752","0.19999999747378752","0.19999999747378752"
"8340","0.19999999747378752","0.19999999747378752","0.19999999747378752"
"8344","0.19999999747378752","0.19999999747378752","0.19999999747378752"
"8355","0.2009999974485254","0.2009999974485254","0.2009999974485254"
"8373","0.20199999742326327","0.20199999742326327","0.20199999742326327"
"8378","0.20199999742326327","0.20199999742326327","0.20199999742326327"
"8391","0.20199999742326327","0.20199999742326327","0.20199999742326327"
"8394","0.20199999742326327","0.20199999742326327","0.20199999742326327"
"8399","0.20199999742326327","0.20199999742326327","0.20199999742326327"
"8414","0.20199999742326327","0.20199999742326327","0.20199999742326327"
"8419","0.20199999742326327","0.20199999742326327","0.20199999742326327"
"8423","0.20199999742326327","0.20199999742326327","0.20199999742326327"
"8424","0.20199999742326327","0.20199999742326327","0.20199999742326327"
"8425","0.20199999742326327","0.20199999742326327","0.20199999742326327"
"8426","0.20199999742326327","0.20199999742326327","0.20199999742326327"
"8434","0.20199999742326327","0.20199999742326327","0.20199999742326327"
"8435","0.20199999742326327","0.20199999742326327","0.20199999742326327"
"8449","0.20199999742326327","0.20199999742326327","0.20199999742326327"
"8458","0.20199999742326327","0.20199999742326327","0.20199999742326327"
"8462","0.20199999742326327","0.20199999742326327","0.20199999742326327"
"8468","0.20239999741315842","0.20239999741315842","0.20239999741315842"
"8475","0.20279999740305357","0.20279999740305357","0.20279999740305357"
"8476","0.20279999740305357","0.20279999740305357","0.20279999740305357"
"8486","0.20279999740305357","0.20279999740305357","0.20279999740305357"
"8493","0.20279999740305357","0.20279999740305357","0.20279999740305357"
"8506","0.20279999740305357","0.20279999740305357","0.20279999740305357"
"8510","0.20279999740305357","0.20279999740305357","0.20279999740305357"
"8511","0.20279999740305357","0.20279999740305357","0.20279999740305357"
"8516","0.20279999740305357","0.20279999740305357","0.20279999740305357"
"8529","0.20279999740305357","0.20279999740305357","0.20279999740305357"
"8533","0.20279999740305357","0.20279999740305357","0.20279999740305357"
"8545","0.20279999740305357","0.20279999740305357","0.20279999740305357"
"8548","0.20279999740305357","0.20279999740305357","0.20279999740305357"
"8552","0.20279999740305357","0.20279999740305357","0.20279999740305357"
"8570","0.20279999740305357","0.20279999740305357","0.20279999740305357"
"8580","0.20319999739294872","0.20319999739294872","0.20319999739294872"
"8585","0.20319999739294872","0.20319999739294872","0.20319999739294872"
"8590","0.20319999739294872","0.20319999739294872","0.20319999739294872"
"8591","0.20319999739294872","0.20319999739294872","0.20319999739294872"
"8592","0.20319999739294872","0.20319999739294872","0.20319999739294872"
"8611","0.20319999739294872","0.20319999739294872","0.20319999739294872"
"8620","0.20319999739294872","0.20319999739294872","0.20319999739294872"
"8622","0.20319999739294872","0.20319999739294872","0.20319999739294872"
"8623","0.20319999739294872","0.20319999739294872","0.20319999739294872"
"8633","0.20319999739294872","0.20319999739294872","0.20319999739294872"
"8662","0.20319999739294872","0.20319999739294872","0.20319999739294872"
"8667","0.20319999739294872","0.20319999739294872","0.20319999739294872"
"8670","0.20319999739294872","0.20319999739294872","0.20319999739294872"
"8677","0.20319999739294872","0.20319999739294872","0.20319999739294872"
"8685","0.2033999973878963","0.2033999973878963","0.2033999973878963"
"8688","0.20399999737273902","0.20399999737273902","0.20399999737273902"
"8692","0.20399999737273902","0.20399999737273902","0.20399999737273902"
"8715","0.20399999737273902","0.20399999737273902","0.20399999737273902"
"8723","0.20399999737273902","0.20399999737273902","0.20399999737273902"
"8724","0.20399999737273902","0.20399999737273902","0.20399999737273902"
"8725","0.20399999737273902","0.20399999737273902","0.20399999737273902"
"8728","0.20399999737273902","0.20399999737273902","0.20399999737273902"
"8737","0.20399999737273902","0.20399999737273902","0.20399999737273902"
"8753","0.20399999737273902","0.20399999737273902","0.20399999737273902"
"8764","0.20399999737273902","0.20399999737273902","0.20399999737273902"
"8779","0.20399999737273902","0.20399999737273902","0.20399999737273902"
"8784","0.20399999737273902","0.20399999737273902","0.20399999737273902"
"8785","0.20399999737273902","0.20399999737273902","0.20399999737273902"
"8792","0.20399999737273902","0.20399999737273902","0.20399999737273902"
"8815","0.20519999734242447","0.20519999734242447","0.20519999734242447"
"8817","0.20519999734242447","0.20519999734242447","0.20519999734242447"
"8825","0.20519999734242447","0.20519999734242447","0.20519999734242447"
"8826","0.20519999734242447","0.20519999734242447","0.20519999734242447"
"8835","0.20519999734242447","0.20519999734242447","0.20519999734242447"
"8844","0.20519999734242447","0.20519999734242447","0.20519999734242447"
"8847","0.20519999734242447","0.20519999734242447","0.20519999734242447"
"8857","0.20519999734242447","0.20519999734242447","0.20519999734242447"
"8862","0.20519999734242447","0.20519999734242447","0.20519999734242447"
"8864","0.20519999734242447","0.20519999734242447","0.20519999734242447"
"8870","0.20519999734242447","0.20519999734242447","0.20519999734242447"
"8872","0.20519999734242447","0.20519999734242447","0.20519999734242447"
"8874","0.20519999734242447","0.20519999734242447","0.20519999734242447"
"8879","0.20519999734242447","0.20519999734242447","0.20519999734242447"
"8882","0.20519999734242447","0.20519999734242447","0.20519999734242447"
"8887","0.20519999734242447","0.20519999734242447","0.20519999734242447"
"8896","0.20519999734242447","0.20519999734242447","0.20519999734242447"
"8907","0.2057999973272672","0.2057999973272672","0.2057999973272672"
"8917","0.20639999731210992","0.20639999731210992","0.20639999731210992"
"8924","0.20639999731210992","0.20639999731210992","0.20639999731210992"
"8929","0.20639999731210992","0.20639999731210992","0.20639999731210992"
"8944","0.20639999731210992","0.20639999731210992","0.20639999731210992"
"8946","0.20639999731210992","0.20639999731210992","0.20639999731210992"
"8948","0.20639999731210992","0.20639999731210992","0.20639999731210992"
"8954","0.20639999731210992","0.20639999731210992","0.20639999731210992"
"8968","0.20639999731210992","0.20639999731210992","0.20639999731210992"
"8972","0.20639999731210992","0.20639999731210992","0.20639999731210992"
"8976","0.20639999731210992","0.20639999731210992","0.20639999731210992"
"8982","0.20639999731210992","0.20639999731210992","0.20639999731210992"
"8983","0.20639999731210992","0.20639999731210992","0.20639999731210992"
"8984","0.20639999731210992","0.20639999731210992","0.20639999731210992"
"8998","0.20639999731210992","0.20639999731210992","0.20639999731210992"
"9012","0.20639999731210992","0.20639999731210992","0.20639999731210992"
"9019","0.2065999973070575","0.2065999973070575","0.2065999973070575"
"9023","0.20639999731210992","0.20639999731210992","0.20639999731210992"
"9026","0.20639999731210992","0.20639999731210992","0.20639999731210992"
"9028","0.20639999731210992","0.20639999731210992","0.20639999731210992"
"9031","0.20639999731210992","0.20639999731210992","0.20639999731210992"
"9032","0.20639999731210992","0.20639999731210992","0.20639999731210992"
"9060","0.20639999731210992","0.20639999731210992","0.20639999731210992"
"9062","0.20639999731210992","0.20639999731210992","0.20639999731210992"
"9065","0.20639999731210992","0.20639999731210992","0.20639999731210992"
"9069","0.20639999731210992","0.20639999731210992","0.20639999731210992"
"9086","0.20639999731210992","0.20639999731210992","0.20639999731210992"
"9096","0.20639999731210992","0.20639999731210992","0.20639999731210992"
"9103","0.20639999731210992","0.20639999731210992","0.20639999731210992"
"9104","0.20639999731210992","0.20639999731210992","0.20639999731210992"
"9142","0.20719999729190022","0.20719999729190022","0.20719999729190022"
"9143","0.20719999729190022","0.20719999729190022","0.20719999729190022"
"9144","0.20719999729190022","0.20719999729190022","0.20719999729190022"
"9156","0.20719999729190022","0.20719999729190022","0.20719999729190022"
"9163","0.20719999729190022","0.20719999729190022","0.20719999729190022"
"9167","0.20719999729190022","0.20719999729190022","0.20719999729190022"
"9168","0.20719999729190022","0.20719999729190022","0.20719999729190022"
"9177","0.20719999729190022","0.20719999729190022","0.20719999729190022"
"9178","0.20719999729190022","0.20719999729190022","0.20719999729190022"
"9189","0.20719999729190022","0.20719999729190022","0.20719999729190022"
"9190","0.20719999729190022","0.20719999729190022","0.20719999729190022"
"9191","0.20719999729190022","0.20719999729190022","0.20719999729190022"
"9194","0.20719999729190022","0.20719999729190022","0.20719999729190022"
"9198","0.20719999729190022","0.20719999729190022","0.20719999729190022"
"9211","0.20719999729190022","0.20719999729190022","0.20719999729190022"
"9212","0.20719999729190022","0.20719999729190022","0.20719999729190022"
"9214","0.20719999729190022","0.20719999729190022","0.20719999729190022"
"9223","0.20719999729190022","0.20719999729190022","0.20719999729190022"
"9244","0.20919999724137597","0.20919999724137597","0.20919999724137597"
"9246","0.20919999724137597","0.20919999724137597","0.20919999724137597"
"9248","0.20919999724137597","0.20919999724137597","0.20919999724137597"
"9277","0.20919999724137597","0.20919999724137597","0.20919999724137597"
"9290","0.20919999724137597","0.20919999724137597","0.20919999724137597"
"9299","0.20919999724137597","0.20919999724137597","0.20919999724137597"
"9300","0.20919999724137597","0.20919999724137597","0.20919999724137597"
"9304","0.20919999724137597","0.20919999724137597","0.20919999724137597"
"9305","0.20919999724137597","0.20919999724137597","0.20919999724137597"
"9310","0.20919999724137597","0.20919999724137597","0.20919999724137597"
"9316","0.20919999724137597","0.20919999724137597","0.20919999724137597"
"9332","0.20919999724137597","0.20919999724137597","0.20919999724137597"
"9333","0.20919999724137597","0.20919999724137597","0.20919999724137597"
"9337","0.20919999724137597","0.20919999724137597","0.20919999724137597"
"9338","0.20919999724137597","0.20919999724137597","0.20919999724137597"
"9339","0.20919999724137597","0.20919999724137597","0.20919999724137597"
"9340","0.20919999724137597","0.20919999724137597","0.20919999724137597"
"9341","0.20939999723632355","0.20939999723632355","0.20939999723632355"
"9344","0.20959999723127112","0.20959999723127112","0.20959999723127112"
"9347","0.20939999723632355","0.20939999723632355","0.20939999723632355"
"9349","0.2097999972262187","0.2097999972262187","0.2097999972262187"
"9353","0.20999999722116627","0.20999999722116627","0.20999999722116627"
"9367","0.20999999722116627","0.20999999722116627","0.20999999722116627"
"9376","0.20999999722116627","0.20999999722116627","0.20999999722116627"
"9380","0.20999999722116627","0.20999999722116627","0.20999999722116627"
"9382","0.20999999722116627","0.20999999722116627","0.20999999722116627"
"9391","0.20999999722116627","0.20999999722116627","0.20999999722116627"
"9395","0.20999999722116627","0.20999999722116627","0.20999999722116627"
"9398","0.20999999722116627","0.20999999722116627","0.20999999722116627"
"9400","0.20999999722116627","0.20999999722116627","0.20999999722116627"
"9401","0.20999999722116627","0.20999999722116627","0.20999999722116627"
"9424","0.20999999722116627","0.20999999722116627","0.20999999722116627"
"9428","0.20999999722116627","0.20999999722116627","0.20999999722116627"
"9435","0.20999999722116627","0.20999999722116627","0.20999999722116627"
"9439","0.20999999722116627","0.20999999722116627","0.20999999722116627"
"9445","0.20999999722116627","0.20999999722116627","0.20999999722116627"
"9448","0.20999999722116627","0.20999999722116627","0.20999999722116627"
"9450","0.20999999722116627","0.20999999722116627","0.20999999722116627"
"9457","0.21019999721611385","0.21019999721611385","0.21019999721611385"
"9466","0.21079999720095657","0.21079999720095657","0.21079999720095657"
"9468","0.21079999720095657","0.21079999720095657","0.21079999720095657"
"9471","0.21079999720095657","0.21079999720095657","0.21079999720095657"
"9474","0.21079999720095657","0.21079999720095657","0.21079999720095657"
"9485","0.21079999720095657","0.21079999720095657","0.21079999720095657"
"9486","0.21079999720095657","0.21079999720095657","0.21079999720095657"
"9491","0.21079999720095657","0.21079999720095657","0.21079999720095657"
"9503","0.21079999720095657","0.21079999720095657","0.21079999720095657"
"9533","0.21079999720095657","0.21079999720095657","0.21079999720095657"
"9536","0.21079999720095657","0.21079999720095657","0.21079999720095657"
"9543","0.21079999720095657","0.21079999720095657","0.21079999720095657"
"9555","0.21079999720095657","0.21079999720095657","0.21079999720095657"
"9557","0.21079999720095657","0.21079999720095657","0.21079999720095657"
"9559","0.21079999720095657","0.21079999720095657","0.21079999720095657"
"9562","0.21039999721106142","0.21039999721106142","0.21039999721106142"
"9570","0.21099999719590415","0.21099999719590415","0.21099999719590415"
"9572","0.21099999719590415","0.21099999719590415","0.21099999719590415"
"9573","0.21099999719590415","0.21099999719590415","0.21099999719590415"
"9587","0.21099999719590415","0.21099999719590415","0.21099999719590415"
"9590","0.21099999719590415","0.21099999719590415","0.21099999719590415"
"9606","0.21099999719590415","0.21099999719590415","0.21099999719590415"
"9607","0.21099999719590415","0.21099999719590415","0.21099999719590415"
"9608","0.21099999719590415","0.21099999719590415","0.21099999719590415"
"9613","0.21099999719590415","0.21099999719590415","0.21099999719590415"
"9617","0.21099999719590415","0.21099999719590415","0.21099999719590415"
"9622","0.21099999719590415","0.21099999719590415","0.21099999719590415"
"9634","0.21099999719590415","0.21099999719590415","0.21099999719590415"
"9636","0.21099999719590415","0.21099999719590415","0.21099999719590415"
"9638","0.21099999719590415","0.21099999719590415","0.21099999719590415"
"9646","0.21099999719590415","0.21099999719590415","0.21099999719590415"
"9649","0.21099999719590415","0.21099999719590415","0.21099999719590415"
"9650","0.21099999719590415","0.21099999719590415","0.21099999719590415"
"9662","0.21099999719590415","0.21099999719590415","0.21099999719590415"
"9663","0.21099999719590415","0.21099999719590415","0.21099999719590415"
"9669","0.21099999719590415","0.21099999719590415","0.21099999719590415"
"9678","0.21179999717569445","0.21179999717569445","0.21179999717569445"
"9682","0.2121999971655896","0.2121999971655896","0.2121999971655896"
"9685","0.2121999971655896","0.2121999971655896","0.2121999971655896"
"9689","0.2121999971655896","0.2121999971655896","0.2121999971655896"
"9695","0.2121999971655896","0.2121999971655896","0.2121999971655896"
"9697","0.2121999971655896","0.2121999971655896","0.2121999971655896"
"9706","0.2121999971655896","0.2121999971655896","0.2121999971655896"
"9712","0.2121999971655896","0.2121999971655896","0.2121999971655896"
"9714","0.2121999971655896","0.2121999971655896","0.2121999971655896"
"9741","0.2121999971655896","0.2121999971655896","0.2121999971655896"
"9744","0.2121999971655896","0.2121999971655896","0.2121999971655896"
"9752","0.2121999971655896","0.2121999971655896","0.2121999971655896"
"9753","0.2121999971655896","0.2121999971655896","0.2121999971655896"
"9755","0.2121999971655896","0.2121999971655896","0.2121999971655896"
"9761","0.2121999971655896","0.2121999971655896","0.2121999971655896"
"9765","0.2121999971655896","0.2121999971655896","0.2121999971655896"
"9773","0.2121999971655896","0.2121999971655896","0.2121999971655896"
"9789","0.21359999713022262","0.21359999713022262","0.21359999713022262"
"9790","0.21339999713527505","0.21339999713527505","0.21339999713527505"
"9801","0.21339999713527505","0.21339999713527505","0.21339999713527505"
"9819","0.21339999713527505","0.21339999713527505","0.21339999713527505"
"9827","0.21339999713527505","0.21339999713527505","0.21339999713527505"
"9837","0.21339999713527505","0.21339999713527505","0.21339999713527505"
"9848","0.21339999713527505","0.21339999713527505","0.21339999713527505"
"9853","0.21339999713527505","0.21339999713527505","0.21339999713527505"
"9870","0.21339999713527505","0.21339999713527505","0.21339999713527505"
"9882","0.21339999713527505","0.21339999713527505","0.21339999713527505"
"9884","0.21339999713527505","0.21339999713527505","0.21339999713527505"
"9885","0.21339999713527505","0.21339999713527505","0.21339999713527505"
"9901","0.21419999711506535","0.21419999711506535","0.21419999711506535"
"9902","0.21419999711506535","0.21419999711506535","0.21419999711506535"
"9904","0.21419999711506535","0.21419999711506535","0.21419999711506535"
"9906","0.21419999711506535","0.21419999711506535","0.21419999711506535"
"9907","0.21419999711506535","0.21419999711506535","0.21419999711506535"
"9910","0.21419999711506535","0.21419999711506535","0.21419999711506535"
"9919","0.21419999711506535","0.21419999711506535","0.21419999711506535"
"9920","0.21419999711506535","0.21419999711506535","0.21419999711506535"
"9934","0.21419999711506535","0.21419999711506535","0.21419999711506535"
"9942","0.21419999711506535","0.21419999711506535","0.21419999711506535"
"9955","0.21419999711506535","0.21419999711506535","0.21419999711506535"
"9959","0.21419999711506535","0.21419999711506535","0.21419999711506535"
"9966","0.21419999711506535","0.21419999711506535","0.21419999711506535"
"9970","0.21419999711506535","0.21419999711506535","0.21419999711506535"
"9984","0.21419999711506535","0.21419999711506535","0.21419999711506535"
"9994","0.21419999711506535","0.21419999711506535","0.21419999711506535"
"10004","0.2145999971049605","0.2145999971049605","0.2145999971049605"
"10008","0.21499999709485565","0.21499999709485565","0.21499999709485565"
"10018","0.21499999709485565","0.21499999709485565","0.21499999709485565"
"10021","0.21499999709485565","0.21499999709485565","0.21499999709485565"
"10024","0.21499999709485565","0.21499999709485565","0.21499999709485565"
"10027","0.21499999709485565","0.21499999709485565","0.21499999709485565"
"10030","0.21499999709485565","0.21499999709485565","0.21499999709485565"
"10039","0.21499999709485565","0.21499999709485565","0.21499999709485565"
"10045","0.21499999709485565","0.21499999709485565","0.21499999709485565"
"10048","0.21499999709485565","0.21499999709485565","0.21499999709485565"
"10049","0.21499999709485565","0.21499999709485565","0.21499999709485565"
"10054","0.21499999709485565","0.21499999709485565","0.21499999709485565"
"10068","0.21499999709485565","0.21499999709485565","0.21499999709485565"
"10070","0.21499999709485565","0.21499999709485565","0.21499999709485565"
"10072","0.21499999709485565","0.21499999709485565","0.21499999709485565"
"10073","0.21499999709485565","0.21499999709485565","0.21499999709485565"
"10076","0.21499999709485565","0.21499999709485565","0.21499999709485565"
"10078","0.21499999709485565","0.21499999709485565","0.21499999709485565"
"10085","0.21499999709485565","0.21499999709485565","0.21499999709485565"
"10087","0.21499999709485565","0.21499999709485565","0.21499999709485565"
"10088","0.21499999709485565","0.21499999709485565","0.21499999709485565"
"10090","0.21499999709485565","0.21499999709485565","0.21499999709485565"
"10092","0.21499999709485565","0.21499999709485565","0.21499999709485565"
"10098","0.21499999709485565","0.21499999709485565","0.21499999709485565"
"10105","0.21499999709485565","0.21499999709485565","0.21499999709485565"
"10106","0.21499999709485565","0.21499999709485565","0.21499999709485565"
"10107","0.21499999709485565","0.21499999709485565","0.21499999709485565"
"10113","0.21519999708980322","0.21519999708980322","0.21519999708980322"
"10130","0.2153999970847508","0.2153999970847508","0.2153999970847508"
"10141","0.2153999970847508","0.2153999970847508","0.2153999970847508"
"10143","0.2153999970847508","0.2153999970847508","0.2153999970847508"
"10153","0.2153999970847508","0.2153999970847508","0.2153999970847508"
"10154","0.2153999970847508","0.2153999970847508","0.2153999970847508"
"10157","0.2153999970847508","0.2153999970847508","0.2153999970847508"
"10159","0.2153999970847508","0.2153999970847508","0.2153999970847508"
"10160","0.2153999970847508","0.2153999970847508","0.2153999970847508"
"10164","0.2153999970847508","0.2153999970847508","0.2153999970847508"
"10167","0.2153999970847508","0.2153999970847508","0.2153999970847508"
"10171","0.2153999970847508","0.2153999970847508","0.2153999970847508"
"10185","0.2153999970847508","0.2153999970847508","0.2153999970847508"
"10201","0.2153999970847508","0.2153999970847508","0.2153999970847508"
"10207","0.2153999970847508","0.2153999970847508","0.2153999970847508"
"10210","0.2153999970847508","0.2153999970847508","0.2153999970847508"
"10213","0.2153999970847508","0.2153999970847508","0.2153999970847508"
"10229","0.21559999707969837","0.21559999707969837","0.21559999707969837"
"10233","0.21579999707464595","0.21579999707464595","0.21579999707464595"
"10235","0.21579999707464595","0.21579999707464595","0.21579999707464595"
"10238","0.21579999707464595","0.21579999707464595","0.21579999707464595"
"10248","0.21579999707464595","0.21579999707464595","0.21579999707464595"
"10249","0.21579999707464595","0.21579999707464595","0.21579999707464595"
"10259","0.21579999707464595","0.21579999707464595","0.21579999707464595"
"10265","0.21579999707464595","0.21579999707464595","0.21579999707464595"
"10269","0.21579999707464595","0.21579999707464595","0.21579999707464595"
"10270","0.21579999707464595","0.21579999707464595","0.21579999707464595"
"10281","0.21579999707464595","0.21579999707464595","0.21579999707464595"
"10286","0.21579999707464595","0.21579999707464595","0.21579999707464595"
"10290","0.21579999707464595","0.21579999707464595","0.21579999707464595"
"10291","0.21579999707464595","0.21579999707464595","0.21579999707464595"
"10296","0.21579999707464595","0.21579999707464595","0.21579999707464595"
"10301","0.21579999707464595","0.21579999707464595","0.21579999707464595"
"10304","0.21579999707464595","0.21579999707464595","0.21579999707464595"
"10318","0.21579999707464595","0.21579999707464595","0.21579999707464595"
"10320","0.21579999707464595","0.21579999707464595","0.21579999707464595"
"10326","0.21579999707464595","0.21579999707464595","0.21579999707464595"
"10330","0.21579999707464595","0.21579999707464595","0.21579999707464595"
"10331","0.21599999706959352","0.21599999706959352","0.21599999706959352"
"10333","0.21639999705948867","0.21639999705948867","0.21639999705948867"
"10335","0.21639999705948867","0.21639999705948867","0.21639999705948867"
"10337","0.21679999704938382","0.21679999704938382","0.21679999704938382"
"10352","0.21659999705443625","0.21659999705443625","0.21659999705443625"
"10354","0.21659999705443625","0.21659999705443625","0.21659999705443625"
"10358","0.21659999705443625","0.21659999705443625","0.21659999705443625"
"10369","0.21659999705443625","0.21659999705443625","0.21659999705443625"
"10373","0.21659999705443625","0.21659999705443625","0.21659999705443625"
"10381","0.21659999705443625","0.21659999705443625","0.21659999705443625"
"10390","0.21659999705443625","0.21659999705443625","0.21659999705443625"
"10395","0.21659999705443625","0.21659999705443625","0.21659999705443625"
"10399","0.21659999705443625","0.21659999705443625","0.21659999705443625"
"10402","0.21659999705443625","0.21659999705443625","0.21659999705443625"
"10403","0.21659999705443625","0.21659999705443625","0.21659999705443625"
"10413","0.21659999705443625","0.21659999705443625","0.21659999705443625"
"10414","0.21659999705443625","0.21659999705443625","0.21659999705443625"
"10433","0.21659999705443625","0.21659999705443625","0.21659999705443625"
"10437","0.21659999705443625","0.21659999705443625","0.21659999705443625"
"10443","0.21719999703927897","0.21719999703927897","0.21719999703927897"
"10446","0.21739999703422655","0.21739999703422655","0.21739999703422655"
"10454","0.21739999703422655","0.21739999703422655","0.21739999703422655"
"10459","0.21739999703422655","0.21739999703422655","0.21739999703422655"
"10470","0.21739999703422655","0.21739999703422655","0.21739999703422655"
"10476","0.21739999703422655","0.21739999703422655","0.21739999703422655"
"10513","0.21739999703422655","0.21739999703422655","0.21739999703422655"
"10515","0.21739999703422655","0.21739999703422655","0.21739999703422655"
"10518","0.21739999703422655","0.21739999703422655","0.21739999703422655"
"10525","0.21739999703422655","0.21739999703422655","0.21739999703422655"
"10526","0.21739999703422655","0.21739999703422655","0.21739999703422655"
"10528","0.21739999703422655","0.21739999703422655","0.21739999703422655"
"10532","0.21739999703422655","0.21739999703422655","0.21739999703422655"
"10535","0.21739999703422655","0.21739999703422655","0.21739999703422655"
"10542","0.21739999703422655","0.21739999703422655","0.21739999703422655"
"10543","0.21739999703422655","0.21739999703422655","0.21739999703422655"
"10556","0.21819999701401685","0.21819999701401685","0.21819999701401685"
"10565","0.21899999699380715","0.21899999699380715","0.21899999699380715"
"10573","0.21899999699380715","0.21899999699380715","0.21899999699380715"
"10578","0.21899999699380715","0.21899999699380715","0.21899999699380715"
"10582","0.21899999699380715","0.21899999699380715","0.21899999699380715"
"10589","0.21899999699380715","0.21899999699380715","0.21899999699380715"
"10607","0.21899999699380715","0.21899999699380715","0.21899999699380715"
"10628","0.21899999699380715","0.21899999699380715","0.21899999699380715"
"10633","0.21899999699380715","0.21899999699380715","0.21899999699380715"
"10636","0.21899999699380715","0.21899999699380715","0.21899999699380715"
"10641","0.21899999699380715","0.21899999699380715","0.21899999699380715"
"10662","0.2193999969837023","0.2193999969837023","0.2193999969837023"
"10663","0.21959999697864988","0.21959999697864988","0.21959999697864988"
"10667","0.21919999698875473","0.21919999698875473","0.21919999698875473"
"10674","0.2193999969837023","0.2193999969837023","0.2193999969837023"
"10678","0.2193999969837023","0.2193999969837023","0.2193999969837023"
"10689","0.2193999969837023","0.2193999969837023","0.2193999969837023"
"10698","0.2193999969837023","0.2193999969837023","0.2193999969837023"
"10709","0.2193999969837023","0.2193999969837023","0.2193999969837023"
"10727","0.2193999969837023","0.2193999969837023","0.2193999969837023"
"10731","0.2193999969837023","0.2193999969837023","0.2193999969837023"
"10733","0.2193999969837023","0.2193999969837023","0.2193999969837023"
"10740","0.2193999969837023","0.2193999969837023","0.2193999969837023"
"10744","0.2193999969837023","0.2193999969837023","0.2193999969837023"
"10752","0.2193999969837023","0.2193999969837023","0.2193999969837023"
"10755","0.2193999969837023","0.2193999969837023","0.2193999969837023"
"10758","0.2193999969837023","0.2193999969837023","0.2193999969837023"
"10759","0.2193999969837023","0.2193999969837023","0.2193999969837023"
"10764","0.2193999969837023","0.2193999969837023","0.2193999969837023"
"10765","0.2193999969837023","0.2193999969837023","0.2193999969837023"
"10771","0.21959999697864988","0.21959999697864988","0.21959999697864988"
"10774","0.2201999969634926","0.2201999969634926","0.2201999969634926"
"10778","0.2209999969432829","0.2209999969432829","0.2209999969432829"
"10780","0.22139999693317805","0.22139999693317805","0.22139999693317805"
"10786","0.22139999693317805","0.22139999693317805","0.22139999693317805"
"10808","0.22139999693317805","0.22139999693317805","0.22139999693317805"
"10813","0.22139999693317805","0.22139999693317805","0.22139999693317805"
"10814","0.22139999693317805","0.22139999693317805","0.22139999693317805"
"10815","0.22139999693317805","0.22139999693317805","0.22139999693317805"
"10824","0.22139999693317805","0.22139999693317805","0.22139999693317805"
"10825","0.22139999693317805","0.22139999693317805","0.22139999693317805"
"10828","0.22139999693317805","0.22139999693317805","0.22139999693317805"
"10829","0.22139999693317805","0.22139999693317805","0.22139999693317805"
"10834","0.22139999693317805","0.22139999693317805","0.22139999693317805"
"10843","0.22139999693317805","0.22139999693317805","0.22139999693317805"
"10848","0.22139999693317805","0.22139999693317805","0.22139999693317805"
"10865","0.22139999693317805","0.22139999693317805","0.22139999693317805"
"10875","0.22139999693317805","0.22139999693317805","0.22139999693317805"
"10882","0.2217999969230732","0.2217999969230732","0.2217999969230732"
"10887","0.22239999690791593","0.22239999690791593","0.22239999690791593"
"10895","0.22239999690791593","0.22239999690791593","0.22239999690791593"
"10896","0.22239999690791593","0.22239999690791593","0.22239999690791593"
"10897","0.22239999690791593","0.22239999690791593","0.22239999690791593"
"10916","0.22239999690791593","0.22239999690791593","0.22239999690791593"
"10917","0.22239999690791593","0.22239999690791593","0.22239999690791593"
"10921","0.22239999690791593","0.22239999690791593","0.22239999690791593"
"10929","0.22239999690791593","0.22239999690791593","0.22239999690791593"
"10932","0.22239999690791593","0.22239999690791593","0.22239999690791593"
"10942","0.22239999690791593","0.22239999690791593","0.22239999690791593"
"10950","0.22239999690791593","0.22239999690791593","0.22239999690791593"
"10955","0.22239999690791593","0.22239999690791593","0.22239999690791593"
"10958","0.22239999690791593","0.22239999690791593","0.22239999690791593"
"10972","0.22239999690791593","0.22239999690791593","0.22239999690791593"
"10975","0.22239999690791593","0.22239999690791593","0.22239999690791593"
"10980","0.22239999690791593","0.22239999690791593","0.22239999690791593"
"10982","0.22239999690791593","0.22239999690791593","0.22239999690791593"
"10984","0.22239999690791593","0.22239999690791593","0.22239999690791593"
"10985","0.22239999690791593","0.22239999690791593","0.22239999690791593"
"10992","0.22239999690791593","0.22239999690791593","0.22239999690791593"
"11004","0.22359999687760138","0.22359999687760138","0.22359999687760138"
"11009","0.22359999687760138","0.22359999687760138","0.22359999687760138"
"11013","0.22359999687760138","0.22359999687760138","0.22359999687760138"
"11014","0.22359999687760138","0.22359999687760138","0.22359999687760138"
"11015","0.22359999687760138","0.22359999687760138","0.22359999687760138"
"11016","0.22359999687760138","0.22359999687760138","0.22359999687760138"
"11019","0.22359999687760138","0.22359999687760138","0.22359999687760138"
"11031","0.22359999687760138","0.22359999687760138","0.22359999687760138"
"11036","0.22359999687760138","0.22359999687760138","0.22359999687760138"
"11040","0.22359999687760138","0.22359999687760138","0.22359999687760138"
"11051","0.22359999687760138","0.22359999687760138","0.22359999687760138"
"11053","0.22359999687760138","0.22359999687760138","0.22359999687760138"
"11058","0.22359999687760138","0.22359999687760138","0.22359999687760138"
"11067","0.22359999687760138","0.22359999687760138","0.22359999687760138"
"11072","0.22359999687760138","0.22359999687760138","0.22359999687760138"
"11075","0.22359999687760138","0.22359999687760138","0.22359999687760138"
"11088","0.22359999687760138","0.22359999687760138","0.22359999687760138"
"11089","0.22359999687760138","0.22359999687760138","0.22359999687760138"
"11091","0.22359999687760138","0.22359999687760138","0.22359999687760138"
"11094","0.22359999687760138","0.22359999687760138","0.22359999687760138"
"11101","0.22359999687760138","0.22359999687760138","0.22359999687760138"
"11115","0.2249999968422344","0.2249999968422344","0.2249999968422344"
"11118","0.2249999968422344","0.2249999968422344","0.2249999968422344"
"11124","0.2249999968422344","0.2249999968422344","0.2249999968422344"
"11127","0.2249999968422344","0.2249999968422344","0.2249999968422344"
"11134","0.2249999968422344","0.2249999968422344","0.2249999968422344"
"11147","0.2249999968422344","0.2249999968422344","0.2249999968422344"
"11161","0.2249999968422344","0.2249999968422344","0.2249999968422344"
"11162","0.2249999968422344","0.2249999968422344","0.2249999968422344"
"11165","0.2249999968422344","0.2249999968422344","0.2249999968422344"
"11176","0.2249999968422344","0.2249999968422344","0.2249999968422344"
"11179","0.2249999968422344","0.2249999968422344","0.2249999968422344"
"11180","0.2249999968422344","0.2249999968422344","0.2249999968422344"
"11183","0.2249999968422344","0.2249999968422344","0.2249999968422344"
"11195","0.2249999968422344","0.2249999968422344","0.2249999968422344"
"11197","0.2249999968422344","0.2249999968422344","0.2249999968422344"
"11204","0.2249999968422344","0.2249999968422344","0.2249999968422344"
"11215","0.22599999681697228","0.22599999681697228","0.22599999681697228"
"11216","0.22619999681191985","0.22619999681191985","0.22619999681191985"
"11217","0.22599999681697228","0.22599999681697228","0.22599999681697228"
"11219","0.22639999680686743","0.22639999680686743","0.22639999680686743"
"11230","0.226599996801815","0.226599996801815","0.226599996801815"
"11232","0.226599996801815","0.226599996801815","0.226599996801815"
"11233","0.226599996801815","0.226599996801815","0.226599996801815"
"11235","0.226599996801815","0.226599996801815","0.226599996801815"
"11258","0.226599996801815","0.226599996801815","0.226599996801815"
"11259","0.226599996801815","0.226599996801815","0.226599996801815"
"11263","0.226599996801815","0.226599996801815","0.226599996801815"
"11269","0.226599996801815","0.226599996801815","0.226599996801815"
"11273","0.226599996801815","0.226599996801815","0.226599996801815"
"11278","0.226599996801815","0.226599996801815","0.226599996801815"
"11293","0.226599996801815","0.226599996801815","0.226599996801815"
"11296","0.226599996801815","0.226599996801815","0.226599996801815"
"11301","0.226599996801815","0.226599996801815","0.226599996801815"
"11306","0.226599996801815","0.226599996801815","0.226599996801815"
"11310","0.226599996801815","0.226599996801815","0.226599996801815"
"11316","0.226599996801815","0.226599996801815","0.226599996801815"
"11328","0.2273999967816053","0.2273999967816053","0.2273999967816053"
"11329","0.22759999677655288","0.22759999677655288","0.22759999677655288"
"11330","0.22779999677150045","0.22779999677150045","0.22779999677150045"
"11340","0.22779999677150045","0.22779999677150045","0.22779999677150045"
"11346","0.22779999677150045","0.22779999677150045","0.22779999677150045"
"11348","0.22779999677150045","0.22779999677150045","0.22779999677150045"
"11350","0.22779999677150045","0.22779999677150045","0.22779999677150045"
"11354","0.22779999677150045","0.22779999677150045","0.22779999677150045"
"11355","0.22779999677150045","0.22779999677150045","0.22779999677150045"
"11359","0.22779999677150045","0.22779999677150045","0.22779999677150045"
"11364","0.22779999677150045","0.22779999677150045","0.22779999677150045"
"11365","0.22779999677150045","0.22779999677150045","0.22779999677150045"
"11366","0.22779999677150045","0.22779999677150045","0.22779999677150045"
"11368","0.22779999677150045","0.22779999677150045","0.22779999677150045"
"11374","0.22779999677150045","0.22779999677150045","0.22779999677150045"
"11385","0.22779999677150045","0.22779999677150045","0.22779999677150045"
"11392","0.22779999677150045","0.22779999677150045","0.22779999677150045"
"11397","0.22779999677150045","0.22779999677150045","0.22779999677150045"
"11406","0.22779999677150045","0.22779999677150045","0.22779999677150045"
"11410","0.22779999677150045","0.22779999677150045","0.22779999677150045"
"11413","0.22779999677150045","0.22779999677150045","0.22779999677150045"
"11414","0.22779999677150045","0.22779999677150045","0.22779999677150045"
"11416","0.22779999677150045","0.22779999677150045","0.22779999677150045"
"11431","0.22759999677655288","0.22759999677655288","0.22759999677655288"
"11437","0.22879999674623833","0.22879999674623833","0.22879999674623833"
"11443","0.22939999673108105","0.22939999673108105","0.22939999673108105"
"11444","0.22939999673108105","0.22939999673108105","0.22939999673108105"
"11459","0.22939999673108105","0.22939999673108105","0.22939999673108105"
"11460","0.22939999673108105","0.22939999673108105","0.22939999673108105"
"11462","0.22939999673108105","0.22939999673108105","0.22939999673108105"
"11463","0.22939999673108105","0.22939999673108105","0.22939999673108105"
"11466","0.22939999673108105","0.22939999673108105","0.22939999673108105"
"11469","0.22939999673108105","0.22939999673108105","0.22939999673108105"
"11471","0.22939999673108105","0.22939999673108105","0.22939999673108105"
"11477","0.22939999673108105","0.22939999673108105","0.22939999673108105"
"11486","0.22939999673108105","0.22939999673108105","0.22939999673108105"
"11513","0.22939999673108105","0.22939999673108105","0.22939999673108105"
"11519","0.22939999673108105","0.22939999673108105","0.22939999673108105"
"11530","0.22939999673108105","0.22939999673108105","0.22939999673108105"
"11532","0.22939999673108105","0.22939999673108105","0.22939999673108105"
"11543","0.22959999672602863","0.22959999672602863","0.22959999672602863"
"11544","0.2297999967209762","0.2297999967209762","0.2297999967209762"
"11551","0.23099999669066165","0.23099999669066165","0.23099999669066165"
"11552","0.23099999669066165","0.23099999669066165","0.23099999669066165"
"11557","0.23099999669066165","0.23099999669066165","0.23099999669066165"
"11560","0.23099999669066165","0.23099999669066165","0.23099999669066165"
"11565","0.23099999669066165","0.23099999669066165","0.23099999669066165"
"11568","0.23099999669066165","0.23099999669066165","0.23099999669066165"
"11570","0.23099999669066165","0.23099999669066165","0.23099999669066165"
"11584","0.23099999669066165","0.23099999669066165","0.23099999669066165"
"11587","0.23099999669066165","0.23099999669066165","0.23099999669066165"
"11588","0.23099999669066165","0.23099999669066165","0.23099999669066165"
"11591","0.23099999669066165","0.23099999669066165","0.23099999669066165"
"11594","0.23099999669066165","0.23099999669066165","0.23099999669066165"
"11595","0.23099999669066165","0.23099999669066165","0.23099999669066165"
"11606","0.23099999669066165","0.23099999669066165","0.23099999669066165"
"11607","0.23099999669066165","0.23099999669066165","0.23099999669066165"
"11608","0.23099999669066165","0.23099999669066165","0.23099999669066165"
"11616","0.23099999669066165","0.23099999669066165","0.23099999669066165"
"11617","0.23099999669066165","0.23099999669066165","0.23099999669066165"
"11620","0.23099999669066165","0.23099999669066165","0.23099999669066165"
"11624","0.23099999669066165","0.23099999669066165","0.23099999669066165"
"11626","0.23099999669066165","0.23099999669066165","0.23099999669066165"
"11630","0.23099999669066165","0.23099999669066165","0.23099999669066165"
"11633","0.23099999669066165","0.23099999669066165","0.23099999669066165"
"11635","0.23099999669066165","0.23099999669066165","0.23099999669066165"
"11639","0.23099999669066165","0.23099999669066165","0.23099999669066165"
"11642","0.23099999669066165","0.23099999669066165","0.23099999669066165"
"11648","0.23099999669066165","0.23099999669066165","0.23099999669066165"
"11652","0.23099999669066165","0.23099999669066165","0.23099999669066165"
"11657","0.23079999669571408","0.23079999669571408","0.23079999669571408"
"11660","0.23119999668560923","0.23119999668560923","0.23119999668560923"
"11662","0.23119999668560923","0.23119999668560923","0.23119999668560923"
"11667","0.23119999668560923","0.23119999668560923","0.23119999668560923"
"11670","0.23119999668560923","0.23119999668560923","0.23119999668560923"
"11673","0.23119999668560923","0.23119999668560923","0.23119999668560923"
"11676","0.23119999668560923","0.23119999668560923","0.23119999668560923"
"11706","0.23119999668560923","0.23119999668560923","0.23119999668560923"
"11713","0.23119999668560923","0.23119999668560923","0.23119999668560923"
"11718","0.23119999668560923","0.23119999668560923","0.23119999668560923"
"11722","0.23119999668560923","0.23119999668560923","0.23119999668560923"
"11733","0.23119999668560923","0.23119999668560923","0.23119999668560923"
"11743","0.23119999668560923","0.23119999668560923","0.23119999668560923"
"11745","0.23119999668560923","0.23119999668560923","0.23119999668560923"
"11748","0.23119999668560923","0.23119999668560923","0.23119999668560923"
"11754","0.23119999668560923","0.23119999668560923","0.23119999668560923"
"11757","0.23119999668560923","0.23119999668560923","0.23119999668560923"
"11783","0.23199999666539953","0.23199999666539953","0.23199999666539953"
"11790","0.23199999666539953","0.23199999666539953","0.23199999666539953"
"11795","0.23199999666539953","0.23199999666539953","0.23199999666539953"
"11798","0.23199999666539953","0.23199999666539953","0.23199999666539953"
"11800","0.23199999666539953","0.23199999666539953","0.23199999666539953"
"11801","0.23199999666539953","0.23199999666539953","0.23199999666539953"
"11810","0.23199999666539953","0.23199999666539953","0.23199999666539953"
"11814","0.23199999666539953","0.23199999666539953","0.23199999666539953"
"11816","0.23199999666539953","0.23199999666539953","0.23199999666539953"
"11817","0.23199999666539953","0.23199999666539953","0.23199999666539953"
"11839","0.23199999666539953","0.23199999666539953","0.23199999666539953"
"11863","0.23199999666539953","0.23199999666539953","0.23199999666539953"
"11864","0.23199999666539953","0.23199999666539953","0.23199999666539953"
"11869","0.23199999666539953","0.23199999666539953","0.23199999666539953"
"11875","0.2321999966603471","0.2321999966603471","0.2321999966603471"
"11877","0.23259999665024225","0.23259999665024225","0.23259999665024225"
"11880","0.23319999663508498","0.23319999663508498","0.23319999663508498"
"11890","0.23319999663508498","0.23319999663508498","0.23319999663508498"
"11891","0.23319999663508498","0.23319999663508498","0.23319999663508498"
"11906","0.23319999663508498","0.23319999663508498","0.23319999663508498"
"11920","0.23319999663508498","0.23319999663508498","0.23319999663508498"
"11934","0.23319999663508498","0.23319999663508498","0.23319999663508498"
"11939","0.23319999663508498","0.23319999663508498","0.23319999663508498"
"11940","0.23319999663508498","0.23319999663508498","0.23319999663508498"
"11951","0.23319999663508498","0.23319999663508498","0.23319999663508498"
"11953","0.23319999663508498","0.23319999663508498","0.23319999663508498"
"11954","0.23319999663508498","0.23319999663508498","0.23319999663508498"
"11956","0.23319999663508498","0.23319999663508498","0.23319999663508498"
"11969","0.23319999663508498","0.23319999663508498","0.23319999663508498"
"11983","0.2329999966401374","0.2329999966401374","0.2329999966401374"
"11986","0.23319999663508498","0.23319999663508498","0.23319999663508498"
"11989","0.23339999663003255","0.23339999663003255","0.23339999663003255"
"11990","0.23359999662498013","0.23359999662498013","0.23359999662498013"
"11991","0.23359999662498013","0.23359999662498013","0.23359999662498013"
"11992","0.23359999662498013","0.23359999662498013","0.23359999662498013"
"11993","0.23359999662498013","0.23359999662498013","0.23359999662498013"
"11997","0.23359999662498013","0.23359999662498013","0.23359999662498013"
"12018","0.23359999662498013","0.23359999662498013","0.23359999662498013"
"12019","0.23359999662498013","0.23359999662498013","0.23359999662498013"
"12025","0.23359999662498013","0.23359999662498013","0.23359999662498013"
"12039","0.23359999662498013","0.23359999662498013","0.23359999662498013"
"12047","0.23359999662498013","0.23359999662498013","0.23359999662498013"
"12049","0.23359999662498013","0.23359999662498013","0.23359999662498013"
"12057","0.23359999662498013","0.23359999662498013","0.23359999662498013"
"12059","0.23359999662498013","0.23359999662498013","0.23359999662498013"
"12065","0.23359999662498013","0.23359999662498013","0.23359999662498013"
"12070","0.23359999662498013","0.23359999662498013","0.23359999662498013"
"12079","0.23359999662498013","0.23359999662498013","0.23359999662498013"
"12085","0.23359999662498013","0.23359999662498013","0.23359999662498013"
"12086","0.23359999662498013","0.23359999662498013","0.23359999662498013"
"12096","0.23399999661487528","0.23399999661487528","0.23399999661487528"
"12102","0.23399999661487528","0.23399999661487528","0.23399999661487528"
"12112","0.23399999661487528","0.23399999661487528","0.23399999661487528"
"12115","0.23399999661487528","0.23399999661487528","0.23399999661487528"
"12120","0.23399999661487528","0.23399999661487528","0.23399999661487528"
"12124","0.23399999661487528","0.23399999661487528","0.23399999661487528"
"12132","0.23399999661487528","0.23399999661487528","0.23399999661487528"
"12140","0.23399999661487528","0.23399999661487528","0.23399999661487528"
"12141","0.23399999661487528","0.23399999661487528","0.23399999661487528"
"12144","0.23399999661487528","0.23399999661487528","0.23399999661487528"
"12145","0.23399999661487528","0.23399999661487528","0.23399999661487528"
"12152","0.23399999661487528","0.23399999661487528","0.23399999661487528"
"12157","0.23399999661487528","0.23399999661487528","0.23399999661487528"
"12161","0.23399999661487528","0.23399999661487528","0.23399999661487528"
"12171","0.23399999661487528","0.23399999661487528","0.23399999661487528"
"12172","0.23399999661487528","0.23399999661487528","0.23399999661487528"
"12173","0.23399999661487528","0.23399999661487528","0.23399999661487528"
"12177","0.23399999661487528","0.23399999661487528","0.23399999661487528"
"12187","0.23399999661487528","0.23399999661487528","0.23399999661487528"
"12189","0.23399999661487528","0.23399999661487528","0.23399999661487528"
"12190","0.23399999661487528","0.23399999661487528","0.23399999661487528"
"12197","0.23399999661487528","0.23399999661487528","0.23399999661487528"
"12215","0.2329999966401374","0.2329999966401374","0.2329999966401374"
"12239","0.2329999966401374","0.2329999966401374","0.2329999966401374"
"12240","0.2329999966401374","0.2329999966401374","0.2329999966401374"
"12241","0.2329999966401374","0.2329999966401374","0.2329999966401374"
"12243","0.2329999966401374","0.2329999966401374","0.2329999966401374"
"12257","0.2329999966401374","0.2329999966401374","0.2329999966401374"
"12275","0.2329999966401374","0.2329999966401374","0.2329999966401374"
"12277","0.2329999966401374","0.2329999966401374","0.2329999966401374"
"12279","0.2329999966401374","0.2329999966401374","0.2329999966401374"
"12293","0.2329999966401374","0.2329999966401374","0.2329999966401374"
"12295","0.2329999966401374","0.2329999966401374","0.2329999966401374"
"12297","0.2329999966401374","0.2329999966401374","0.2329999966401374"
"12305","0.2329999966401374","0.2329999966401374","0.2329999966401374"
"12312","0.23339999663003255","0.23339999663003255","0.23339999663003255"
"12313","0.23319999663508498","0.23319999663508498","0.23319999663508498"
"12317","0.23359999662498013","0.23359999662498013","0.23359999662498013"
"12319","0.23359999662498013","0.23359999662498013","0.23359999662498013"
"12329","0.2337999966199277","0.2337999966199277","0.2337999966199277"
"12330","0.2337999966199277","0.2337999966199277","0.2337999966199277"
"12331","0.2337999966199277","0.2337999966199277","0.2337999966199277"
"12337","0.2337999966199277","0.2337999966199277","0.2337999966199277"
"12342","0.2337999966199277","0.2337999966199277","0.2337999966199277"
"12345","0.2337999966199277","0.2337999966199277","0.2337999966199277"
"12346","0.2337999966199277","0.2337999966199277","0.2337999966199277"
"12349","0.2337999966199277","0.2337999966199277","0.2337999966199277"
"12353","0.2337999966199277","0.2337999966199277","0.2337999966199277"
"12367","0.2337999966199277","0.2337999966199277","0.2337999966199277"
"12373","0.2337999966199277","0.2337999966199277","0.2337999966199277"
"12378","0.2337999966199277","0.2337999966199277","0.2337999966199277"
"12380","0.2337999966199277","0.2337999966199277","0.2337999966199277"
"12389","0.2337999966199277","0.2337999966199277","0.2337999966199277"
"12397","0.2337999966199277","0.2337999966199277","0.2337999966199277"
"12411","0.2337999966199277","0.2337999966199277","0.2337999966199277"
"12415","0.2337999966199277","0.2337999966199277","0.2337999966199277"
"12435","0.23499999658961315","0.23499999658961315","0.23499999658961315"
"12437","0.23499999658961315","0.23499999658961315","0.23499999658961315"
"12466","0.23499999658961315","0.23499999658961315","0.23499999658961315"
"12472","0.23499999658961315","0.23499999658961315","0.23499999658961315"
"12477","0.23499999658961315","0.23499999658961315","0.23499999658961315"
"12479","0.23499999658961315","0.23499999658961315","0.23499999658961315"
"12498","0.23499999658961315","0.23499999658961315","0.23499999658961315"
"12499","0.23499999658961315","0.23499999658961315","0.23499999658961315"
"12502","0.23499999658961315","0.23499999658961315","0.23499999658961315"
"12503","0.23499999658961315","0.23499999658961315","0.23499999658961315"
"12512","0.23499999658961315","0.23499999658961315","0.23499999658961315"
"12514","0.23499999658961315","0.23499999658961315","0.23499999658961315"
"12524","0.23499999658961315","0.23499999658961315","0.23499999658961315"
"12526","0.23499999658961315","0.23499999658961315","0.23499999658961315"
"12527","0.23499999658961315","0.23499999658961315","0.23499999658961315"
"12533","0.23519999658456073","0.23519999658456073","0.23519999658456073"
"12535","0.23559999657445588","0.23559999657445588","0.23559999657445588"
"12547","0.2353999965795083","0.2353999965795083","0.2353999965795083"
"12550","0.2353999965795083","0.2353999965795083","0.2353999965795083"
"12567","0.2353999965795083","0.2353999965795083","0.2353999965795083"
"12573","0.2353999965795083","0.2353999965795083","0.2353999965795083"
"12575","0.2353999965795083","0.2353999965795083","0.2353999965795083"
"12587","0.2353999965795083","0.2353999965795083","0.2353999965795083"
"12599","0.2353999965795083","0.2353999965795083","0.2353999965795083"
"12602","0.2353999965795083","0.2353999965795083","0.2353999965795083"
"12609","0.2353999965795083","0.2353999965795083","0.2353999965795083"
"12617","0.2353999965795083","0.2353999965795083","0.2353999965795083"
"12631","0.2353999965795083","0.2353999965795083","0.2353999965795083"
"12633","0.2353999965795083","0.2353999965795083","0.2353999965795083"
"12639","0.2353999965795083","0.2353999965795083","0.2353999965795083"
"12642","0.23579999656940345","0.23579999656940345","0.23579999656940345"
"12643","0.23599999656435103","0.23599999656435103","0.23599999656435103"
"12644","0.2361999965592986","0.2361999965592986","0.2361999965592986"
"12657","0.2369999965390889","0.2369999965390889","0.2369999965390889"
"12663","0.2369999965390889","0.2369999965390889","0.2369999965390889"
"12672","0.2369999965390889","0.2369999965390889","0.2369999965390889"
"12676","0.2369999965390889","0.2369999965390889","0.2369999965390889"
"12708","0.2369999965390889","0.2369999965390889","0.2369999965390889"
"12713","0.2369999965390889","0.2369999965390889","0.2369999965390889"
"12714","0.2369999965390889","0.2369999965390889","0.2369999965390889"
"12723","0.2369999965390889","0.2369999965390889","0.2369999965390889"
"12725","0.2369999965390889","0.2369999965390889","0.2369999965390889"
"12731","0.2369999965390889","0.2369999965390889","0.2369999965390889"
"12732","0.2369999965390889","0.2369999965390889","0.2369999965390889"
"12735","0.2369999965390889","0.2369999965390889","0.2369999965390889"
"12736","0.2369999965390889","0.2369999965390889","0.2369999965390889"
"12737","0.2369999965390889","0.2369999965390889","0.2369999965390889"
"12743","0.2369999965390889","0.2369999965390889","0.2369999965390889"
"12749","0.2369999965390889","0.2369999965390889","0.2369999965390889"
"12758","0.23739999652898405","0.23739999652898405","0.23739999652898405"
"12759","0.23759999652393163","0.23759999652393163","0.23759999652393163"
"12766","0.2377999965188792","0.2377999965188792","0.2377999965188792"
"12767","0.2377999965188792","0.2377999965188792","0.2377999965188792"
"12772","0.2377999965188792","0.2377999965188792","0.2377999965188792"
"12773","0.2377999965188792","0.2377999965188792","0.2377999965188792"
"12778","0.2377999965188792","0.2377999965188792","0.2377999965188792"
"12790","0.2377999965188792","0.2377999965188792","0.2377999965188792"
"12807","0.2377999965188792","0.2377999965188792","0.2377999965188792"
"12809","0.2377999965188792","0.2377999965188792","0.2377999965188792"
"12815","0.2377999965188792","0.2377999965188792","0.2377999965188792"
"12816","0.2377999965188792","0.2377999965188792","0.2377999965188792"
"12820","0.2377999965188792","0.2377999965188792","0.2377999965188792"
"12826","0.2377999965188792","0.2377999965188792","0.2377999965188792"
"12829","0.2377999965188792","0.2377999965188792","0.2377999965188792"
"12833","0.2377999965188792","0.2377999965188792","0.2377999965188792"
"12834","0.2377999965188792","0.2377999965188792","0.2377999965188792"
"12842","0.2377999965188792","0.2377999965188792","0.2377999965188792"
"12850","0.2377999965188792","0.2377999965188792","0.2377999965188792"
"12851","0.2377999965188792","0.2377999965188792","0.2377999965188792"
"12858","0.2377999965188792","0.2377999965188792","0.2377999965188792"
"12865","0.23799999651382678","0.23799999651382678","0.23799999651382678"
"12882","0.23799999651382678","0.23799999651382678","0.23799999651382678"
"12883","0.23799999651382678","0.23799999651382678","0.23799999651382678"
"12885","0.23799999651382678","0.23799999651382678","0.23799999651382678"
"12889","0.23799999651382678","0.23799999651382678","0.23799999651382678"
"12894","0.23799999651382678","0.23799999651382678","0.23799999651382678"
"12898","0.23799999651382678","0.23799999651382678","0.23799999651382678"
"12904","0.23799999651382678","0.23799999651382678","0.23799999651382678"
"12924","0.23799999651382678","0.23799999651382678","0.23799999651382678"
"12930","0.23799999651382678","0.23799999651382678","0.23799999651382678"
"12931","0.23799999651382678","0.23799999651382678","0.23799999651382678"
"12932","0.23799999651382678","0.23799999651382678","0.23799999651382678"
"12935","0.23799999651382678","0.23799999651382678","0.23799999651382678"
"12942","0.23799999651382678","0.23799999651382678","0.23799999651382678"
"12957","0.23799999651382678","0.23799999651382678","0.23799999651382678"
"12960","0.23799999651382678","0.23799999651382678","0.23799999651382678"
"12966","0.23799999651382678","0.23799999651382678","0.23799999651382678"
"12971","0.23819999650877435","0.23819999650877435","0.23819999650877435"
"12972","0.23839999650372193","0.23839999650372193","0.23839999650372193"
"12973","0.23819999650877435","0.23819999650877435","0.23819999650877435"
"12976","0.23799999651382678","0.23799999651382678","0.23799999651382678"
"12982","0.23839999650372193","0.23839999650372193","0.23839999650372193"
"12998","0.23839999650372193","0.23839999650372193","0.23839999650372193"
"12999","0.23839999650372193","0.23839999650372193","0.23839999650372193"
"13002","0.23839999650372193","0.23839999650372193","0.23839999650372193"
"13010","0.23839999650372193","0.23839999650372193","0.23839999650372193"
"13012","0.23839999650372193","0.23839999650372193","0.23839999650372193"
"13016","0.23839999650372193","0.23839999650372193","0.23839999650372193"
"13021","0.23839999650372193","0.23839999650372193","0.23839999650372193"
"13026","0.23839999650372193","0.23839999650372193","0.23839999650372193"
"13035","0.23839999650372193","0.23839999650372193","0.23839999650372193"
"13036","0.23839999650372193","0.23839999650372193","0.23839999650372193"
"13039","0.23839999650372193","0.23839999650372193","0.23839999650372193"
"13040","0.23839999650372193","0.23839999650372193","0.23839999650372193"
"13043","0.23839999650372193","0.23839999650372193","0.23839999650372193"
"13047","0.23839999650372193","0.23839999650372193","0.23839999650372193"
"13057","0.23839999650372193","0.23839999650372193","0.23839999650372193"
"13062","0.23839999650372193","0.23839999650372193","0.23839999650372193"
"13066","0.23839999650372193","0.23839999650372193","0.23839999650372193"
"13073","0.23839999650372193","0.23839999650372193","0.23839999650372193"
"13082","0.23879999649361708","0.23879999649361708","0.23879999649361708"
"13091","0.23919999648351223","0.23919999648351223","0.23919999648351223"
"13098","0.23919999648351223","0.23919999648351223","0.23919999648351223"
"13101","0.23919999648351223","0.23919999648351223","0.23919999648351223"
"13105","0.23919999648351223","0.23919999648351223","0.23919999648351223"
"13110","0.23919999648351223","0.23919999648351223","0.23919999648351223"
"13112","0.23919999648351223","0.23919999648351223","0.23919999648351223"
"13114","0.23919999648351223","0.23919999648351223","0.23919999648351223"
"13116","0.23919999648351223","0.23919999648351223","0.23919999648351223"
"13130","0.23919999648351223","0.23919999648351223","0.23919999648351223"
"13137","0.23919999648351223","0.23919999648351223","0.23919999648351223"
"13139","0.23919999648351223","0.23919999648351223","0.23919999648351223"
"13143","0.23919999648351223","0.23919999648351223","0.23919999648351223"
"13150","0.23919999648351223","0.23919999648351223","0.23919999648351223"
"13159","0.23919999648351223","0.23919999648351223","0.23919999648351223"
"13173","0.23919999648351223","0.23919999648351223","0.23919999648351223"
"13175","0.23919999648351223","0.23919999648351223","0.23919999648351223"
"13177","0.23919999648351223","0.23919999648351223","0.23919999648351223"
"13183","0.23919999648351223","0.23919999648351223","0.23919999648351223"
"13186","0.23919999648351223","0.23919999648351223","0.23919999648351223"
"13191","0.2393999964784598","0.2393999964784598","0.2393999964784598"
"13199","0.23979999646835495","0.23979999646835495","0.23979999646835495"
"13205","0.23999999646330253","0.23999999646330253","0.23999999646330253"
"13209","0.23999999646330253","0.23999999646330253","0.23999999646330253"
"13210","0.23999999646330253","0.23999999646330253","0.23999999646330253"
"13223","0.23999999646330253","0.23999999646330253","0.23999999646330253"
"13233","0.23999999646330253","0.23999999646330253","0.23999999646330253"
"13237","0.23999999646330253","0.23999999646330253","0.23999999646330253"
"13238","0.23999999646330253","0.23999999646330253","0.23999999646330253"
"13239","0.23999999646330253","0.23999999646330253","0.23999999646330253"
"13254","0.23999999646330253","0.23999999646330253","0.23999999646330253"
"13259","0.23999999646330253","0.23999999646330253","0.23999999646330253"
"13268","0.23999999646330253","0.23999999646330253","0.23999999646330253"
"13279","0.23999999646330253","0.23999999646330253","0.23999999646330253"
"13290","0.23999999646330253","0.23999999646330253","0.23999999646330253"
"13296","0.23999999646330253","0.23999999646330253","0.23999999646330253"
"13300","0.23999999646330253","0.23999999646330253","0.23999999646330253"
"13304","0.24039999645319768","0.24039999645319768","0.24039999645319768"
"13305","0.24059999644814525","0.24059999644814525","0.24059999644814525"
"13311","0.24119999643298798","0.24119999643298798","0.24119999643298798"
"13312","0.24119999643298798","0.24119999643298798","0.24119999643298798"
"13319","0.24119999643298798","0.24119999643298798","0.24119999643298798"
"13322","0.24119999643298798","0.24119999643298798","0.24119999643298798"
"13324","0.24119999643298798","0.24119999643298798","0.24119999643298798"
"13325","0.24119999643298798","0.24119999643298798","0.24119999643298798"
"13329","0.24119999643298798","0.24119999643298798","0.24119999643298798"
"13333","0.24119999643298798","0.24119999643298798","0.24119999643298798"
"13336","0.24119999643298798","0.24119999643298798","0.24119999643298798"
"13337","0.24119999643298798","0.24119999643298798","0.24119999643298798"
"13339","0.24119999643298798","0.24119999643298798","0.24119999643298798"
"13341","0.24119999643298798","0.24119999643298798","0.24119999643298798"
"13348","0.24119999643298798","0.24119999643298798","0.24119999643298798"
"13350","0.24119999643298798","0.24119999643298798","0.24119999643298798"
"13353","0.24119999643298798","0.24119999643298798","0.24119999643298798"
"13355","0.24119999643298798","0.24119999643298798","0.24119999643298798"
"13358","0.24119999643298798","0.24119999643298798","0.24119999643298798"
"13376","0.24119999643298798","0.24119999643298798","0.24119999643298798"
"13382","0.24119999643298798","0.24119999643298798","0.24119999643298798"
"13389","0.24119999643298798","0.24119999643298798","0.24119999643298798"
"13394","0.24119999643298798","0.24119999643298798","0.24119999643298798"
"13399","0.24119999643298798","0.24119999643298798","0.24119999643298798"
"13401","0.24119999643298798","0.24119999643298798","0.24119999643298798"
"13403","0.24119999643298798","0.24119999643298798","0.24119999643298798"
"13423","0.24199999641277828","0.24199999641277828","0.24199999641277828"
"13453","0.24199999641277828","0.24199999641277828","0.24199999641277828"
"13454","0.24199999641277828","0.24199999641277828","0.24199999641277828"
"13457","0.24199999641277828","0.24199999641277828","0.24199999641277828"
"13466","0.24199999641277828","0.24199999641277828","0.24199999641277828"
"13468","0.24199999641277828","0.24199999641277828","0.24199999641277828"
"13470","0.24199999641277828","0.24199999641277828","0.24199999641277828"
"13478","0.24199999641277828","0.24199999641277828","0.24199999641277828"
"13489","0.24199999641277828","0.24199999641277828","0.24199999641277828"
"13494","0.24199999641277828","0.24199999641277828","0.24199999641277828"
"13497","0.24199999641277828","0.24199999641277828","0.24199999641277828"
"13499","0.24199999641277828","0.24199999641277828","0.24199999641277828"
"13501","0.24199999641277828","0.24199999641277828","0.24199999641277828"
"13514","0.24199999641277828","0.24199999641277828","0.24199999641277828"
"13515","0.24199999641277828","0.24199999641277828","0.24199999641277828"
"13519","0.24199999641277828","0.24199999641277828","0.24199999641277828"
"13520","0.24199999641277828","0.24199999641277828","0.24199999641277828"
"13523","0.24219999640772585","0.24219999640772585","0.24219999640772585"
"13533","0.24279999639256858","0.24279999639256858","0.24279999639256858"
"13543","0.24279999639256858","0.24279999639256858","0.24279999639256858"
"13547","0.24279999639256858","0.24279999639256858","0.24279999639256858"
"13548","0.24279999639256858","0.24279999639256858","0.24279999639256858"
"13554","0.24279999639256858","0.24279999639256858","0.24279999639256858"
"13563","0.24279999639256858","0.24279999639256858","0.24279999639256858"
"13564","0.24279999639256858","0.24279999639256858","0.24279999639256858"
"13567","0.24279999639256858","0.24279999639256858","0.24279999639256858"
"13569","0.24279999639256858","0.24279999639256858","0.24279999639256858"
"13570","0.24279999639256858","0.24279999639256858","0.24279999639256858"
"13587","0.24279999639256858","0.24279999639256858","0.24279999639256858"
"13591","0.24279999639256858","0.24279999639256858","0.24279999639256858"
"13594","0.24279999639256858","0.24279999639256858","0.24279999639256858"
"13597","0.24279999639256858","0.24279999639256858","0.24279999639256858"
"13598","0.24279999639256858","0.24279999639256858","0.24279999639256858"
"13604","0.24279999639256858","0.24279999639256858","0.24279999639256858"
"13605","0.24279999639256858","0.24279999639256858","0.24279999639256858"
"13615","0.24279999639256858","0.24279999639256858","0.24279999639256858"
"13617","0.24279999639256858","0.24279999639256858","0.24279999639256858"
"13618","0.24279999639256858","0.24279999639256858","0.24279999639256858"
"13621","0.24279999639256858","0.24279999639256858","0.24279999639256858"
"13625","0.24279999639256858","0.24279999639256858","0.24279999639256858"
"13627","0.24279999639256858","0.24279999639256858","0.24279999639256858"
"13632","0.24279999639256858","0.24279999639256858","0.24279999639256858"
"13637","0.24219999640772585","0.24219999640772585","0.24219999640772585"
"13648","0.24239999640267343","0.24239999640267343","0.24239999640267343"
"13660","0.24239999640267343","0.24239999640267343","0.24239999640267343"
"13693","0.24239999640267343","0.24239999640267343","0.24239999640267343"
"13698","0.24239999640267343","0.24239999640267343","0.24239999640267343"
"13699","0.24239999640267343","0.24239999640267343","0.24239999640267343"
"13709","0.24239999640267343","0.24239999640267343","0.24239999640267343"
"13727","0.24239999640267343","0.24239999640267343","0.24239999640267343"
"13728","0.24239999640267343","0.24239999640267343","0.24239999640267343"
"13743","0.24239999640267343","0.24239999640267343","0.24239999640267343"
"13749","0.24299999638751615","0.24299999638751615","0.24299999638751615"
"13768","0.24319999638246373","0.24319999638246373","0.24319999638246373"
"13776","0.24319999638246373","0.24319999638246373","0.24319999638246373"
"13783","0.24319999638246373","0.24319999638246373","0.24319999638246373"
"13801","0.24319999638246373","0.24319999638246373","0.24319999638246373"
"13803","0.24319999638246373","0.24319999638246373","0.24319999638246373"
"13813","0.24319999638246373","0.24319999638246373","0.24319999638246373"
"13817","0.24319999638246373","0.24319999638246373","0.24319999638246373"
"13822","0.24319999638246373","0.24319999638246373","0.24319999638246373"
"13843","0.24319999638246373","0.24319999638246373","0.24319999638246373"
"13845","0.24319999638246373","0.24319999638246373","0.24319999638246373"
"13849","0.24319999638246373","0.24319999638246373","0.24319999638246373"
"13850","0.24319999638246373","0.24319999638246373","0.24319999638246373"
"13854","0.24359999637235888","0.24359999637235888","0.24359999637235888"
"13862","0.24399999636225403","0.24399999636225403","0.24399999636225403"
"13867","0.24399999636225403","0.24399999636225403","0.24399999636225403"
"13882","0.24399999636225403","0.24399999636225403","0.24399999636225403"
"13888","0.24399999636225403","0.24399999636225403","0.24399999636225403"
"13891","0.24399999636225403","0.24399999636225403","0.24399999636225403"
"13901","0.24399999636225403","0.24399999636225403","0.24399999636225403"
"13909","0.24399999636225403","0.24399999636225403","0.24399999636225403"
"13933","0.24399999636225403","0.24399999636225403","0.24399999636225403"
"13948","0.24399999636225403","0.24399999636225403","0.24399999636225403"
"13949","0.24399999636225403","0.24399999636225403","0.24399999636225403"
"13958","0.24399999636225403","0.24399999636225403","0.24399999636225403"
"13963","0.2441999963572016","0.2441999963572016","0.2441999963572016"
"13975","0.24399999636225403","0.24399999636225403","0.24399999636225403"
"13977","0.24399999636225403","0.24399999636225403","0.24399999636225403"
"13986","0.24399999636225403","0.24399999636225403","0.24399999636225403"
"13996","0.24399999636225403","0.24399999636225403","0.24399999636225403"
"14000","0.24399999636225403","0.24399999636225403","0.24399999636225403"
"14001","0.24399999636225403","0.24399999636225403","0.24399999636225403"
"14019","0.24399999636225403","0.24399999636225403","0.24399999636225403"
"14029","0.24399999636225403","0.24399999636225403","0.24399999636225403"
"14050","0.24399999636225403","0.24399999636225403","0.24399999636225403"
"14059","0.24399999636225403","0.24399999636225403","0.24399999636225403"
"14067","0.24399999636225403","0.24399999636225403","0.24399999636225403"
"14068","0.24399999636225403","0.24399999636225403","0.24399999636225403"
"14079","0.24379999636730645","0.24379999636730645","0.24379999636730645"
"14080","0.24399999636225403","0.24399999636225403","0.24399999636225403"
"14081","0.24399999636225403","0.24399999636225403","0.24399999636225403"
"14083","0.24399999636225403","0.24399999636225403","0.24399999636225403"
"14091","0.24399999636225403","0.24399999636225403","0.24399999636225403"
"14093","0.24399999636225403","0.24399999636225403","0.24399999636225403"
"14094","0.24399999636225403","0.24399999636225403","0.24399999636225403"
"14097","0.24399999636225403","0.24399999636225403","0.24399999636225403"
"14112","0.24399999636225403","0.24399999636225403","0.24399999636225403"
"14117","0.24399999636225403","0.24399999636225403","0.24399999636225403"
"14131","0.24399999636225403","0.24399999636225403","0.24399999636225403"
"14137","0.24399999636225403","0.24399999636225403","0.24399999636225403"
"14138","0.24399999636225403","0.24399999636225403","0.24399999636225403"
"14142","0.24399999636225403","0.24399999636225403","0.24399999636225403"
"14149","0.24399999636225403","0.24399999636225403","0.24399999636225403"
"14153","0.24399999636225403","0.24399999636225403","0.24399999636225403"
"14154","0.24399999636225403","0.24399999636225403","0.24399999636225403"
"14162","0.24399999636225403","0.24399999636225403","0.24399999636225403"
"14170","0.24399999636225403","0.24399999636225403","0.24399999636225403"
"14171","0.24399999636225403","0.24399999636225403","0.24399999636225403"
"14178","0.24399999636225403","0.24399999636225403","0.24399999636225403"
"14182","0.24399999636225403","0.24399999636225403","0.24399999636225403"
"14186","0.24439999635214918","0.24439999635214918","0.24439999635214918"
"14192","0.24439999635214918","0.24439999635214918","0.24439999635214918"
"14195","0.24439999635214918","0.24439999635214918","0.24439999635214918"
"14207","0.24439999635214918","0.24439999635214918","0.24439999635214918"
"14208","0.24439999635214918","0.24439999635214918","0.24439999635214918"
"14214","0.24439999635214918","0.24439999635214918","0.24439999635214918"
"14228","0.24439999635214918","0.24439999635214918","0.24439999635214918"
"14230","0.24439999635214918","0.24439999635214918","0.24439999635214918"
"14247","0.24439999635214918","0.24439999635214918","0.24439999635214918"
"14251","0.24439999635214918","0.24439999635214918","0.24439999635214918"
"14253","0.24439999635214918","0.24439999635214918","0.24439999635214918"
"14254","0.24439999635214918","0.24439999635214918","0.24439999635214918"
"14256","0.24439999635214918","0.24439999635214918","0.24439999635214918"
"14276","0.24439999635214918","0.24439999635214918","0.24439999635214918"
"14279","0.24439999635214918","0.24439999635214918","0.24439999635214918"
"14281","0.24439999635214918","0.24439999635214918","0.24439999635214918"
"14282","0.24439999635214918","0.24439999635214918","0.24439999635214918"
"14292","0.24479999634204433","0.24479999634204433","0.24479999634204433"
"14298","0.24559999632183463","0.24559999632183463","0.24559999632183463"
"14299","0.2457999963167822","0.2457999963167822","0.2457999963167822"
"14307","0.24599999631172978","0.24599999631172978","0.24599999631172978"
"14319","0.24599999631172978","0.24599999631172978","0.24599999631172978"
"14322","0.24599999631172978","0.24599999631172978","0.24599999631172978"
"14337","0.24599999631172978","0.24599999631172978","0.24599999631172978"
"14338","0.24599999631172978","0.24599999631172978","0.24599999631172978"
"14344","0.24599999631172978","0.24599999631172978","0.24599999631172978"
"14345","0.24599999631172978","0.24599999631172978","0.24599999631172978"
"14349","0.24599999631172978","0.24599999631172978","0.24599999631172978"
"14359","0.24599999631172978","0.24599999631172978","0.24599999631172978"
"14367","0.24599999631172978","0.24599999631172978","0.24599999631172978"
"14378","0.24599999631172978","0.24599999631172978","0.24599999631172978"
"14380","0.24599999631172978","0.24599999631172978","0.24599999631172978"
"14383","0.24599999631172978","0.24599999631172978","0.24599999631172978"
"14390","0.24599999631172978","0.24599999631172978","0.24599999631172978"
"14392","0.24599999631172978","0.24599999631172978","0.24599999631172978"
"14419","0.24639999630162493","0.24639999630162493","0.24639999630162493"
"14423","0.24639999630162493","0.24639999630162493","0.24639999630162493"
"14437","0.24639999630162493","0.24639999630162493","0.24639999630162493"
"14440","0.24639999630162493","0.24639999630162493","0.24639999630162493"
"14443","0.24639999630162493","0.24639999630162493","0.24639999630162493"
"14449","0.24639999630162493","0.24639999630162493","0.24639999630162493"
"14452","0.24639999630162493","0.24639999630162493","0.24639999630162493"
"14458","0.24639999630162493","0.24639999630162493","0.24639999630162493"
"14462","0.24639999630162493","0.24639999630162493","0.24639999630162493"
"14479","0.24639999630162493","0.24639999630162493","0.24639999630162493"
"14482","0.24639999630162493","0.24639999630162493","0.24639999630162493"
"14483","0.24639999630162493","0.24639999630162493","0.24639999630162493"
"14484","0.24639999630162493","0.24639999630162493","0.24639999630162493"
"14485","0.24639999630162493","0.24639999630162493","0.24639999630162493"
"14495","0.24639999630162493","0.24639999630162493","0.24639999630162493"
"14508","0.24639999630162493","0.24639999630162493","0.24639999630162493"
"14510","0.24639999630162493","0.24639999630162493","0.24639999630162493"
"14512","0.24679999629152008","0.24679999629152008","0.24679999629152008"
"14513","0.24699999628646765","0.24699999628646765","0.24699999628646765"
"14516","0.24679999629152008","0.24679999629152008","0.24679999629152008"
"14518","0.24639999630162493","0.24639999630162493","0.24639999630162493"
"14530","0.24679999629152008","0.24679999629152008","0.24679999629152008"
"14540","0.24679999629152008","0.24679999629152008","0.24679999629152008"
"14553","0.24679999629152008","0.24679999629152008","0.24679999629152008"
"14568","0.24679999629152008","0.24679999629152008","0.24679999629152008"
"14571","0.24679999629152008","0.24679999629152008","0.24679999629152008"
"14576","0.24679999629152008","0.24679999629152008","0.24679999629152008"
"14590","0.24679999629152008","0.24679999629152008","0.24679999629152008"
"14594","0.24679999629152008","0.24679999629152008","0.24679999629152008"
"14611","0.24679999629152008","0.24679999629152008","0.24679999629152008"
"14612","0.24679999629152008","0.24679999629152008","0.24679999629152008"
"14613","0.24679999629152008","0.24679999629152008","0.24679999629152008"
"14627","0.2465999962965725","0.2465999962965725","0.2465999962965725"
"14630","0.24719999628141523","0.24719999628141523","0.24719999628141523"
"14631","0.24719999628141523","0.24719999628141523","0.24719999628141523"
"14635","0.24719999628141523","0.24719999628141523","0.24719999628141523"
"14641","0.24719999628141523","0.24719999628141523","0.24719999628141523"
"14647","0.24719999628141523","0.24719999628141523","0.24719999628141523"
"14653","0.24719999628141523","0.24719999628141523","0.24719999628141523"
"14654","0.24719999628141523","0.24719999628141523","0.24719999628141523"
"14656","0.24719999628141523","0.24719999628141523","0.24719999628141523"
"14664","0.24719999628141523","0.24719999628141523","0.24719999628141523"
"14666","0.24719999628141523","0.24719999628141523","0.24719999628141523"
"14668","0.24719999628141523","0.24719999628141523","0.24719999628141523"
"14672","0.24719999628141523","0.24719999628141523","0.24719999628141523"
"14673","0.24719999628141523","0.24719999628141523","0.24719999628141523"
"14678","0.24719999628141523","0.24719999628141523","0.24719999628141523"
"14688","0.24719999628141523","0.24719999628141523","0.24719999628141523"
"14690","0.24719999628141523","0.24719999628141523","0.24719999628141523"
"14693","0.24719999628141523","0.24719999628141523","0.24719999628141523"
"14698","0.24719999628141523","0.24719999628141523","0.24719999628141523"
"14709","0.24719999628141523","0.24719999628141523","0.24719999628141523"
"14711","0.24719999628141523","0.24719999628141523","0.24719999628141523"
"14716","0.24719999628141523","0.24719999628141523","0.24719999628141523"
"14718","0.24719999628141523","0.24719999628141523","0.24719999628141523"
"14719","0.24719999628141523","0.24719999628141523","0.24719999628141523"
"14724","0.24719999628141523","0.24719999628141523","0.24719999628141523"
"14725","0.24719999628141523","0.24719999628141523","0.24719999628141523"
"14734","0.24759999627131038","0.24759999627131038","0.24759999627131038"
"14737","0.2473999962763628","0.2473999962763628","0.2473999962763628"
"14738","0.24759999627131038","0.24759999627131038","0.24759999627131038"
"14747","0.24799999626120553","0.24799999626120553","0.24799999626120553"
"14748","0.24799999626120553","0.24799999626120553","0.24799999626120553"
"14750","0.24799999626120553","0.24799999626120553","0.24799999626120553"
"14754","0.24799999626120553","0.24799999626120553","0.24799999626120553"
"14757","0.24799999626120553","0.24799999626120553","0.24799999626120553"
"14758","0.24799999626120553","0.24799999626120553","0.24799999626120553"
"14763","0.24799999626120553","0.24799999626120553","0.24799999626120553"
"14772","0.24799999626120553","0.24799999626120553","0.24799999626120553"
"14779","0.24799999626120553","0.24799999626120553","0.24799999626120553"
"14783","0.24799999626120553","0.24799999626120553","0.24799999626120553"
"14785","0.24799999626120553","0.24799999626120553","0.24799999626120553"
"14788","0.24799999626120553","0.24799999626120553","0.24799999626120553"
"14793","0.24799999626120553","0.24799999626120553","0.24799999626120553"
"14799","0.24799999626120553","0.24799999626120553","0.24799999626120553"
"14801","0.24799999626120553","0.24799999626120553","0.24799999626120553"
"14805","0.24799999626120553","0.24799999626120553","0.24799999626120553"
"14806","0.24799999626120553","0.24799999626120553","0.24799999626120553"
"14826","0.24799999626120553","0.24799999626120553","0.24799999626120553"
"14831","0.24799999626120553","0.24799999626120553","0.24799999626120553"
"14850","0.24839999625110068","0.24839999625110068","0.24839999625110068"
"14862","0.24839999625110068","0.24839999625110068","0.24839999625110068"
"14870","0.24839999625110068","0.24839999625110068","0.24839999625110068"
"14875","0.24839999625110068","0.24839999625110068","0.24839999625110068"
"14877","0.24839999625110068","0.24839999625110068","0.24839999625110068"
"14879","0.24839999625110068","0.24839999625110068","0.24839999625110068"
"14885","0.24839999625110068","0.24839999625110068","0.24839999625110068"
"14889","0.24839999625110068","0.24839999625110068","0.24839999625110068"
"14895","0.24839999625110068","0.24839999625110068","0.24839999625110068"
"14900","0.24839999625110068","0.24839999625110068","0.24839999625110068"
"14906","0.24839999625110068","0.24839999625110068","0.24839999625110068"
"14907","0.24839999625110068","0.24839999625110068","0.24839999625110068"
"14908","0.24839999625110068","0.24839999625110068","0.24839999625110068"
"14910","0.24839999625110068","0.24839999625110068","0.24839999625110068"
"14917","0.24839999625110068","0.24839999625110068","0.24839999625110068"
"14925","0.24839999625110068","0.24839999625110068","0.24839999625110068"
"14929","0.24839999625110068","0.24839999625110068","0.24839999625110068"
"14932","0.24839999625110068","0.24839999625110068","0.24839999625110068"
"14940","0.24839999625110068","0.24839999625110068","0.24839999625110068"
"14956","0.2489999962359434","0.2489999962359434","0.2489999962359434"
"14960","0.2497999962157337","0.2497999962157337","0.2497999962157337"
"14968","0.2497999962157337","0.2497999962157337","0.2497999962157337"
"14978","0.2497999962157337","0.2497999962157337","0.2497999962157337"
"14981","0.2497999962157337","0.2497999962157337","0.2497999962157337"
"14983","0.2497999962157337","0.2497999962157337","0.2497999962157337"
"14989","0.2497999962157337","0.2497999962157337","0.2497999962157337"
"15004","0.2497999962157337","0.2497999962157337","0.2497999962157337"
"15012","0.2497999962157337","0.2497999962157337","0.2497999962157337"
"15014","0.2497999962157337","0.2497999962157337","0.2497999962157337"
"15017","0.2497999962157337","0.2497999962157337","0.2497999962157337"
"15021","0.2497999962157337","0.2497999962157337","0.2497999962157337"
"15033","0.2497999962157337","0.2497999962157337","0.2497999962157337"
"15034","0.2497999962157337","0.2497999962157337","0.2497999962157337"
"15042","0.2497999962157337","0.2497999962157337","0.2497999962157337"
"15048","0.2497999962157337","0.2497999962157337","0.2497999962157337"
"15055","0.2497999962157337","0.2497999962157337","0.2497999962157337"
"15064","0.2501999962056288","0.2501999962056288","0.2501999962056288"
"15077","0.2509999961854191","0.2509999961854191","0.2509999961854191"
"15078","0.2509999961854191","0.2509999961854191","0.2509999961854191"
"15084","0.2509999961854191","0.2509999961854191","0.2509999961854191"
"15086","0.2509999961854191","0.2509999961854191","0.2509999961854191"
"15088","0.2509999961854191","0.2509999961854191","0.2509999961854191"
"15092","0.2509999961854191","0.2509999961854191","0.2509999961854191"
"15099","0.2509999961854191","0.2509999961854191","0.2509999961854191"
"15111","0.2509999961854191","0.2509999961854191","0.2509999961854191"
"15114","0.2509999961854191","0.2509999961854191","0.2509999961854191"
"15124","0.2509999961854191","0.2509999961854191","0.2509999961854191"
"15132","0.2509999961854191","0.2509999961854191","0.2509999961854191"
"15140","0.2509999961854191","0.2509999961854191","0.2509999961854191"
"15150","0.2509999961854191","0.2509999961854191","0.2509999961854191"
"15151","0.2509999961854191","0.2509999961854191","0.2509999961854191"
"15158","0.2509999961854191","0.2509999961854191","0.2509999961854191"
"15159","0.2509999961854191","0.2509999961854191","0.2509999961854191"
"15165","0.2509999961854191","0.2509999961854191","0.2509999961854191"
"15177","0.2511999961803667","0.2511999961803667","0.2511999961803667"
"15179","0.25159999617026185","0.25159999617026185","0.25159999617026185"
"15183","0.2517999961652094","0.2517999961652094","0.2517999961652094"
"15187","0.2517999961652094","0.2517999961652094","0.2517999961652094"
"15198","0.2517999961652094","0.2517999961652094","0.2517999961652094"
"15219","0.2517999961652094","0.2517999961652094","0.2517999961652094"
"15223","0.2517999961652094","0.2517999961652094","0.2517999961652094"
"15226","0.2517999961652094","0.2517999961652094","0.2517999961652094"
"15228","0.2517999961652094","0.2517999961652094","0.2517999961652094"
"15230","0.2517999961652094","0.2517999961652094","0.2517999961652094"
"15234","0.2517999961652094","0.2517999961652094","0.2517999961652094"
"15235","0.2517999961652094","0.2517999961652094","0.2517999961652094"
"15240","0.2517999961652094","0.2517999961652094","0.2517999961652094"
"15243","0.2517999961652094","0.2517999961652094","0.2517999961652094"
"15245","0.2517999961652094","0.2517999961652094","0.2517999961652094"
"15249","0.2517999961652094","0.2517999961652094","0.2517999961652094"
"15261","0.2517999961652094","0.2517999961652094","0.2517999961652094"
"15283","0.251999996160157","0.251999996160157","0.251999996160157"
"15290","0.2522924569726456","0.2522924569726456","0.2522924569726456"
"15303","0.2522924569726456","0.2522924569726456","0.2522924569726456"
"15307","0.2522924569726456","0.2522924569726456","0.2522924569726456"
"15308","0.2522924569726456","0.2522924569726456","0.2522924569726456"
"15310","0.2522924569726456","0.2522924569726456","0.2522924569726456"
"15330","0.2522924569726456","0.2522924569726456","0.2522924569726456"
"15347","0.2522924569726456","0.2522924569726456","0.2522924569726456"
"15350","0.2522924569726456","0.2522924569726456","0.2522924569726456"
"15354","0.2522924569726456","0.2522924569726456","0.2522924569726456"
"15363","0.2522924569726456","0.2522924569726456","0.2522924569726456"
"15367","0.2522924569726456","0.2522924569726456","0.2522924569726456"
"15386","0.2522924569726456","0.2522924569726456","0.2522924569726456"
"15390","0.2522924569726456","0.2522924569726456","0.2522924569726456"
"15405","0.253492456942331","0.253492456942331","0.253492456942331"
"15417","0.253492456942331","0.253492456942331","0.253492456942331"
"15422","0.253492456942331","0.253492456942331","0.253492456942331"
"15435","0.253492456942331","0.253492456942331","0.253492456942331"
"15442","0.253492456942331","0.253492456942331","0.253492456942331"
"15444","0.253492456942331","0.253492456942331","0.253492456942331"
"15445","0.253492456942331","0.253492456942331","0.253492456942331"
"15449","0.253492456942331","0.253492456942331","0.253492456942331"
"15451","0.253492456942331","0.253492456942331","0.253492456942331"
"15455","0.253492456942331","0.253492456942331","0.253492456942331"
"15460","0.253492456942331","0.253492456942331","0.253492456942331"
"15465","0.253492456942331","0.253492456942331","0.253492456942331"
"15468","0.253492456942331","0.253492456942331","0.253492456942331"
"15469","0.253492456942331","0.253492456942331","0.253492456942331"
"15475","0.253492456942331","0.253492456942331","0.253492456942331"
"15476","0.253492456942331","0.253492456942331","0.253492456942331"
"15477","0.253492456942331","0.253492456942331","0.253492456942331"
"15482","0.253492456942331","0.253492456942331","0.253492456942331"
"15491","0.253492456942331","0.253492456942331","0.253492456942331"
"15505","0.2544924569170689","0.2544924569170689","0.2544924569170689"
"15507","0.25489245690696405","0.25489245690696405","0.25489245690696405"
"15513","0.2554751462099375","0.2554751462099375","0.2554751462099375"
"15517","0.2554751462099375","0.2554751462099375","0.2554751462099375"
"15536","0.2554751462099375","0.2554751462099375","0.2554751462099375"
"15546","0.2554751462099375","0.2554751462099375","0.2554751462099375"
"15550","0.2554751462099375","0.2554751462099375","0.2554751462099375"
"15553","0.2554751462099375","0.2554751462099375","0.2554751462099375"
"15567","0.2554751462099375","0.2554751462099375","0.2554751462099375"
"15568","0.2554751462099375","0.2554751462099375","0.2554751462099375"
"15574","0.2554751462099375","0.2554751462099375","0.2554751462099375"
"15582","0.2554751462099375","0.2554751462099375","0.2554751462099375"
"15584","0.2554751462099375","0.2554751462099375","0.2554751462099375"
"15594","0.2554751462099375","0.2554751462099375","0.2554751462099375"
"15606","0.2554751462099375","0.2554751462099375","0.2554751462099375"
"15607","0.2554751462099375","0.2554751462099375","0.2554751462099375"
"15620","0.25667514617962295","0.25667514617962295","0.25667514617962295"
"15631","0.25667514617962295","0.25667514617962295","0.25667514617962295"
"15641","0.25667514617962295","0.25667514617962295","0.25667514617962295"
"15644","0.25667514617962295","0.25667514617962295","0.25667514617962295"
"15646","0.25667514617962295","0.25667514617962295","0.25667514617962295"
"15662","0.25667514617962295","0.25667514617962295","0.25667514617962295"
"15663","0.25667514617962295","0.25667514617962295","0.25667514617962295"
"15667","0.25667514617962295","0.25667514617962295","0.25667514617962295"
"15674","0.25667514617962295","0.25667514617962295","0.25667514617962295"
"15682","0.25667514617962295","0.25667514617962295","0.25667514617962295"
"15684","0.25667514617962295","0.25667514617962295","0.25667514617962295"
"15685","0.25667514617962295","0.25667514617962295","0.25667514617962295"
"15687","0.25667514617962295","0.25667514617962295","0.25667514617962295"
"15688","0.25667514617962295","0.25667514617962295","0.25667514617962295"
"15692","0.25667514617962295","0.25667514617962295","0.25667514617962295"
"15693","0.25667514617962295","0.25667514617962295","0.25667514617962295"
"15701","0.25667514617962295","0.25667514617962295","0.25667514617962295"
"15707","0.25667514617962295","0.25667514617962295","0.25667514617962295"
"15712","0.25667514617962295","0.25667514617962295","0.25667514617962295"
"15713","0.25667514617962295","0.25667514617962295","0.25667514617962295"
"15714","0.25667514617962295","0.25667514617962295","0.25667514617962295"
"15716","0.25667514617962295","0.25667514617962295","0.25667514617962295"
"15736","0.25669400797924025","0.25669400797924025","0.25669400797924025"
"15741","0.25669400797924025","0.25669400797924025","0.25669400797924025"
"15747","0.25669400797924025","0.25669400797924025","0.25669400797924025"
"15748","0.25669400797924025","0.25669400797924025","0.25669400797924025"
"15749","0.25669400797924025","0.25669400797924025","0.25669400797924025"
"15750","0.25669400797924025","0.25669400797924025","0.25669400797924025"
"15774","0.25669400797924025","0.25669400797924025","0.25669400797924025"
"15777","0.25669400797924025","0.25669400797924025","0.25669400797924025"
"15789","0.25669400797924025","0.25669400797924025","0.25669400797924025"
"15801","0.25669400797924025","0.25669400797924025","0.25669400797924025"
"15803","0.25669400797924025","0.25669400797924025","0.25669400797924025"
"15805","0.25669400797924025","0.25669400797924025","0.25669400797924025"
"15808","0.25669400797924025","0.25669400797924025","0.25669400797924025"
"15816","0.25669400797924025","0.25669400797924025","0.25669400797924025"
"15817","0.25669400797924025","0.25669400797924025","0.25669400797924025"
"15819","0.25669400797924025","0.25669400797924025","0.25669400797924025"
"15827","0.25669400797924025","0.25669400797924025","0.25669400797924025"
"15829","0.25669400797924025","0.25669400797924025","0.25669400797924025"
"15832","0.2570940079691354","0.2570940079691354","0.2570940079691354"
"15838","0.2570940079691354","0.2570940079691354","0.2570940079691354"
"15845","0.25729400796408297","0.25729400796408297","0.25729400796408297"
"15846","0.25729400796408297","0.25729400796408297","0.25729400796408297"
"15857","0.25729400796408297","0.25729400796408297","0.25729400796408297"
"15861","0.25729400796408297","0.25729400796408297","0.25729400796408297"
"15879","0.25729400796408297","0.25729400796408297","0.25729400796408297"
"15889","0.25729400796408297","0.25729400796408297","0.25729400796408297"
"15890","0.25729400796408297","0.25729400796408297","0.25729400796408297"
"15891","0.25729400796408297","0.25729400796408297","0.25729400796408297"
"15898","0.25729400796408297","0.25729400796408297","0.25729400796408297"
"15899","0.25729400796408297","0.25729400796408297","0.25729400796408297"
"15900","0.25729400796408297","0.25729400796408297","0.25729400796408297"
"15901","0.25729400796408297","0.25729400796408297","0.25729400796408297"
"15904","0.25729400796408297","0.25729400796408297","0.25729400796408297"
"15912","0.25729400796408297","0.25729400796408297","0.25729400796408297"
"15913","0.25729400796408297","0.25729400796408297","0.25729400796408297"
"15917","0.25729400796408297","0.25729400796408297","0.25729400796408297"
"15919","0.25729400796408297","0.25729400796408297","0.25729400796408297"
"15923","0.25729400796408297","0.25729400796408297","0.25729400796408297"
"15924","0.25729400796408297","0.25729400796408297","0.25729400796408297"
"15927","0.25729400796408297","0.25729400796408297","0.25729400796408297"
"15928","0.25729400796408297","0.25729400796408297","0.25729400796408297"
"15942","0.2576940079539781","0.2576940079539781","0.2576940079539781"
"15953","0.25809400794387327","0.25809400794387327","0.25809400794387327"
"15955","0.25809400794387327","0.25809400794387327","0.25809400794387327"
"15957","0.25809400794387327","0.25809400794387327","0.25809400794387327"
"15961","0.25809400794387327","0.25809400794387327","0.25809400794387327"
"15976","0.25809400794387327","0.25809400794387327","0.25809400794387327"
"15987","0.25809400794387327","0.25809400794387327","0.25809400794387327"
"15992","0.25809400794387327","0.25809400794387327","0.25809400794387327"
"15997","0.25809400794387327","0.25809400794387327","0.25809400794387327"
"16000","0.25809400794387327","0.25809400794387327","0.25809400794387327"
"16001","0.25809400794387327","0.25809400794387327","0.25809400794387327"
"16012","0.25809400794387327","0.25809400794387327","0.25809400794387327"
"16020","0.25809400794387327","0.25809400794387327","0.25809400794387327"
"16032","0.25809400794387327","0.25809400794387327","0.25809400794387327"
"16036","0.25809400794387327","0.25809400794387327","0.25809400794387327"
"16052","0.2584742913692025","0.2584742913692025","0.2584742913692025"
"16056","0.2592742913489928","0.2592742913489928","0.2592742913489928"
"16059","0.25987429133383555","0.25987429133383555","0.25987429133383555"
"16071","0.2600742913287831","0.2600742913287831","0.2600742913287831"
"16074","0.2600742913287831","0.2600742913287831","0.2600742913287831"
"16076","0.2600742913287831","0.2600742913287831","0.2600742913287831"
"16087","0.2600742913287831","0.2600742913287831","0.2600742913287831"
"16089","0.2600742913287831","0.2600742913287831","0.2600742913287831"
"16092","0.2600742913287831","0.2600742913287831","0.2600742913287831"
"16101","0.2600742913287831","0.2600742913287831","0.2600742913287831"
"16104","0.2600742913287831","0.2600742913287831","0.2600742913287831"
"16118","0.2600742913287831","0.2600742913287831","0.2600742913287831"
"16143","0.2600742913287831","0.2600742913287831","0.2600742913287831"
"16146","0.2600742913287831","0.2600742913287831","0.2600742913287831"
"16148","0.2600742913287831","0.2600742913287831","0.2600742913287831"
"16155","0.2600742913287831","0.2600742913287831","0.2600742913287831"
"16164","0.2608742913085734","0.2608742913085734","0.2608742913085734"
"16165","0.261074291303521","0.261074291303521","0.261074291303521"
"16182","0.2616742912883637","0.2616742912883637","0.2616742912883637"
"16184","0.2616742912883637","0.2616742912883637","0.2616742912883637"
"16190","0.2616742912883637","0.2616742912883637","0.2616742912883637"
"16194","0.2616742912883637","0.2616742912883637","0.2616742912883637"
"16195","0.2616742912883637","0.2616742912883637","0.2616742912883637"
"16203","0.2616742912883637","0.2616742912883637","0.2616742912883637"
"16204","0.2616742912883637","0.2616742912883637","0.2616742912883637"
"16206","0.2616742912883637","0.2616742912883637","0.2616742912883637"
"16208","0.2616742912883637","0.2616742912883637","0.2616742912883637"
"16215","0.2616742912883637","0.2616742912883637","0.2616742912883637"
"16216","0.2616742912883637","0.2616742912883637","0.2616742912883637"
"16224","0.2616742912883637","0.2616742912883637","0.2616742912883637"
"16226","0.2616742912883637","0.2616742912883637","0.2616742912883637"
"16239","0.2616742912883637","0.2616742912883637","0.2616742912883637"
"16241","0.2616742912883637","0.2616742912883637","0.2616742912883637"
"16243","0.2616742912883637","0.2616742912883637","0.2616742912883637"
"16250","0.2616742912883637","0.2616742912883637","0.2616742912883637"
"16255","0.2616742912883637","0.2616742912883637","0.2616742912883637"
"16261","0.2616742912883637","0.2616742912883637","0.2616742912883637"
"16269","0.2616742912883637","0.2616742912883637","0.2616742912883637"
"16273","0.2616742912883637","0.2616742912883637","0.2616742912883637"
"16274","0.26147429129341615","0.26147429129341615","0.26147429129341615"
"16279","0.2620742912782589","0.2620742912782589","0.2620742912782589"
"16281","0.26227429127320645","0.26227429127320645","0.26227429127320645"
"16285","0.26227429127320645","0.26227429127320645","0.26227429127320645"
"16288","0.26227429127320645","0.26227429127320645","0.26227429127320645"
"16291","0.26227429127320645","0.26227429127320645","0.26227429127320645"
"16309","0.26227429127320645","0.26227429127320645","0.26227429127320645"
"16315","0.26227429127320645","0.26227429127320645","0.26227429127320645"
"16317","0.26227429127320645","0.26227429127320645","0.26227429127320645"
"16319","0.26227429127320645","0.26227429127320645","0.26227429127320645"
"16320","0.26227429127320645","0.26227429127320645","0.26227429127320645"
"16330","0.26227429127320645","0.26227429127320645","0.26227429127320645"
"16334","0.26227429127320645","0.26227429127320645","0.26227429127320645"
"16337","0.26227429127320645","0.26227429127320645","0.26227429127320645"
"16340","0.26227429127320645","0.26227429127320645","0.26227429127320645"
"16342","0.26227429127320645","0.26227429127320645","0.26227429127320645"
"16343","0.26227429127320645","0.26227429127320645","0.26227429127320645"
"16349","0.26227429127320645","0.26227429127320645","0.26227429127320645"
"16351","0.26227429127320645","0.26227429127320645","0.26227429127320645"
"16353","0.26227429127320645","0.26227429127320645","0.26227429127320645"
"16358","0.26227429127320645","0.26227429127320645","0.26227429127320645"
"16370","0.26227429127320645","0.26227429127320645","0.26227429127320645"
"16382","0.26227429127320645","0.26227429127320645","0.26227429127320645"
"16396","0.2634742912428919","0.2634742912428919","0.2634742912428919"
"16400","0.2634742912428919","0.2634742912428919","0.2634742912428919"
"16411","0.2634742912428919","0.2634742912428919","0.2634742912428919"
"16431","0.2634742912428919","0.2634742912428919","0.2634742912428919"
"16453","0.2634742912428919","0.2634742912428919","0.2634742912428919"
"16458","0.2634742912428919","0.2634742912428919","0.2634742912428919"
"16467","0.2634742912428919","0.2634742912428919","0.2634742912428919"
"16470","0.2634742912428919","0.2634742912428919","0.2634742912428919"
"16474","0.2634742912428919","0.2634742912428919","0.2634742912428919"
"16484","0.2634742912428919","0.2634742912428919","0.2634742912428919"
"16486","0.2634742912428919","0.2634742912428919","0.2634742912428919"
"16488","0.2634742912428919","0.2634742912428919","0.2634742912428919"
"16489","0.2634742912428919","0.2634742912428919","0.2634742912428919"
"16491","0.2636742912378395","0.2636742912378395","0.2636742912378395"
"16492","0.26387429123278705","0.26387429123278705","0.26387429123278705"
"16498","0.2642742912226822","0.2642742912226822","0.2642742912226822"
"16502","0.2642742912226822","0.2642742912226822","0.2642742912226822"
"16503","0.2642742912226822","0.2642742912226822","0.2642742912226822"
"16517","0.2642742912226822","0.2642742912226822","0.2642742912226822"
"16519","0.2642742912226822","0.2642742912226822","0.2642742912226822"
"16523","0.2642742912226822","0.2642742912226822","0.2642742912226822"
"16528","0.2642742912226822","0.2642742912226822","0.2642742912226822"
"16530","0.2642742912226822","0.2642742912226822","0.2642742912226822"
"16531","0.2642742912226822","0.2642742912226822","0.2642742912226822"
"16535","0.2642742912226822","0.2642742912226822","0.2642742912226822"
"16541","0.2642742912226822","0.2642742912226822","0.2642742912226822"
"16542","0.2642742912226822","0.2642742912226822","0.2642742912226822"
"16545","0.2642742912226822","0.2642742912226822","0.2642742912226822"
"16555","0.2642742912226822","0.2642742912226822","0.2642742912226822"
"16557","0.2642742912226822","0.2642742912226822","0.2642742912226822"
"16572","0.2642742912226822","0.2642742912226822","0.2642742912226822"
"16586","0.2642742912226822","0.2642742912226822","0.2642742912226822"
"16587","0.2642742912226822","0.2642742912226822","0.2642742912226822"
"16588","0.2642742912226822","0.2642742912226822","0.2642742912226822"
"16597","0.2642742912226822","0.2642742912226822","0.2642742912226822"
"16614","0.2642742912226822","0.2642742912226822","0.2642742912226822"
"16616","0.2642742912226822","0.2642742912226822","0.2642742912226822"
"16617","0.2642742912226822","0.2642742912226822","0.2642742912226822"
"16618","0.2642742912226822","0.2642742912226822","0.2642742912226822"
"16622","0.2642742912226822","0.2642742912226822","0.2642742912226822"
"16624","0.2642742912226822","0.2642742912226822","0.2642742912226822"
"16626","0.2642742912226822","0.2642742912226822","0.2642742912226822"
"16629","0.2642742912226822","0.2642742912226822","0.2642742912226822"
"16631","0.2642742912226822","0.2642742912226822","0.2642742912226822"
"16637","0.2642742912226822","0.2642742912226822","0.2642742912226822"
"16640","0.2642742912226822","0.2642742912226822","0.2642742912226822"
"16649","0.2642742912226822","0.2642742912226822","0.2642742912226822"
"16650","0.2642742912226822","0.2642742912226822","0.2642742912226822"
"16655","0.2642742912226822","0.2642742912226822","0.2642742912226822"
"16656","0.2642742912226822","0.2642742912226822","0.2642742912226822"
"16671","0.2642742912226822","0.2642742912226822","0.2642742912226822"
"16673","0.2642742912226822","0.2642742912226822","0.2642742912226822"
"16686","0.2642742912226822","0.2642742912226822","0.2642742912226822"
"16687","0.2642742912226822","0.2642742912226822","0.2642742912226822"
"16692","0.2642742912226822","0.2642742912226822","0.2642742912226822"
"16694","0.2642742912226822","0.2642742912226822","0.2642742912226822"
"16706","0.2642742912226822","0.2642742912226822","0.2642742912226822"
"16725","0.2658742911822628","0.2658742911822628","0.2658742911822628"
"16726","0.2658742911822628","0.2658742911822628","0.2658742911822628"
"16732","0.2658742911822628","0.2658742911822628","0.2658742911822628"
"16735","0.2658742911822628","0.2658742911822628","0.2658742911822628"
"16737","0.2658742911822628","0.2658742911822628","0.2658742911822628"
"16740","0.2658742911822628","0.2658742911822628","0.2658742911822628"
"16746","0.2658742911822628","0.2658742911822628","0.2658742911822628"
"16753","0.2658742911822628","0.2658742911822628","0.2658742911822628"
"16759","0.2658742911822628","0.2658742911822628","0.2658742911822628"
"16760","0.2658742911822628","0.2658742911822628","0.2658742911822628"
"16763","0.2658742911822628","0.2658742911822628","0.2658742911822628"
"16765","0.2658742911822628","0.2658742911822628","0.2658742911822628"
"16768","0.2658742911822628","0.2658742911822628","0.2658742911822628"
"16781","0.2658742911822628","0.2658742911822628","0.2658742911822628"
"16784","0.2658742911822628","0.2658742911822628","0.2658742911822628"
"16787","0.2658742911822628","0.2658742911822628","0.2658742911822628"
"16793","0.2658742911822628","0.2658742911822628","0.2658742911822628"
"16795","0.2658742911822628","0.2658742911822628","0.2658742911822628"
"16796","0.2658742911822628","0.2658742911822628","0.2658742911822628"
"16799","0.2658742911822628","0.2658742911822628","0.2658742911822628"
"16802","0.2658742911822628","0.2658742911822628","0.2658742911822628"
"16805","0.2658742911822628","0.2658742911822628","0.2658742911822628"
"16815","0.2658742911822628","0.2658742911822628","0.2658742911822628"
"16823","0.2656742911873152","0.2656742911873152","0.2656742911873152"
"16824","0.26547429119236765","0.26547429119236765","0.26547429119236765"
"16826","0.26547429119236765","0.26547429119236765","0.26547429119236765"
"16833","0.26547429119236765","0.26547429119236765","0.26547429119236765"
"16854","0.26547429119236765","0.26547429119236765","0.26547429119236765"
"16862","0.26547429119236765","0.26547429119236765","0.26547429119236765"
"16867","0.26547429119236765","0.26547429119236765","0.26547429119236765"
"16877","0.26547429119236765","0.26547429119236765","0.26547429119236765"
"16878","0.26547429119236765","0.26547429119236765","0.26547429119236765"
"16881","0.26547429119236765","0.26547429119236765","0.26547429119236765"
"16883","0.26547429119236765","0.26547429119236765","0.26547429119236765"
"16885","0.26547429119236765","0.26547429119236765","0.26547429119236765"
"16893","0.26547429119236765","0.26547429119236765","0.26547429119236765"
"16894","0.26547429119236765","0.26547429119236765","0.26547429119236765"
"16900","0.26547429119236765","0.26547429119236765","0.26547429119236765"
"16902","0.26547429119236765","0.26547429119236765","0.26547429119236765"
"16905","0.26547429119236765","0.26547429119236765","0.26547429119236765"
"16909","0.26547429119236765","0.26547429119236765","0.26547429119236765"
"16914","0.26547429119236765","0.26547429119236765","0.26547429119236765"
"16917","0.26547429119236765","0.26547429119236765","0.26547429119236765"
"16919","0.26547429119236765","0.26547429119236765","0.26547429119236765"
"16924","0.26547429119236765","0.26547429119236765","0.26547429119236765"
"16928","0.26547429119236765","0.26547429119236765","0.26547429119236765"
"16932","0.26547429119236765","0.26547429119236765","0.26547429119236765"
"16936","0.26627429117215795","0.26627429117215795","0.26627429117215795"
"16941","0.2658742911822628","0.2658742911822628","0.2658742911822628"
"16952","0.2658742911822628","0.2658742911822628","0.2658742911822628"
"16955","0.2658742911822628","0.2658742911822628","0.2658742911822628"
"16971","0.2658742911822628","0.2658742911822628","0.2658742911822628"
"16981","0.2658742911822628","0.2658742911822628","0.2658742911822628"
"16982","0.2658742911822628","0.2658742911822628","0.2658742911822628"
"16983","0.2658742911822628","0.2658742911822628","0.2658742911822628"
"16991","0.2658742911822628","0.2658742911822628","0.2658742911822628"
"16994","0.2658742911822628","0.2658742911822628","0.2658742911822628"
"17007","0.2658742911822628","0.2658742911822628","0.2658742911822628"
"17014","0.2658742911822628","0.2658742911822628","0.2658742911822628"
"17026","0.2658742911822628","0.2658742911822628","0.2658742911822628"
"17031","0.2658742911822628","0.2658742911822628","0.2658742911822628"
"17034","0.2658742911822628","0.2658742911822628","0.2658742911822628"
"17038","0.2658742911822628","0.2658742911822628","0.2658742911822628"
"17042","0.26627429117215795","0.26627429117215795","0.26627429117215795"
"17064","0.2674742911418434","0.2674742911418434","0.2674742911418434"
"17065","0.2674742911418434","0.2674742911418434","0.2674742911418434"
"17068","0.2674742911418434","0.2674742911418434","0.2674742911418434"
"17078","0.2674742911418434","0.2674742911418434","0.2674742911418434"
"17102","0.2674742911418434","0.2674742911418434","0.2674742911418434"
"17104","0.2674742911418434","0.2674742911418434","0.2674742911418434"
"17112","0.2674742911418434","0.2674742911418434","0.2674742911418434"
"17113","0.2674742911418434","0.2674742911418434","0.2674742911418434"
"17114","0.2674742911418434","0.2674742911418434","0.2674742911418434"
"17133","0.2674742911418434","0.2674742911418434","0.2674742911418434"
"17140","0.2674742911418434","0.2674742911418434","0.2674742911418434"
"17143","0.2674742911418434","0.2674742911418434","0.2674742911418434"
"17161","0.2674742911418434","0.2674742911418434","0.2674742911418434"
"17169","0.2674742911418434","0.2674742911418434","0.2674742911418434"
"17179","0.2674742911418434","0.2674742911418434","0.2674742911418434"
"17206","0.2674742911418434","0.2674742911418434","0.2674742911418434"
"17207","0.2674742911418434","0.2674742911418434","0.2674742911418434"
"17226","0.2674742911418434","0.2674742911418434","0.2674742911418434"
"17230","0.2674742911418434","0.2674742911418434","0.2674742911418434"
"17236","0.2674742911418434","0.2674742911418434","0.2674742911418434"
"17248","0.2674742911418434","0.2674742911418434","0.2674742911418434"
"17249","0.2674742911418434","0.2674742911418434","0.2674742911418434"
"17257","0.2674742911418434","0.2674742911418434","0.2674742911418434"
"17258","0.2674742911418434","0.2674742911418434","0.2674742911418434"
"17260","0.2674742911418434","0.2674742911418434","0.2674742911418434"
"17286","0.2683873082947684","0.2683873082947684","0.2683873082947684"
"17292","0.2683873082947684","0.2683873082947684","0.2683873082947684"
"17299","0.2683873082947684","0.2683873082947684","0.2683873082947684"
"17307","0.2683873082947684","0.2683873082947684","0.2683873082947684"
"17313","0.2683873082947684","0.2683873082947684","0.2683873082947684"
"17317","0.2683873082947684","0.2683873082947684","0.2683873082947684"
"17323","0.2683873082947684","0.2683873082947684","0.2683873082947684"
"17324","0.2683873082947684","0.2683873082947684","0.2683873082947684"
"17329","0.2683873082947684","0.2683873082947684","0.2683873082947684"
"17332","0.2683873082947684","0.2683873082947684","0.2683873082947684"
"17337","0.2683873082947684","0.2683873082947684","0.2683873082947684"
"17346","0.2683873082947684","0.2683873082947684","0.2683873082947684"
"17349","0.2683873082947684","0.2683873082947684","0.2683873082947684"
"17354","0.2683873082947684","0.2683873082947684","0.2683873082947684"
"17357","0.2683873082947684","0.2683873082947684","0.2683873082947684"
"17358","0.2683873082947684","0.2683873082947684","0.2683873082947684"
"17361","0.2683873082947684","0.2683873082947684","0.2683873082947684"
"17364","0.2683873082947684","0.2683873082947684","0.2683873082947684"
"17369","0.2683873082947684","0.2683873082947684","0.2683873082947684"
"17370","0.2683873082947684","0.2683873082947684","0.2683873082947684"
"17373","0.26818730829982085","0.26818730829982085","0.26818730829982085"
"17382","0.2691873082745587","0.2691873082745587","0.2691873082745587"
"17384","0.2691873082745587","0.2691873082745587","0.2691873082745587"
"17387","0.2691873082745587","0.2691873082745587","0.2691873082745587"
"17390","0.2691873082745587","0.2691873082745587","0.2691873082745587"
"17400","0.2691873082745587","0.2691873082745587","0.2691873082745587"
"17406","0.2691873082745587","0.2691873082745587","0.2691873082745587"
"17409","0.2691873082745587","0.2691873082745587","0.2691873082745587"
"17411","0.2691873082745587","0.2691873082745587","0.2691873082745587"
"17418","0.2691873082745587","0.2691873082745587","0.2691873082745587"
"17431","0.2691873082745587","0.2691873082745587","0.2691873082745587"
"17449","0.2691873082745587","0.2691873082745587","0.2691873082745587"
"17451","0.2691873082745587","0.2691873082745587","0.2691873082745587"
"17459","0.2691873082745587","0.2691873082745587","0.2691873082745587"
"17467","0.2691873082745587","0.2691873082745587","0.2691873082745587"
"17475","0.2691873082745587","0.2691873082745587","0.2691873082745587"
"17483","0.26898730827961115","0.26898730827961115","0.26898730827961115"
"17485","0.2693873082695063","0.2693873082695063","0.2693873082695063"
"17489","0.26978730825940145","0.26978730825940145","0.26978730825940145"
"17500","0.2699599113635486","0.2699599113635486","0.2699599113635486"
"17515","0.2699599113635486","0.2699599113635486","0.2699599113635486"
"17518","0.2699599113635486","0.2699599113635486","0.2699599113635486"
"17522","0.2699599113635486","0.2699599113635486","0.2699599113635486"
"17523","0.2699599113635486","0.2699599113635486","0.2699599113635486"
"17528","0.2699599113635486","0.2699599113635486","0.2699599113635486"
"17541","0.2699599113635486","0.2699599113635486","0.2699599113635486"
"17544","0.2699599113635486","0.2699599113635486","0.2699599113635486"
"17546","0.2699599113635486","0.2699599113635486","0.2699599113635486"
"17549","0.2699599113635486","0.2699599113635486","0.2699599113635486"
"17566","0.2699599113635486","0.2699599113635486","0.2699599113635486"
"17568","0.2699599113635486","0.2699599113635486","0.2699599113635486"
"17572","0.2699599113635486","0.2699599113635486","0.2699599113635486"
"17582","0.2699599113635486","0.2699599113635486","0.2699599113635486"
"17587","0.2699599113635486","0.2699599113635486","0.2699599113635486"
"17595","0.27004615774203555","0.27004615774203555","0.27004615774203555"
"17600","0.27104615771677343","0.27104615771677343","0.27104615771677343"
"17609","0.27104615771677343","0.27104615771677343","0.27104615771677343"
"17618","0.27104615771677343","0.27104615771677343","0.27104615771677343"
"17621","0.27104615771677343","0.27104615771677343","0.27104615771677343"
"17634","0.27104615771677343","0.27104615771677343","0.27104615771677343"
"17639","0.27104615771677343","0.27104615771677343","0.27104615771677343"
"17647","0.27104615771677343","0.27104615771677343","0.27104615771677343"
"17650","0.27104615771677343","0.27104615771677343","0.27104615771677343"
"17652","0.27104615771677343","0.27104615771677343","0.27104615771677343"
"17658","0.27104615771677343","0.27104615771677343","0.27104615771677343"
"17660","0.27104615771677343","0.27104615771677343","0.27104615771677343"
"17662","0.27104615771677343","0.27104615771677343","0.27104615771677343"
"17665","0.27104615771677343","0.27104615771677343","0.27104615771677343"
"17673","0.27104615771677343","0.27104615771677343","0.27104615771677343"
"17683","0.27104615771677343","0.27104615771677343","0.27104615771677343"
"17685","0.27104615771677343","0.27104615771677343","0.27104615771677343"
"17689","0.27104615771677343","0.27104615771677343","0.27104615771677343"
"17690","0.27104615771677343","0.27104615771677343","0.27104615771677343"
"17695","0.27104615771677343","0.27104615771677343","0.27104615771677343"
"17699","0.27104615771677343","0.27104615771677343","0.27104615771677343"
"17702","0.27141795917996203","0.27141795917996203","0.27141795917996203"
"17727","0.2718179591698572","0.2718179591698572","0.2718179591698572"
"17734","0.2718179591698572","0.2718179591698572","0.2718179591698572"
"17735","0.2718179591698572","0.2718179591698572","0.2718179591698572"
"17742","0.2718179591698572","0.2718179591698572","0.2718179591698572"
"17749","0.2718179591698572","0.2718179591698572","0.2718179591698572"
"17750","0.2718179591698572","0.2718179591698572","0.2718179591698572"
"17757","0.2718179591698572","0.2718179591698572","0.2718179591698572"
"17761","0.2718179591698572","0.2718179591698572","0.2718179591698572"
"17763","0.2718179591698572","0.2718179591698572","0.2718179591698572"
"17766","0.2718179591698572","0.2718179591698572","0.2718179591698572"
"17768","0.2718179591698572","0.2718179591698572","0.2718179591698572"
"17777","0.2718179591698572","0.2718179591698572","0.2718179591698572"
"17779","0.2718179591698572","0.2718179591698572","0.2718179591698572"
"17782","0.2718179591698572","0.2718179591698572","0.2718179591698572"
"17785","0.2718179591698572","0.2718179591698572","0.2718179591698572"
"17786","0.2718179591698572","0.2718179591698572","0.2718179591698572"
"17792","0.2718179591698572","0.2718179591698572","0.2718179591698572"
"17796","0.2718179591698572","0.2718179591698572","0.2718179591698572"
"17798","0.2718179591698572","0.2718179591698572","0.2718179591698572"
"17799","0.2718179591698572","0.2718179591698572","0.2718179591698572"
"17807","0.2718179591698572","0.2718179591698572","0.2718179591698572"
"17810","0.2718179591698572","0.2718179591698572","0.2718179591698572"
"17820","0.27233230232523054","0.27233230232523054","0.27233230232523054"
"17825","0.27233230232523054","0.27233230232523054","0.27233230232523054"
"17836","0.27233230232523054","0.27233230232523054","0.27233230232523054"
"17841","0.27233230232523054","0.27233230232523054","0.27233230232523054"
"17845","0.27233230232523054","0.27233230232523054","0.27233230232523054"
"17855","0.27233230232523054","0.27233230232523054","0.27233230232523054"
"17858","0.27233230232523054","0.27233230232523054","0.27233230232523054"
"17862","0.27233230232523054","0.27233230232523054","0.27233230232523054"
"17866","0.27233230232523054","0.27233230232523054","0.27233230232523054"
"17874","0.27233230232523054","0.27233230232523054","0.27233230232523054"
"17878","0.27233230232523054","0.27233230232523054","0.27233230232523054"
"17884","0.27233230232523054","0.27233230232523054","0.27233230232523054"
"17899","0.27233230232523054","0.27233230232523054","0.27233230232523054"
"17916","0.27233230232523054","0.27233230232523054","0.27233230232523054"
"17934","0.27233230232523054","0.27233230232523054","0.27233230232523054"
"17945","0.27233230232523054","0.27233230232523054","0.27233230232523054"
"17950","0.27233230232523054","0.27233230232523054","0.27233230232523054"
"17953","0.27233230232523054","0.27233230232523054","0.27233230232523054"
"17954","0.27233230232523054","0.27233230232523054","0.27233230232523054"
"17962","0.27233230232523054","0.27233230232523054","0.27233230232523054"
"17966","0.27233230232523054","0.27233230232523054","0.27233230232523054"
"17975","0.27233230232523054","0.27233230232523054","0.27233230232523054"
"17986","0.27233230232523054","0.27233230232523054","0.27233230232523054"
"17991","0.27233230232523054","0.27233230232523054","0.27233230232523054"
"17995","0.27233230232523054","0.27233230232523054","0.27233230232523054"
"18001","0.27233230232523054","0.27233230232523054","0.27233230232523054"
"18007","0.27233230232523054","0.27233230232523054","0.27233230232523054"
"18013","0.27233230232523054","0.27233230232523054","0.27233230232523054"
"18023","0.27233230232523054","0.27233230232523054","0.27233230232523054"
"18027","0.27233230232523054","0.27233230232523054","0.27233230232523054"
"18034","0.2719323023353354","0.2719323023353354","0.2719323023353354"
"18037","0.27213230233028296","0.27213230233028296","0.27213230233028296"
"18046","0.27153230234544024","0.27153230234544024","0.27153230234544024"
"18054","0.27153230234544024","0.27153230234544024","0.27153230234544024"
"18055","0.27153230234544024","0.27153230234544024","0.27153230234544024"
"18062","0.27153230234544024","0.27153230234544024","0.27153230234544024"
"18068","0.27153230234544024","0.27153230234544024","0.27153230234544024"
"18069","0.27153230234544024","0.27153230234544024","0.27153230234544024"
"18086","0.27153230234544024","0.27153230234544024","0.27153230234544024"
"18091","0.27153230234544024","0.27153230234544024","0.27153230234544024"
"18094","0.27153230234544024","0.27153230234544024","0.27153230234544024"
"18102","0.27153230234544024","0.27153230234544024","0.27153230234544024"
"18108","0.27153230234544024","0.27153230234544024","0.27153230234544024"
"18109","0.27153230234544024","0.27153230234544024","0.27153230234544024"
"18117","0.27153230234544024","0.27153230234544024","0.27153230234544024"
"18118","0.27153230234544024","0.27153230234544024","0.27153230234544024"
"18119","0.27153230234544024","0.27153230234544024","0.27153230234544024"
"18121","0.27153230234544024","0.27153230234544024","0.27153230234544024"
"18122","0.27153230234544024","0.27153230234544024","0.27153230234544024"
"18136","0.27153230234544024","0.27153230234544024","0.27153230234544024"
"18137","0.27153230234544024","0.27153230234544024","0.27153230234544024"
"18145","0.27213230233028296","0.27213230233028296","0.27213230233028296"
"18161","0.27233230232523054","0.27233230232523054","0.27233230232523054"
"18171","0.27233230232523054","0.27233230232523054","0.27233230232523054"
"18173","0.27233230232523054","0.27233230232523054","0.27233230232523054"
"18177","0.27233230232523054","0.27233230232523054","0.27233230232523054"
"18181","0.27233230232523054","0.27233230232523054","0.27233230232523054"
"18182","0.27233230232523054","0.27233230232523054","0.27233230232523054"
"18185","0.27233230232523054","0.27233230232523054","0.27233230232523054"
"18192","0.27233230232523054","0.27233230232523054","0.27233230232523054"
"18193","0.27233230232523054","0.27233230232523054","0.27233230232523054"
"18203","0.27233230232523054","0.27233230232523054","0.27233230232523054"
"18205","0.27233230232523054","0.27233230232523054","0.27233230232523054"
"18217","0.27233230232523054","0.27233230232523054","0.27233230232523054"
"18218","0.27233230232523054","0.27233230232523054","0.27233230232523054"
"18236","0.27233230232523054","0.27233230232523054","0.27233230232523054"
"18254","0.2723615629962296","0.2723615629962296","0.2723615629962296"
"18260","0.27196156300633445","0.27196156300633445","0.27196156300633445"
"18262","0.27196156300633445","0.27196156300633445","0.27196156300633445"
"18265","0.27196156300633445","0.27196156300633445","0.27196156300633445"
"18277","0.27196156300633445","0.27196156300633445","0.27196156300633445"
"18308","0.27196156300633445","0.27196156300633445","0.27196156300633445"
"18312","0.27196156300633445","0.27196156300633445","0.27196156300633445"
"18319","0.27196156300633445","0.27196156300633445","0.27196156300633445"
"18322","0.27196156300633445","0.27196156300633445","0.27196156300633445"
"18330","0.27196156300633445","0.27196156300633445","0.27196156300633445"
"18332","0.27196156300633445","0.27196156300633445","0.27196156300633445"
"18334","0.27196156300633445","0.27196156300633445","0.27196156300633445"
"18347","0.27196156300633445","0.27196156300633445","0.27196156300633445"
"18363","0.272161563001282","0.272161563001282","0.272161563001282"
"18364","0.2723615629962296","0.2723615629962296","0.2723615629962296"
"18365","0.2725615629911772","0.2725615629911772","0.2725615629911772"
"18370","0.27356156296591505","0.27356156296591505","0.27356156296591505"
"18373","0.27356156296591505","0.27356156296591505","0.27356156296591505"
"18385","0.27356156296591505","0.27356156296591505","0.27356156296591505"
"18391","0.27356156296591505","0.27356156296591505","0.27356156296591505"
"18397","0.27356156296591505","0.27356156296591505","0.27356156296591505"
"18405","0.27356156296591505","0.27356156296591505","0.27356156296591505"
"18409","0.27356156296591505","0.27356156296591505","0.27356156296591505"
"18413","0.27356156296591505","0.27356156296591505","0.27356156296591505"
"18416","0.27356156296591505","0.27356156296591505","0.27356156296591505"
"18431","0.27356156296591505","0.27356156296591505","0.27356156296591505"
"18432","0.27356156296591505","0.27356156296591505","0.27356156296591505"
"18436","0.27356156296591505","0.27356156296591505","0.27356156296591505"
"18437","0.27356156296591505","0.27356156296591505","0.27356156296591505"
"18442","0.27356156296591505","0.27356156296591505","0.27356156296591505"
"18447","0.27356156296591505","0.27356156296591505","0.27356156296591505"
"18450","0.27356156296591505","0.27356156296591505","0.27356156296591505"
"18452","0.27356156296591505","0.27356156296591505","0.27356156296591505"
"18453","0.27356156296591505","0.27356156296591505","0.27356156296591505"
"18456","0.27356156296591505","0.27356156296591505","0.27356156296591505"
"18471","0.2733615629709675","0.2733615629709675","0.2733615629709675"
"18477","0.2725615629911772","0.2725615629911772","0.2725615629911772"
"18479","0.2729615629810723","0.2729615629810723","0.2729615629810723"
"18483","0.2731615629760199","0.2731615629760199","0.2731615629760199"
"18487","0.2731615629760199","0.2731615629760199","0.2731615629760199"
"18489","0.2731615629760199","0.2731615629760199","0.2731615629760199"
"18494","0.2731615629760199","0.2731615629760199","0.2731615629760199"
"18500","0.2731615629760199","0.2731615629760199","0.2731615629760199"
"18507","0.2731615629760199","0.2731615629760199","0.2731615629760199"
"18522","0.2731615629760199","0.2731615629760199","0.2731615629760199"
"18531","0.2731615629760199","0.2731615629760199","0.2731615629760199"
"18533","0.2731615629760199","0.2731615629760199","0.2731615629760199"
"18536","0.2731615629760199","0.2731615629760199","0.2731615629760199"
"18542","0.2731615629760199","0.2731615629760199","0.2731615629760199"
"18550","0.2731615629760199","0.2731615629760199","0.2731615629760199"
"18551","0.2731615629760199","0.2731615629760199","0.2731615629760199"
"18571","0.2731615629760199","0.2731615629760199","0.2731615629760199"
"18577","0.2731615629760199","0.2731615629760199","0.2731615629760199"
"18581","0.2733615629709675","0.2733615629709675","0.2733615629709675"
"18584","0.2731615629760199","0.2731615629760199","0.2731615629760199"
"18585","0.2733615629709675","0.2733615629709675","0.2733615629709675"
"18590","0.27356156296591505","0.27356156296591505","0.27356156296591505"
"18594","0.27356156296591505","0.27356156296591505","0.27356156296591505"
"18613","0.27356156296591505","0.27356156296591505","0.27356156296591505"
"18620","0.27356156296591505","0.27356156296591505","0.27356156296591505"
"18635","0.27356156296591505","0.27356156296591505","0.27356156296591505"
"18637","0.27356156296591505","0.27356156296591505","0.27356156296591505"
"18651","0.27356156296591505","0.27356156296591505","0.27356156296591505"
"18664","0.27356156296591505","0.27356156296591505","0.27356156296591505"
"18667","0.27356156296591505","0.27356156296591505","0.27356156296591505"
"18668","0.27356156296591505","0.27356156296591505","0.27356156296591505"
"18669","0.27356156296591505","0.27356156296591505","0.27356156296591505"
"18670","0.27356156296591505","0.27356156296591505","0.27356156296591505"
"18672","0.27356156296591505","0.27356156296591505","0.27356156296591505"
"18673","0.27356156296591505","0.27356156296591505","0.27356156296591505"
"18678","0.27356156296591505","0.27356156296591505","0.27356156296591505"
"18685","0.27356156296591505","0.27356156296591505","0.27356156296591505"
"18689","0.27356156296591505","0.27356156296591505","0.27356156296591505"
"18692","0.27356156296591505","0.27356156296591505","0.27356156296591505"
"18705","0.27356156296591505","0.27356156296591505","0.27356156296591505"
"18711","0.27356156296591505","0.27356156296591505","0.27356156296591505"
"18722","0.27356156296591505","0.27356156296591505","0.27356156296591505"
"18740","0.27356156296591505","0.27356156296591505","0.27356156296591505"
"18743","0.27356156296591505","0.27356156296591505","0.27356156296591505"
"18755","0.27356156296591505","0.27356156296591505","0.27356156296591505"
"18776","0.27356156296591505","0.27356156296591505","0.27356156296591505"
"18780","0.27356156296591505","0.27356156296591505","0.27356156296591505"
"18781","0.27356156296591505","0.27356156296591505","0.27356156296591505"
"18793","0.27356156296591505","0.27356156296591505","0.27356156296591505"
"18800","0.27356156296591505","0.27356156296591505","0.27356156296591505"
"18803","0.2737615629608626","0.2737615629608626","0.2737615629608626"
"18806","0.2739615629558102","0.2739615629558102","0.2739615629558102"
"18818","0.2739615629558102","0.2739615629558102","0.2739615629558102"
"18820","0.2739615629558102","0.2739615629558102","0.2739615629558102"
"18821","0.2739615629558102","0.2739615629558102","0.2739615629558102"
"18825","0.2739615629558102","0.2739615629558102","0.2739615629558102"
"18826","0.2739615629558102","0.2739615629558102","0.2739615629558102"
"18841","0.2739615629558102","0.2739615629558102","0.2739615629558102"
"18844","0.2739615629558102","0.2739615629558102","0.2739615629558102"
"18849","0.2739615629558102","0.2739615629558102","0.2739615629558102"
"18864","0.2739615629558102","0.2739615629558102","0.2739615629558102"
"18870","0.2739615629558102","0.2739615629558102","0.2739615629558102"
"18872","0.2739615629558102","0.2739615629558102","0.2739615629558102"
"18874","0.2739615629558102","0.2739615629558102","0.2739615629558102"
"18876","0.2739615629558102","0.2739615629558102","0.2739615629558102"
"18878","0.2739615629558102","0.2739615629558102","0.2739615629558102"
"18879","0.2739615629558102","0.2739615629558102","0.2739615629558102"
"18888","0.2739615629558102","0.2739615629558102","0.2739615629558102"
"18891","0.2739615629558102","0.2739615629558102","0.2739615629558102"
"18894","0.2739615629558102","0.2739615629558102","0.2739615629558102"
"18898","0.2739615629558102","0.2739615629558102","0.2739615629558102"
"18904","0.2739615629558102","0.2739615629558102","0.2739615629558102"
"18913","0.2741615629507578","0.2741615629507578","0.2741615629507578"
"18920","0.274731288345356","0.274731288345356","0.274731288345356"
"18923","0.274731288345356","0.274731288345356","0.274731288345356"
"18925","0.274731288345356","0.274731288345356","0.274731288345356"
"18934","0.274731288345356","0.274731288345356","0.274731288345356"
"18935","0.274731288345356","0.274731288345356","0.274731288345356"
"18938","0.274731288345356","0.274731288345356","0.274731288345356"
"18946","0.274731288345356","0.274731288345356","0.274731288345356"
"18949","0.274731288345356","0.274731288345356","0.274731288345356"
"18950","0.274731288345356","0.274731288345356","0.274731288345356"
"18951","0.274731288345356","0.274731288345356","0.274731288345356"
"18975","0.274731288345356","0.274731288345356","0.274731288345356"
"18976","0.274731288345356","0.274731288345356","0.274731288345356"
"18983","0.274731288345356","0.274731288345356","0.274731288345356"
"18985","0.274731288345356","0.274731288345356","0.274731288345356"
"18987","0.274731288345356","0.274731288345356","0.274731288345356"
"18990","0.274731288345356","0.274731288345356","0.274731288345356"
"18996","0.274731288345356","0.274731288345356","0.274731288345356"
"19003","0.274731288345356","0.274731288345356","0.274731288345356"
"19006","0.274731288345356","0.274731288345356","0.274731288345356"
"19007","0.274731288345356","0.274731288345356","0.274731288345356"
"19010","0.274731288345356","0.274731288345356","0.274731288345356"
"19027","0.27493128834030356","0.27493128834030356","0.27493128834030356"
"19032","0.27433128835546083","0.27433128835546083","0.27433128835546083"
"19040","0.27433128835546083","0.27433128835546083","0.27433128835546083"
"19042","0.27433128835546083","0.27433128835546083","0.27433128835546083"
"19044","0.27433128835546083","0.27433128835546083","0.27433128835546083"
"19046","0.27433128835546083","0.27433128835546083","0.27433128835546083"
"19062","0.27433128835546083","0.27433128835546083","0.27433128835546083"
"19069","0.27433128835546083","0.27433128835546083","0.27433128835546083"
"19073","0.27433128835546083","0.27433128835546083","0.27433128835546083"
"19076","0.27433128835546083","0.27433128835546083","0.27433128835546083"
"19093","0.27433128835546083","0.27433128835546083","0.27433128835546083"
"19095","0.27433128835546083","0.27433128835546083","0.27433128835546083"
"19109","0.27433128835546083","0.27433128835546083","0.27433128835546083"
"19111","0.27433128835546083","0.27433128835546083","0.27433128835546083"
"19116","0.27433128835546083","0.27433128835546083","0.27433128835546083"
"19126","0.27433128835546083","0.27433128835546083","0.27433128835546083"
"19136","0.274731288345356","0.274731288345356","0.274731288345356"
"19139","0.2753312883301987","0.2753312883301987","0.2753312883301987"
"19140","0.2755312883251463","0.2755312883251463","0.2755312883251463"
"19148","0.2755312883251463","0.2755312883251463","0.2755312883251463"
"19167","0.2755312883251463","0.2755312883251463","0.2755312883251463"
"19168","0.2755312883251463","0.2755312883251463","0.2755312883251463"
"19170","0.2755312883251463","0.2755312883251463","0.2755312883251463"
"19177","0.2755312883251463","0.2755312883251463","0.2755312883251463"
"19180","0.2755312883251463","0.2755312883251463","0.2755312883251463"
"19197","0.2755312883251463","0.2755312883251463","0.2755312883251463"
"19199","0.2755312883251463","0.2755312883251463","0.2755312883251463"
"19201","0.2755312883251463","0.2755312883251463","0.2755312883251463"
"19208","0.2755312883251463","0.2755312883251463","0.2755312883251463"
"19210","0.2755312883251463","0.2755312883251463","0.2755312883251463"
"19216","0.2755312883251463","0.2755312883251463","0.2755312883251463"
"19222","0.2755312883251463","0.2755312883251463","0.2755312883251463"
"19225","0.2755312883251463","0.2755312883251463","0.2755312883251463"
"19236","0.2755312883251463","0.2755312883251463","0.2755312883251463"
"19251","0.2756467858867836","0.2756467858867836","0.2756467858867836"
"19256","0.2756467858867836","0.2756467858867836","0.2756467858867836"
"19258","0.2756467858867836","0.2756467858867836","0.2756467858867836"
"19261","0.2756467858867836","0.2756467858867836","0.2756467858867836"
"19263","0.2756467858867836","0.2756467858867836","0.2756467858867836"
"19266","0.2756467858867836","0.2756467858867836","0.2756467858867836"
"19281","0.2756467858867836","0.2756467858867836","0.2756467858867836"
"19290","0.2756467858867836","0.2756467858867836","0.2756467858867836"
"19296","0.2756467858867836","0.2756467858867836","0.2756467858867836"
"19297","0.2756467858867836","0.2756467858867836","0.2756467858867836"
"19320","0.2756467858867836","0.2756467858867836","0.2756467858867836"
"19326","0.2756467858867836","0.2756467858867836","0.2756467858867836"
"19350","0.2756467858867836","0.2756467858867836","0.2756467858867836"
"19359","0.27524678589688845","0.27524678589688845","0.27524678589688845"
"19371","0.275446785891836","0.275446785891836","0.275446785891836"
"19377","0.275446785891836","0.275446785891836","0.275446785891836"
"19381","0.275446785891836","0.275446785891836","0.275446785891836"
"19388","0.275446785891836","0.275446785891836","0.275446785891836"
"19389","0.275446785891836","0.275446785891836","0.275446785891836"
"19396","0.275446785891836","0.275446785891836","0.275446785891836"
"19405","0.275446785891836","0.275446785891836","0.275446785891836"
"19408","0.275446785891836","0.275446785891836","0.275446785891836"
"19411","0.275446785891836","0.275446785891836","0.275446785891836"
"19414","0.275446785891836","0.275446785891836","0.275446785891836"
"19416","0.275446785891836","0.275446785891836","0.275446785891836"
"19435","0.275446785891836","0.275446785891836","0.275446785891836"
"19446","0.275446785891836","0.275446785891836","0.275446785891836"
"19450","0.275446785891836","0.275446785891836","0.275446785891836"
"19464","0.2762467858716263","0.2762467858716263","0.2762467858716263"
"19471","0.2762467858716263","0.2762467858716263","0.2762467858716263"
"19478","0.2762467858716263","0.2762467858716263","0.2762467858716263"
"19481","0.2762467858716263","0.2762467858716263","0.2762467858716263"
"19486","0.2762467858716263","0.2762467858716263","0.2762467858716263"
"19489","0.2762467858716263","0.2762467858716263","0.2762467858716263"
"19494","0.2762467858716263","0.2762467858716263","0.2762467858716263"
"19499","0.2762467858716263","0.2762467858716263","0.2762467858716263"
"19507","0.2762467858716263","0.2762467858716263","0.2762467858716263"
"19510","0.2762467858716263","0.2762467858716263","0.2762467858716263"
"19511","0.2762467858716263","0.2762467858716263","0.2762467858716263"
"19516","0.2762467858716263","0.2762467858716263","0.2762467858716263"
"19518","0.2762467858716263","0.2762467858716263","0.2762467858716263"
"19525","0.2762467858716263","0.2762467858716263","0.2762467858716263"
"19529","0.2762467858716263","0.2762467858716263","0.2762467858716263"
"19534","0.2762467858716263","0.2762467858716263","0.2762467858716263"
"19545","0.2762467858716263","0.2762467858716263","0.2762467858716263"
"19546","0.2762467858716263","0.2762467858716263","0.2762467858716263"
"19548","0.2762467858716263","0.2762467858716263","0.2762467858716263"
"19564","0.2762467858716263","0.2762467858716263","0.2762467858716263"
"19567","0.2762467858716263","0.2762467858716263","0.2762467858716263"
"19570","0.2762467858716263","0.2762467858716263","0.2762467858716263"
"19572","0.27653100845927836","0.27653100845927836","0.27653100845927836"
"19581","0.2763310084643308","0.2763310084643308","0.2763310084643308"
"19582","0.2763310084643308","0.2763310084643308","0.2763310084643308"
"19585","0.2763310084643308","0.2763310084643308","0.2763310084643308"
"19592","0.2763310084643308","0.2763310084643308","0.2763310084643308"
"19595","0.2763310084643308","0.2763310084643308","0.2763310084643308"
"19603","0.2763310084643308","0.2763310084643308","0.2763310084643308"
"19604","0.2763310084643308","0.2763310084643308","0.2763310084643308"
"19618","0.2763310084643308","0.2763310084643308","0.2763310084643308"
"19620","0.2763310084643308","0.2763310084643308","0.2763310084643308"
"19627","0.2763310084643308","0.2763310084643308","0.2763310084643308"
"19634","0.2763310084643308","0.2763310084643308","0.2763310084643308"
"19653","0.2763310084643308","0.2763310084643308","0.2763310084643308"
"19654","0.2763310084643308","0.2763310084643308","0.2763310084643308"
"19659","0.2763310084643308","0.2763310084643308","0.2763310084643308"
"19660","0.2763310084643308","0.2763310084643308","0.2763310084643308"
"19673","0.2763310084643308","0.2763310084643308","0.2763310084643308"
"19676","0.2763310084643308","0.2763310084643308","0.2763310084643308"
"19680","0.2763310084643308","0.2763310084643308","0.2763310084643308"
"19681","0.27653100845927836","0.27653100845927836","0.27653100845927836"
"19683","0.2761310084693832","0.2761310084693832","0.2761310084693832"
"19686","0.2763310084643308","0.2763310084643308","0.2763310084643308"
"19695","0.27673100845422594","0.27673100845422594","0.27673100845422594"
"19704","0.27673100845422594","0.27673100845422594","0.27673100845422594"
"19709","0.27673100845422594","0.27673100845422594","0.27673100845422594"
"19711","0.27673100845422594","0.27673100845422594","0.27673100845422594"
"19712","0.27673100845422594","0.27673100845422594","0.27673100845422594"
"19716","0.27673100845422594","0.27673100845422594","0.27673100845422594"
"19718","0.27673100845422594","0.27673100845422594","0.27673100845422594"
"19725","0.27673100845422594","0.27673100845422594","0.27673100845422594"
"19740","0.27673100845422594","0.27673100845422594","0.27673100845422594"
"19761","0.27673100845422594","0.27673100845422594","0.27673100845422594"
"19768","0.27673100845422594","0.27673100845422594","0.27673100845422594"
"19777","0.27673100845422594","0.27673100845422594","0.27673100845422594"
"19787","0.27673100845422594","0.27673100845422594","0.27673100845422594"
"19805","0.27753100843401624","0.27753100843401624","0.27753100843401624"
"19809","0.27753100843401624","0.27753100843401624","0.27753100843401624"
"19836","0.27753100843401624","0.27753100843401624","0.27753100843401624"
"19839","0.27753100843401624","0.27753100843401624","0.27753100843401624"
"19841","0.27753100843401624","0.27753100843401624","0.27753100843401624"
"19843","0.27753100843401624","0.27753100843401624","0.27753100843401624"
"19864","0.27753100843401624","0.27753100843401624","0.27753100843401624"
"19878","0.27753100843401624","0.27753100843401624","0.27753100843401624"
"19883","0.27753100843401624","0.27753100843401624","0.27753100843401624"
"19891","0.27753100843401624","0.27753100843401624","0.27753100843401624"
"19899","0.27753100843401624","0.27753100843401624","0.27753100843401624"
"19900","0.27753100843401624","0.27753100843401624","0.27753100843401624"
"19901","0.27733100843906866","0.27733100843906866","0.27733100843906866"
"19906","0.27753100843401624","0.27753100843401624","0.27753100843401624"
"19911","0.2771310084441211","0.2771310084441211","0.2771310084441211"
"19912","0.2771310084441211","0.2771310084441211","0.2771310084441211"
"19916","0.2771310084441211","0.2771310084441211","0.2771310084441211"
"19918","0.2771310084441211","0.2771310084441211","0.2771310084441211"
"19924","0.2771310084441211","0.2771310084441211","0.2771310084441211"
"19929","0.2771310084441211","0.2771310084441211","0.2771310084441211"
"19931","0.2771310084441211","0.2771310084441211","0.2771310084441211"
"19934","0.2771310084441211","0.2771310084441211","0.2771310084441211"
"19935","0.2771310084441211","0.2771310084441211","0.2771310084441211"
"19937","0.2771310084441211","0.2771310084441211","0.2771310084441211"
"19938","0.2771310084441211","0.2771310084441211","0.2771310084441211"
"19939","0.2771310084441211","0.2771310084441211","0.2771310084441211"
"19946","0.2771310084441211","0.2771310084441211","0.2771310084441211"
"19950","0.2771310084441211","0.2771310084441211","0.2771310084441211"
"19981","0.2771310084441211","0.2771310084441211","0.2771310084441211"
"19986","0.2771310084441211","0.2771310084441211","0.2771310084441211"
"19992","0.2771310084441211","0.2771310084441211","0.2771310084441211"
"20001","0.2771310084441211","0.2771310084441211","0.2771310084441211"
"20010","0.2771310084441211","0.2771310084441211","0.2771310084441211"
"20011","0.27733100843906866","0.27733100843906866","0.27733100843906866"
"20014","0.27753100843401624","0.27753100843401624","0.27753100843401624"
"20018","0.27833100841380654","0.27833100841380654","0.27833100841380654"
"20019","0.2785310084087541","0.2785310084087541","0.2785310084087541"
"20026","0.2785310084087541","0.2785310084087541","0.2785310084087541"
"20029","0.2785310084087541","0.2785310084087541","0.2785310084087541"
"20033","0.2785310084087541","0.2785310084087541","0.2785310084087541"
"20043","0.2785310084087541","0.2785310084087541","0.2785310084087541"
"20046","0.2785310084087541","0.2785310084087541","0.2785310084087541"
"20054","0.2785310084087541","0.2785310084087541","0.2785310084087541"
"20062","0.2785310084087541","0.2785310084087541","0.2785310084087541"
"20069","0.2785310084087541","0.2785310084087541","0.2785310084087541"
"20072","0.2785310084087541","0.2785310084087541","0.2785310084087541"
"20079","0.2785310084087541","0.2785310084087541","0.2785310084087541"
"20088","0.2785310084087541","0.2785310084087541","0.2785310084087541"
"20092","0.2785310084087541","0.2785310084087541","0.2785310084087541"
"20101","0.2785310084087541","0.2785310084087541","0.2785310084087541"
"20118","0.2785310084087541","0.2785310084087541","0.2785310084087541"
"20120","0.2785310084087541","0.2785310084087541","0.2785310084087541"
"20122","0.2785638236906379","0.2785638236906379","0.2785638236906379"
"20129","0.27916382367548065","0.27916382367548065","0.27916382367548065"
"20130","0.2793638236704282","0.2793638236704282","0.2793638236704282"
"20131","0.2793638236704282","0.2793638236704282","0.2793638236704282"
"20135","0.2793638236704282","0.2793638236704282","0.2793638236704282"
"20137","0.2793638236704282","0.2793638236704282","0.2793638236704282"
"20156","0.2793638236704282","0.2793638236704282","0.2793638236704282"
"20166","0.2793638236704282","0.2793638236704282","0.2793638236704282"
"20170","0.2793638236704282","0.2793638236704282","0.2793638236704282"
"20178","0.2793638236704282","0.2793638236704282","0.2793638236704282"
"20184","0.2793638236704282","0.2793638236704282","0.2793638236704282"
"20192","0.2793638236704282","0.2793638236704282","0.2793638236704282"
"20199","0.2793638236704282","0.2793638236704282","0.2793638236704282"
"20205","0.2793638236704282","0.2793638236704282","0.2793638236704282"
"20208","0.2793638236704282","0.2793638236704282","0.2793638236704282"
"20209","0.2793638236704282","0.2793638236704282","0.2793638236704282"
"20213","0.2793638236704282","0.2793638236704282","0.2793638236704282"
"20231","0.27916382367548065","0.27916382367548065","0.27916382367548065"
"20232","0.2789638236805331","0.2789638236805331","0.2789638236805331"
"20233","0.2789638236805331","0.2789638236805331","0.2789638236805331"
"20241","0.27916382367548065","0.27916382367548065","0.27916382367548065"
"20249","0.27916382367548065","0.27916382367548065","0.27916382367548065"
"20252","0.27916382367548065","0.27916382367548065","0.27916382367548065"
"20253","0.27916382367548065","0.27916382367548065","0.27916382367548065"
"20257","0.27916382367548065","0.27916382367548065","0.27916382367548065"
"20259","0.27916382367548065","0.27916382367548065","0.27916382367548065"
"20265","0.27916382367548065","0.27916382367548065","0.27916382367548065"
"20266","0.27916382367548065","0.27916382367548065","0.27916382367548065"
"20277","0.27916382367548065","0.27916382367548065","0.27916382367548065"
"20278","0.27916382367548065","0.27916382367548065","0.27916382367548065"
"20285","0.27916382367548065","0.27916382367548065","0.27916382367548065"
"20290","0.27916382367548065","0.27916382367548065","0.27916382367548065"
"20297","0.27916382367548065","0.27916382367548065","0.27916382367548065"
"20302","0.27916382367548065","0.27916382367548065","0.27916382367548065"
"20315","0.27916382367548065","0.27916382367548065","0.27916382367548065"
"20317","0.27916382367548065","0.27916382367548065","0.27916382367548065"
"20337","0.27916382367548065","0.27916382367548065","0.27916382367548065"
"20338","0.27916382367548065","0.27916382367548065","0.27916382367548065"
"20345","0.2793638236704282","0.2793638236704282","0.2793638236704282"
"20350","0.2795639230695087","0.2795639230695087","0.2795639230695087"
"20355","0.2795639230695087","0.2795639230695087","0.2795639230695087"
"20372","0.2795639230695087","0.2795639230695087","0.2795639230695087"
"20381","0.2795639230695087","0.2795639230695087","0.2795639230695087"
"20384","0.2795639230695087","0.2795639230695087","0.2795639230695087"
"20386","0.2795639230695087","0.2795639230695087","0.2795639230695087"
"20387","0.2795639230695087","0.2795639230695087","0.2795639230695087"
"20390","0.2795639230695087","0.2795639230695087","0.2795639230695087"
"20392","0.2795639230695087","0.2795639230695087","0.2795639230695087"
"20393","0.2795639230695087","0.2795639230695087","0.2795639230695087"
"20397","0.2795639230695087","0.2795639230695087","0.2795639230695087"
"20399","0.2795639230695087","0.2795639230695087","0.2795639230695087"
"20401","0.2795639230695087","0.2795639230695087","0.2795639230695087"
"20407","0.2795639230695087","0.2795639230695087","0.2795639230695087"
"20411","0.2795639230695087","0.2795639230695087","0.2795639230695087"
"20421","0.2795639230695087","0.2795639230695087","0.2795639230695087"
"20423","0.2795639230695087","0.2795639230695087","0.2795639230695087"
"20425","0.2795639230695087","0.2795639230695087","0.2795639230695087"
"20434","0.2795639230695087","0.2795639230695087","0.2795639230695087"
"20435","0.2795639230695087","0.2795639230695087","0.2795639230695087"
"20437","0.2795639230695087","0.2795639230695087","0.2795639230695087"
"20442","0.2795639230695087","0.2795639230695087","0.2795639230695087"
"20462","0.279714261132176","0.279714261132176","0.279714261132176"
"20463","0.279714261132176","0.279714261132176","0.279714261132176"
"20484","0.279714261132176","0.279714261132176","0.279714261132176"
"20494","0.279714261132176","0.279714261132176","0.279714261132176"
"20525","0.279714261132176","0.279714261132176","0.279714261132176"
"20535","0.279714261132176","0.279714261132176","0.279714261132176"
"20548","0.279714261132176","0.279714261132176","0.279714261132176"
"20554","0.279714261132176","0.279714261132176","0.279714261132176"
"20557","0.279714261132176","0.279714261132176","0.279714261132176"
"20568","0.28091426110186146","0.28091426110186146","0.28091426110186146"
"20569","0.28111426109680904","0.28111426109680904","0.28111426109680904"
"20574","0.2813142610917566","0.2813142610917566","0.2813142610917566"
"20577","0.2813142610917566","0.2813142610917566","0.2813142610917566"
"20579","0.2813142610917566","0.2813142610917566","0.2813142610917566"
"20587","0.2813142610917566","0.2813142610917566","0.2813142610917566"
"20588","0.2813142610917566","0.2813142610917566","0.2813142610917566"
"20596","0.2813142610917566","0.2813142610917566","0.2813142610917566"
"20597","0.2813142610917566","0.2813142610917566","0.2813142610917566"
"20602","0.2813142610917566","0.2813142610917566","0.2813142610917566"
"20607","0.2813142610917566","0.2813142610917566","0.2813142610917566"
"20609","0.2813142610917566","0.2813142610917566","0.2813142610917566"
"20621","0.2813142610917566","0.2813142610917566","0.2813142610917566"
"20628","0.2813142610917566","0.2813142610917566","0.2813142610917566"
"20633","0.2813142610917566","0.2813142610917566","0.2813142610917566"
"20652","0.2813142610917566","0.2813142610917566","0.2813142610917566"
"20655","0.2813142610917566","0.2813142610917566","0.2813142610917566"
"20659","0.2813142610917566","0.2813142610917566","0.2813142610917566"
"20667","0.2813142610917566","0.2813142610917566","0.2813142610917566"
"20668","0.2813142610917566","0.2813142610917566","0.2813142610917566"
"20683","0.28171426108165176","0.28171426108165176","0.28171426108165176"
"20695","0.28171426108165176","0.28171426108165176","0.28171426108165176"
"20706","0.28171426108165176","0.28171426108165176","0.28171426108165176"
"20713","0.28171426108165176","0.28171426108165176","0.28171426108165176"
"20721","0.28171426108165176","0.28171426108165176","0.28171426108165176"
"20723","0.28171426108165176","0.28171426108165176","0.28171426108165176"
"20725","0.28171426108165176","0.28171426108165176","0.28171426108165176"
"20731","0.28171426108165176","0.28171426108165176","0.28171426108165176"
"20748","0.28171426108165176","0.28171426108165176","0.28171426108165176"
"20756","0.28171426108165176","0.28171426108165176","0.28171426108165176"
"20763","0.28171426108165176","0.28171426108165176","0.28171426108165176"
"20766","0.28171426108165176","0.28171426108165176","0.28171426108165176"
"20772","0.28171426108165176","0.28171426108165176","0.28171426108165176"
"20774","0.28171426108165176","0.28171426108165176","0.28171426108165176"
"20781","0.28191426107659934","0.28191426107659934","0.28191426107659934"
"20792","0.28174919983721336","0.28174919983721336","0.28174919983721336"
"20795","0.28174919983721336","0.28174919983721336","0.28174919983721336"
"20797","0.28174919983721336","0.28174919983721336","0.28174919983721336"
"20814","0.28174919983721336","0.28174919983721336","0.28174919983721336"
"20817","0.28174919983721336","0.28174919983721336","0.28174919983721336"
"20820","0.28174919983721336","0.28174919983721336","0.28174919983721336"
"20828","0.28174919983721336","0.28174919983721336","0.28174919983721336"
"20833","0.28174919983721336","0.28174919983721336","0.28174919983721336"
"20835","0.28174919983721336","0.28174919983721336","0.28174919983721336"
"20847","0.28174919983721336","0.28174919983721336","0.28174919983721336"
"20851","0.28174919983721336","0.28174919983721336","0.28174919983721336"
"20853","0.28174919983721336","0.28174919983721336","0.28174919983721336"
"20854","0.28174919983721336","0.28174919983721336","0.28174919983721336"
"20855","0.28174919983721336","0.28174919983721336","0.28174919983721336"
"20868","0.28174919983721336","0.28174919983721336","0.28174919983721336"
"20872","0.28174919983721336","0.28174919983721336","0.28174919983721336"
"20873","0.28174919983721336","0.28174919983721336","0.28174919983721336"
"20891","0.28194919983216093","0.28194919983216093","0.28194919983216093"
"20893","0.2815491998422658","0.2815491998422658","0.2815491998422658"
"20895","0.2815491998422658","0.2815491998422658","0.2815491998422658"
"20926","0.28174919983721336","0.28174919983721336","0.28174919983721336"
"20930","0.28174919983721336","0.28174919983721336","0.28174919983721336"
"20944","0.28174919983721336","0.28174919983721336","0.28174919983721336"
"20971","0.28174919983721336","0.28174919983721336","0.28174919983721336"
"20973","0.28174919983721336","0.28174919983721336","0.28174919983721336"
"20978","0.28174919983721336","0.28174919983721336","0.28174919983721336"
"20982","0.28174919983721336","0.28174919983721336","0.28174919983721336"
"20984","0.28174919983721336","0.28174919983721336","0.28174919983721336"
"20987","0.28174919983721336","0.28174919983721336","0.28174919983721336"
"20993","0.28174919983721336","0.28174919983721336","0.28174919983721336"
"20995","0.28174919983721336","0.28174919983721336","0.28174919983721336"
"21001","0.28194919983216093","0.28194919983216093","0.28194919983216093"
"21018","0.2829491998068988","0.2829491998068988","0.2829491998068988"
"21022","0.2829491998068988","0.2829491998068988","0.2829491998068988"
"21047","0.2829491998068988","0.2829491998068988","0.2829491998068988"
"21048","0.2829491998068988","0.2829491998068988","0.2829491998068988"
"21051","0.2829491998068988","0.2829491998068988","0.2829491998068988"
"21056","0.2829491998068988","0.2829491998068988","0.2829491998068988"
"21059","0.2829491998068988","0.2829491998068988","0.2829491998068988"
"21069","0.2829491998068988","0.2829491998068988","0.2829491998068988"
"21071","0.2829491998068988","0.2829491998068988","0.2829491998068988"
"21075","0.2829491998068988","0.2829491998068988","0.2829491998068988"
"21077","0.2829491998068988","0.2829491998068988","0.2829491998068988"
"21079","0.2829491998068988","0.2829491998068988","0.2829491998068988"
"21083","0.2829491998068988","0.2829491998068988","0.2829491998068988"
"21084","0.2829491998068988","0.2829491998068988","0.2829491998068988"
"21089","0.2829491998068988","0.2829491998068988","0.2829491998068988"
"21092","0.2829491998068988","0.2829491998068988","0.2829491998068988"
"21093","0.2829491998068988","0.2829491998068988","0.2829491998068988"
"21096","0.2829491998068988","0.2829491998068988","0.2829491998068988"
"21098","0.2829491998068988","0.2829491998068988","0.2829491998068988"
"21102","0.2829491998068988","0.2829491998068988","0.2829491998068988"
"21115","0.2831491998018464","0.2831491998018464","0.2831491998018464"
"21116","0.2829491998068988","0.2829491998068988","0.2829491998068988"
"21118","0.28334919979679396","0.28334919979679396","0.28334919979679396"
"21123","0.2830464136000955","0.2830464136000955","0.2830464136000955"
"21128","0.2830464136000955","0.2830464136000955","0.2830464136000955"
"21141","0.2830464136000955","0.2830464136000955","0.2830464136000955"
"21144","0.2830464136000955","0.2830464136000955","0.2830464136000955"
"21149","0.2830464136000955","0.2830464136000955","0.2830464136000955"
"21157","0.2830464136000955","0.2830464136000955","0.2830464136000955"
"21160","0.2830464136000955","0.2830464136000955","0.2830464136000955"
"21164","0.2830464136000955","0.2830464136000955","0.2830464136000955"
"21194","0.2830464136000955","0.2830464136000955","0.2830464136000955"
"21201","0.2830464136000955","0.2830464136000955","0.2830464136000955"
"21218","0.2830464136000955","0.2830464136000955","0.2830464136000955"
"21226","0.284246413569781","0.284246413569781","0.284246413569781"
"21230","0.2850464135495713","0.2850464135495713","0.2850464135495713"
"21243","0.2850464135495713","0.2850464135495713","0.2850464135495713"
"21254","0.2850464135495713","0.2850464135495713","0.2850464135495713"
"21268","0.2850464135495713","0.2850464135495713","0.2850464135495713"
"21271","0.2850464135495713","0.2850464135495713","0.2850464135495713"
"21276","0.2850464135495713","0.2850464135495713","0.2850464135495713"
"21278","0.2850464135495713","0.2850464135495713","0.2850464135495713"
"21279","0.2850464135495713","0.2850464135495713","0.2850464135495713"
"21284","0.2850464135495713","0.2850464135495713","0.2850464135495713"
"21290","0.2850464135495713","0.2850464135495713","0.2850464135495713"
"21312","0.2850464135495713","0.2850464135495713","0.2850464135495713"
"21314","0.2850464135495713","0.2850464135495713","0.2850464135495713"
"21324","0.2850464135495713","0.2850464135495713","0.2850464135495713"
"21327","0.2850464135495713","0.2850464135495713","0.2850464135495713"
"21338","0.28436473190377","0.28436473190377","0.28436473190377"
"21341","0.28464660937024744","0.28464660937024744","0.28464660937024744"
"21352","0.28464660937024744","0.28464660937024744","0.28464660937024744"
"21355","0.28464660937024744","0.28464660937024744","0.28464660937024744"
"21356","0.28464660937024744","0.28464660937024744","0.28464660937024744"
"21357","0.28464660937024744","0.28464660937024744","0.28464660937024744"
"21364","0.28464660937024744","0.28464660937024744","0.28464660937024744"
"21370","0.28464660937024744","0.28464660937024744","0.28464660937024744"
"21382","0.28464660937024744","0.28464660937024744","0.28464660937024744"
"21383","0.28464660937024744","0.28464660937024744","0.28464660937024744"
"21392","0.28464660937024744","0.28464660937024744","0.28464660937024744"
"21404","0.28464660937024744","0.28464660937024744","0.28464660937024744"
"21410","0.28464660937024744","0.28464660937024744","0.28464660937024744"
"21435","0.28464660937024744","0.28464660937024744","0.28464660937024744"
"21441","0.284846609365195","0.284846609365195","0.284846609365195"
"21444","0.28464660937024744","0.28464660937024744","0.28464660937024744"
"21447","0.28444660937529986","0.28444660937529986","0.28444660937529986"
"21449","0.284846609365195","0.284846609365195","0.284846609365195"
"21459","0.2850466093601426","0.2850466093601426","0.2850466093601426"
"21472","0.2850466093601426","0.2850466093601426","0.2850466093601426"
"21474","0.2850466093601426","0.2850466093601426","0.2850466093601426"
"21487","0.2850466093601426","0.2850466093601426","0.2850466093601426"
"21491","0.2850466093601426","0.2850466093601426","0.2850466093601426"
"21493","0.2850466093601426","0.2850466093601426","0.2850466093601426"
"21495","0.2850466093601426","0.2850466093601426","0.2850466093601426"
"21500","0.2850466093601426","0.2850466093601426","0.2850466093601426"
"21504","0.2850466093601426","0.2850466093601426","0.2850466093601426"
"21505","0.2850466093601426","0.2850466093601426","0.2850466093601426"
"21513","0.2850466093601426","0.2850466093601426","0.2850466093601426"
"21530","0.2850466093601426","0.2850466093601426","0.2850466093601426"
"21547","0.2850466093601426","0.2850466093601426","0.2850466093601426"
"21549","0.2850466093601426","0.2850466093601426","0.2850466093601426"
"21573","0.2860711928020464","0.2860711928020464","0.2860711928020464"
"21574","0.2860711928020464","0.2860711928020464","0.2860711928020464"
"21587","0.2860711928020464","0.2860711928020464","0.2860711928020464"
"21588","0.2860711928020464","0.2860711928020464","0.2860711928020464"
"21590","0.2860711928020464","0.2860711928020464","0.2860711928020464"
"21593","0.2860711928020464","0.2860711928020464","0.2860711928020464"
"21594","0.2860711928020464","0.2860711928020464","0.2860711928020464"
"21597","0.2860711928020464","0.2860711928020464","0.2860711928020464"
"21598","0.2860711928020464","0.2860711928020464","0.2860711928020464"
"21603","0.2860711928020464","0.2860711928020464","0.2860711928020464"
"21614","0.2860711928020464","0.2860711928020464","0.2860711928020464"
"21622","0.2860711928020464","0.2860711928020464","0.2860711928020464"
"21625","0.2860711928020464","0.2860711928020464","0.2860711928020464"
"21630","0.2860711928020464","0.2860711928020464","0.2860711928020464"
"21639","0.2860711928020464","0.2860711928020464","0.2860711928020464"
"21641","0.2860711928020464","0.2860711928020464","0.2860711928020464"
"21651","0.2860711928020464","0.2860711928020464","0.2860711928020464"
"21657","0.2860711928020464","0.2860711928020464","0.2860711928020464"
"21666","0.28683408478682393","0.28683408478682393","0.28683408478682393"
"21667","0.2870340847817715","0.2870340847817715","0.2870340847817715"
"21684","0.28683408478682393","0.28683408478682393","0.28683408478682393"
"21693","0.28683408478682393","0.28683408478682393","0.28683408478682393"
"21703","0.28683408478682393","0.28683408478682393","0.28683408478682393"
"21708","0.28683408478682393","0.28683408478682393","0.28683408478682393"
"21714","0.28683408478682393","0.28683408478682393","0.28683408478682393"
"21716","0.28683408478682393","0.28683408478682393","0.28683408478682393"
"21723","0.28683408478682393","0.28683408478682393","0.28683408478682393"
"21729","0.28683408478682393","0.28683408478682393","0.28683408478682393"
"21730","0.28683408478682393","0.28683408478682393","0.28683408478682393"
"21737","0.28683408478682393","0.28683408478682393","0.28683408478682393"
"21740","0.28683408478682393","0.28683408478682393","0.28683408478682393"
"21747","0.28683408478682393","0.28683408478682393","0.28683408478682393"
"21757","0.28683408478682393","0.28683408478682393","0.28683408478682393"
"21765","0.28683408478682393","0.28683408478682393","0.28683408478682393"
"21770","0.28683408478682393","0.28683408478682393","0.28683408478682393"
"21778","0.2872340847767191","0.2872340847767191","0.2872340847767191"
"21784","0.28763408476661423","0.28763408476661423","0.28763408476661423"
"21788","0.28763408476661423","0.28763408476661423","0.28763408476661423"
"21801","0.28763408476661423","0.28763408476661423","0.28763408476661423"
"21806","0.28763408476661423","0.28763408476661423","0.28763408476661423"
"21809","0.28763408476661423","0.28763408476661423","0.28763408476661423"
"21816","0.28763408476661423","0.28763408476661423","0.28763408476661423"
"21829","0.28763408476661423","0.28763408476661423","0.28763408476661423"
"21831","0.28763408476661423","0.28763408476661423","0.28763408476661423"
"21853","0.28763408476661423","0.28763408476661423","0.28763408476661423"
"21856","0.28763408476661423","0.28763408476661423","0.28763408476661423"
"21866","0.28763408476661423","0.28763408476661423","0.28763408476661423"
"21876","0.28763408476661423","0.28763408476661423","0.28763408476661423"
"21881","0.28743408477166665","0.28743408477166665","0.28743408477166665"
"21887","0.28763408476661423","0.28763408476661423","0.28763408476661423"
"21890","0.28743408477166665","0.28743408477166665","0.28743408477166665"
"21892","0.28743408477166665","0.28743408477166665","0.28743408477166665"
"21893","0.28743408477166665","0.28743408477166665","0.28743408477166665"
"21898","0.28743408477166665","0.28743408477166665","0.28743408477166665"
"21901","0.28743408477166665","0.28743408477166665","0.28743408477166665"
"21907","0.28743408477166665","0.28743408477166665","0.28743408477166665"
"21915","0.28743408477166665","0.28743408477166665","0.28743408477166665"
"21920","0.28743408477166665","0.28743408477166665","0.28743408477166665"
"21925","0.28743408477166665","0.28743408477166665","0.28743408477166665"
"21947","0.28743408477166665","0.28743408477166665","0.28743408477166665"
"21953","0.28743408477166665","0.28743408477166665","0.28743408477166665"
"21955","0.28743408477166665","0.28743408477166665","0.28743408477166665"
"21962","0.28743408477166665","0.28743408477166665","0.28743408477166665"
"21970","0.28743408477166665","0.28743408477166665","0.28743408477166665"
"21976","0.28743408477166665","0.28743408477166665","0.28743408477166665"
"21985","0.28743408477166665","0.28743408477166665","0.28743408477166665"
"21986","0.28743408477166665","0.28743408477166665","0.28743408477166665"
"21988","0.28743408477166665","0.28743408477166665","0.28743408477166665"
"22003","0.28785439548810243","0.28785439548810243","0.28785439548810243"
"22005","0.28785439548810243","0.28785439548810243","0.28785439548810243"
"22011","0.28785439548810243","0.28785439548810243","0.28785439548810243"
"22022","0.28785439548810243","0.28785439548810243","0.28785439548810243"
"22024","0.28785439548810243","0.28785439548810243","0.28785439548810243"
"22026","0.28785439548810243","0.28785439548810243","0.28785439548810243"
"22028","0.28785439548810243","0.28785439548810243","0.28785439548810243"
"22033","0.28785439548810243","0.28785439548810243","0.28785439548810243"
"22060","0.28785439548810243","0.28785439548810243","0.28785439548810243"
"22064","0.28785439548810243","0.28785439548810243","0.28785439548810243"
"22065","0.28785439548810243","0.28785439548810243","0.28785439548810243"
"22076","0.28785439548810243","0.28785439548810243","0.28785439548810243"
"22081","0.28785439548810243","0.28785439548810243","0.28785439548810243"
"22087","0.28785439548810243","0.28785439548810243","0.28785439548810243"
"22088","0.28785439548810243","0.28785439548810243","0.28785439548810243"
"22106","0.28817563854099715","0.28817563854099715","0.28817563854099715"
"22118","0.28845643323584225","0.28845643323584225","0.28845643323584225"
"22133","0.28845643323584225","0.28845643323584225","0.28845643323584225"
"22134","0.28845643323584225","0.28845643323584225","0.28845643323584225"
"22141","0.28845643323584225","0.28845643323584225","0.28845643323584225"
"22152","0.28845643323584225","0.28845643323584225","0.28845643323584225"
"22153","0.28845643323584225","0.28845643323584225","0.28845643323584225"
"22173","0.28845643323584225","0.28845643323584225","0.28845643323584225"
"22195","0.28845643323584225","0.28845643323584225","0.28845643323584225"
"22197","0.28845643323584225","0.28845643323584225","0.28845643323584225"
"22205","0.28845643323584225","0.28845643323584225","0.28845643323584225"
"22218","0.2877756611938821","0.2877756611938821","0.2877756611938821"
"22228","0.2875756611989345","0.2875756611989345","0.2875756611989345"
"22229","0.2875756611989345","0.2875756611989345","0.2875756611989345"
"22245","0.2875756611989345","0.2875756611989345","0.2875756611989345"
"22272","0.2875756611989345","0.2875756611989345","0.2875756611989345"
"22284","0.2875756611989345","0.2875756611989345","0.2875756611989345"
"22285","0.2875756611989345","0.2875756611989345","0.2875756611989345"
"22288","0.2875756611989345","0.2875756611989345","0.2875756611989345"
"22289","0.2875756611989345","0.2875756611989345","0.2875756611989345"
"22291","0.2875756611989345","0.2875756611989345","0.2875756611989345"
"22301","0.2875756611989345","0.2875756611989345","0.2875756611989345"
"22309","0.2875756611989345","0.2875756611989345","0.2875756611989345"
"22312","0.2875756611989345","0.2875756611989345","0.2875756611989345"
"22317","0.2875756611989345","0.2875756611989345","0.2875756611989345"
"22318","0.2875756611989345","0.2875756611989345","0.2875756611989345"
"22321","0.2876161428299383","0.2876161428299383","0.2876161428299383"
"22335","0.2874925859374343","0.2874925859374343","0.2874925859374343"
"22337","0.2874925859374343","0.2874925859374343","0.2874925859374343"
"22340","0.2874925859374343","0.2874925859374343","0.2874925859374343"
"22345","0.2874925859374343","0.2874925859374343","0.2874925859374343"
"22352","0.2874925859374343","0.2874925859374343","0.2874925859374343"
"22358","0.2874925859374343","0.2874925859374343","0.2874925859374343"
"22361","0.2874925859374343","0.2874925859374343","0.2874925859374343"
"22365","0.2874925859374343","0.2874925859374343","0.2874925859374343"
"22375","0.2874925859374343","0.2874925859374343","0.2874925859374343"
"22379","0.2874925859374343","0.2874925859374343","0.2874925859374343"
"22384","0.2874925859374343","0.2874925859374343","0.2874925859374343"
"22387","0.2874925859374343","0.2874925859374343","0.2874925859374343"
"22392","0.2874925859374343","0.2874925859374343","0.2874925859374343"
"22393","0.2874925859374343","0.2874925859374343","0.2874925859374343"
"22401","0.2874925859374343","0.2874925859374343","0.2874925859374343"
"22406","0.2874925859374343","0.2874925859374343","0.2874925859374343"
"22427","0.2874925859374343","0.2874925859374343","0.2874925859374343"
"22429","0.2874925859374343","0.2874925859374343","0.2874925859374343"
"22452","0.2875306126094074","0.2875306126094074","0.2875306126094074"
"22467","0.2875306126094074","0.2875306126094074","0.2875306126094074"
"22481","0.2875306126094074","0.2875306126094074","0.2875306126094074"
"22486","0.2875306126094074","0.2875306126094074","0.2875306126094074"
"22487","0.2875306126094074","0.2875306126094074","0.2875306126094074"
"22493","0.2875306126094074","0.2875306126094074","0.2875306126094074"
"22502","0.2875306126094074","0.2875306126094074","0.2875306126094074"
"22524","0.2875306126094074","0.2875306126094074","0.2875306126094074"
"22527","0.2875306126094074","0.2875306126094074","0.2875306126094074"
"22531","0.2875306126094074","0.2875306126094074","0.2875306126094074"
"22535","0.2875306126094074","0.2875306126094074","0.2875306126094074"
"22536","0.2875306126094074","0.2875306126094074","0.2875306126094074"
"22538","0.2875306126094074","0.2875306126094074","0.2875306126094074"
"22544","0.2875306126094074","0.2875306126094074","0.2875306126094074"
"22552","0.2879306125993025","0.2879306125993025","0.2879306125993025"
"22566","0.2879306125993025","0.2879306125993025","0.2879306125993025"
"22574","0.2879306125993025","0.2879306125993025","0.2879306125993025"
"22578","0.2879306125993025","0.2879306125993025","0.2879306125993025"
"22581","0.2879306125993025","0.2879306125993025","0.2879306125993025"
"22594","0.2879306125993025","0.2879306125993025","0.2879306125993025"
"22598","0.2879306125993025","0.2879306125993025","0.2879306125993025"
"22599","0.2879306125993025","0.2879306125993025","0.2879306125993025"
"22600","0.2879306125993025","0.2879306125993025","0.2879306125993025"
"22608","0.2879306125993025","0.2879306125993025","0.2879306125993025"
"22615","0.2879306125993025","0.2879306125993025","0.2879306125993025"
"22618","0.2879306125993025","0.2879306125993025","0.2879306125993025"
"22632","0.2879306125993025","0.2879306125993025","0.2879306125993025"
"22635","0.2879306125993025","0.2879306125993025","0.2879306125993025"
"22644","0.2879306125993025","0.2879306125993025","0.2879306125993025"
"22645","0.2879306125993025","0.2879306125993025","0.2879306125993025"
"22647","0.2879306125993025","0.2879306125993025","0.2879306125993025"
"22649","0.2879306125993025","0.2879306125993025","0.2879306125993025"
"22651","0.28773061260435495","0.28773061260435495","0.28773061260435495"
"22661","0.2890114760317374","0.2890114760317374","0.2890114760317374"
"22667","0.2890114760317374","0.2890114760317374","0.2890114760317374"
"22670","0.2890114760317374","0.2890114760317374","0.2890114760317374"
"22689","0.2890114760317374","0.2890114760317374","0.2890114760317374"
"22694","0.2890114760317374","0.2890114760317374","0.2890114760317374"
"22705","0.2890114760317374","0.2890114760317374","0.2890114760317374"
"22712","0.2890114760317374","0.2890114760317374","0.2890114760317374"
"22714","0.2890114760317374","0.2890114760317374","0.2890114760317374"
"22716","0.2890114760317374","0.2890114760317374","0.2890114760317374"
"22718","0.2890114760317374","0.2890114760317374","0.2890114760317374"
"22724","0.2890114760317374","0.2890114760317374","0.2890114760317374"
"22730","0.2890114760317374","0.2890114760317374","0.2890114760317374"
"22736","0.2890114760317374","0.2890114760317374","0.2890114760317374"
"22747","0.2890114760317374","0.2890114760317374","0.2890114760317374"
"22759","0.2890114760317374","0.2890114760317374","0.2890114760317374"
"22781","0.2904114759963704","0.2904114759963704","0.2904114759963704"
"22790","0.2904114759963704","0.2904114759963704","0.2904114759963704"
"22807","0.2904114759963704","0.2904114759963704","0.2904114759963704"
"22814","0.2904114759963704","0.2904114759963704","0.2904114759963704"
"22815","0.2904114759963704","0.2904114759963704","0.2904114759963704"
"22820","0.2904114759963704","0.2904114759963704","0.2904114759963704"
"22821","0.2904114759963704","0.2904114759963704","0.2904114759963704"
"22827","0.2904114759963704","0.2904114759963704","0.2904114759963704"
"22833","0.2904114759963704","0.2904114759963704","0.2904114759963704"
"22836","0.2904114759963704","0.2904114759963704","0.2904114759963704"
"22838","0.2904114759963704","0.2904114759963704","0.2904114759963704"
"22844","0.2904114759963704","0.2904114759963704","0.2904114759963704"
"22847","0.2904114759963704","0.2904114759963704","0.2904114759963704"
"22849","0.2904114759963704","0.2904114759963704","0.2904114759963704"
"22853","0.2904114759963704","0.2904114759963704","0.2904114759963704"
"22862","0.2904114759963704","0.2904114759963704","0.2904114759963704"
"22866","0.2904114759963704","0.2904114759963704","0.2904114759963704"
"22867","0.2904114759963704","0.2904114759963704","0.2904114759963704"
"22869","0.2904114759963704","0.2904114759963704","0.2904114759963704"
"22870","0.2904114759963704","0.2904114759963704","0.2904114759963704"
"22880","0.29083149433026845","0.29083149433026845","0.29083149433026845"
"22893","0.29083149433026845","0.29083149433026845","0.29083149433026845"
"22900","0.29083149433026845","0.29083149433026845","0.29083149433026845"
"22901","0.29083149433026845","0.29083149433026845","0.29083149433026845"
"22917","0.29083149433026845","0.29083149433026845","0.29083149433026845"
"22924","0.29083149433026845","0.29083149433026845","0.29083149433026845"
"22931","0.29083149433026845","0.29083149433026845","0.29083149433026845"
"22936","0.29083149433026845","0.29083149433026845","0.29083149433026845"
"22957","0.29083149433026845","0.29083149433026845","0.29083149433026845"
"22959","0.29083149433026845","0.29083149433026845","0.29083149433026845"
"22960","0.29083149433026845","0.29083149433026845","0.29083149433026845"
"22961","0.29083149433026845","0.29083149433026845","0.29083149433026845"
"22966","0.29083149433026845","0.29083149433026845","0.29083149433026845"
"22967","0.29083149433026845","0.29083149433026845","0.29083149433026845"
"22972","0.29083149433026845","0.29083149433026845","0.29083149433026845"
"22974","0.29083149433026845","0.29083149433026845","0.29083149433026845"
"22976","0.29083149433026845","0.29083149433026845","0.29083149433026845"
"22978","0.29083149433026845","0.29083149433026845","0.29083149433026845"
"22994","0.29027102059590104","0.29027102059590104","0.29027102059590104"
"23000","0.29027102059590104","0.29027102059590104","0.29027102059590104"
"23001","0.29027102059590104","0.29027102059590104","0.29027102059590104"
"23003","0.29027102059590104","0.29027102059590104","0.29027102059590104"
"23005","0.29027102059590104","0.29027102059590104","0.29027102059590104"
"23006","0.29027102059590104","0.29027102059590104","0.29027102059590104"
"23010","0.29027102059590104","0.29027102059590104","0.29027102059590104"
"23012","0.29027102059590104","0.29027102059590104","0.29027102059590104"
"23014","0.29027102059590104","0.29027102059590104","0.29027102059590104"
"23018","0.29027102059590104","0.29027102059590104","0.29027102059590104"
"23020","0.29027102059590104","0.29027102059590104","0.29027102059590104"
"23021","0.29027102059590104","0.29027102059590104","0.29027102059590104"
"23024","0.29027102059590104","0.29027102059590104","0.29027102059590104"
"23031","0.29027102059590104","0.29027102059590104","0.29027102059590104"
"23034","0.29027102059590104","0.29027102059590104","0.29027102059590104"
"23036","0.29027102059590104","0.29027102059590104","0.29027102059590104"
"23048","0.29027102059590104","0.29027102059590104","0.29027102059590104"
"23056","0.29027102059590104","0.29027102059590104","0.29027102059590104"
"23067","0.29027102059590104","0.29027102059590104","0.29027102059590104"
"23084","0.29027102059590104","0.29027102059590104","0.29027102059590104"
"23087","0.29027102059590104","0.29027102059590104","0.29027102059590104"
"23090","0.29027102059590104","0.29027102059590104","0.29027102059590104"
"23091","0.29007102060095347","0.29007102060095347","0.29007102060095347"
"23120","0.29087102058074377","0.29087102058074377","0.29087102058074377"
"23125","0.29087102058074377","0.29087102058074377","0.29087102058074377"
"23132","0.29087102058074377","0.29087102058074377","0.29087102058074377"
"23136","0.29087102058074377","0.29087102058074377","0.29087102058074377"
"23139","0.29087102058074377","0.29087102058074377","0.29087102058074377"
"23142","0.29087102058074377","0.29087102058074377","0.29087102058074377"
"23143","0.29087102058074377","0.29087102058074377","0.29087102058074377"
"23150","0.29087102058074377","0.29087102058074377","0.29087102058074377"
"23154","0.29087102058074377","0.29087102058074377","0.29087102058074377"
"23159","0.29087102058074377","0.29087102058074377","0.29087102058074377"
"23163","0.29087102058074377","0.29087102058074377","0.29087102058074377"
"23165","0.29087102058074377","0.29087102058074377","0.29087102058074377"
"23171","0.29087102058074377","0.29087102058074377","0.29087102058074377"
"23176","0.29087102058074377","0.29087102058074377","0.29087102058074377"
"23179","0.29087102058074377","0.29087102058074377","0.29087102058074377"
"23182","0.29087102058074377","0.29087102058074377","0.29087102058074377"
"23195","0.29087102058074377","0.29087102058074377","0.29087102058074377"
"23215","0.2906710205857962","0.2906710205857962","0.2906710205857962"
"23224","0.2906710205857962","0.2906710205857962","0.2906710205857962"
"23226","0.2906710205857962","0.2906710205857962","0.2906710205857962"
"23227","0.2906710205857962","0.2906710205857962","0.2906710205857962"
"23231","0.2906710205857962","0.2906710205857962","0.2906710205857962"
"23232","0.2906710205857962","0.2906710205857962","0.2906710205857962"
"23236","0.2906710205857962","0.2906710205857962","0.2906710205857962"
"23246","0.2906710205857962","0.2906710205857962","0.2906710205857962"
"23277","0.2906710205857962","0.2906710205857962","0.2906710205857962"
"23278","0.2906710205857962","0.2906710205857962","0.2906710205857962"
"23285","0.2906710205857962","0.2906710205857962","0.2906710205857962"
"23286","0.2906710205857962","0.2906710205857962","0.2906710205857962"
"23295","0.2906710205857962","0.2906710205857962","0.2906710205857962"
"23300","0.2906710205857962","0.2906710205857962","0.2906710205857962"
"23303","0.2906710205857962","0.2906710205857962","0.2906710205857962"
"23304","0.2906710205857962","0.2906710205857962","0.2906710205857962"
"23308","0.2906710205857962","0.2906710205857962","0.2906710205857962"
"23323","0.2908713174980221","0.2908713174980221","0.2908713174980221"
"23325","0.2908713174980221","0.2908713174980221","0.2908713174980221"
"23326","0.2908713174980221","0.2908713174980221","0.2908713174980221"
"23329","0.2908713174980221","0.2908713174980221","0.2908713174980221"
"23332","0.2908713174980221","0.2908713174980221","0.2908713174980221"
"23335","0.2908713174980221","0.2908713174980221","0.2908713174980221"
"23342","0.2908713174980221","0.2908713174980221","0.2908713174980221"
"23346","0.2908713174980221","0.2908713174980221","0.2908713174980221"
"23348","0.2908713174980221","0.2908713174980221","0.2908713174980221"
"23364","0.2908713174980221","0.2908713174980221","0.2908713174980221"
"23376","0.2908713174980221","0.2908713174980221","0.2908713174980221"
"23385","0.2908713174980221","0.2908713174980221","0.2908713174980221"
"23402","0.2908713174980221","0.2908713174980221","0.2908713174980221"
"23410","0.2908713174980221","0.2908713174980221","0.2908713174980221"
"23411","0.2908713174980221","0.2908713174980221","0.2908713174980221"
"23414","0.2908713174980221","0.2908713174980221","0.2908713174980221"
"23419","0.2908713174980221","0.2908713174980221","0.2908713174980221"
"23425","0.2914713174828648","0.2914713174828648","0.2914713174828648"
"23430","0.2916713174778124","0.2916713174778124","0.2916713174778124"
"23435","0.2916713174778124","0.2916713174778124","0.2916713174778124"
"23437","0.2916713174778124","0.2916713174778124","0.2916713174778124"
"23442","0.2916713174778124","0.2916713174778124","0.2916713174778124"
"23443","0.2916713174778124","0.2916713174778124","0.2916713174778124"
"23450","0.2916713174778124","0.2916713174778124","0.2916713174778124"
"23455","0.2916713174778124","0.2916713174778124","0.2916713174778124"
"23462","0.2916713174778124","0.2916713174778124","0.2916713174778124"
"23463","0.2916713174778124","0.2916713174778124","0.2916713174778124"
"23468","0.2916713174778124","0.2916713174778124","0.2916713174778124"
"23474","0.2916713174778124","0.2916713174778124","0.2916713174778124"
"23477","0.2916713174778124","0.2916713174778124","0.2916713174778124"
"23479","0.2916713174778124","0.2916713174778124","0.2916713174778124"
"23482","0.2916713174778124","0.2916713174778124","0.2916713174778124"
"23498","0.2916713174778124","0.2916713174778124","0.2916713174778124"
"23509","0.2916713174778124","0.2916713174778124","0.2916713174778124"
"23514","0.2916713174778124","0.2916713174778124","0.2916713174778124"
"23521","0.2916713174778124","0.2916713174778124","0.2916713174778124"
"23527","0.2916713174778124","0.2916713174778124","0.2916713174778124"
"23533","0.2917112306673516","0.2917112306673516","0.2917112306673516"
"23543","0.2917112306673516","0.2917112306673516","0.2917112306673516"
"23549","0.2917112306673516","0.2917112306673516","0.2917112306673516"
"23554","0.2917112306673516","0.2917112306673516","0.2917112306673516"
"23561","0.2917112306673516","0.2917112306673516","0.2917112306673516"
"23580","0.2917112306673516","0.2917112306673516","0.2917112306673516"
"23586","0.2917112306673516","0.2917112306673516","0.2917112306673516"
"23589","0.2917112306673516","0.2917112306673516","0.2917112306673516"
"23590","0.2917112306673516","0.2917112306673516","0.2917112306673516"
"23597","0.2917112306673516","0.2917112306673516","0.2917112306673516"
"23598","0.2917112306673516","0.2917112306673516","0.2917112306673516"
"23602","0.2917112306673516","0.2917112306673516","0.2917112306673516"
"23606","0.2917112306673516","0.2917112306673516","0.2917112306673516"
"23610","0.2917112306673516","0.2917112306673516","0.2917112306673516"
"23611","0.2917112306673516","0.2917112306673516","0.2917112306673516"
"23617","0.2917112306673516","0.2917112306673516","0.2917112306673516"
"23619","0.2917112306673516","0.2917112306673516","0.2917112306673516"
"23620","0.2917112306673516","0.2917112306673516","0.2917112306673516"
"23625","0.2917112306673516","0.2917112306673516","0.2917112306673516"
"23636","0.2917112306673516","0.2917112306673516","0.2917112306673516"
"23645","0.2911112306825089","0.2911112306825089","0.2911112306825089"
"23652","0.29103130563416924","0.29103130563416924","0.29103130563416924"
"23654","0.29103130563416924","0.29103130563416924","0.29103130563416924"
"23660","0.29103130563416924","0.29103130563416924","0.29103130563416924"
"23662","0.29103130563416924","0.29103130563416924","0.29103130563416924"
"23664","0.29103130563416924","0.29103130563416924","0.29103130563416924"
"23670","0.29103130563416924","0.29103130563416924","0.29103130563416924"
"23699","0.29103130563416924","0.29103130563416924","0.29103130563416924"
"23708","0.29103130563416924","0.29103130563416924","0.29103130563416924"
"23713","0.29103130563416924","0.29103130563416924","0.29103130563416924"
"23725","0.29103130563416924","0.29103130563416924","0.29103130563416924"
"23727","0.29103130563416924","0.29103130563416924","0.29103130563416924"
"23737","0.29103130563416924","0.29103130563416924","0.29103130563416924"
"23744","0.29103130563416924","0.29103130563416924","0.29103130563416924"
"23748","0.29103130563416924","0.29103130563416924","0.29103130563416924"
"23753","0.29083130563922166","0.29083130563922166","0.29083130563922166"
"23755","0.2904313056493265","0.2904313056493265","0.2904313056493265"
"23764","0.29009147249198575","0.29009147249198575","0.29009147249198575"
"23766","0.29009147249198575","0.29009147249198575","0.29009147249198575"
"23774","0.29009147249198575","0.29009147249198575","0.29009147249198575"
"23784","0.29009147249198575","0.29009147249198575","0.29009147249198575"
"23796","0.29009147249198575","0.29009147249198575","0.29009147249198575"
"23797","0.29009147249198575","0.29009147249198575","0.29009147249198575"
"23801","0.29009147249198575","0.29009147249198575","0.29009147249198575"
"23803","0.29009147249198575","0.29009147249198575","0.29009147249198575"
"23814","0.29009147249198575","0.29009147249198575","0.29009147249198575"
"23815","0.29009147249198575","0.29009147249198575","0.29009147249198575"
"23819","0.29009147249198575","0.29009147249198575","0.29009147249198575"
"23824","0.29009147249198575","0.29009147249198575","0.29009147249198575"
"23829","0.29009147249198575","0.29009147249198575","0.29009147249198575"
"23844","0.29009147249198575","0.29009147249198575","0.29009147249198575"
"23850","0.29009147249198575","0.29009147249198575","0.29009147249198575"
"23852","0.29009147249198575","0.29009147249198575","0.29009147249198575"
"23857","0.29009147249198575","0.29009147249198575","0.29009147249198575"
"23858","0.29009147249198575","0.29009147249198575","0.29009147249198575"
"23859","0.29009147249198575","0.29009147249198575","0.29009147249198575"
"23865","0.2898723093563603","0.2898723093563603","0.2898723093563603"
"23873","0.2892723093715176","0.2892723093715176","0.2892723093715176"
"23876","0.2892723093715176","0.2892723093715176","0.2892723093715176"
"23877","0.2892723093715176","0.2892723093715176","0.2892723093715176"
"23880","0.2892723093715176","0.2892723093715176","0.2892723093715176"
"23883","0.2892723093715176","0.2892723093715176","0.2892723093715176"
"23894","0.2892723093715176","0.2892723093715176","0.2892723093715176"
"23895","0.2892723093715176","0.2892723093715176","0.2892723093715176"
"23903","0.2892723093715176","0.2892723093715176","0.2892723093715176"
"23910","0.2892723093715176","0.2892723093715176","0.2892723093715176"
"23913","0.2892723093715176","0.2892723093715176","0.2892723093715176"
"23919","0.2892723093715176","0.2892723093715176","0.2892723093715176"
"23921","0.2892723093715176","0.2892723093715176","0.2892723093715176"
"23922","0.2892723093715176","0.2892723093715176","0.2892723093715176"
"23936","0.2892723093715176","0.2892723093715176","0.2892723093715176"
"23942","0.2892723093715176","0.2892723093715176","0.2892723093715176"
"23945","0.2892723093715176","0.2892723093715176","0.2892723093715176"
"23946","0.2892723093715176","0.2892723093715176","0.2892723093715176"
"23952","0.2892723093715176","0.2892723093715176","0.2892723093715176"
"23961","0.2892723093715176","0.2892723093715176","0.2892723093715176"
"23963","0.2892723093715176","0.2892723093715176","0.2892723093715176"
"23974","0.28967230936141275","0.28967230936141275","0.28967230936141275"
"23985","0.2900723425987962","0.2900723425987962","0.2900723425987962"
"24000","0.2900723425987962","0.2900723425987962","0.2900723425987962"
"24003","0.2900723425987962","0.2900723425987962","0.2900723425987962"
"24031","0.2900723425987962","0.2900723425987962","0.2900723425987962"
"24032","0.2900723425987962","0.2900723425987962","0.2900723425987962"
"24033","0.2900723425987962","0.2900723425987962","0.2900723425987962"
"24037","0.2900723425987962","0.2900723425987962","0.2900723425987962"
"24045","0.2900723425987962","0.2900723425987962","0.2900723425987962"
"24047","0.2900723425987962","0.2900723425987962","0.2900723425987962"
"24055","0.2900723425987962","0.2900723425987962","0.2900723425987962"
"24079","0.2900723425987962","0.2900723425987962","0.2900723425987962"
"24082","0.29047234258869137","0.29047234258869137","0.29047234258869137"
"24087","0.29043220938510783","0.29043220938510783","0.29043220938510783"
"24096","0.29103220936995056","0.29103220936995056","0.29103220936995056"
"24100","0.29103220936995056","0.29103220936995056","0.29103220936995056"
"24103","0.29103220936995056","0.29103220936995056","0.29103220936995056"
"24119","0.29103220936995056","0.29103220936995056","0.29103220936995056"
"24120","0.29103220936995056","0.29103220936995056","0.29103220936995056"
"24129","0.29103220936995056","0.29103220936995056","0.29103220936995056"
"24130","0.29103220936995056","0.29103220936995056","0.29103220936995056"
"24132","0.29103220936995056","0.29103220936995056","0.29103220936995056"
"24139","0.29103220936995056","0.29103220936995056","0.29103220936995056"
"24140","0.29103220936995056","0.29103220936995056","0.29103220936995056"
"24165","0.29103220936995056","0.29103220936995056","0.29103220936995056"
"24166","0.29103220936995056","0.29103220936995056","0.29103220936995056"
"24167","0.29103220936995056","0.29103220936995056","0.29103220936995056"
"24171","0.29103220936995056","0.29103220936995056","0.29103220936995056"
"24180","0.29103220936995056","0.29103220936995056","0.29103220936995056"
"24181","0.29103220936995056","0.29103220936995056","0.29103220936995056"
"24182","0.29103220936995056","0.29103220936995056","0.29103220936995056"
"24190","0.29103220936995056","0.29103220936995056","0.29103220936995056"
"24194","0.29153234451550813","0.29153234451550813","0.29153234451550813"
"24197","0.2917323445104557","0.2917323445104557","0.2917323445104557"
"24199","0.2917323445104557","0.2917323445104557","0.2917323445104557"
"24209","0.29153234451550813","0.29153234451550813","0.29153234451550813"
"24217","0.29153234451550813","0.29153234451550813","0.29153234451550813"
"24224","0.29153234451550813","0.29153234451550813","0.29153234451550813"
"24231","0.29153234451550813","0.29153234451550813","0.29153234451550813"
"24240","0.29153234451550813","0.29153234451550813","0.29153234451550813"
"24246","0.29153234451550813","0.29153234451550813","0.29153234451550813"
"24252","0.29153234451550813","0.29153234451550813","0.29153234451550813"
"24255","0.29153234451550813","0.29153234451550813","0.29153234451550813"
"24267","0.29153234451550813","0.29153234451550813","0.29153234451550813"
"24275","0.29153234451550813","0.29153234451550813","0.29153234451550813"
"24284","0.29153234451550813","0.29153234451550813","0.29153234451550813"
"24291","0.29153234451550813","0.29153234451550813","0.29153234451550813"
"24298","0.29153234451550813","0.29153234451550813","0.29153234451550813"
"24299","0.29153234451550813","0.29153234451550813","0.29153234451550813"
"24312","0.2910121542114211","0.2910121542114211","0.2910121542114211"
"24315","0.2910121542114211","0.2910121542114211","0.2910121542114211"
"24334","0.2910121542114211","0.2910121542114211","0.2910121542114211"
"24349","0.2910121542114211","0.2910121542114211","0.2910121542114211"
"24366","0.2910121542114211","0.2910121542114211","0.2910121542114211"
"24372","0.2910121542114211","0.2910121542114211","0.2910121542114211"
"24380","0.2910121542114211","0.2910121542114211","0.2910121542114211"
"24382","0.2910121542114211","0.2910121542114211","0.2910121542114211"
"24384","0.2910121542114211","0.2910121542114211","0.2910121542114211"
"24388","0.2910121542114211","0.2910121542114211","0.2910121542114211"
"24389","0.2910121542114211","0.2910121542114211","0.2910121542114211"
"24391","0.2910121542114211","0.2910121542114211","0.2910121542114211"
"24392","0.2910121542114211","0.2910121542114211","0.2910121542114211"
"24396","0.2910121542114211","0.2910121542114211","0.2910121542114211"
"24397","0.2910121542114211","0.2910121542114211","0.2910121542114211"
"24402","0.2910121542114211","0.2910121542114211","0.2910121542114211"
"24411","0.2912121542063687","0.2912121542063687","0.2912121542063687"
"24416","0.2912622622658091","0.2912622622658091","0.2912622622658091"
"24417","0.29146226226075667","0.29146226226075667","0.29146226226075667"
"24425","0.29166226225570424","0.29166226225570424","0.29166226225570424"
"24428","0.29166226225570424","0.29166226225570424","0.29166226225570424"
"24429","0.29166226225570424","0.29166226225570424","0.29166226225570424"
"24431","0.29166226225570424","0.29166226225570424","0.29166226225570424"
"24434","0.29166226225570424","0.29166226225570424","0.29166226225570424"
"24439","0.29166226225570424","0.29166226225570424","0.29166226225570424"
"24443","0.29166226225570424","0.29166226225570424","0.29166226225570424"
"24450","0.29166226225570424","0.29166226225570424","0.29166226225570424"
"24456","0.29166226225570424","0.29166226225570424","0.29166226225570424"
"24461","0.29166226225570424","0.29166226225570424","0.29166226225570424"
"24463","0.29166226225570424","0.29166226225570424","0.29166226225570424"
"24465","0.29166226225570424","0.29166226225570424","0.29166226225570424"
"24471","0.29166226225570424","0.29166226225570424","0.29166226225570424"
"24480","0.29166226225570424","0.29166226225570424","0.29166226225570424"
"24481","0.29166226225570424","0.29166226225570424","0.29166226225570424"
"24486","0.29166226225570424","0.29166226225570424","0.29166226225570424"
"24487","0.29166226225570424","0.29166226225570424","0.29166226225570424"
"24488","0.29166226225570424","0.29166226225570424","0.29166226225570424"
"24499","0.29166226225570424","0.29166226225570424","0.29166226225570424"
"24501","0.29166226225570424","0.29166226225570424","0.29166226225570424"
"24504","0.29166226225570424","0.29166226225570424","0.29166226225570424"
"24509","0.29166226225570424","0.29166226225570424","0.29166226225570424"
"24512","0.29166226225570424","0.29166226225570424","0.29166226225570424"
"24518","0.29166226225570424","0.29166226225570424","0.29166226225570424"
"24522","0.29166226225570424","0.29166226225570424","0.29166226225570424"
"24523","0.2918622622506518","0.2918622622506518","0.2918622622506518"
"24538","0.29198192347903384","0.29198192347903384","0.29198192347903384"
"24544","0.29198192347903384","0.29198192347903384","0.29198192347903384"
"24554","0.29198192347903384","0.29198192347903384","0.29198192347903384"
"24556","0.29198192347903384","0.29198192347903384","0.29198192347903384"
"24558","0.29198192347903384","0.29198192347903384","0.29198192347903384"
"24561","0.29198192347903384","0.29198192347903384","0.29198192347903384"
"24566","0.29198192347903384","0.29198192347903384","0.29198192347903384"
"24573","0.29198192347903384","0.29198192347903384","0.29198192347903384"
"24577","0.29198192347903384","0.29198192347903384","0.29198192347903384"
"24584","0.29198192347903384","0.29198192347903384","0.29198192347903384"
"24585","0.29198192347903384","0.29198192347903384","0.29198192347903384"
"24589","0.29198192347903384","0.29198192347903384","0.29198192347903384"
"24590","0.29198192347903384","0.29198192347903384","0.29198192347903384"
"24592","0.29198192347903384","0.29198192347903384","0.29198192347903384"
"24595","0.29198192347903384","0.29198192347903384","0.29198192347903384"
"24621","0.29198192347903384","0.29198192347903384","0.29198192347903384"
"24628","0.29198192347903384","0.29198192347903384","0.29198192347903384"
"24645","0.29207166022169984","0.29207166022169984","0.29207166022169984"
"24653","0.29207166022169984","0.29207166022169984","0.29207166022169984"
"24654","0.29207166022169984","0.29207166022169984","0.29207166022169984"
"24662","0.29207166022169984","0.29207166022169984","0.29207166022169984"
"24673","0.29207166022169984","0.29207166022169984","0.29207166022169984"
"24678","0.29207166022169984","0.29207166022169984","0.29207166022169984"
"24682","0.29207166022169984","0.29207166022169984","0.29207166022169984"
"24685","0.29207166022169984","0.29207166022169984","0.29207166022169984"
"24690","0.29207166022169984","0.29207166022169984","0.29207166022169984"
"24695","0.29207166022169984","0.29207166022169984","0.29207166022169984"
"24715","0.29207166022169984","0.29207166022169984","0.29207166022169984"
"24719","0.29207166022169984","0.29207166022169984","0.29207166022169984"
"24723","0.29207166022169984","0.29207166022169984","0.29207166022169984"
"24735","0.29207166022169984","0.29207166022169984","0.29207166022169984"
"24737","0.29207166022169984","0.29207166022169984","0.29207166022169984"
"24738","0.29207166022169984","0.29207166022169984","0.29207166022169984"
"24740","0.29207166022169984","0.29207166022169984","0.29207166022169984"
"24756","0.29207166022169984","0.29207166022169984","0.29207166022169984"
"24759","0.29207166022169984","0.29207166022169984","0.29207166022169984"
"24776","0.29207166022169984","0.29207166022169984","0.29207166022169984"
"24777","0.29207166022169984","0.29207166022169984","0.29207166022169984"
"24779","0.29207166022169984","0.29207166022169984","0.29207166022169984"
"24795","0.29207166022169984","0.29207166022169984","0.29207166022169984"
"24796","0.29207166022169984","0.29207166022169984","0.29207166022169984"
"24802","0.29207166022169984","0.29207166022169984","0.29207166022169984"
"24803","0.29207166022169984","0.29207166022169984","0.29207166022169984"
"24810","0.29207166022169984","0.29207166022169984","0.29207166022169984"
"24811","0.29207166022169984","0.29207166022169984","0.29207166022169984"
"24812","0.29207166022169984","0.29207166022169984","0.29207166022169984"
"24817","0.29207166022169984","0.29207166022169984","0.29207166022169984"
"24820","0.29207166022169984","0.29207166022169984","0.29207166022169984"
"24831","0.29207166022169984","0.29207166022169984","0.29207166022169984"
"24834","0.29207166022169984","0.29207166022169984","0.29207166022169984"
"24842","0.29207166022169984","0.29207166022169984","0.29207166022169984"
"24843","0.29207166022169984","0.29207166022169984","0.29207166022169984"
"24844","0.29207166022169984","0.29207166022169984","0.29207166022169984"
"24852","0.292471660211595","0.292471660211595","0.292471660211595"
"24859","0.2917320298634877","0.2917320298634877","0.2917320298634877"
"24868","0.2915320298685401","0.2915320298685401","0.2915320298685401"
"24875","0.2915320298685401","0.2915320298685401","0.2915320298685401"
"24876","0.2915320298685401","0.2915320298685401","0.2915320298685401"
"24887","0.2915320298685401","0.2915320298685401","0.2915320298685401"
"24890","0.2915320298685401","0.2915320298685401","0.2915320298685401"
"24894","0.2915320298685401","0.2915320298685401","0.2915320298685401"
"24896","0.2915320298685401","0.2915320298685401","0.2915320298685401"
"24897","0.2915320298685401","0.2915320298685401","0.2915320298685401"
"24899","0.2915320298685401","0.2915320298685401","0.2915320298685401"
"24904","0.2915320298685401","0.2915320298685401","0.2915320298685401"
"24907","0.2915320298685401","0.2915320298685401","0.2915320298685401"
"24914","0.2915320298685401","0.2915320298685401","0.2915320298685401"
"24920","0.2915320298685401","0.2915320298685401","0.2915320298685401"
"24926","0.2915320298685401","0.2915320298685401","0.2915320298685401"
"24927","0.2915320298685401","0.2915320298685401","0.2915320298685401"
"24932","0.2915320298685401","0.2915320298685401","0.2915320298685401"
"24934","0.2915320298685401","0.2915320298685401","0.2915320298685401"
"24935","0.2915320298685401","0.2915320298685401","0.2915320298685401"
"24942","0.2915320298685401","0.2915320298685401","0.2915320298685401"
"24960","0.2915320298685401","0.2915320298685401","0.2915320298685401"
"24964","0.2916920976073015","0.2916920976073015","0.2916920976073015"
"24967","0.29199239010049494","0.29199239010049494","0.29199239010049494"
"24970","0.292322714261536","0.292322714261536","0.292322714261536"
"24975","0.292322714261536","0.292322714261536","0.292322714261536"
"24977","0.292322714261536","0.292322714261536","0.292322714261536"
"24988","0.292322714261536","0.292322714261536","0.292322714261536"
"25005","0.292322714261536","0.292322714261536","0.292322714261536"
"25006","0.292322714261536","0.292322714261536","0.292322714261536"
"25008","0.292322714261536","0.292322714261536","0.292322714261536"
"25009","0.292322714261536","0.292322714261536","0.292322714261536"
"25016","0.292322714261536","0.292322714261536","0.292322714261536"
"25026","0.292322714261536","0.292322714261536","0.292322714261536"
"25027","0.292322714261536","0.292322714261536","0.292322714261536"
"25032","0.292322714261536","0.292322714261536","0.292322714261536"
"25033","0.292322714261536","0.292322714261536","0.292322714261536"
"25035","0.292322714261536","0.292322714261536","0.292322714261536"
"25038","0.292322714261536","0.292322714261536","0.292322714261536"
"25053","0.292322714261536","0.292322714261536","0.292322714261536"
"25055","0.292322714261536","0.292322714261536","0.292322714261536"
"25056","0.292322714261536","0.292322714261536","0.292322714261536"
"25060","0.292322714261536","0.292322714261536","0.292322714261536"
"25062","0.292322714261536","0.292322714261536","0.292322714261536"
"25067","0.292322714261536","0.292322714261536","0.292322714261536"
"25077","0.29262236010399645","0.29262236010399645","0.29262236010399645"
"25092","0.2927417105034692","0.2927417105034692","0.2927417105034692"
"25105","0.2927417105034692","0.2927417105034692","0.2927417105034692"
"25106","0.2927417105034692","0.2927417105034692","0.2927417105034692"
"25114","0.2927417105034692","0.2927417105034692","0.2927417105034692"
"25126","0.2927417105034692","0.2927417105034692","0.2927417105034692"
"25137","0.2927417105034692","0.2927417105034692","0.2927417105034692"
"25140","0.2927417105034692","0.2927417105034692","0.2927417105034692"
"25141","0.2927417105034692","0.2927417105034692","0.2927417105034692"
"25142","0.2927417105034692","0.2927417105034692","0.2927417105034692"
"25145","0.2927417105034692","0.2927417105034692","0.2927417105034692"
"25161","0.2927417105034692","0.2927417105034692","0.2927417105034692"
"25162","0.2927417105034692","0.2927417105034692","0.2927417105034692"
"25168","0.2927417105034692","0.2927417105034692","0.2927417105034692"
"25172","0.2927417105034692","0.2927417105034692","0.2927417105034692"
"25179","0.2927417105034692","0.2927417105034692","0.2927417105034692"
"25180","0.2927417105034692","0.2927417105034692","0.2927417105034692"
"25181","0.2928411286207847","0.2928411286207847","0.2928411286207847"
"25182","0.2930411286157323","0.2930411286157323","0.2930411286157323"
"25190","0.29376006492529994","0.29376006492529994","0.29376006492529994"
"25196","0.29376006492529994","0.29376006492529994","0.29376006492529994"
"25203","0.29376006492529994","0.29376006492529994","0.29376006492529994"
"25206","0.29376006492529994","0.29376006492529994","0.29376006492529994"
"25213","0.29376006492529994","0.29376006492529994","0.29376006492529994"
"25217","0.29376006492529994","0.29376006492529994","0.29376006492529994"
"25228","0.29376006492529994","0.29376006492529994","0.29376006492529994"
"25230","0.29376006492529994","0.29376006492529994","0.29376006492529994"
"25231","0.29376006492529994","0.29376006492529994","0.29376006492529994"
"25238","0.29376006492529994","0.29376006492529994","0.29376006492529994"
"25239","0.29376006492529994","0.29376006492529994","0.29376006492529994"
"25252","0.29376006492529994","0.29376006492529994","0.29376006492529994"
"25258","0.29376006492529994","0.29376006492529994","0.29376006492529994"
"25262","0.29376006492529994","0.29376006492529994","0.29376006492529994"
"25265","0.29376006492529994","0.29376006492529994","0.29376006492529994"
"25277","0.29376006492529994","0.29376006492529994","0.29376006492529994"
"25289","0.29376006492529994","0.29376006492529994","0.29376006492529994"
"25300","0.29412256343639454","0.29412256343639454","0.29412256343639454"
"25302","0.29412256343639454","0.29412256343639454","0.29412256343639454"
"25304","0.29412256343639454","0.29412256343639454","0.29412256343639454"
"25310","0.29412256343639454","0.29412256343639454","0.29412256343639454"
"25330","0.29412256343639454","0.29412256343639454","0.29412256343639454"
"25335","0.29412256343639454","0.29412256343639454","0.29412256343639454"
"25339","0.29412256343639454","0.29412256343639454","0.29412256343639454"
"25340","0.29412256343639454","0.29412256343639454","0.29412256343639454"
"25346","0.29412256343639454","0.29412256343639454","0.29412256343639454"
"25347","0.29412256343639454","0.29412256343639454","0.29412256343639454"
"25349","0.29412256343639454","0.29412256343639454","0.29412256343639454"
"25352","0.29412256343639454","0.29412256343639454","0.29412256343639454"
"25358","0.29412256343639454","0.29412256343639454","0.29412256343639454"
"25371","0.29412256343639454","0.29412256343639454","0.29412256343639454"
"25381","0.29412256343639454","0.29412256343639454","0.29412256343639454"
"25386","0.29412256343639454","0.29412256343639454","0.29412256343639454"
"25388","0.29412256343639454","0.29412256343639454","0.29412256343639454"
"25391","0.29412256343639454","0.29412256343639454","0.29412256343639454"
"25401","0.29392256344144696","0.29392256344144696","0.29392256344144696"
"25409","0.29392256344144696","0.29392256344144696","0.29392256344144696"
"25423","0.2937225634464994","0.2937225634464994","0.2937225634464994"
"25437","0.2937225634464994","0.2937225634464994","0.2937225634464994"
"25440","0.2937225634464994","0.2937225634464994","0.2937225634464994"
"25447","0.2937225634464994","0.2937225634464994","0.2937225634464994"
"25457","0.2937225634464994","0.2937225634464994","0.2937225634464994"
"25468","0.2937225634464994","0.2937225634464994","0.2937225634464994"
"25469","0.2937225634464994","0.2937225634464994","0.2937225634464994"
"25474","0.2937225634464994","0.2937225634464994","0.2937225634464994"
"25479","0.2937225634464994","0.2937225634464994","0.2937225634464994"
"25494","0.2937225634464994","0.2937225634464994","0.2937225634464994"
"25500","0.2937225634464994","0.2937225634464994","0.2937225634464994"
"25503","0.2937225634464994","0.2937225634464994","0.2937225634464994"
"25523","0.2937639176176162","0.2937639176176162","0.2937639176176162"
"25539","0.2937639176176162","0.2937639176176162","0.2937639176176162"
"25540","0.2937639176176162","0.2937639176176162","0.2937639176176162"
"25543","0.2937639176176162","0.2937639176176162","0.2937639176176162"
"25566","0.2937639176176162","0.2937639176176162","0.2937639176176162"
"25567","0.2937639176176162","0.2937639176176162","0.2937639176176162"
"25575","0.2937639176176162","0.2937639176176162","0.2937639176176162"
"25581","0.2937639176176162","0.2937639176176162","0.2937639176176162"
"25591","0.2937639176176162","0.2937639176176162","0.2937639176176162"
"25592","0.2937639176176162","0.2937639176176162","0.2937639176176162"
"25596","0.2937639176176162","0.2937639176176162","0.2937639176176162"
"25597","0.2937639176176162","0.2937639176176162","0.2937639176176162"
"25607","0.2937639176176162","0.2937639176176162","0.2937639176176162"
"25617","0.2937639176176162","0.2937639176176162","0.2937639176176162"
"25621","0.29380354648819773","0.29380354648819773","0.29380354648819773"
"25626","0.2942995976642123","0.2942995976642123","0.2942995976642123"
"25628","0.29389959767431717","0.29389959767431717","0.29389959767431717"
"25640","0.29390167947130974","0.29390167947130974","0.29390167947130974"
"25646","0.29390167947130974","0.29390167947130974","0.29390167947130974"
"25653","0.29390167947130974","0.29390167947130974","0.29390167947130974"
"25662","0.29390167947130974","0.29390167947130974","0.29390167947130974"
"25670","0.29390167947130974","0.29390167947130974","0.29390167947130974"
"25675","0.29390167947130974","0.29390167947130974","0.29390167947130974"
"25679","0.29390167947130974","0.29390167947130974","0.29390167947130974"
"25683","0.29390167947130974","0.29390167947130974","0.29390167947130974"
"25693","0.29390167947130974","0.29390167947130974","0.29390167947130974"
"25695","0.29390167947130974","0.29390167947130974","0.29390167947130974"
"25706","0.29390167947130974","0.29390167947130974","0.29390167947130974"
"25710","0.29390167947130974","0.29390167947130974","0.29390167947130974"
"25722","0.29390167947130974","0.29390167947130974","0.29390167947130974"
"25725","0.29390167947130974","0.29390167947130974","0.29390167947130974"
"25730","0.29390167947130974","0.29390167947130974","0.29390167947130974"
"25733","0.29408004717115543","0.29408004717115543","0.29408004717115543"
"25740","0.2937533600212191","0.2937533600212191","0.2937533600212191"
"25751","0.2937533600212191","0.2937533600212191","0.2937533600212191"
"25758","0.2937533600212191","0.2937533600212191","0.2937533600212191"
"25759","0.2937533600212191","0.2937533600212191","0.2937533600212191"
"25764","0.2937533600212191","0.2937533600212191","0.2937533600212191"
"25765","0.2937533600212191","0.2937533600212191","0.2937533600212191"
"25771","0.2937533600212191","0.2937533600212191","0.2937533600212191"
"25774","0.2937533600212191","0.2937533600212191","0.2937533600212191"
"25775","0.2937533600212191","0.2937533600212191","0.2937533600212191"
"25779","0.2937533600212191","0.2937533600212191","0.2937533600212191"
"25781","0.2937533600212191","0.2937533600212191","0.2937533600212191"
"25785","0.2937533600212191","0.2937533600212191","0.2937533600212191"
"25791","0.2937533600212191","0.2937533600212191","0.2937533600212191"
"25805","0.2937533600212191","0.2937533600212191","0.2937533600212191"
"25815","0.2937533600212191","0.2937533600212191","0.2937533600212191"
"25822","0.2937533600212191","0.2937533600212191","0.2937533600212191"
"25829","0.2937533600212191","0.2937533600212191","0.2937533600212191"
"25836","0.2937533600212191","0.2937533600212191","0.2937533600212191"
"25839","0.2937533600212191","0.2937533600212191","0.2937533600212191"
"25846","0.29363451238314153","0.29363451238314153","0.29363451238314153"
"25850","0.2940345123730367","0.2940345123730367","0.2940345123730367"
"25858","0.2940345123730367","0.2940345123730367","0.2940345123730367"
"25871","0.2940345123730367","0.2940345123730367","0.2940345123730367"
"25897","0.2940345123730367","0.2940345123730367","0.2940345123730367"
"25899","0.2940345123730367","0.2940345123730367","0.2940345123730367"
"25906","0.2940345123730367","0.2940345123730367","0.2940345123730367"
"25912","0.2940345123730367","0.2940345123730367","0.2940345123730367"
"25914","0.2940345123730367","0.2940345123730367","0.2940345123730367"
"25925","0.2940345123730367","0.2940345123730367","0.2940345123730367"
"25926","0.2940345123730367","0.2940345123730367","0.2940345123730367"
"25932","0.2940345123730367","0.2940345123730367","0.2940345123730367"
"25934","0.2940345123730367","0.2940345123730367","0.2940345123730367"
"25938","0.2940345123730367","0.2940345123730367","0.2940345123730367"
"25940","0.2940345123730367","0.2940345123730367","0.2940345123730367"
"25941","0.2940345123730367","0.2940345123730367","0.2940345123730367"
"25943","0.2940345123730367","0.2940345123730367","0.2940345123730367"
"25951","0.29423451236798426","0.29423451236798426","0.29423451236798426"
"25958","0.294190101813092","0.294190101813092","0.294190101813092"
"25961","0.2943978193944531","0.2943978193944531","0.2943978193944531"
"25964","0.2943978193944531","0.2943978193944531","0.2943978193944531"
"25965","0.2943978193944531","0.2943978193944531","0.2943978193944531"
"25966","0.2943978193944531","0.2943978193944531","0.2943978193944531"
"25971","0.2943978193944531","0.2943978193944531","0.2943978193944531"
"25985","0.2943978193944531","0.2943978193944531","0.2943978193944531"
"26016","0.2943978193944531","0.2943978193944531","0.2943978193944531"
"26019","0.2943978193944531","0.2943978193944531","0.2943978193944531"
"26029","0.2943978193944531","0.2943978193944531","0.2943978193944531"
"26032","0.2943978193944531","0.2943978193944531","0.2943978193944531"
"26042","0.2943978193944531","0.2943978193944531","0.2943978193944531"
"26044","0.2943978193944531","0.2943978193944531","0.2943978193944531"
"26046","0.2943978193944531","0.2943978193944531","0.2943978193944531"
"26050","0.2943978193944531","0.2943978193944531","0.2943978193944531"
"26068","0.29491873229571863","0.29491873229571863","0.29491873229571863"
"26071","0.2945187323058235","0.2945187323058235","0.2945187323058235"
"26075","0.2945187323058235","0.2945187323058235","0.2945187323058235"
"26079","0.2945187323058235","0.2945187323058235","0.2945187323058235"
"26082","0.2945187323058235","0.2945187323058235","0.2945187323058235"
"26085","0.2945187323058235","0.2945187323058235","0.2945187323058235"
"26090","0.2945187323058235","0.2945187323058235","0.2945187323058235"
"26094","0.2945187323058235","0.2945187323058235","0.2945187323058235"
"26106","0.2945187323058235","0.2945187323058235","0.2945187323058235"
"26113","0.2945187323058235","0.2945187323058235","0.2945187323058235"
"26115","0.2945187323058235","0.2945187323058235","0.2945187323058235"
"26121","0.2945187323058235","0.2945187323058235","0.2945187323058235"
"26132","0.2945187323058235","0.2945187323058235","0.2945187323058235"
"26154","0.2945187323058235","0.2945187323058235","0.2945187323058235"
"26155","0.2945187323058235","0.2945187323058235","0.2945187323058235"
"26159","0.2945187323058235","0.2945187323058235","0.2945187323058235"
"26164","0.2945187323058235","0.2945187323058235","0.2945187323058235"
"26167","0.2945187323058235","0.2945187323058235","0.2945187323058235"
"26169","0.2945187323058235","0.2945187323058235","0.2945187323058235"
"26210","0.29480015037561313","0.29480015037561313","0.29480015037561313"
"26217","0.29480015037561313","0.29480015037561313","0.29480015037561313"
"26227","0.29480015037561313","0.29480015037561313","0.29480015037561313"
"26235","0.29480015037561313","0.29480015037561313","0.29480015037561313"
"26239","0.29480015037561313","0.29480015037561313","0.29480015037561313"
"26240","0.29480015037561313","0.29480015037561313","0.29480015037561313"
"26253","0.29480015037561313","0.29480015037561313","0.29480015037561313"
"26260","0.29480015037561313","0.29480015037561313","0.29480015037561313"
"26264","0.29480015037561313","0.29480015037561313","0.29480015037561313"
"26266","0.29480015037561313","0.29480015037561313","0.29480015037561313"
"26267","0.29480015037561313","0.29480015037561313","0.29480015037561313"
"26295","0.29560015035540343","0.29560015035540343","0.29560015035540343"
"26298","0.29560015035540343","0.29560015035540343","0.29560015035540343"
"26307","0.29560015035540343","0.29560015035540343","0.29560015035540343"
"26311","0.29560015035540343","0.29560015035540343","0.29560015035540343"
"26320","0.29560015035540343","0.29560015035540343","0.29560015035540343"
"26332","0.29560015035540343","0.29560015035540343","0.29560015035540343"
"26333","0.29560015035540343","0.29560015035540343","0.29560015035540343"
"26343","0.29560015035540343","0.29560015035540343","0.29560015035540343"
"26348","0.29560015035540343","0.29560015035540343","0.29560015035540343"
"26357","0.29560015035540343","0.29560015035540343","0.29560015035540343"
"26365","0.29560015035540343","0.29560015035540343","0.29560015035540343"
"26366","0.29560015035540343","0.29560015035540343","0.29560015035540343"
"26370","0.29560015035540343","0.29560015035540343","0.29560015035540343"
"26377","0.29560015035540343","0.29560015035540343","0.29560015035540343"
"26383","0.29560015035540343","0.29560015035540343","0.29560015035540343"
"26387","0.29560015035540343","0.29560015035540343","0.29560015035540343"
"26393","0.29620015034024616","0.29620015034024616","0.29620015034024616"
"26398","0.2968001503250889","0.2968001503250889","0.2968001503250889"
"26411","0.2971962676748262","0.2971962676748262","0.2971962676748262"
"26423","0.2971962676748262","0.2971962676748262","0.2971962676748262"
"26431","0.2971962676748262","0.2971962676748262","0.2971962676748262"
"26444","0.2971962676748262","0.2971962676748262","0.2971962676748262"
"26453","0.2971962676748262","0.2971962676748262","0.2971962676748262"
"26464","0.2971962676748262","0.2971962676748262","0.2971962676748262"
"26481","0.2971962676748262","0.2971962676748262","0.2971962676748262"
"26482","0.2971962676748262","0.2971962676748262","0.2971962676748262"
"26483","0.2971962676748262","0.2971962676748262","0.2971962676748262"
"26484","0.2971962676748262","0.2971962676748262","0.2971962676748262"
"26502","0.2971962676748262","0.2971962676748262","0.2971962676748262"
"26507","0.29755284706343443","0.29755284706343443","0.29755284706343443"
"26510","0.29815284704827716","0.29815284704827716","0.29815284704827716"
"26511","0.29815284704827716","0.29815284704827716","0.29815284704827716"
"26529","0.29815284704827716","0.29815284704827716","0.29815284704827716"
"26546","0.29815284704827716","0.29815284704827716","0.29815284704827716"
"26547","0.29815284704827716","0.29815284704827716","0.29815284704827716"
"26557","0.29815284704827716","0.29815284704827716","0.29815284704827716"
"26565","0.29815284704827716","0.29815284704827716","0.29815284704827716"
"26569","0.29815284704827716","0.29815284704827716","0.29815284704827716"
"26572","0.29815284704827716","0.29815284704827716","0.29815284704827716"
"26578","0.29815284704827716","0.29815284704827716","0.29815284704827716"
"26589","0.29815284704827716","0.29815284704827716","0.29815284704827716"
"26591","0.29815284704827716","0.29815284704827716","0.29815284704827716"
"26598","0.29815284704827716","0.29815284704827716","0.29815284704827716"
"26602","0.29815284704827716","0.29815284704827716","0.29815284704827716"
"26625","0.29791818157546","0.29791818157546","0.29791818157546"
"26626","0.29791818157546","0.29791818157546","0.29791818157546"
"26628","0.29791818157546","0.29791818157546","0.29791818157546"
"26629","0.29791818157546","0.29791818157546","0.29791818157546"
"26635","0.29791818157546","0.29791818157546","0.29791818157546"
"26660","0.29791818157546","0.29791818157546","0.29791818157546"
"26663","0.29791818157546","0.29791818157546","0.29791818157546"
"26669","0.29791818157546","0.29791818157546","0.29791818157546"
"26674","0.29791818157546","0.29791818157546","0.29791818157546"
"26686","0.29791818157546","0.29791818157546","0.29791818157546"
"26691","0.29791818157546","0.29791818157546","0.29791818157546"
"26694","0.29791818157546","0.29791818157546","0.29791818157546"
"26701","0.29791818157546","0.29791818157546","0.29791818157546"
"26708","0.29791818157546","0.29791818157546","0.29791818157546"
"26709","0.29791818157546","0.29791818157546","0.29791818157546"
"26737","0.29838192366614746","0.29838192366614746","0.29838192366614746"
"26738","0.29838192366614746","0.29838192366614746","0.29838192366614746"
"26741","0.29838192366614746","0.29838192366614746","0.29838192366614746"
"26752","0.29838192366614746","0.29838192366614746","0.29838192366614746"
"26753","0.29838192366614746","0.29838192366614746","0.29838192366614746"
"26759","0.29838192366614746","0.29838192366614746","0.29838192366614746"
"26762","0.29838192366614746","0.29838192366614746","0.29838192366614746"
"26763","0.29838192366614746","0.29838192366614746","0.29838192366614746"
"26767","0.29838192366614746","0.29838192366614746","0.29838192366614746"
"26768","0.29838192366614746","0.29838192366614746","0.29838192366614746"
"26777","0.29838192366614746","0.29838192366614746","0.29838192366614746"
"26782","0.29838192366614746","0.29838192366614746","0.29838192366614746"
"26790","0.29838192366614746","0.29838192366614746","0.29838192366614746"
"26798","0.29838192366614746","0.29838192366614746","0.29838192366614746"
"26799","0.29838192366614746","0.29838192366614746","0.29838192366614746"
"26809","0.29838192366614746","0.29838192366614746","0.29838192366614746"
"26819","0.29838192366614746","0.29838192366614746","0.29838192366614746"
"26821","0.29838192366614746","0.29838192366614746","0.29838192366614746"
"26834","0.2982453539671951","0.2982453539671951","0.2982453539671951"
"26835","0.2980453539722475","0.2980453539722475","0.2980453539722475"
"26837","0.29808434115793714","0.29808434115793714","0.29808434115793714"
"26847","0.2981477315489428","0.2981477315489428","0.2981477315489428"
"26862","0.2981477315489428","0.2981477315489428","0.2981477315489428"
"26868","0.2981477315489428","0.2981477315489428","0.2981477315489428"
"26877","0.2981477315489428","0.2981477315489428","0.2981477315489428"
"26888","0.2981477315489428","0.2981477315489428","0.2981477315489428"
"26891","0.2981477315489428","0.2981477315489428","0.2981477315489428"
"26925","0.2981477315489428","0.2981477315489428","0.2981477315489428"
"26929","0.2981477315489428","0.2981477315489428","0.2981477315489428"
"26934","0.2981477315489428","0.2981477315489428","0.2981477315489428"
"26938","0.2981477315489428","0.2981477315489428","0.2981477315489428"
"26945","0.29816725464215776","0.29816725464215776","0.29816725464215776"
"26951","0.29834778648100835","0.29834778648100835","0.29834778648100835"
"26952","0.29834778648100835","0.29834778648100835","0.29834778648100835"
"26959","0.29834778648100835","0.29834778648100835","0.29834778648100835"
"26960","0.29834778648100835","0.29834778648100835","0.29834778648100835"
"26969","0.29834778648100835","0.29834778648100835","0.29834778648100835"
"26973","0.29834778648100835","0.29834778648100835","0.29834778648100835"
"26980","0.29834778648100835","0.29834778648100835","0.29834778648100835"
"26981","0.29834778648100835","0.29834778648100835","0.29834778648100835"
"26990","0.29834778648100835","0.29834778648100835","0.29834778648100835"
"26993","0.29834778648100835","0.29834778648100835","0.29834778648100835"
"27004","0.29834778648100835","0.29834778648100835","0.29834778648100835"
"27014","0.29834778648100835","0.29834778648100835","0.29834778648100835"
"27015","0.29834778648100835","0.29834778648100835","0.29834778648100835"
"27033","0.29834778648100835","0.29834778648100835","0.29834778648100835"
"27041","0.29834778648100835","0.29834778648100835","0.29834778648100835"
"27046","0.29834778648100835","0.29834778648100835","0.29834778648100835"
"27067","0.29862344235616545","0.29862344235616545","0.29862344235616545"
"27070","0.29862344235616545","0.29862344235616545","0.29862344235616545"
"27085","0.29862344235616545","0.29862344235616545","0.29862344235616545"
"27087","0.29862344235616545","0.29862344235616545","0.29862344235616545"
"27093","0.29862344235616545","0.29862344235616545","0.29862344235616545"
"27104","0.29862344235616545","0.29862344235616545","0.29862344235616545"
"27128","0.29862344235616545","0.29862344235616545","0.29862344235616545"
"27132","0.29862344235616545","0.29862344235616545","0.29862344235616545"
"27139","0.29862344235616545","0.29862344235616545","0.29862344235616545"
"27140","0.29862344235616545","0.29862344235616545","0.29862344235616545"
"27142","0.29862344235616545","0.29862344235616545","0.29862344235616545"
"27170","0.2980868773057409","0.2980868773057409","0.2980868773057409"
"27180","0.2980868773057409","0.2980868773057409","0.2980868773057409"
"27181","0.2980868773057409","0.2980868773057409","0.2980868773057409"
"27185","0.2980868773057409","0.2980868773057409","0.2980868773057409"
"27188","0.2980868773057409","0.2980868773057409","0.2980868773057409"
"27190","0.2980868773057409","0.2980868773057409","0.2980868773057409"
"27192","0.2980868773057409","0.2980868773057409","0.2980868773057409"
"27200","0.2980868773057409","0.2980868773057409","0.2980868773057409"
"27201","0.2980868773057409","0.2980868773057409","0.2980868773057409"
"27204","0.2980868773057409","0.2980868773057409","0.2980868773057409"
"27209","0.2980868773057409","0.2980868773057409","0.2980868773057409"
"27214","0.2980868773057409","0.2980868773057409","0.2980868773057409"
"27217","0.2980868773057409","0.2980868773057409","0.2980868773057409"
"27225","0.2980868773057409","0.2980868773057409","0.2980868773057409"
"27236","0.2980868773057409","0.2980868773057409","0.2980868773057409"
"27240","0.2980868773057409","0.2980868773057409","0.2980868773057409"
"27248","0.2980868773057409","0.2980868773057409","0.2980868773057409"
"27252","0.2980868773057409","0.2980868773057409","0.2980868773057409"
"27255","0.2980868773057409","0.2980868773057409","0.2980868773057409"
"27263","0.2980868773057409","0.2980868773057409","0.2980868773057409"
"27273","0.2981357957806722","0.2981357957806722","0.2981357957806722"
"27278","0.29833092402723194","0.29833092402723194","0.29833092402723194"
"27286","0.29858941812299233","0.29858941812299233","0.29858941812299233"
"27287","0.29858941812299233","0.29858941812299233","0.29858941812299233"
"27305","0.29858941812299233","0.29858941812299233","0.29858941812299233"
"27316","0.29858941812299233","0.29858941812299233","0.29858941812299233"
"27318","0.29858941812299233","0.29858941812299233","0.29858941812299233"
"27327","0.29858941812299233","0.29858941812299233","0.29858941812299233"
"27337","0.29858941812299233","0.29858941812299233","0.29858941812299233"
"27351","0.29858941812299233","0.29858941812299233","0.29858941812299233"
"27367","0.29858941812299233","0.29858941812299233","0.29858941812299233"
"27373","0.29858941812299233","0.29858941812299233","0.29858941812299233"
"27380","0.29858941812299233","0.29858941812299233","0.29858941812299233"
"27392","0.29857959720275173","0.29857959720275173","0.29857959720275173"
"27396","0.29857959720275173","0.29857959720275173","0.29857959720275173"
"27401","0.29857959720275173","0.29857959720275173","0.29857959720275173"
"27402","0.29857959720275173","0.29857959720275173","0.29857959720275173"
"27409","0.29857959720275173","0.29857959720275173","0.29857959720275173"
"27415","0.29857959720275173","0.29857959720275173","0.29857959720275173"
"27433","0.29857959720275173","0.29857959720275173","0.29857959720275173"
"27436","0.29857959720275173","0.29857959720275173","0.29857959720275173"
"27443","0.29857959720275173","0.29857959720275173","0.29857959720275173"
"27446","0.29857959720275173","0.29857959720275173","0.29857959720275173"
"27454","0.29857959720275173","0.29857959720275173","0.29857959720275173"
"27458","0.29857959720275173","0.29857959720275173","0.29857959720275173"
"27464","0.29857959720275173","0.29857959720275173","0.29857959720275173"
"27467","0.29857959720275173","0.29857959720275173","0.29857959720275173"
"27470","0.29857959720275173","0.29857959720275173","0.29857959720275173"
"27473","0.29857959720275173","0.29857959720275173","0.29857959720275173"
"27476","0.29857959720275173","0.29857959720275173","0.29857959720275173"
"27477","0.29857959720275173","0.29857959720275173","0.29857959720275173"
"27480","0.29857959720275173","0.29857959720275173","0.29857959720275173"
"27481","0.29857959720275173","0.29857959720275173","0.29857959720275173"
"27494","0.2985164158900261","0.2985164158900261","0.2985164158900261"
"27506","0.29852628103990353","0.29852628103990353","0.29852628103990353"
"27509","0.29852628103990353","0.29852628103990353","0.29852628103990353"
"27511","0.29852628103990353","0.29852628103990353","0.29852628103990353"
"27513","0.29852628103990353","0.29852628103990353","0.29852628103990353"
"27515","0.29852628103990353","0.29852628103990353","0.29852628103990353"
"27517","0.29852628103990353","0.29852628103990353","0.29852628103990353"
"27526","0.29852628103990353","0.29852628103990353","0.29852628103990353"
"27528","0.29852628103990353","0.29852628103990353","0.29852628103990353"
"27531","0.29852628103990353","0.29852628103990353","0.29852628103990353"
"27542","0.29852628103990353","0.29852628103990353","0.29852628103990353"
"27545","0.29852628103990353","0.29852628103990353","0.29852628103990353"
"27549","0.29852628103990353","0.29852628103990353","0.29852628103990353"
"27554","0.29852628103990353","0.29852628103990353","0.29852628103990353"
"27556","0.29852628103990353","0.29852628103990353","0.29852628103990353"
"27567","0.29852628103990353","0.29852628103990353","0.29852628103990353"
"27570","0.29852628103990353","0.29852628103990353","0.29852628103990353"
"27590","0.29852628103990353","0.29852628103990353","0.29852628103990353"
"27591","0.29852628103990353","0.29852628103990353","0.29852628103990353"
"27592","0.29852628103990353","0.29852628103990353","0.29852628103990353"
"27595","0.29852628103990353","0.29852628103990353","0.29852628103990353"
"27596","0.29852628103990353","0.29852628103990353","0.29852628103990353"
"27601","0.29863352189577197","0.29863352189577197","0.29863352189577197"
"27614","0.29825806035123603","0.29825806035123603","0.29825806035123603"
"27618","0.29825806035123603","0.29825806035123603","0.29825806035123603"
"27630","0.29825806035123603","0.29825806035123603","0.29825806035123603"
"27631","0.29825806035123603","0.29825806035123603","0.29825806035123603"
"27634","0.29825806035123603","0.29825806035123603","0.29825806035123603"
"27650","0.29825806035123603","0.29825806035123603","0.29825806035123603"
"27651","0.29825806035123603","0.29825806035123603","0.29825806035123603"
"27652","0.29825806035123603","0.29825806035123603","0.29825806035123603"
"27658","0.29825806035123603","0.29825806035123603","0.29825806035123603"
"27661","0.29825806035123603","0.29825806035123603","0.29825806035123603"
"27663","0.29825806035123603","0.29825806035123603","0.29825806035123603"
"27680","0.29825806035123603","0.29825806035123603","0.29825806035123603"
"27681","0.29825806035123603","0.29825806035123603","0.29825806035123603"
"27683","0.29825806035123603","0.29825806035123603","0.29825806035123603"
"27685","0.29825806035123603","0.29825806035123603","0.29825806035123603"
"27702","0.29825806035123603","0.29825806035123603","0.29825806035123603"
"27712","0.29816546967240354","0.29816546967240354","0.29816546967240354"
"27717","0.29729695910837106","0.29729695910837106","0.29729695910837106"
"27728","0.29740888023488876","0.29740888023488876","0.29740888023488876"
"27732","0.29740888023488876","0.29740888023488876","0.29740888023488876"
"27744","0.29740888023488876","0.29740888023488876","0.29740888023488876"
"27753","0.29740888023488876","0.29740888023488876","0.29740888023488876"
"27761","0.29740888023488876","0.29740888023488876","0.29740888023488876"
"27765","0.29740888023488876","0.29740888023488876","0.29740888023488876"
"27770","0.29740888023488876","0.29740888023488876","0.29740888023488876"
"27775","0.29740888023488876","0.29740888023488876","0.29740888023488876"
"27782","0.29740888023488876","0.29740888023488876","0.29740888023488876"
"27791","0.29740888023488876","0.29740888023488876","0.29740888023488876"
"27794","0.29740888023488876","0.29740888023488876","0.29740888023488876"
"27800","0.29740888023488876","0.29740888023488876","0.29740888023488876"
"27815","0.29740888023488876","0.29740888023488876","0.29740888023488876"
"27821","0.29735995124619874","0.29735995124619874","0.29735995124619874"
"27833","0.29762800185026206","0.29762800185026206","0.29762800185026206"
"27834","0.29762800185026206","0.29762800185026206","0.29762800185026206"
"27849","0.29762800185026206","0.29762800185026206","0.29762800185026206"
"27864","0.29762800185026206","0.29762800185026206","0.29762800185026206"
"27868","0.29762800185026206","0.29762800185026206","0.29762800185026206"
"27870","0.29762800185026206","0.29762800185026206","0.29762800185026206"
"27889","0.29762800185026206","0.29762800185026206","0.29762800185026206"
"27900","0.29762800185026206","0.29762800185026206","0.29762800185026206"
"27908","0.29762800185026206","0.29762800185026206","0.29762800185026206"
"27913","0.29762800185026206","0.29762800185026206","0.29762800185026206"
"27918","0.29762800185026206","0.29762800185026206","0.29762800185026206"
"27919","0.29762800185026206","0.29762800185026206","0.29762800185026206"
"27921","0.29762800185026206","0.29762800185026206","0.29762800185026206"
"27926","0.29762800185026206","0.29762800185026206","0.29762800185026206"
"27929","0.29762800185026206","0.29762800185026206","0.29762800185026206"
"27931","0.2974280018553145","0.2974280018553145","0.2974280018553145"
"27936","0.2972321803300474","0.2972321803300474","0.2972321803300474"
"27938","0.29721822101246287","0.29721822101246287","0.29721822101246287"
"27946","0.29739865002748045","0.29739865002748045","0.29739865002748045"
"27949","0.29739865002748045","0.29739865002748045","0.29739865002748045"
"27956","0.29739865002748045","0.29739865002748045","0.29739865002748045"
"27969","0.29739865002748045","0.29739865002748045","0.29739865002748045"
"27970","0.29739865002748045","0.29739865002748045","0.29739865002748045"
"27974","0.29739865002748045","0.29739865002748045","0.29739865002748045"
"27989","0.29739865002748045","0.29739865002748045","0.29739865002748045"
"27993","0.29739865002748045","0.29739865002748045","0.29739865002748045"
"27995","0.29739865002748045","0.29739865002748045","0.29739865002748045"
"28001","0.29739865002748045","0.29739865002748045","0.29739865002748045"
"28007","0.29739865002748045","0.29739865002748045","0.29739865002748045"
"28011","0.29739865002748045","0.29739865002748045","0.29739865002748045"
"28015","0.29739865002748045","0.29739865002748045","0.29739865002748045"
"28016","0.29739865002748045","0.29739865002748045","0.29739865002748045"
"28025","0.29739865002748045","0.29739865002748045","0.29739865002748045"
"28030","0.29739865002748045","0.29739865002748045","0.29739865002748045"
"28048","0.29730509539340344","0.29730509539340344","0.29730509539340344"
"28070","0.2969050954035083","0.2969050954035083","0.2969050954035083"
"28077","0.2969050954035083","0.2969050954035083","0.2969050954035083"
"28078","0.2969050954035083","0.2969050954035083","0.2969050954035083"
"28079","0.2969050954035083","0.2969050954035083","0.2969050954035083"
"28083","0.2969050954035083","0.2969050954035083","0.2969050954035083"
"28084","0.2969050954035083","0.2969050954035083","0.2969050954035083"
"28093","0.2969050954035083","0.2969050954035083","0.2969050954035083"
"28099","0.2969050954035083","0.2969050954035083","0.2969050954035083"
"28108","0.2969050954035083","0.2969050954035083","0.2969050954035083"
"28113","0.2969050954035083","0.2969050954035083","0.2969050954035083"
"28116","0.2969050954035083","0.2969050954035083","0.2969050954035083"
"28118","0.2969050954035083","0.2969050954035083","0.2969050954035083"
"28127","0.2969050954035083","0.2969050954035083","0.2969050954035083"
"28133","0.2969050954035083","0.2969050954035083","0.2969050954035083"
"28134","0.2969050954035083","0.2969050954035083","0.2969050954035083"
"28157","0.29694925080375467","0.29694925080375467","0.29694925080375467"
"28166","0.29727579318396236","0.29727579318396236","0.29727579318396236"
"28167","0.29727579318396236","0.29727579318396236","0.29727579318396236"
"28173","0.29727579318396236","0.29727579318396236","0.29727579318396236"
"28174","0.29727579318396236","0.29727579318396236","0.29727579318396236"
"28188","0.29727579318396236","0.29727579318396236","0.29727579318396236"
"28194","0.29727579318396236","0.29727579318396236","0.29727579318396236"
"28195","0.29727579318396236","0.29727579318396236","0.29727579318396236"
"28198","0.29727579318396236","0.29727579318396236","0.29727579318396236"
"28199","0.29727579318396236","0.29727579318396236","0.29727579318396236"
"28215","0.29727579318396236","0.29727579318396236","0.29727579318396236"
"28229","0.29727579318396236","0.29727579318396236","0.29727579318396236"
"28232","0.29727579318396236","0.29727579318396236","0.29727579318396236"
"28236","0.29727579318396236","0.29727579318396236","0.29727579318396236"
"28242","0.29727579318396236","0.29727579318396236","0.29727579318396236"
"28244","0.29727579318396236","0.29727579318396236","0.29727579318396236"
"28248","0.29727579318396236","0.29727579318396236","0.29727579318396236"
"28250","0.29727579318396236","0.29727579318396236","0.29727579318396236"
"28251","0.29727579318396236","0.29727579318396236","0.29727579318396236"
"28260","0.29727579318396236","0.29727579318396236","0.29727579318396236"
"28268","0.2984128738736217","0.2984128738736217","0.2984128738736217"
"28274","0.29814949615511066","0.29814949615511066","0.29814949615511066"
"28286","0.29814949615511066","0.29814949615511066","0.29814949615511066"
"28309","0.29814949615511066","0.29814949615511066","0.29814949615511066"
"28332","0.29814949615511066","0.29814949615511066","0.29814949615511066"
"28337","0.29814949615511066","0.29814949615511066","0.29814949615511066"
"28340","0.29814949615511066","0.29814949615511066","0.29814949615511066"
"28345","0.29814949615511066","0.29814949615511066","0.29814949615511066"
"28361","0.29814949615511066","0.29814949615511066","0.29814949615511066"
"28363","0.29814949615511066","0.29814949615511066","0.29814949615511066"
"28371","0.2980958079661832","0.2980958079661832","0.2980958079661832"
"28372","0.2978958079712356","0.2978958079712356","0.2978958079712356"
"28373","0.29785184386319086","0.29785184386319086","0.29785184386319086"
"28375","0.2977785555250193","0.2977785555250193","0.2977785555250193"
"28378","0.29811565697045805","0.29811565697045805","0.29811565697045805"
"28387","0.2979645027308834","0.2979645027308834","0.2979645027308834"
"28394","0.2979645027308834","0.2979645027308834","0.2979645027308834"
"28395","0.2979645027308834","0.2979645027308834","0.2979645027308834"
"28399","0.2979645027308834","0.2979645027308834","0.2979645027308834"
"28404","0.2979645027308834","0.2979645027308834","0.2979645027308834"
"28409","0.2979645027308834","0.2979645027308834","0.2979645027308834"
"28410","0.2979645027308834","0.2979645027308834","0.2979645027308834"
"28414","0.2979645027308834","0.2979645027308834","0.2979645027308834"
"28417","0.2979645027308834","0.2979645027308834","0.2979645027308834"
"28449","0.2979645027308834","0.2979645027308834","0.2979645027308834"
"28453","0.2979645027308834","0.2979645027308834","0.2979645027308834"
"28458","0.2979645027308834","0.2979645027308834","0.2979645027308834"
"28460","0.2979645027308834","0.2979645027308834","0.2979645027308834"
"28464","0.2979645027308834","0.2979645027308834","0.2979645027308834"
"28470","0.2979645027308834","0.2979645027308834","0.2979645027308834"
"28472","0.2979645027308834","0.2979645027308834","0.2979645027308834"
"28488","0.29859425855929655","0.29859425855929655","0.29859425855929655"
"28505","0.2984674096815979","0.2984674096815979","0.2984674096815979"
"28506","0.2984674096815979","0.2984674096815979","0.2984674096815979"
"28514","0.2984674096815979","0.2984674096815979","0.2984674096815979"
"28517","0.2984674096815979","0.2984674096815979","0.2984674096815979"
"28519","0.2984674096815979","0.2984674096815979","0.2984674096815979"
"28527","0.2984674096815979","0.2984674096815979","0.2984674096815979"
"28541","0.2984674096815979","0.2984674096815979","0.2984674096815979"
"28543","0.2984674096815979","0.2984674096815979","0.2984674096815979"
"28545","0.2984674096815979","0.2984674096815979","0.2984674096815979"
"28548","0.2984674096815979","0.2984674096815979","0.2984674096815979"
"28559","0.2984674096815979","0.2984674096815979","0.2984674096815979"
"28574","0.2984674096815979","0.2984674096815979","0.2984674096815979"
"28585","0.2984674096815979","0.2984674096815979","0.2984674096815979"
"28586","0.2984674096815979","0.2984674096815979","0.2984674096815979"
"28591","0.29851128959226114","0.29851128959226114","0.29851128959226114"
"28592","0.29831128959731357","0.29831128959731357","0.29831128959731357"
"28601","0.29917473113991944","0.29917473113991944","0.29917473113991944"
"28606","0.29917473113991944","0.29917473113991944","0.29917473113991944"
"28610","0.29917473113991944","0.29917473113991944","0.29917473113991944"
"28616","0.29917473113991944","0.29917473113991944","0.29917473113991944"
"28618","0.29917473113991944","0.29917473113991944","0.29917473113991944"
"28620","0.29917473113991944","0.29917473113991944","0.29917473113991944"
"28621","0.29917473113991944","0.29917473113991944","0.29917473113991944"
"28628","0.29917473113991944","0.29917473113991944","0.29917473113991944"
"28644","0.29917473113991944","0.29917473113991944","0.29917473113991944"
"28660","0.29917473113991944","0.29917473113991944","0.29917473113991944"
"28661","0.29917473113991944","0.29917473113991944","0.29917473113991944"
"28665","0.29917473113991944","0.29917473113991944","0.29917473113991944"
"28667","0.29917473113991944","0.29917473113991944","0.29917473113991944"
"28672","0.29917473113991944","0.29917473113991944","0.29917473113991944"
"28674","0.29917473113991944","0.29917473113991944","0.29917473113991944"
"28681","0.29917473113991944","0.29917473113991944","0.29917473113991944"
"28692","0.29917473113991944","0.29917473113991944","0.29917473113991944"
"28694","0.29917473113991944","0.29917473113991944","0.29917473113991944"
"28700","0.29917473113991944","0.29917473113991944","0.29917473113991944"
"28706","0.2992040959389669","0.2992040959389669","0.2992040959389669"
"28711","0.2993494206849391","0.2993494206849391","0.2993494206849391"
"28717","0.2993494206849391","0.2993494206849391","0.2993494206849391"
"28721","0.2993494206849391","0.2993494206849391","0.2993494206849391"
"28731","0.2993494206849391","0.2993494206849391","0.2993494206849391"
"28736","0.2993494206849391","0.2993494206849391","0.2993494206849391"
"28748","0.2993494206849391","0.2993494206849391","0.2993494206849391"
"28755","0.2993494206849391","0.2993494206849391","0.2993494206849391"
"28760","0.2993494206849391","0.2993494206849391","0.2993494206849391"
"28772","0.2993494206849391","0.2993494206849391","0.2993494206849391"
"28773","0.2993494206849391","0.2993494206849391","0.2993494206849391"
"28804","0.2993494206849391","0.2993494206849391","0.2993494206849391"
"28805","0.2993494206849391","0.2993494206849391","0.2993494206849391"
"28806","0.2993494206849391","0.2993494206849391","0.2993494206849391"
"28808","0.2993494206849391","0.2993494206849391","0.2993494206849391"
"28811","0.29924490530820547","0.29924490530820547","0.29924490530820547"
"28812","0.29944490530315304","0.29944490530315304","0.29944490530315304"
"28815","0.29950080350599817","0.29950080350599817","0.29950080350599817"
"28821","0.2991347799826144","0.2991347799826144","0.2991347799826144"
"28825","0.2991347799826144","0.2991347799826144","0.2991347799826144"
"28843","0.2991347799826144","0.2991347799826144","0.2991347799826144"
"28850","0.2991347799826144","0.2991347799826144","0.2991347799826144"
"28851","0.2991347799826144","0.2991347799826144","0.2991347799826144"
"28860","0.2991347799826144","0.2991347799826144","0.2991347799826144"
"28861","0.2991347799826144","0.2991347799826144","0.2991347799826144"
"28865","0.2991347799826144","0.2991347799826144","0.2991347799826144"
"28866","0.2991347799826144","0.2991347799826144","0.2991347799826144"
"28871","0.2991347799826144","0.2991347799826144","0.2991347799826144"
"28875","0.2991347799826144","0.2991347799826144","0.2991347799826144"
"28879","0.2991347799826144","0.2991347799826144","0.2991347799826144"
"28882","0.2991347799826144","0.2991347799826144","0.2991347799826144"
"28885","0.2991347799826144","0.2991347799826144","0.2991347799826144"
"28892","0.2991347799826144","0.2991347799826144","0.2991347799826144"
"28896","0.2991347799826144","0.2991347799826144","0.2991347799826144"
"28898","0.2991347799826144","0.2991347799826144","0.2991347799826144"
"28916","0.2991347799826144","0.2991347799826144","0.2991347799826144"
"28917","0.2991347799826144","0.2991347799826144","0.2991347799826144"
"28922","0.29873477999271925","0.29873477999271925","0.29873477999271925"
"28927","0.29853477999777167","0.29853477999777167","0.29853477999777167"
"28932","0.2980420482846057","0.2980420482846057","0.2980420482846057"
"28938","0.2980420482846057","0.2980420482846057","0.2980420482846057"
"28939","0.2980420482846057","0.2980420482846057","0.2980420482846057"
"28941","0.2980420482846057","0.2980420482846057","0.2980420482846057"
"28944","0.2980420482846057","0.2980420482846057","0.2980420482846057"
"28953","0.2980420482846057","0.2980420482846057","0.2980420482846057"
"28965","0.2980420482846057","0.2980420482846057","0.2980420482846057"
"28976","0.2980420482846057","0.2980420482846057","0.2980420482846057"
"28981","0.2980420482846057","0.2980420482846057","0.2980420482846057"
"28988","0.2980420482846057","0.2980420482846057","0.2980420482846057"
"28993","0.2980420482846057","0.2980420482846057","0.2980420482846057"
"29001","0.2980420482846057","0.2980420482846057","0.2980420482846057"
"29004","0.2980420482846057","0.2980420482846057","0.2980420482846057"
"29007","0.2980420482846057","0.2980420482846057","0.2980420482846057"
"29011","0.2980420482846057","0.2980420482846057","0.2980420482846057"
"29021","0.2980420482846057","0.2980420482846057","0.2980420482846057"
"29022","0.2980420482846057","0.2980420482846057","0.2980420482846057"
"29026","0.2980420482846057","0.2980420482846057","0.2980420482846057"
"29034","0.2981543832930583","0.2981543832930583","0.2981543832930583"
"29036","0.2981543832930583","0.2981543832930583","0.2981543832930583"
"29058","0.29859347803640046","0.29859347803640046","0.29859347803640046"
"29059","0.29859347803640046","0.29859347803640046","0.29859347803640046"
"29062","0.29859347803640046","0.29859347803640046","0.29859347803640046"
"29065","0.29859347803640046","0.29859347803640046","0.29859347803640046"
"29067","0.29859347803640046","0.29859347803640046","0.29859347803640046"
"29076","0.29859347803640046","0.29859347803640046","0.29859347803640046"
"29077","0.29859347803640046","0.29859347803640046","0.29859347803640046"
"29090","0.29859347803640046","0.29859347803640046","0.29859347803640046"
"29096","0.29859347803640046","0.29859347803640046","0.29859347803640046"
"29104","0.29859347803640046","0.29859347803640046","0.29859347803640046"
"29105","0.29859347803640046","0.29859347803640046","0.29859347803640046"
"29110","0.29859347803640046","0.29859347803640046","0.29859347803640046"
"29112","0.29859347803640046","0.29859347803640046","0.29859347803640046"
"29117","0.29859347803640046","0.29859347803640046","0.29859347803640046"
"29123","0.29859347803640046","0.29859347803640046","0.29859347803640046"
"29132","0.29859347803640046","0.29859347803640046","0.29859347803640046"
"29139","0.29859347803640046","0.29859347803640046","0.29859347803640046"
"29152","0.29888985482748465","0.29888985482748465","0.29888985482748465"
"29157","0.29888985482748465","0.29888985482748465","0.29888985482748465"
"29162","0.29888985482748465","0.29888985482748465","0.29888985482748465"
"29171","0.29888985482748465","0.29888985482748465","0.29888985482748465"
"29172","0.29888985482748465","0.29888985482748465","0.29888985482748465"
"29175","0.29888985482748465","0.29888985482748465","0.29888985482748465"
"29179","0.29888985482748465","0.29888985482748465","0.29888985482748465"
"29183","0.29888985482748465","0.29888985482748465","0.29888985482748465"
"29197","0.29888985482748465","0.29888985482748465","0.29888985482748465"
"29221","0.29888985482748465","0.29888985482748465","0.29888985482748465"
"29224","0.29888985482748465","0.29888985482748465","0.29888985482748465"
"29239","0.29888985482748465","0.29888985482748465","0.29888985482748465"
"29241","0.29888985482748465","0.29888985482748465","0.29888985482748465"
"29264","0.2987678159325696","0.2987678159325696","0.2987678159325696"
"29269","0.2987678159325696","0.2987678159325696","0.2987678159325696"
"29272","0.2987678159325696","0.2987678159325696","0.2987678159325696"
"29274","0.2987678159325696","0.2987678159325696","0.2987678159325696"
"29277","0.2987678159325696","0.2987678159325696","0.2987678159325696"
"29279","0.2987678159325696","0.2987678159325696","0.2987678159325696"
"29281","0.2987678159325696","0.2987678159325696","0.2987678159325696"
"29287","0.2987678159325696","0.2987678159325696","0.2987678159325696"
"29293","0.2987678159325696","0.2987678159325696","0.2987678159325696"
"29306","0.2987678159325696","0.2987678159325696","0.2987678159325696"
"29308","0.2987678159325696","0.2987678159325696","0.2987678159325696"
"29321","0.2987678159325696","0.2987678159325696","0.2987678159325696"
"29325","0.2987678159325696","0.2987678159325696","0.2987678159325696"
"29345","0.2987678159325696","0.2987678159325696","0.2987678159325696"
"29347","0.2987678159325696","0.2987678159325696","0.2987678159325696"
"29349","0.2987678159325696","0.2987678159325696","0.2987678159325696"
"29360","0.2987678159325696","0.2987678159325696","0.2987678159325696"
"29382","0.2993533548716186","0.2993533548716186","0.2993533548716186"
"29393","0.2993533548716186","0.2993533548716186","0.2993533548716186"
"29399","0.2993533548716186","0.2993533548716186","0.2993533548716186"
"29401","0.2993533548716186","0.2993533548716186","0.2993533548716186"
"29409","0.2993533548716186","0.2993533548716186","0.2993533548716186"
"29412","0.2993533548716186","0.2993533548716186","0.2993533548716186"
"29413","0.2993533548716186","0.2993533548716186","0.2993533548716186"
"29417","0.2993533548716186","0.2993533548716186","0.2993533548716186"
"29418","0.2993533548716186","0.2993533548716186","0.2993533548716186"
"29423","0.2993533548716186","0.2993533548716186","0.2993533548716186"
"29424","0.2993533548716186","0.2993533548716186","0.2993533548716186"
"29427","0.2993533548716186","0.2993533548716186","0.2993533548716186"
"29428","0.2993533548716186","0.2993533548716186","0.2993533548716186"
"29432","0.2993533548716186","0.2993533548716186","0.2993533548716186"
"29455","0.2993533548716186","0.2993533548716186","0.2993533548716186"
"29460","0.2993533548716186","0.2993533548716186","0.2993533548716186"
"29461","0.2993533548716186","0.2993533548716186","0.2993533548716186"
"29467","0.2993533548716186","0.2993533548716186","0.2993533548716186"
"29469","0.2993533548716186","0.2993533548716186","0.2993533548716186"
"29472","0.2991588798896373","0.2991588798896373","0.2991588798896373"
"29473","0.2989588798946897","0.2989588798946897","0.2989588798946897"
"29475","0.29892437595035515","0.29892437595035515","0.29892437595035515"
"29483","0.2990506517081485","0.2990506517081485","0.2990506517081485"
"29501","0.2990506517081485","0.2990506517081485","0.2990506517081485"
"29508","0.2990506517081485","0.2990506517081485","0.2990506517081485"
"29516","0.2990506517081485","0.2990506517081485","0.2990506517081485"
"29517","0.2990506517081485","0.2990506517081485","0.2990506517081485"
"29523","0.2990506517081485","0.2990506517081485","0.2990506517081485"
"29545","0.2990506517081485","0.2990506517081485","0.2990506517081485"
"29574","0.2990506517081485","0.2990506517081485","0.2990506517081485"
"29581","0.29925065170309606","0.29925065170309606","0.29925065170309606"
"29582","0.29938194689666486","0.29938194689666486","0.29938194689666486"
"29583","0.2994013895050557","0.2994013895050557","0.2994013895050557"
"29584","0.2993916688320496","0.2993916688320496","0.2993916688320496"
"29585","0.2992944589460421","0.2992944589460421","0.2992944589460421"
"29586","0.2992944589460421","0.2992944589460421","0.2992944589460421"
"29591","0.3000944589258324","0.3000944589258324","0.3000944589258324"
"29593","0.3000944589258324","0.3000944589258324","0.3000944589258324"
"29595","0.3000944589258324","0.3000944589258324","0.3000944589258324"
"29596","0.3000944589258324","0.3000944589258324","0.3000944589258324"
"29598","0.3000944589258324","0.3000944589258324","0.3000944589258324"
"29603","0.3000944589258324","0.3000944589258324","0.3000944589258324"
"29604","0.3000944589258324","0.3000944589258324","0.3000944589258324"
"29605","0.3000944589258324","0.3000944589258324","0.3000944589258324"
"29608","0.3000944589258324","0.3000944589258324","0.3000944589258324"
"29609","0.3000944589258324","0.3000944589258324","0.3000944589258324"
"29610","0.3000944589258324","0.3000944589258324","0.3000944589258324"
"29611","0.3000944589258324","0.3000944589258324","0.3000944589258324"
"29621","0.3000944589258324","0.3000944589258324","0.3000944589258324"
"29625","0.3000944589258324","0.3000944589258324","0.3000944589258324"
"29626","0.3000944589258324","0.3000944589258324","0.3000944589258324"
"29629","0.3000944589258324","0.3000944589258324","0.3000944589258324"
"29640","0.3000944589258324","0.3000944589258324","0.3000944589258324"
"29646","0.3000944589258324","0.3000944589258324","0.3000944589258324"
"29654","0.3000944589258324","0.3000944589258324","0.3000944589258324"
"29661","0.3000944589258324","0.3000944589258324","0.3000944589258324"
"29669","0.3000944589258324","0.3000944589258324","0.3000944589258324"
"29681","0.3000944589258324","0.3000944589258324","0.3000944589258324"
"29682","0.3000944589258324","0.3000944589258324","0.3000944589258324"
"29689","0.3000944589258324","0.3000944589258324","0.3000944589258324"
"29693","0.30013814561798424","0.30013814561798424","0.30013814561798424"
"29696","0.3002218001875917","0.3002218001875917","0.3002218001875917"
"29709","0.30041565595101927","0.30041565595101927","0.30041565595101927"
"29712","0.30041565595101927","0.30041565595101927","0.30041565595101927"
"29713","0.30041565595101927","0.30041565595101927","0.30041565595101927"
"29714","0.30041565595101927","0.30041565595101927","0.30041565595101927"
"29715","0.30041565595101927","0.30041565595101927","0.30041565595101927"
"29725","0.30041565595101927","0.30041565595101927","0.30041565595101927"
"29729","0.30041565595101927","0.30041565595101927","0.30041565595101927"
"29731","0.30041565595101927","0.30041565595101927","0.30041565595101927"
"29738","0.30041565595101927","0.30041565595101927","0.30041565595101927"
"29750","0.30041565595101927","0.30041565595101927","0.30041565595101927"
"29762","0.30041565595101927","0.30041565595101927","0.30041565595101927"
"29782","0.30041565595101927","0.30041565595101927","0.30041565595101927"
"29784","0.30041565595101927","0.30041565595101927","0.30041565595101927"
"29787","0.30041565595101927","0.30041565595101927","0.30041565595101927"
"29788","0.30041565595101927","0.30041565595101927","0.30041565595101927"
"29796","0.30041565595101927","0.30041565595101927","0.30041565595101927"
"29797","0.30041565595101927","0.30041565595101927","0.30041565595101927"
"29799","0.30041565595101927","0.30041565595101927","0.30041565595101927"
"29807","0.30024351784059033","0.30024351784059033","0.30024351784059033"
"29809","0.30024351784059033","0.30024351784059033","0.30024351784059033"
"29821","0.3003016782914528","0.3003016782914528","0.3003016782914528"
"29822","0.3003016782914528","0.3003016782914528","0.3003016782914528"
"29828","0.3003016782914528","0.3003016782914528","0.3003016782914528"
"29831","0.3003016782914528","0.3003016782914528","0.3003016782914528"
"29833","0.3003016782914528","0.3003016782914528","0.3003016782914528"
"29839","0.3003016782914528","0.3003016782914528","0.3003016782914528"
"29855","0.3003016782914528","0.3003016782914528","0.3003016782914528"
"29889","0.3003016782914528","0.3003016782914528","0.3003016782914528"
"29890","0.3003016782914528","0.3003016782914528","0.3003016782914528"
"29891","0.3003016782914528","0.3003016782914528","0.3003016782914528"
"29894","0.3003016782914528","0.3003016782914528","0.3003016782914528"
"29904","0.3003016782914528","0.3003016782914528","0.3003016782914528"
"29905","0.3003016782914528","0.3003016782914528","0.3003016782914528"
"29907","0.3003016782914528","0.3003016782914528","0.3003016782914528"
"29919","0.3002852494920262","0.3002852494920262","0.3002852494920262"
"29926","0.3002852494920262","0.3002852494920262","0.3002852494920262"
"29931","0.3002852494920262","0.3002852494920262","0.3002852494920262"
"29933","0.3002852494920262","0.3002852494920262","0.3002852494920262"
"29948","0.3002852494920262","0.3002852494920262","0.3002852494920262"
"29956","0.3002852494920262","0.3002852494920262","0.3002852494920262"
"29963","0.3002852494920262","0.3002852494920262","0.3002852494920262"
"29966","0.3002852494920262","0.3002852494920262","0.3002852494920262"
"29969","0.3002852494920262","0.3002852494920262","0.3002852494920262"
"29971","0.3002852494920262","0.3002852494920262","0.3002852494920262"
"29981","0.3002852494920262","0.3002852494920262","0.3002852494920262"
"29992","0.3002852494920262","0.3002852494920262","0.3002852494920262"
"29996","0.3002852494920262","0.3002852494920262","0.3002852494920262"
"29999","0.3002852494920262","0.3002852494920262","0.3002852494920262"
"30009","0.3002852494920262","0.3002852494920262","0.3002852494920262"
"30038","0.3004768728052113","0.3004768728052113","0.3004768728052113"
"30040","0.3004768728052113","0.3004768728052113","0.3004768728052113"
"30052","0.3004768728052113","0.3004768728052113","0.3004768728052113"
"30053","0.3004768728052113","0.3004768728052113","0.3004768728052113"
"30065","0.3004768728052113","0.3004768728052113","0.3004768728052113"
"30069","0.3004768728052113","0.3004768728052113","0.3004768728052113"
"30072","0.3004768728052113","0.3004768728052113","0.3004768728052113"
"30075","0.3004768728052113","0.3004768728052113","0.3004768728052113"
"30099","0.3004768728052113","0.3004768728052113","0.3004768728052113"
"30103","0.3004768728052113","0.3004768728052113","0.3004768728052113"
"30104","0.3004768728052113","0.3004768728052113","0.3004768728052113"
"30106","0.3004768728052113","0.3004768728052113","0.3004768728052113"
"30110","0.3004768728052113","0.3004768728052113","0.3004768728052113"
"30115","0.3004768728052113","0.3004768728052113","0.3004768728052113"
"30120","0.3004768728052113","0.3004768728052113","0.3004768728052113"
"30124","0.3004768728052113","0.3004768728052113","0.3004768728052113"
"30126","0.3004768728052113","0.3004768728052113","0.3004768728052113"
"30130","0.3004768728052113","0.3004768728052113","0.3004768728052113"
"30134","0.30108171573019715","0.30108171573019715","0.30108171573019715"
"30138","0.30051729300621444","0.30051729300621444","0.30051729300621444"
"30141","0.3005332860267117","0.3005332860267117","0.3005332860267117"
"30147","0.3005332860267117","0.3005332860267117","0.3005332860267117"
"30160","0.3005332860267117","0.3005332860267117","0.3005332860267117"
"30163","0.3005332860267117","0.3005332860267117","0.3005332860267117"
"30176","0.3005332860267117","0.3005332860267117","0.3005332860267117"
"30184","0.3005332860267117","0.3005332860267117","0.3005332860267117"
"30189","0.3005332860267117","0.3005332860267117","0.3005332860267117"
"30191","0.3005332860267117","0.3005332860267117","0.3005332860267117"
"30197","0.3005332860267117","0.3005332860267117","0.3005332860267117"
"30208","0.3005332860267117","0.3005332860267117","0.3005332860267117"
"30218","0.3005332860267117","0.3005332860267117","0.3005332860267117"
"30226","0.3005332860267117","0.3005332860267117","0.3005332860267117"
"30227","0.3005332860267117","0.3005332860267117","0.3005332860267117"
"30232","0.3005332860267117","0.3005332860267117","0.3005332860267117"
"30234","0.3005332860267117","0.3005332860267117","0.3005332860267117"
"30250","0.2999917105758868","0.2999917105758868","0.2999917105758868"
"30253","0.2999917105758868","0.2999917105758868","0.2999917105758868"
"30254","0.2999917105758868","0.2999917105758868","0.2999917105758868"
"30274","0.2999917105758868","0.2999917105758868","0.2999917105758868"
"30308","0.2999917105758868","0.2999917105758868","0.2999917105758868"
"30312","0.2999917105758868","0.2999917105758868","0.2999917105758868"
"30318","0.2999917105758868","0.2999917105758868","0.2999917105758868"
"30320","0.2999917105758868","0.2999917105758868","0.2999917105758868"
"30325","0.2999917105758868","0.2999917105758868","0.2999917105758868"
"30326","0.2999917105758868","0.2999917105758868","0.2999917105758868"
"30330","0.2999917105758868","0.2999917105758868","0.2999917105758868"
"30332","0.2999917105758868","0.2999917105758868","0.2999917105758868"
"30340","0.2999917105758868","0.2999917105758868","0.2999917105758868"
"30342","0.2999917105758868","0.2999917105758868","0.2999917105758868"
"30350","0.2999917105758868","0.2999917105758868","0.2999917105758868"
"30354","0.30008510742718497","0.30008510742718497","0.30008510742718497"
"30362","0.300590533579998","0.300590533579998","0.300590533579998"
"30368","0.300590533579998","0.300590533579998","0.300590533579998"
"30371","0.300590533579998","0.300590533579998","0.300590533579998"
"30378","0.300590533579998","0.300590533579998","0.300590533579998"
"30379","0.300590533579998","0.300590533579998","0.300590533579998"
"30384","0.300590533579998","0.300590533579998","0.300590533579998"
"30390","0.300590533579998","0.300590533579998","0.300590533579998"
"30395","0.300590533579998","0.300590533579998","0.300590533579998"
"30401","0.300590533579998","0.300590533579998","0.300590533579998"
"30414","0.300590533579998","0.300590533579998","0.300590533579998"
"30418","0.300590533579998","0.300590533579998","0.300590533579998"
"30428","0.300590533579998","0.300590533579998","0.300590533579998"
"30437","0.300590533579998","0.300590533579998","0.300590533579998"
"30456","0.300590533579998","0.300590533579998","0.300590533579998"
"30457","0.300590533579998","0.300590533579998","0.300590533579998"
"30459","0.300590533579998","0.300590533579998","0.300590533579998"
"30462","0.300590533579998","0.300590533579998","0.300590533579998"
"30469","0.3003713687599884","0.3003713687599884","0.3003713687599884"
"30477","0.3001713687650408","0.3001713687650408","0.3001713687650408"
"30479","0.3001713687650408","0.3001713687650408","0.3001713687650408"
"30480","0.3001713687650408","0.3001713687650408","0.3001713687650408"
"30492","0.3001713687650408","0.3001713687650408","0.3001713687650408"
"30494","0.3001713687650408","0.3001713687650408","0.3001713687650408"
"30501","0.3001713687650408","0.3001713687650408","0.3001713687650408"
"30504","0.3001713687650408","0.3001713687650408","0.3001713687650408"
"30507","0.3001713687650408","0.3001713687650408","0.3001713687650408"
"30511","0.3001713687650408","0.3001713687650408","0.3001713687650408"
"30515","0.3001713687650408","0.3001713687650408","0.3001713687650408"
"30519","0.3001713687650408","0.3001713687650408","0.3001713687650408"
"30523","0.3001713687650408","0.3001713687650408","0.3001713687650408"
"30530","0.3001713687650408","0.3001713687650408","0.3001713687650408"
"30533","0.3001713687650408","0.3001713687650408","0.3001713687650408"
"30535","0.3001713687650408","0.3001713687650408","0.3001713687650408"
"30536","0.3001713687650408","0.3001713687650408","0.3001713687650408"
"30553","0.3001713687650408","0.3001713687650408","0.3001713687650408"
"30558","0.3001713687650408","0.3001713687650408","0.3001713687650408"
"30563","0.3001713687650408","0.3001713687650408","0.3001713687650408"
"30565","0.3001713687650408","0.3001713687650408","0.3001713687650408"
"30568","0.3001713687650408","0.3001713687650408","0.3001713687650408"
"30573","0.300063453173243","0.300063453173243","0.300063453173243"
"30575","0.30033255625548916","0.30033255625548916","0.30033255625548916"
"30580","0.2999229159491733","0.2999229159491733","0.2999229159491733"
"30582","0.2999229159491733","0.2999229159491733","0.2999229159491733"
"30586","0.2999229159491733","0.2999229159491733","0.2999229159491733"
"30591","0.2999229159491733","0.2999229159491733","0.2999229159491733"
"30595","0.2999229159491733","0.2999229159491733","0.2999229159491733"
"30598","0.2999229159491733","0.2999229159491733","0.2999229159491733"
"30604","0.2999229159491733","0.2999229159491733","0.2999229159491733"
"30606","0.2999229159491733","0.2999229159491733","0.2999229159491733"
"30607","0.2999229159491733","0.2999229159491733","0.2999229159491733"
"30620","0.2999229159491733","0.2999229159491733","0.2999229159491733"
"30624","0.2999229159491733","0.2999229159491733","0.2999229159491733"
"30625","0.2999229159491733","0.2999229159491733","0.2999229159491733"
"30635","0.2999229159491733","0.2999229159491733","0.2999229159491733"
"30640","0.2999229159491733","0.2999229159491733","0.2999229159491733"
"30667","0.2999229159491733","0.2999229159491733","0.2999229159491733"
"30669","0.2999229159491733","0.2999229159491733","0.2999229159491733"
"30671","0.2999229159491733","0.2999229159491733","0.2999229159491733"
"30684","0.2996293655802219","0.2996293655802219","0.2996293655802219"
"30692","0.29947430562115185","0.29947430562115185","0.29947430562115185"
"30693","0.29947430562115185","0.29947430562115185","0.29947430562115185"
"30698","0.29947430562115185","0.29947430562115185","0.29947430562115185"
"30699","0.29947430562115185","0.29947430562115185","0.29947430562115185"
"30704","0.29947430562115185","0.29947430562115185","0.29947430562115185"
"30711","0.29947430562115185","0.29947430562115185","0.29947430562115185"
"30715","0.29947430562115185","0.29947430562115185","0.29947430562115185"
"30718","0.29947430562115185","0.29947430562115185","0.29947430562115185"
"30720","0.29947430562115185","0.29947430562115185","0.29947430562115185"
"30721","0.29947430562115185","0.29947430562115185","0.29947430562115185"
"30725","0.29947430562115185","0.29947430562115185","0.29947430562115185"
"30727","0.29947430562115185","0.29947430562115185","0.29947430562115185"
"30744","0.29947430562115185","0.29947430562115185","0.29947430562115185"
"30746","0.29947430562115185","0.29947430562115185","0.29947430562115185"
"30751","0.29947430562115185","0.29947430562115185","0.29947430562115185"
"30753","0.29947430562115185","0.29947430562115185","0.29947430562115185"
"30761","0.29947430562115185","0.29947430562115185","0.29947430562115185"
"30773","0.29947430562115185","0.29947430562115185","0.29947430562115185"
"30779","0.29947430562115185","0.29947430562115185","0.29947430562115185"
"30780","0.29947430562115185","0.29947430562115185","0.29947430562115185"
"30788","0.29947430562115185","0.29947430562115185","0.29947430562115185"
"30793","0.29932377240274943","0.29932377240274943","0.29932377240274943"
"30803","0.2997035721128668","0.2997035721128668","0.2997035721128668"
"30807","0.2997035721128668","0.2997035721128668","0.2997035721128668"
"30816","0.2997035721128668","0.2997035721128668","0.2997035721128668"
"30826","0.2997035721128668","0.2997035721128668","0.2997035721128668"
"30827","0.2997035721128668","0.2997035721128668","0.2997035721128668"
"30830","0.2997035721128668","0.2997035721128668","0.2997035721128668"
"30832","0.2997035721128668","0.2997035721128668","0.2997035721128668"
"30833","0.2997035721128668","0.2997035721128668","0.2997035721128668"
"30834","0.2997035721128668","0.2997035721128668","0.2997035721128668"
"30836","0.2997035721128668","0.2997035721128668","0.2997035721128668"
"30840","0.2997035721128668","0.2997035721128668","0.2997035721128668"
"30846","0.2997035721128668","0.2997035721128668","0.2997035721128668"
"30850","0.2997035721128668","0.2997035721128668","0.2997035721128668"
"30853","0.2997035721128668","0.2997035721128668","0.2997035721128668"
"30866","0.2997035721128668","0.2997035721128668","0.2997035721128668"
"30869","0.2997035721128668","0.2997035721128668","0.2997035721128668"
"30870","0.2997035721128668","0.2997035721128668","0.2997035721128668"
"30876","0.2997035721128668","0.2997035721128668","0.2997035721128668"
"30880","0.2997035721128668","0.2997035721128668","0.2997035721128668"
"30884","0.2997035721128668","0.2997035721128668","0.2997035721128668"
"30886","0.2997035721128668","0.2997035721128668","0.2997035721128668"
"30888","0.2997035721128668","0.2997035721128668","0.2997035721128668"
"30896","0.2997035721128668","0.2997035721128668","0.2997035721128668"
"30898","0.2997035721128668","0.2997035721128668","0.2997035721128668"
"30915","0.29944574559713144","0.29944574559713144","0.29944574559713144"
"30918","0.29944574559713144","0.29944574559713144","0.29944574559713144"
"30922","0.29944574559713144","0.29944574559713144","0.29944574559713144"
"30928","0.29944574559713144","0.29944574559713144","0.29944574559713144"
"30929","0.29944574559713144","0.29944574559713144","0.29944574559713144"
"30937","0.29944574559713144","0.29944574559713144","0.29944574559713144"
"30962","0.29944574559713144","0.29944574559713144","0.29944574559713144"
"30980","0.29944574559713144","0.29944574559713144","0.29944574559713144"
"30989","0.29944574559713144","0.29944574559713144","0.29944574559713144"
"30995","0.29944574559713144","0.29944574559713144","0.29944574559713144"
"30996","0.29944574559713144","0.29944574559713144","0.29944574559713144"
"31003","0.29944574559713144","0.29944574559713144","0.29944574559713144"
"31006","0.29944574559713144","0.29944574559713144","0.29944574559713144"
"31007","0.29944574559713144","0.29944574559713144","0.29944574559713144"
"31017","0.29990433140128514","0.29990433140128514","0.29990433140128514"
"31019","0.2999008449224675","0.2999008449224675","0.2999008449224675"
"31038","0.2997358686953703","0.2997358686953703","0.2997358686953703"
"31053","0.2997358686953703","0.2997358686953703","0.2997358686953703"
"31067","0.2997358686953703","0.2997358686953703","0.2997358686953703"
"31070","0.2997358686953703","0.2997358686953703","0.2997358686953703"
"31079","0.2997358686953703","0.2997358686953703","0.2997358686953703"
"31081","0.2997358686953703","0.2997358686953703","0.2997358686953703"
"31083","0.2997358686953703","0.2997358686953703","0.2997358686953703"
"31090","0.2997358686953703","0.2997358686953703","0.2997358686953703"
"31091","0.2997358686953703","0.2997358686953703","0.2997358686953703"
"31098","0.2997358686953703","0.2997358686953703","0.2997358686953703"
"31100","0.2997358686953703","0.2997358686953703","0.2997358686953703"
"31102","0.2997358686953703","0.2997358686953703","0.2997358686953703"
"31109","0.2997358686953703","0.2997358686953703","0.2997358686953703"
"31126","0.2995689562013467","0.2995689562013467","0.2995689562013467"
"31131","0.2998409324210115","0.2998409324210115","0.2998409324210115"
"31135","0.2998409324210115","0.2998409324210115","0.2998409324210115"
"31139","0.2998409324210115","0.2998409324210115","0.2998409324210115"
"31141","0.2998409324210115","0.2998409324210115","0.2998409324210115"
"31142","0.2998409324210115","0.2998409324210115","0.2998409324210115"
"31148","0.2998409324210115","0.2998409324210115","0.2998409324210115"
"31153","0.2998409324210115","0.2998409324210115","0.2998409324210115"
"31159","0.2998409324210115","0.2998409324210115","0.2998409324210115"
"31166","0.2998409324210115","0.2998409324210115","0.2998409324210115"
"31182","0.2998409324210115","0.2998409324210115","0.2998409324210115"
"31192","0.2998409324210115","0.2998409324210115","0.2998409324210115"
"31193","0.2998409324210115","0.2998409324210115","0.2998409324210115"
"31200","0.2998409324210115","0.2998409324210115","0.2998409324210115"
"31215","0.2998409324210115","0.2998409324210115","0.2998409324210115"
"31220","0.2998409324210115","0.2998409324210115","0.2998409324210115"
"31221","0.2998409324210115","0.2998409324210115","0.2998409324210115"
"31236","0.3005126510252921","0.3005126510252921","0.3005126510252921"
"31245","0.3007352617933975","0.3007352617933975","0.3007352617933975"
"31250","0.3007352617933975","0.3007352617933975","0.3007352617933975"
"31253","0.3007352617933975","0.3007352617933975","0.3007352617933975"
"31259","0.3007352617933975","0.3007352617933975","0.3007352617933975"
"31260","0.3007352617933975","0.3007352617933975","0.3007352617933975"
"31264","0.3007352617933975","0.3007352617933975","0.3007352617933975"
"31283","0.3007352617933975","0.3007352617933975","0.3007352617933975"
"31294","0.3007352617933975","0.3007352617933975","0.3007352617933975"
"31296","0.3007352617933975","0.3007352617933975","0.3007352617933975"
"31297","0.3007352617933975","0.3007352617933975","0.3007352617933975"
"31301","0.3007352617933975","0.3007352617933975","0.3007352617933975"
"31303","0.3007352617933975","0.3007352617933975","0.3007352617933975"
"31306","0.3007352617933975","0.3007352617933975","0.3007352617933975"
"31311","0.3007352617933975","0.3007352617933975","0.3007352617933975"
"31315","0.3007352617933975","0.3007352617933975","0.3007352617933975"
"31351","0.30151648470937287","0.30151648470937287","0.30151648470937287"
"31360","0.30151648470937287","0.30151648470937287","0.30151648470937287"
"31366","0.30151648470937287","0.30151648470937287","0.30151648470937287"
"31379","0.30151648470937287","0.30151648470937287","0.30151648470937287"
"31387","0.30151648470937287","0.30151648470937287","0.30151648470937287"
"31390","0.30151648470937287","0.30151648470937287","0.30151648470937287"
"31397","0.30151648470937287","0.30151648470937287","0.30151648470937287"
"31399","0.30151648470937287","0.30151648470937287","0.30151648470937287"
"31403","0.30151648470937287","0.30151648470937287","0.30151648470937287"
"31404","0.30151648470937287","0.30151648470937287","0.30151648470937287"
"31410","0.30151648470937287","0.30151648470937287","0.30151648470937287"
"31415","0.30151648470937287","0.30151648470937287","0.30151648470937287"
"31427","0.30151648470937287","0.30151648470937287","0.30151648470937287"
"31438","0.30151648470937287","0.30151648470937287","0.30151648470937287"
"31454","0.3013668979320755","0.3013668979320755","0.3013668979320755"
"31460","0.3011918507228074","0.3011918507228074","0.3011918507228074"
"31469","0.3011918507228074","0.3011918507228074","0.3011918507228074"
"31472","0.3011918507228074","0.3011918507228074","0.3011918507228074"
"31490","0.3011918507228074","0.3011918507228074","0.3011918507228074"
"31495","0.3011918507228074","0.3011918507228074","0.3011918507228074"
"31500","0.3011918507228074","0.3011918507228074","0.3011918507228074"
"31501","0.3011918507228074","0.3011918507228074","0.3011918507228074"
"31505","0.3011918507228074","0.3011918507228074","0.3011918507228074"
"31507","0.3011918507228074","0.3011918507228074","0.3011918507228074"
"31510","0.3011918507228074","0.3011918507228074","0.3011918507228074"
"31517","0.3011918507228074","0.3011918507228074","0.3011918507228074"
"31522","0.3011918507228074","0.3011918507228074","0.3011918507228074"
"31525","0.3011918507228074","0.3011918507228074","0.3011918507228074"
"31540","0.3011918507228074","0.3011918507228074","0.3011918507228074"
"31542","0.3011918507228074","0.3011918507228074","0.3011918507228074"
"31559","0.3011918507228074","0.3011918507228074","0.3011918507228074"
"31561","0.301391850717755","0.301391850717755","0.301391850717755"
"31567","0.3018883915184233","0.3018883915184233","0.3018883915184233"
"31581","0.30196556706241606","0.30196556706241606","0.30196556706241606"
"31584","0.30196556706241606","0.30196556706241606","0.30196556706241606"
"31599","0.30196556706241606","0.30196556706241606","0.30196556706241606"
"31603","0.30196556706241606","0.30196556706241606","0.30196556706241606"
"31614","0.30196556706241606","0.30196556706241606","0.30196556706241606"
"31615","0.30196556706241606","0.30196556706241606","0.30196556706241606"
"31627","0.30196556706241606","0.30196556706241606","0.30196556706241606"
"31629","0.30196556706241606","0.30196556706241606","0.30196556706241606"
"31630","0.30196556706241606","0.30196556706241606","0.30196556706241606"
"31634","0.30196556706241606","0.30196556706241606","0.30196556706241606"
"31637","0.30196556706241606","0.30196556706241606","0.30196556706241606"
"31641","0.30196556706241606","0.30196556706241606","0.30196556706241606"
"31644","0.30196556706241606","0.30196556706241606","0.30196556706241606"
"31648","0.30196556706241606","0.30196556706241606","0.30196556706241606"
"31658","0.30196556706241606","0.30196556706241606","0.30196556706241606"
"31663","0.30196556706241606","0.30196556706241606","0.30196556706241606"
"31672","0.3020221908477424","0.3020221908477424","0.3020221908477424"
"31689","0.3022281604025693","0.3022281604025693","0.3022281604025693"
"31693","0.3022281604025693","0.3022281604025693","0.3022281604025693"
"31711","0.3022281604025693","0.3022281604025693","0.3022281604025693"
"31719","0.3022281604025693","0.3022281604025693","0.3022281604025693"
"31725","0.3022281604025693","0.3022281604025693","0.3022281604025693"
"31728","0.3022281604025693","0.3022281604025693","0.3022281604025693"
"31734","0.3022281604025693","0.3022281604025693","0.3022281604025693"
"31735","0.3022281604025693","0.3022281604025693","0.3022281604025693"
"31736","0.3022281604025693","0.3022281604025693","0.3022281604025693"
"31737","0.3022281604025693","0.3022281604025693","0.3022281604025693"
"31743","0.3022281604025693","0.3022281604025693","0.3022281604025693"
"31744","0.3022281604025693","0.3022281604025693","0.3022281604025693"
"31749","0.3022281604025693","0.3022281604025693","0.3022281604025693"
"31751","0.3022281604025693","0.3022281604025693","0.3022281604025693"
"31757","0.3022281604025693","0.3022281604025693","0.3022281604025693"
"31768","0.3022281604025693","0.3022281604025693","0.3022281604025693"
"31770","0.3022281604025693","0.3022281604025693","0.3022281604025693"
"31772","0.3022281604025693","0.3022281604025693","0.3022281604025693"
"31774","0.3022281604025693","0.3022281604025693","0.3022281604025693"
"31775","0.3022281604025693","0.3022281604025693","0.3022281604025693"
"31778","0.3022281604025693","0.3022281604025693","0.3022281604025693"
"31780","0.3022281604025693","0.3022281604025693","0.3022281604025693"
"31785","0.3022667065560881","0.3022667065560881","0.3022667065560881"
"31787","0.30215336330363696","0.30215336330363696","0.30215336330363696"
"31788","0.30235336329858453","0.30235336329858453","0.30235336329858453"
"31790","0.3023993510177888","0.3023993510177888","0.3023993510177888"
"31798","0.3023993510177888","0.3023993510177888","0.3023993510177888"
"31803","0.3023993510177888","0.3023993510177888","0.3023993510177888"
"31804","0.3023993510177888","0.3023993510177888","0.3023993510177888"
"31810","0.3023993510177888","0.3023993510177888","0.3023993510177888"
"31831","0.3023993510177888","0.3023993510177888","0.3023993510177888"
"31832","0.3023993510177888","0.3023993510177888","0.3023993510177888"
"31833","0.3023993510177888","0.3023993510177888","0.3023993510177888"
"31839","0.3023993510177888","0.3023993510177888","0.3023993510177888"
"31843","0.3023993510177888","0.3023993510177888","0.3023993510177888"
"31844","0.3023993510177888","0.3023993510177888","0.3023993510177888"
"31845","0.3023993510177888","0.3023993510177888","0.3023993510177888"
"31846","0.3023993510177888","0.3023993510177888","0.3023993510177888"
"31852","0.3023993510177888","0.3023993510177888","0.3023993510177888"
"31860","0.3023993510177888","0.3023993510177888","0.3023993510177888"
"31863","0.3023993510177888","0.3023993510177888","0.3023993510177888"
"31865","0.3023993510177888","0.3023993510177888","0.3023993510177888"
"31870","0.3023993510177888","0.3023993510177888","0.3023993510177888"
"31874","0.3023993510177888","0.3023993510177888","0.3023993510177888"
"31877","0.3023993510177888","0.3023993510177888","0.3023993510177888"
"31886","0.3023993510177888","0.3023993510177888","0.3023993510177888"
"31890","0.3023993510177888","0.3023993510177888","0.3023993510177888"
"31891","0.302303107982857","0.302303107982857","0.302303107982857"
"31896","0.30166466064472386","0.30166466064472386","0.30166466064472386"
"31902","0.3021322572130657","0.3021322572130657","0.3021322572130657"
"31904","0.3021322572130657","0.3021322572130657","0.3021322572130657"
"31905","0.3021322572130657","0.3021322572130657","0.3021322572130657"
"31913","0.3021322572130657","0.3021322572130657","0.3021322572130657"
"31916","0.3021322572130657","0.3021322572130657","0.3021322572130657"
"31918","0.3021322572130657","0.3021322572130657","0.3021322572130657"
"31924","0.3021322572130657","0.3021322572130657","0.3021322572130657"
"31930","0.3021322572130657","0.3021322572130657","0.3021322572130657"
"31935","0.3021322572130657","0.3021322572130657","0.3021322572130657"
"31943","0.3021322572130657","0.3021322572130657","0.3021322572130657"
"31950","0.3021322572130657","0.3021322572130657","0.3021322572130657"
"31953","0.3021322572130657","0.3021322572130657","0.3021322572130657"
"31958","0.3021322572130657","0.3021322572130657","0.3021322572130657"
"31959","0.3021322572130657","0.3021322572130657","0.3021322572130657"
"31963","0.3021322572130657","0.3021322572130657","0.3021322572130657"
"31964","0.3021322572130657","0.3021322572130657","0.3021322572130657"
"31969","0.3021322572130657","0.3021322572130657","0.3021322572130657"
"31971","0.3021322572130657","0.3021322572130657","0.3021322572130657"
"31972","0.3021322572130657","0.3021322572130657","0.3021322572130657"
"31975","0.3021322572130657","0.3021322572130657","0.3021322572130657"
"31983","0.3021322572130657","0.3021322572130657","0.3021322572130657"
"31986","0.3021322572130657","0.3021322572130657","0.3021322572130657"
"31998","0.3021322572130657","0.3021322572130657","0.3021322572130657"
"31999","0.3021322572130657","0.3021322572130657","0.3021322572130657"
"32002","0.3025152806185133","0.3025152806185133","0.3025152806185133"
"32017","0.3024988787574102","0.3024988787574102","0.3024988787574102"
"32022","0.3024988787574102","0.3024988787574102","0.3024988787574102"
"32024","0.3024988787574102","0.3024988787574102","0.3024988787574102"
"32028","0.3024988787574102","0.3024988787574102","0.3024988787574102"
"32035","0.3024988787574102","0.3024988787574102","0.3024988787574102"
"32039","0.3024988787574102","0.3024988787574102","0.3024988787574102"
"32041","0.3024988787574102","0.3024988787574102","0.3024988787574102"
"32043","0.3024988787574102","0.3024988787574102","0.3024988787574102"
"32047","0.3024988787574102","0.3024988787574102","0.3024988787574102"
"32049","0.3024988787574102","0.3024988787574102","0.3024988787574102"
"32052","0.3024988787574102","0.3024988787574102","0.3024988787574102"
"32054","0.3024988787574102","0.3024988787574102","0.3024988787574102"
"32055","0.3024988787574102","0.3024988787574102","0.3024988787574102"
"32057","0.3024988787574102","0.3024988787574102","0.3024988787574102"
"32067","0.3024988787574102","0.3024988787574102","0.3024988787574102"
"32068","0.3024988787574102","0.3024988787574102","0.3024988787574102"
"32081","0.3024988787574102","0.3024988787574102","0.3024988787574102"
"32082","0.3024988787574102","0.3024988787574102","0.3024988787574102"
"32083","0.3024988787574102","0.3024988787574102","0.3024988787574102"
"32087","0.3024988787574102","0.3024988787574102","0.3024988787574102"
"32091","0.3024988787574102","0.3024988787574102","0.3024988787574102"
"32103","0.3024988787574102","0.3024988787574102","0.3024988787574102"
"32107","0.3024988787574102","0.3024988787574102","0.3024988787574102"
"32108","0.3024988787574102","0.3024988787574102","0.3024988787574102"
"32123","0.3015426990350306","0.3015426990350306","0.3015426990350306"
"32126","0.3015426990350306","0.3015426990350306","0.3015426990350306"
"32137","0.3015426990350306","0.3015426990350306","0.3015426990350306"
"32141","0.3015426990350306","0.3015426990350306","0.3015426990350306"
"32159","0.3015426990350306","0.3015426990350306","0.3015426990350306"
"32160","0.3015426990350306","0.3015426990350306","0.3015426990350306"
"32168","0.3015426990350306","0.3015426990350306","0.3015426990350306"
"32176","0.3015426990350306","0.3015426990350306","0.3015426990350306"
"32180","0.3015426990350306","0.3015426990350306","0.3015426990350306"
"32183","0.3015426990350306","0.3015426990350306","0.3015426990350306"
"32188","0.3015426990350306","0.3015426990350306","0.3015426990350306"
"32192","0.3015426990350306","0.3015426990350306","0.3015426990350306"
"32201","0.3015426990350306","0.3015426990350306","0.3015426990350306"
"32203","0.3015426990350306","0.3015426990350306","0.3015426990350306"
"32208","0.3015426990350306","0.3015426990350306","0.3015426990350306"
"32211","0.3015426990350306","0.3015426990350306","0.3015426990350306"
"32217","0.3015426990350306","0.3015426990350306","0.3015426990350306"
"32232","0.30149339023771515","0.30149339023771515","0.30149339023771515"
"32248","0.30149339023771515","0.30149339023771515","0.30149339023771515"
"32250","0.30149339023771515","0.30149339023771515","0.30149339023771515"
"32253","0.30149339023771515","0.30149339023771515","0.30149339023771515"
"32264","0.30149339023771515","0.30149339023771515","0.30149339023771515"
"32267","0.30149339023771515","0.30149339023771515","0.30149339023771515"
"32274","0.30149339023771515","0.30149339023771515","0.30149339023771515"
"32284","0.30149339023771515","0.30149339023771515","0.30149339023771515"
"32286","0.30149339023771515","0.30149339023771515","0.30149339023771515"
"32296","0.30149339023771515","0.30149339023771515","0.30149339023771515"
"32303","0.30149339023771515","0.30149339023771515","0.30149339023771515"
"32309","0.30149339023771515","0.30149339023771515","0.30149339023771515"
"32317","0.30149339023771515","0.30149339023771515","0.30149339023771515"
"32323","0.30149339023771515","0.30149339023771515","0.30149339023771515"
"32326","0.30149339023771515","0.30149339023771515","0.30149339023771515"
"32329","0.30149339023771515","0.30149339023771515","0.30149339023771515"
"32332","0.3011920313947257","0.3011920313947257","0.3011920313947257"
"32333","0.30118719995377885","0.30118719995377885","0.30118719995377885"
"32337","0.30143845399149993","0.30143845399149993","0.30143845399149993"
"32340","0.30147231603630187","0.30147231603630187","0.30147231603630187"
"32349","0.30147231603630187","0.30147231603630187","0.30147231603630187"
"32351","0.30147231603630187","0.30147231603630187","0.30147231603630187"
"32362","0.30147231603630187","0.30147231603630187","0.30147231603630187"
"32390","0.30147231603630187","0.30147231603630187","0.30147231603630187"
"32411","0.30147231603630187","0.30147231603630187","0.30147231603630187"
"32412","0.30147231603630187","0.30147231603630187","0.30147231603630187"
"32413","0.30147231603630187","0.30147231603630187","0.30147231603630187"
"32415","0.30147231603630187","0.30147231603630187","0.30147231603630187"
"32428","0.30147231603630187","0.30147231603630187","0.30147231603630187"
"32433","0.30147231603630187","0.30147231603630187","0.30147231603630187"
"32436","0.30147231603630187","0.30147231603630187","0.30147231603630187"
"32437","0.30147231603630187","0.30147231603630187","0.30147231603630187"
"32438","0.30147231603630187","0.30147231603630187","0.30147231603630187"
"32466","0.30127517286607597","0.30127517286607597","0.30127517286607597"
"32467","0.30127517286607597","0.30127517286607597","0.30127517286607597"
"32470","0.30127517286607597","0.30127517286607597","0.30127517286607597"
"32471","0.30127517286607597","0.30127517286607597","0.30127517286607597"
"32474","0.30127517286607597","0.30127517286607597","0.30127517286607597"
"32494","0.30127517286607597","0.30127517286607597","0.30127517286607597"
"32496","0.30127517286607597","0.30127517286607597","0.30127517286607597"
"32499","0.30127517286607597","0.30127517286607597","0.30127517286607597"
"32501","0.30127517286607597","0.30127517286607597","0.30127517286607597"
"32511","0.30127517286607597","0.30127517286607597","0.30127517286607597"
"32515","0.30127517286607597","0.30127517286607597","0.30127517286607597"
"32528","0.30127517286607597","0.30127517286607597","0.30127517286607597"
"32530","0.30127517286607597","0.30127517286607597","0.30127517286607597"
"32531","0.30127517286607597","0.30127517286607597","0.30127517286607597"
"32540","0.30127517286607597","0.30127517286607597","0.30127517286607597"
"32552","0.30151620153853853","0.30151620153853853","0.30151620153853853"
"32559","0.3016033396583907","0.3016033396583907","0.3016033396583907"
"32572","0.30164193847529075","0.30164193847529075","0.30164193847529075"
"32573","0.30164193847529075","0.30164193847529075","0.30164193847529075"
"32574","0.30164193847529075","0.30164193847529075","0.30164193847529075"
"32576","0.30164193847529075","0.30164193847529075","0.30164193847529075"
"32579","0.30164193847529075","0.30164193847529075","0.30164193847529075"
"32586","0.30164193847529075","0.30164193847529075","0.30164193847529075"
"32587","0.30164193847529075","0.30164193847529075","0.30164193847529075"
"32590","0.30164193847529075","0.30164193847529075","0.30164193847529075"
"32593","0.30164193847529075","0.30164193847529075","0.30164193847529075"
"32603","0.30164193847529075","0.30164193847529075","0.30164193847529075"
"32605","0.30164193847529075","0.30164193847529075","0.30164193847529075"
"32613","0.30164193847529075","0.30164193847529075","0.30164193847529075"
"32614","0.30164193847529075","0.30164193847529075","0.30164193847529075"
"32628","0.30164193847529075","0.30164193847529075","0.30164193847529075"
"32636","0.30164193847529075","0.30164193847529075","0.30164193847529075"
"32639","0.30164193847529075","0.30164193847529075","0.30164193847529075"
"32641","0.30164193847529075","0.30164193847529075","0.30164193847529075"
"32642","0.30164193847529075","0.30164193847529075","0.30164193847529075"
"32651","0.30164193847529075","0.30164193847529075","0.30164193847529075"
"32665","0.30096968847872174","0.30096968847872174","0.30096968847872174"
"32676","0.30116973325355045","0.30116973325355045","0.30116973325355045"
"32678","0.30116973325355045","0.30116973325355045","0.30116973325355045"
"32680","0.30116973325355045","0.30116973325355045","0.30116973325355045"
"32691","0.30116973325355045","0.30116973325355045","0.30116973325355045"
"32693","0.30116973325355045","0.30116973325355045","0.30116973325355045"
"32696","0.30116973325355045","0.30116973325355045","0.30116973325355045"
"32698","0.30116973325355045","0.30116973325355045","0.30116973325355045"
"32703","0.30116973325355045","0.30116973325355045","0.30116973325355045"
"32716","0.30116973325355045","0.30116973325355045","0.30116973325355045"
"32723","0.30116973325355045","0.30116973325355045","0.30116973325355045"
"32726","0.30116973325355045","0.30116973325355045","0.30116973325355045"
"32744","0.30116973325355045","0.30116973325355045","0.30116973325355045"
"32746","0.30116973325355045","0.30116973325355045","0.30116973325355045"
"32747","0.30116973325355045","0.30116973325355045","0.30116973325355045"
"32752","0.30116973325355045","0.30116973325355045","0.30116973325355045"
"32766","0.30116973325355045","0.30116973325355045","0.30116973325355045"
"32771","0.30107309728052767","0.30107309728052767","0.30107309728052767"
"32772","0.30127309727547524","0.30127309727547524","0.30127309727547524"
"32795","0.3018012038578263","0.3018012038578263","0.3018012038578263"
"32796","0.3018012038578263","0.3018012038578263","0.3018012038578263"
"32797","0.3018012038578263","0.3018012038578263","0.3018012038578263"
"32804","0.3018012038578263","0.3018012038578263","0.3018012038578263"
"32806","0.3018012038578263","0.3018012038578263","0.3018012038578263"
"32814","0.3018012038578263","0.3018012038578263","0.3018012038578263"
"32823","0.3018012038578263","0.3018012038578263","0.3018012038578263"
"32827","0.3018012038578263","0.3018012038578263","0.3018012038578263"
"32843","0.3018012038578263","0.3018012038578263","0.3018012038578263"
"32845","0.3018012038578263","0.3018012038578263","0.3018012038578263"
"32850","0.3018012038578263","0.3018012038578263","0.3018012038578263"
"32852","0.3018012038578263","0.3018012038578263","0.3018012038578263"
"32865","0.3018012038578263","0.3018012038578263","0.3018012038578263"
"32867","0.3018012038578263","0.3018012038578263","0.3018012038578263"
"32869","0.3018012038578263","0.3018012038578263","0.3018012038578263"
"32875","0.3018012038578263","0.3018012038578263","0.3018012038578263"
"32878","0.3018012038578263","0.3018012038578263","0.3018012038578263"
"32880","0.3018012038578263","0.3018012038578263","0.3018012038578263"
"32883","0.30197478466150185","0.30197478466150185","0.30197478466150185"
"32893","0.3020109448384346","0.3020109448384346","0.3020109448384346"
"32900","0.3020109448384346","0.3020109448384346","0.3020109448384346"
"32903","0.3020109448384346","0.3020109448384346","0.3020109448384346"
"32905","0.3020109448384346","0.3020109448384346","0.3020109448384346"
"32910","0.3020109448384346","0.3020109448384346","0.3020109448384346"
"32913","0.3020109448384346","0.3020109448384346","0.3020109448384346"
"32917","0.3020109448384346","0.3020109448384346","0.3020109448384346"
"32927","0.3020109448384346","0.3020109448384346","0.3020109448384346"
"32930","0.3020109448384346","0.3020109448384346","0.3020109448384346"
"32940","0.3020109448384346","0.3020109448384346","0.3020109448384346"
"32950","0.3020109448384346","0.3020109448384346","0.3020109448384346"
"32951","0.3020109448384346","0.3020109448384346","0.3020109448384346"
"32952","0.3020109448384346","0.3020109448384346","0.3020109448384346"
"32958","0.3020109448384346","0.3020109448384346","0.3020109448384346"
"32963","0.3020109448384346","0.3020109448384346","0.3020109448384346"
"32972","0.3020109448384346","0.3020109448384346","0.3020109448384346"
"32974","0.3020109448384346","0.3020109448384346","0.3020109448384346"
"32978","0.3020109448384346","0.3020109448384346","0.3020109448384346"
"32987","0.3020109448384346","0.3020109448384346","0.3020109448384346"
"32996","0.3020665337003038","0.3020665337003038","0.3020665337003038"
"33000","0.3022496336247741","0.3022496336247741","0.3022496336247741"
"33003","0.3022496336247741","0.3022496336247741","0.3022496336247741"
"33006","0.3022496336247741","0.3022496336247741","0.3022496336247741"
"33016","0.3022496336247741","0.3022496336247741","0.3022496336247741"
"33017","0.3022496336247741","0.3022496336247741","0.3022496336247741"
"33021","0.3022496336247741","0.3022496336247741","0.3022496336247741"
"33023","0.3022496336247741","0.3022496336247741","0.3022496336247741"
"33025","0.3022496336247741","0.3022496336247741","0.3022496336247741"
"33027","0.3022496336247741","0.3022496336247741","0.3022496336247741"
"33029","0.3022496336247741","0.3022496336247741","0.3022496336247741"
"33033","0.3022496336247741","0.3022496336247741","0.3022496336247741"
"33035","0.3022496336247741","0.3022496336247741","0.3022496336247741"
"33045","0.3022496336247741","0.3022496336247741","0.3022496336247741"
"33052","0.3022496336247741","0.3022496336247741","0.3022496336247741"
"33066","0.3022496336247741","0.3022496336247741","0.3022496336247741"
"33073","0.3022496336247741","0.3022496336247741","0.3022496336247741"
"33080","0.3022496336247741","0.3022496336247741","0.3022496336247741"
"33084","0.3022496336247741","0.3022496336247741","0.3022496336247741"
"33092","0.3022496336247741","0.3022496336247741","0.3022496336247741"
"33098","0.3022496336247741","0.3022496336247741","0.3022496336247741"
"33110","0.30256294520902427","0.30256294520902427","0.30256294520902427"
"33125","0.30256294520902427","0.30256294520902427","0.30256294520902427"
"33126","0.30256294520902427","0.30256294520902427","0.30256294520902427"
"33128","0.30256294520902427","0.30256294520902427","0.30256294520902427"
"33129","0.30256294520902427","0.30256294520902427","0.30256294520902427"
"33132","0.30256294520902427","0.30256294520902427","0.30256294520902427"
"33135","0.30256294520902427","0.30256294520902427","0.30256294520902427"
"33138","0.30256294520902427","0.30256294520902427","0.30256294520902427"
"33146","0.30256294520902427","0.30256294520902427","0.30256294520902427"
"33156","0.30256294520902427","0.30256294520902427","0.30256294520902427"
"33164","0.30256294520902427","0.30256294520902427","0.30256294520902427"
"33166","0.30256294520902427","0.30256294520902427","0.30256294520902427"
"33174","0.30256294520902427","0.30256294520902427","0.30256294520902427"
"33177","0.30256294520902427","0.30256294520902427","0.30256294520902427"
"33182","0.30256294520902427","0.30256294520902427","0.30256294520902427"
"33188","0.30256294520902427","0.30256294520902427","0.30256294520902427"
"33206","0.30256294520902427","0.30256294520902427","0.30256294520902427"
"33208","0.30256294520902427","0.30256294520902427","0.30256294520902427"
"33222","0.3025754765398915","0.3025754765398915","0.3025754765398915"
"33224","0.3025754765398915","0.3025754765398915","0.3025754765398915"
"33232","0.3025754765398915","0.3025754765398915","0.3025754765398915"
"33235","0.3025754765398915","0.3025754765398915","0.3025754765398915"
"33239","0.3025754765398915","0.3025754765398915","0.3025754765398915"
"33241","0.3025754765398915","0.3025754765398915","0.3025754765398915"
"33244","0.3025754765398915","0.3025754765398915","0.3025754765398915"
"33267","0.3025754765398915","0.3025754765398915","0.3025754765398915"
"33270","0.3025754765398915","0.3025754765398915","0.3025754765398915"
"33281","0.3025754765398915","0.3025754765398915","0.3025754765398915"
"33291","0.3025754765398915","0.3025754765398915","0.3025754765398915"
"33292","0.3025754765398915","0.3025754765398915","0.3025754765398915"
"33293","0.3025754765398915","0.3025754765398915","0.3025754765398915"
"33301","0.3025754765398915","0.3025754765398915","0.3025754765398915"
"33306","0.3025754765398915","0.3025754765398915","0.3025754765398915"
"33307","0.3025754765398915","0.3025754765398915","0.3025754765398915"
"33324","0.3023129092609679","0.3023129092609679","0.3023129092609679"
"33329","0.3019758054372005","0.3019758054372005","0.3019758054372005"
"33330","0.3019324353274214","0.3019324353274214","0.3019324353274214"
"33336","0.3019324353274214","0.3019324353274214","0.3019324353274214"
"33338","0.3019324353274214","0.3019324353274214","0.3019324353274214"
"33357","0.3019324353274214","0.3019324353274214","0.3019324353274214"
"33361","0.3019324353274214","0.3019324353274214","0.3019324353274214"
"33371","0.3019324353274214","0.3019324353274214","0.3019324353274214"
"33374","0.3019324353274214","0.3019324353274214","0.3019324353274214"
"33381","0.3019324353274214","0.3019324353274214","0.3019324353274214"
"33385","0.3019324353274214","0.3019324353274214","0.3019324353274214"
"33386","0.3019324353274214","0.3019324353274214","0.3019324353274214"
"33389","0.3019324353274214","0.3019324353274214","0.3019324353274214"
"33398","0.3019324353274214","0.3019324353274214","0.3019324353274214"
"33406","0.3019324353274214","0.3019324353274214","0.3019324353274214"
"33413","0.3019324353274214","0.3019324353274214","0.3019324353274214"
"33423","0.3019324353274214","0.3019324353274214","0.3019324353274214"
"33432","0.3018974922663119","0.3018974922663119","0.3018974922663119"
"33433","0.30198907513770334","0.30198907513770334","0.30198907513770334"
"33434","0.3018264443737507","0.3018264443737507","0.3018264443737507"
"33436","0.3020084238625941","0.3020084238625941","0.3020084238625941"
"33444","0.30163253233306475","0.30163253233306475","0.30163253233306475"
"33449","0.30163253233306475","0.30163253233306475","0.30163253233306475"
"33452","0.30163253233306475","0.30163253233306475","0.30163253233306475"
"33456","0.30163253233306475","0.30163253233306475","0.30163253233306475"
"33460","0.30163253233306475","0.30163253233306475","0.30163253233306475"
"33464","0.30163253233306475","0.30163253233306475","0.30163253233306475"
"33465","0.30163253233306475","0.30163253233306475","0.30163253233306475"
"33469","0.30163253233306475","0.30163253233306475","0.30163253233306475"
"33484","0.30163253233306475","0.30163253233306475","0.30163253233306475"
"33492","0.30163253233306475","0.30163253233306475","0.30163253233306475"
"33496","0.30163253233306475","0.30163253233306475","0.30163253233306475"
"33514","0.30163253233306475","0.30163253233306475","0.30163253233306475"
"33517","0.30163253233306475","0.30163253233306475","0.30163253233306475"
"33525","0.30163253233306475","0.30163253233306475","0.30163253233306475"
"33529","0.30163253233306475","0.30163253233306475","0.30163253233306475"
"33546","0.3016519295121952","0.3016519295121952","0.3016519295121952"
"33559","0.3013362601120434","0.3013362601120434","0.3013362601120434"
"33569","0.3013362601120434","0.3013362601120434","0.3013362601120434"
"33577","0.3013362601120434","0.3013362601120434","0.3013362601120434"
"33586","0.3013362601120434","0.3013362601120434","0.3013362601120434"
"33587","0.3013362601120434","0.3013362601120434","0.3013362601120434"
"33588","0.3013362601120434","0.3013362601120434","0.3013362601120434"
"33589","0.3013362601120434","0.3013362601120434","0.3013362601120434"
"33599","0.3013362601120434","0.3013362601120434","0.3013362601120434"
"33608","0.3013362601120434","0.3013362601120434","0.3013362601120434"
"33610","0.3013362601120434","0.3013362601120434","0.3013362601120434"
"33628","0.3013362601120434","0.3013362601120434","0.3013362601120434"
"33633","0.3013362601120434","0.3013362601120434","0.3013362601120434"
"33635","0.3013362601120434","0.3013362601120434","0.3013362601120434"
"33639","0.3013362601120434","0.3013362601120434","0.3013362601120434"
"33652","0.3012348942499784","0.3012348942499784","0.3012348942499784"
"33661","0.3015045127992607","0.3015045127992607","0.3015045127992607"
"33662","0.3015045127992607","0.3015045127992607","0.3015045127992607"
"33663","0.3015045127992607","0.3015045127992607","0.3015045127992607"
"33668","0.3015045127992607","0.3015045127992607","0.3015045127992607"
"33681","0.3015045127992607","0.3015045127992607","0.3015045127992607"
"33689","0.3015045127992607","0.3015045127992607","0.3015045127992607"
"33707","0.3015045127992607","0.3015045127992607","0.3015045127992607"
"33717","0.3015045127992607","0.3015045127992607","0.3015045127992607"
"33724","0.3015045127992607","0.3015045127992607","0.3015045127992607"
"33728","0.3015045127992607","0.3015045127992607","0.3015045127992607"
"33733","0.3015045127992607","0.3015045127992607","0.3015045127992607"
"33738","0.3015045127992607","0.3015045127992607","0.3015045127992607"
"33755","0.3015045127992607","0.3015045127992607","0.3015045127992607"
"33765","0.3009935270835967","0.3009935270835967","0.3009935270835967"
"33774","0.30135113596745666","0.30135113596745666","0.30135113596745666"
"33786","0.30135113596745666","0.30135113596745666","0.30135113596745666"
"33790","0.30135113596745666","0.30135113596745666","0.30135113596745666"
"33793","0.30135113596745666","0.30135113596745666","0.30135113596745666"
"33799","0.30135113596745666","0.30135113596745666","0.30135113596745666"
"33813","0.30135113596745666","0.30135113596745666","0.30135113596745666"
"33821","0.30135113596745666","0.30135113596745666","0.30135113596745666"
"33822","0.30135113596745666","0.30135113596745666","0.30135113596745666"
"33825","0.30135113596745666","0.30135113596745666","0.30135113596745666"
"33826","0.30135113596745666","0.30135113596745666","0.30135113596745666"
"33827","0.30135113596745666","0.30135113596745666","0.30135113596745666"
"33828","0.30135113596745666","0.30135113596745666","0.30135113596745666"
"33831","0.30135113596745666","0.30135113596745666","0.30135113596745666"
"33835","0.30135113596745666","0.30135113596745666","0.30135113596745666"
"33842","0.30135113596745666","0.30135113596745666","0.30135113596745666"
"33844","0.30135113596745666","0.30135113596745666","0.30135113596745666"
"33851","0.30135113596745666","0.30135113596745666","0.30135113596745666"
"33863","0.30135113596745666","0.30135113596745666","0.30135113596745666"
"33871","0.30130284706658583","0.30130284706658583","0.30130284706658583"
"33879","0.3020162972149819","0.3020162972149819","0.3020162972149819"
"33883","0.3021126623113787","0.3021126623113787","0.3021126623113787"
"33887","0.3021126623113787","0.3021126623113787","0.3021126623113787"
"33888","0.3021126623113787","0.3021126623113787","0.3021126623113787"
"33889","0.3021126623113787","0.3021126623113787","0.3021126623113787"
"33893","0.3021126623113787","0.3021126623113787","0.3021126623113787"
"33896","0.3021126623113787","0.3021126623113787","0.3021126623113787"
"33901","0.3021126623113787","0.3021126623113787","0.3021126623113787"
"33904","0.3021126623113787","0.3021126623113787","0.3021126623113787"
"33909","0.3021126623113787","0.3021126623113787","0.3021126623113787"
"33924","0.3021126623113787","0.3021126623113787","0.3021126623113787"
"33926","0.3021126623113787","0.3021126623113787","0.3021126623113787"
"33938","0.3021126623113787","0.3021126623113787","0.3021126623113787"
"33948","0.3021126623113787","0.3021126623113787","0.3021126623113787"
"33949","0.3021126623113787","0.3021126623113787","0.3021126623113787"
"33952","0.3021126623113787","0.3021126623113787","0.3021126623113787"
"33960","0.3021126623113787","0.3021126623113787","0.3021126623113787"
"33973","0.3021126623113787","0.3021126623113787","0.3021126623113787"
"33986","0.3021441073694632","0.3021441073694632","0.3021441073694632"
"33993","0.3022285249214519","0.3022285249214519","0.3022285249214519"
"34000","0.3022285249214519","0.3022285249214519","0.3022285249214519"
"34008","0.3022285249214519","0.3022285249214519","0.3022285249214519"
"34010","0.3022285249214519","0.3022285249214519","0.3022285249214519"
"34017","0.3022285249214519","0.3022285249214519","0.3022285249214519"
"34023","0.3022285249214519","0.3022285249214519","0.3022285249214519"
"34027","0.3022285249214519","0.3022285249214519","0.3022285249214519"
"34028","0.3022285249214519","0.3022285249214519","0.3022285249214519"
"34032","0.3022285249214519","0.3022285249214519","0.3022285249214519"
"34044","0.3022285249214519","0.3022285249214519","0.3022285249214519"
"34047","0.3022285249214519","0.3022285249214519","0.3022285249214519"
"34062","0.3022285249214519","0.3022285249214519","0.3022285249214519"
"34064","0.3022285249214519","0.3022285249214519","0.3022285249214519"
"34079","0.3022285249214519","0.3022285249214519","0.3022285249214519"
"34088","0.3022285249214519","0.3022285249214519","0.3022285249214519"
"34089","0.3022285249214519","0.3022285249214519","0.3022285249214519"
"34091","0.3024285249163995","0.3024285249163995","0.3024285249163995"
"34099","0.30249113039528763","0.30249113039528763","0.30249113039528763"
"34101","0.30229113040034006","0.30229113040034006","0.30229113040034006"
"34105","0.30229113040034006","0.30229113040034006","0.30229113040034006"
"34109","0.30229113040034006","0.30229113040034006","0.30229113040034006"
"34110","0.30229113040034006","0.30229113040034006","0.30229113040034006"
"34119","0.30229113040034006","0.30229113040034006","0.30229113040034006"
"34130","0.30229113040034006","0.30229113040034006","0.30229113040034006"
"34138","0.30229113040034006","0.30229113040034006","0.30229113040034006"
"34144","0.30229113040034006","0.30229113040034006","0.30229113040034006"
"34147","0.30229113040034006","0.30229113040034006","0.30229113040034006"
"34149","0.30229113040034006","0.30229113040034006","0.30229113040034006"
"34159","0.30229113040034006","0.30229113040034006","0.30229113040034006"
"34166","0.30229113040034006","0.30229113040034006","0.30229113040034006"
"34175","0.30229113040034006","0.30229113040034006","0.30229113040034006"
"34184","0.30229113040034006","0.30229113040034006","0.30229113040034006"
"34187","0.30229113040034006","0.30229113040034006","0.30229113040034006"
"34203","0.302616206459993","0.302616206459993","0.302616206459993"
"34204","0.30241904963279465","0.30241904963279465","0.30241904963279465"
"34208","0.3020602534599902","0.3020602534599902","0.3020602534599902"
"34230","0.3019325167699435","0.3019325167699435","0.3019325167699435"
"34231","0.3019325167699435","0.3019325167699435","0.3019325167699435"
"34233","0.3019325167699435","0.3019325167699435","0.3019325167699435"
"34241","0.3019325167699435","0.3019325167699435","0.3019325167699435"
"34242","0.3019325167699435","0.3019325167699435","0.3019325167699435"
"34249","0.3019325167699435","0.3019325167699435","0.3019325167699435"
"34255","0.3019325167699435","0.3019325167699435","0.3019325167699435"
"34260","0.3019325167699435","0.3019325167699435","0.3019325167699435"
"34265","0.3019325167699435","0.3019325167699435","0.3019325167699435"
"34266","0.3019325167699435","0.3019325167699435","0.3019325167699435"
"34277","0.3019325167699435","0.3019325167699435","0.3019325167699435"
"34280","0.3019325167699435","0.3019325167699435","0.3019325167699435"
"34291","0.3019325167699435","0.3019325167699435","0.3019325167699435"
"34293","0.3019325167699435","0.3019325167699435","0.3019325167699435"
"34295","0.3019325167699435","0.3019325167699435","0.3019325167699435"
"34301","0.3019325167699435","0.3019325167699435","0.3019325167699435"
"34303","0.3019325167699435","0.3019325167699435","0.3019325167699435"
"34309","0.3019325167699435","0.3019325167699435","0.3019325167699435"
"34312","0.3018891778194529","0.3018891778194529","0.3018891778194529"
"34316","0.301604856333347","0.301604856333347","0.301604856333347"
"34344","0.30170415621817026","0.30170415621817026","0.30170415621817026"
"34350","0.30170415621817026","0.30170415621817026","0.30170415621817026"
"34352","0.30170415621817026","0.30170415621817026","0.30170415621817026"
"34366","0.30170415621817026","0.30170415621817026","0.30170415621817026"
"34394","0.30170415621817026","0.30170415621817026","0.30170415621817026"
"34407","0.30170415621817026","0.30170415621817026","0.30170415621817026"
"34409","0.30170415621817026","0.30170415621817026","0.30170415621817026"
"34440","0.30271593665950147","0.30271593665950147","0.30271593665950147"
"34443","0.30271593665950147","0.30271593665950147","0.30271593665950147"
"34446","0.30271593665950147","0.30271593665950147","0.30271593665950147"
"34449","0.30271593665950147","0.30271593665950147","0.30271593665950147"
"34486","0.30271593665950147","0.30271593665950147","0.30271593665950147"
"34495","0.30271593665950147","0.30271593665950147","0.30271593665950147"
"34500","0.30271593665950147","0.30271593665950147","0.30271593665950147"
"34504","0.30271593665950147","0.30271593665950147","0.30271593665950147"
"34505","0.30271593665950147","0.30271593665950147","0.30271593665950147"
"34507","0.30271593665950147","0.30271593665950147","0.30271593665950147"
"34508","0.30271593665950147","0.30271593665950147","0.30271593665950147"
"34509","0.30271593665950147","0.30271593665950147","0.30271593665950147"
"34510","0.30271593665950147","0.30271593665950147","0.30271593665950147"
"34511","0.30271593665950147","0.30271593665950147","0.30271593665950147"
"34518","0.30271593665950147","0.30271593665950147","0.30271593665950147"
"34526","0.30271593665950147","0.30271593665950147","0.30271593665950147"
"34530","0.30271593665950147","0.30271593665950147","0.30271593665950147"
"34534","0.30278325212768775","0.30278325212768775","0.30278325212768775"
"34541","0.3028488602524021","0.3028488602524021","0.3028488602524021"
"34545","0.3028488602524021","0.3028488602524021","0.3028488602524021"
"34550","0.3028488602524021","0.3028488602524021","0.3028488602524021"
"34562","0.3028488602524021","0.3028488602524021","0.3028488602524021"
"34563","0.3028488602524021","0.3028488602524021","0.3028488602524021"
"34566","0.3028488602524021","0.3028488602524021","0.3028488602524021"
"34578","0.3028488602524021","0.3028488602524021","0.3028488602524021"
"34584","0.3028488602524021","0.3028488602524021","0.3028488602524021"
"34591","0.3028488602524021","0.3028488602524021","0.3028488602524021"
"34606","0.3028488602524021","0.3028488602524021","0.3028488602524021"
"34616","0.3028488602524021","0.3028488602524021","0.3028488602524021"
"34631","0.3028488602524021","0.3028488602524021","0.3028488602524021"
"34644","0.30260922521686096","0.30260922521686096","0.30260922521686096"
"34645","0.30253348639073463","0.30253348639073463","0.30253348639073463"
"34647","0.30249861328204586","0.30249861328204586","0.30249861328204586"
"34655","0.30238317207270027","0.30238317207270027","0.30238317207270027"
"34660","0.30238317207270027","0.30238317207270027","0.30238317207270027"
"34666","0.30238317207270027","0.30238317207270027","0.30238317207270027"
"34671","0.30238317207270027","0.30238317207270027","0.30238317207270027"
"34674","0.30238317207270027","0.30238317207270027","0.30238317207270027"
"34693","0.30238317207270027","0.30238317207270027","0.30238317207270027"
"34695","0.30238317207270027","0.30238317207270027","0.30238317207270027"
"34701","0.30238317207270027","0.30238317207270027","0.30238317207270027"
"34704","0.30238317207270027","0.30238317207270027","0.30238317207270027"
"34705","0.30238317207270027","0.30238317207270027","0.30238317207270027"
"34713","0.30238317207270027","0.30238317207270027","0.30238317207270027"
"34715","0.30238317207270027","0.30238317207270027","0.30238317207270027"
"34717","0.30238317207270027","0.30238317207270027","0.30238317207270027"
"34723","0.30238317207270027","0.30238317207270027","0.30238317207270027"
"34724","0.30238317207270027","0.30238317207270027","0.30238317207270027"
"34730","0.30238317207270027","0.30238317207270027","0.30238317207270027"
"34737","0.30238317207270027","0.30238317207270027","0.30238317207270027"
"34746","0.30238317207270027","0.30238317207270027","0.30238317207270027"
"34777","0.303479420226472","0.303479420226472","0.303479420226472"
"34778","0.303479420226472","0.303479420226472","0.303479420226472"
"34794","0.303479420226472","0.303479420226472","0.303479420226472"
"34799","0.303479420226472","0.303479420226472","0.303479420226472"
"34802","0.303479420226472","0.303479420226472","0.303479420226472"
"34818","0.303479420226472","0.303479420226472","0.303479420226472"
"34820","0.303479420226472","0.303479420226472","0.303479420226472"
"34843","0.303479420226472","0.303479420226472","0.303479420226472"
"34845","0.303479420226472","0.303479420226472","0.303479420226472"
"34850","0.303479420226472","0.303479420226472","0.303479420226472"
"34873","0.30379228862304897","0.30379228862304897","0.30379228862304897"
"34881","0.30379228862304897","0.30379228862304897","0.30379228862304897"
"34884","0.30379228862304897","0.30379228862304897","0.30379228862304897"
"34888","0.30379228862304897","0.30379228862304897","0.30379228862304897"
"34894","0.30379228862304897","0.30379228862304897","0.30379228862304897"
"34899","0.30379228862304897","0.30379228862304897","0.30379228862304897"
"34901","0.30379228862304897","0.30379228862304897","0.30379228862304897"
"34904","0.30379228862304897","0.30379228862304897","0.30379228862304897"
"34919","0.30379228862304897","0.30379228862304897","0.30379228862304897"
"34921","0.30379228862304897","0.30379228862304897","0.30379228862304897"
"34922","0.30379228862304897","0.30379228862304897","0.30379228862304897"
"34925","0.30379228862304897","0.30379228862304897","0.30379228862304897"
"34927","0.30379228862304897","0.30379228862304897","0.30379228862304897"
"34929","0.30379228862304897","0.30379228862304897","0.30379228862304897"
"34933","0.30379228862304897","0.30379228862304897","0.30379228862304897"
"34935","0.30379228862304897","0.30379228862304897","0.30379228862304897"
"34955","0.30379228862304897","0.30379228862304897","0.30379228862304897"
"34961","0.30379228862304897","0.30379228862304897","0.30379228862304897"
"34968","0.30379228862304897","0.30379228862304897","0.30379228862304897"
"34969","0.30379228862304897","0.30379228862304897","0.30379228862304897"
"34970","0.30379228862304897","0.30379228862304897","0.30379228862304897"
"34976","0.30365461263293125","0.30365461263293125","0.30365461263293125"
"34977","0.30362346294871256","0.30362346294871256","0.30362346294871256"
"34983","0.30409176578698405","0.30409176578698405","0.30409176578698405"
"34990","0.30409176578698405","0.30409176578698405","0.30409176578698405"
"35003","0.30409176578698405","0.30409176578698405","0.30409176578698405"
"35005","0.30409176578698405","0.30409176578698405","0.30409176578698405"
"35010","0.30409176578698405","0.30409176578698405","0.30409176578698405"
"35012","0.30409176578698405","0.30409176578698405","0.30409176578698405"
"35032","0.30409176578698405","0.30409176578698405","0.30409176578698405"
"35033","0.30409176578698405","0.30409176578698405","0.30409176578698405"
"35046","0.30409176578698405","0.30409176578698405","0.30409176578698405"
"35054","0.30409176578698405","0.30409176578698405","0.30409176578698405"
"35067","0.30409176578698405","0.30409176578698405","0.30409176578698405"
"35070","0.30409176578698405","0.30409176578698405","0.30409176578698405"
"35072","0.30409176578698405","0.30409176578698405","0.30409176578698405"
"35078","0.30409176578698405","0.30409176578698405","0.30409176578698405"
"35091","0.30473004766256506","0.30473004766256506","0.30473004766256506"
"35104","0.30473004766256506","0.30473004766256506","0.30473004766256506"
"35108","0.30473004766256506","0.30473004766256506","0.30473004766256506"
"35113","0.30473004766256506","0.30473004766256506","0.30473004766256506"
"35117","0.30473004766256506","0.30473004766256506","0.30473004766256506"
"35118","0.30473004766256506","0.30473004766256506","0.30473004766256506"
"35121","0.30473004766256506","0.30473004766256506","0.30473004766256506"
"35122","0.30473004766256506","0.30473004766256506","0.30473004766256506"
"35123","0.30473004766256506","0.30473004766256506","0.30473004766256506"
"35154","0.30473004766256506","0.30473004766256506","0.30473004766256506"
"35175","0.30473004766256506","0.30473004766256506","0.30473004766256506"
"35176","0.30473004766256506","0.30473004766256506","0.30473004766256506"
"35190","0.30473004766256506","0.30473004766256506","0.30473004766256506"
"35194","0.3045724572755034","0.3045724572755034","0.3045724572755034"
"35199","0.3044410511963406","0.3044410511963406","0.3044410511963406"
"35203","0.30440281216099263","0.30440281216099263","0.30440281216099263"
"35215","0.30440281216099263","0.30440281216099263","0.30440281216099263"
"35222","0.30440281216099263","0.30440281216099263","0.30440281216099263"
"35229","0.30440281216099263","0.30440281216099263","0.30440281216099263"
"35230","0.30440281216099263","0.30440281216099263","0.30440281216099263"
"35231","0.30440281216099263","0.30440281216099263","0.30440281216099263"
"35234","0.30440281216099263","0.30440281216099263","0.30440281216099263"
"35243","0.30440281216099263","0.30440281216099263","0.30440281216099263"
"35248","0.30440281216099263","0.30440281216099263","0.30440281216099263"
"35255","0.30440281216099263","0.30440281216099263","0.30440281216099263"
"35257","0.30440281216099263","0.30440281216099263","0.30440281216099263"
"35259","0.30440281216099263","0.30440281216099263","0.30440281216099263"
"35261","0.30440281216099263","0.30440281216099263","0.30440281216099263"
"35265","0.30440281216099263","0.30440281216099263","0.30440281216099263"
"35266","0.30440281216099263","0.30440281216099263","0.30440281216099263"
"35274","0.30440281216099263","0.30440281216099263","0.30440281216099263"
"35277","0.30440281216099263","0.30440281216099263","0.30440281216099263"
"35278","0.30440281216099263","0.30440281216099263","0.30440281216099263"
"35297","0.30440281216099263","0.30440281216099263","0.30440281216099263"
"35299","0.30440281216099263","0.30440281216099263","0.30440281216099263"
"35300","0.30440281216099263","0.30440281216099263","0.30440281216099263"
"35307","0.30402410244980727","0.30402410244980727","0.30402410244980727"
"35309","0.30409112158279183","0.30409112158279183","0.30409112158279183"
"35333","0.30396670170350715","0.30396670170350715","0.30396670170350715"
"35341","0.30396670170350715","0.30396670170350715","0.30396670170350715"
"35350","0.30396670170350715","0.30396670170350715","0.30396670170350715"
"35358","0.30396670170350715","0.30396670170350715","0.30396670170350715"
"35360","0.30396670170350715","0.30396670170350715","0.30396670170350715"
"35362","0.30396670170350715","0.30396670170350715","0.30396670170350715"
"35369","0.30396670170350715","0.30396670170350715","0.30396670170350715"
"35378","0.30396670170350715","0.30396670170350715","0.30396670170350715"
"35379","0.30396670170350715","0.30396670170350715","0.30396670170350715"
"35395","0.30396670170350715","0.30396670170350715","0.30396670170350715"
"35406","0.30396670170350715","0.30396670170350715","0.30396670170350715"
"35407","0.30396670170350715","0.30396670170350715","0.30396670170350715"
"35413","0.30389967828589304","0.30389967828589304","0.30389967828589304"
"35415","0.3042996782757882","0.3042996782757882","0.3042996782757882"
"35420","0.3042464046309078","0.3042464046309078","0.3042464046309078"
"35428","0.3042464046309078","0.3042464046309078","0.3042464046309078"
"35461","0.3042464046309078","0.3042464046309078","0.3042464046309078"
"35469","0.3042464046309078","0.3042464046309078","0.3042464046309078"
"35476","0.3042464046309078","0.3042464046309078","0.3042464046309078"
"35485","0.3042464046309078","0.3042464046309078","0.3042464046309078"
"35494","0.3042464046309078","0.3042464046309078","0.3042464046309078"
"35507","0.3042464046309078","0.3042464046309078","0.3042464046309078"
"35514","0.3042464046309078","0.3042464046309078","0.3042464046309078"
"35516","0.3042464046309078","0.3042464046309078","0.3042464046309078"
"35529","0.3042619433588015","0.3042619433588015","0.3042619433588015"
"35531","0.3041041144794917","0.3041041144794917","0.3041041144794917"
"35532","0.3041041144794917","0.3041041144794917","0.3041041144794917"
"35534","0.3041041144794917","0.3041041144794917","0.3041041144794917"
"35552","0.3041041144794917","0.3041041144794917","0.3041041144794917"
"35553","0.3041041144794917","0.3041041144794917","0.3041041144794917"
"35573","0.3041041144794917","0.3041041144794917","0.3041041144794917"
"35576","0.3041041144794917","0.3041041144794917","0.3041041144794917"
"35592","0.3041041144794917","0.3041041144794917","0.3041041144794917"
"35599","0.3041041144794917","0.3041041144794917","0.3041041144794917"
"35609","0.3041041144794917","0.3041041144794917","0.3041041144794917"
"35619","0.3041041144794917","0.3041041144794917","0.3041041144794917"
"35620","0.3041041144794917","0.3041041144794917","0.3041041144794917"
"35628","0.3041041144794917","0.3041041144794917","0.3041041144794917"
"35631","0.30390411448454413","0.30390411448454413","0.30390411448454413"
"35632","0.30370411448959655","0.30370411448959655","0.30370411448959655"
"35641","0.3036753688740873","0.3036753688740873","0.3036753688740873"
"35648","0.3036753688740873","0.3036753688740873","0.3036753688740873"
"35650","0.3036753688740873","0.3036753688740873","0.3036753688740873"
"35652","0.3036753688740873","0.3036753688740873","0.3036753688740873"
"35660","0.3036753688740873","0.3036753688740873","0.3036753688740873"
"35668","0.3036753688740873","0.3036753688740873","0.3036753688740873"
"35672","0.3036753688740873","0.3036753688740873","0.3036753688740873"
"35677","0.3036753688740873","0.3036753688740873","0.3036753688740873"
"35680","0.3036753688740873","0.3036753688740873","0.3036753688740873"
"35682","0.3036753688740873","0.3036753688740873","0.3036753688740873"
"35683","0.3036753688740873","0.3036753688740873","0.3036753688740873"
"35693","0.3036753688740873","0.3036753688740873","0.3036753688740873"
"35695","0.3036753688740873","0.3036753688740873","0.3036753688740873"
"35702","0.3036753688740873","0.3036753688740873","0.3036753688740873"
"35722","0.3036753688740873","0.3036753688740873","0.3036753688740873"
"35726","0.3036753688740873","0.3036753688740873","0.3036753688740873"
"35728","0.3036753688740873","0.3036753688740873","0.3036753688740873"
"35729","0.3036753688740873","0.3036753688740873","0.3036753688740873"
"35730","0.3036753688740873","0.3036753688740873","0.3036753688740873"
"35736","0.3036753688740873","0.3036753688740873","0.3036753688740873"
"35738","0.3036753688740873","0.3036753688740873","0.3036753688740873"
"35742","0.30368377686884285","0.30368377686884285","0.30368377686884285"
"35748","0.3034706080963815","0.3034706080963815","0.3034706080963815"
"35754","0.30367300567374966","0.30367300567374966","0.30367300567374966"
"35760","0.30367300567374966","0.30367300567374966","0.30367300567374966"
"35761","0.30367300567374966","0.30367300567374966","0.30367300567374966"
"35768","0.30367300567374966","0.30367300567374966","0.30367300567374966"
"35775","0.30367300567374966","0.30367300567374966","0.30367300567374966"
"35778","0.30367300567374966","0.30367300567374966","0.30367300567374966"
"35781","0.30367300567374966","0.30367300567374966","0.30367300567374966"
"35784","0.30367300567374966","0.30367300567374966","0.30367300567374966"
"35785","0.30367300567374966","0.30367300567374966","0.30367300567374966"
"35789","0.30367300567374966","0.30367300567374966","0.30367300567374966"
"35800","0.30367300567374966","0.30367300567374966","0.30367300567374966"
"35806","0.30367300567374966","0.30367300567374966","0.30367300567374966"
"35809","0.30367300567374966","0.30367300567374966","0.30367300567374966"
"35822","0.30367300567374966","0.30367300567374966","0.30367300567374966"
"35824","0.30367300567374966","0.30367300567374966","0.30367300567374966"
"35828","0.30367300567374966","0.30367300567374966","0.30367300567374966"
"35829","0.30367300567374966","0.30367300567374966","0.30367300567374966"
"35847","0.30367300567374966","0.30367300567374966","0.30367300567374966"
"35849","0.30367300567374966","0.30367300567374966","0.30367300567374966"
"35857","0.3038982131310831","0.3038982131310831","0.3038982131310831"
"35872","0.30391626550951967","0.30391626550951967","0.30391626550951967"
"35876","0.30391626550951967","0.30391626550951967","0.30391626550951967"
"35882","0.30391626550951967","0.30391626550951967","0.30391626550951967"
"35883","0.30391626550951967","0.30391626550951967","0.30391626550951967"
"35891","0.30391626550951967","0.30391626550951967","0.30391626550951967"
"35898","0.30391626550951967","0.30391626550951967","0.30391626550951967"
"35903","0.30391626550951967","0.30391626550951967","0.30391626550951967"
"35905","0.30391626550951967","0.30391626550951967","0.30391626550951967"
"35908","0.30391626550951967","0.30391626550951967","0.30391626550951967"
"35914","0.30391626550951967","0.30391626550951967","0.30391626550951967"
"35916","0.30391626550951967","0.30391626550951967","0.30391626550951967"
"35917","0.30391626550951967","0.30391626550951967","0.30391626550951967"
"35919","0.30391626550951967","0.30391626550951967","0.30391626550951967"
"35922","0.30391626550951967","0.30391626550951967","0.30391626550951967"
"35923","0.30391626550951967","0.30391626550951967","0.30391626550951967"
"35925","0.30391626550951967","0.30391626550951967","0.30391626550951967"
"35928","0.30391626550951967","0.30391626550951967","0.30391626550951967"
"35952","0.30391626550951967","0.30391626550951967","0.30391626550951967"
"35964","0.30380973854878446","0.30380973854878446","0.30380973854878446"
"35974","0.3037936157743161","0.3037936157743161","0.3037936157743161"
"35978","0.3037936157743161","0.3037936157743161","0.3037936157743161"
"35995","0.3037936157743161","0.3037936157743161","0.3037936157743161"
"36015","0.3037936157743161","0.3037936157743161","0.3037936157743161"
"36017","0.3037936157743161","0.3037936157743161","0.3037936157743161"
"36021","0.3037936157743161","0.3037936157743161","0.3037936157743161"
"36025","0.3037936157743161","0.3037936157743161","0.3037936157743161"
"36032","0.3037936157743161","0.3037936157743161","0.3037936157743161"
"36058","0.3037936157743161","0.3037936157743161","0.3037936157743161"
"36064","0.3037936157743161","0.3037936157743161","0.3037936157743161"
"36070","0.3037936157743161","0.3037936157743161","0.3037936157743161"
"36074","0.30411218237438786","0.30411218237438786","0.30411218237438786"
"36077","0.30410739732585623","0.30410739732585623","0.30410739732585623"
"36091","0.3038357666632464","0.3038357666632464","0.3038357666632464"
"36092","0.3038357666632464","0.3038357666632464","0.3038357666632464"
"36095","0.3038357666632464","0.3038357666632464","0.3038357666632464"
"36108","0.3038357666632464","0.3038357666632464","0.3038357666632464"
"36119","0.3038357666632464","0.3038357666632464","0.3038357666632464"
"36128","0.3038357666632464","0.3038357666632464","0.3038357666632464"
"36130","0.3038357666632464","0.3038357666632464","0.3038357666632464"
"36145","0.3038357666632464","0.3038357666632464","0.3038357666632464"
"36151","0.3038357666632464","0.3038357666632464","0.3038357666632464"
"36156","0.3038357666632464","0.3038357666632464","0.3038357666632464"
"36160","0.3038357666632464","0.3038357666632464","0.3038357666632464"
"36176","0.3038357666632464","0.3038357666632464","0.3038357666632464"
"36193","0.30414012512890165","0.30414012512890165","0.30414012512890165"
"36203","0.30414012512890165","0.30414012512890165","0.30414012512890165"
"36205","0.30414012512890165","0.30414012512890165","0.30414012512890165"
"36206","0.30414012512890165","0.30414012512890165","0.30414012512890165"
"36240","0.30414012512890165","0.30414012512890165","0.30414012512890165"
"36243","0.30414012512890165","0.30414012512890165","0.30414012512890165"
"36260","0.30414012512890165","0.30414012512890165","0.30414012512890165"
"36268","0.30414012512890165","0.30414012512890165","0.30414012512890165"
"36270","0.30414012512890165","0.30414012512890165","0.30414012512890165"
"36275","0.30414012512890165","0.30414012512890165","0.30414012512890165"
"36282","0.30414012512890165","0.30414012512890165","0.30414012512890165"
"36295","0.3041162628801203","0.3041162628801203","0.3041162628801203"
"36298","0.30412106202354605","0.30412106202354605","0.30412106202354605"
"36299","0.30416173374621847","0.30416173374621847","0.30416173374621847"
"36303","0.30411389105800024","0.30411389105800024","0.30411389105800024"
"36308","0.30411389105800024","0.30411389105800024","0.30411389105800024"
"36314","0.30411389105800024","0.30411389105800024","0.30411389105800024"
"36315","0.30411389105800024","0.30411389105800024","0.30411389105800024"
"36326","0.30411389105800024","0.30411389105800024","0.30411389105800024"
"36334","0.30411389105800024","0.30411389105800024","0.30411389105800024"
"36354","0.30411389105800024","0.30411389105800024","0.30411389105800024"
"36362","0.30411389105800024","0.30411389105800024","0.30411389105800024"
"36363","0.30411389105800024","0.30411389105800024","0.30411389105800024"
"36369","0.30411389105800024","0.30411389105800024","0.30411389105800024"
"36370","0.30411389105800024","0.30411389105800024","0.30411389105800024"
"36374","0.30411389105800024","0.30411389105800024","0.30411389105800024"
"36382","0.30411389105800024","0.30411389105800024","0.30411389105800024"
"36383","0.30411389105800024","0.30411389105800024","0.30411389105800024"
"36385","0.30411389105800024","0.30411389105800024","0.30411389105800024"
"36386","0.30411389105800024","0.30411389105800024","0.30411389105800024"
"36392","0.30411389105800024","0.30411389105800024","0.30411389105800024"
"36396","0.30411389105800024","0.30411389105800024","0.30411389105800024"
"36410","0.3041130157424504","0.3041130157424504","0.3041130157424504"
"36412","0.3041130157424504","0.3041130157424504","0.3041130157424504"
"36414","0.3041130157424504","0.3041130157424504","0.3041130157424504"
"36417","0.3041130157424504","0.3041130157424504","0.3041130157424504"
"36419","0.3041130157424504","0.3041130157424504","0.3041130157424504"
"36423","0.3041130157424504","0.3041130157424504","0.3041130157424504"
"36430","0.3041130157424504","0.3041130157424504","0.3041130157424504"
"36435","0.3041130157424504","0.3041130157424504","0.3041130157424504"
"36436","0.3041130157424504","0.3041130157424504","0.3041130157424504"
"36446","0.3041130157424504","0.3041130157424504","0.3041130157424504"
"36465","0.3041130157424504","0.3041130157424504","0.3041130157424504"
"36466","0.3041130157424504","0.3041130157424504","0.3041130157424504"
"36467","0.3041130157424504","0.3041130157424504","0.3041130157424504"
"36468","0.3041130157424504","0.3041130157424504","0.3041130157424504"
"36475","0.3041130157424504","0.3041130157424504","0.3041130157424504"
"36485","0.3041130157424504","0.3041130157424504","0.3041130157424504"
"36488","0.3041130157424504","0.3041130157424504","0.3041130157424504"
"36489","0.3041130157424504","0.3041130157424504","0.3041130157424504"
"36502","0.3041130157424504","0.3041130157424504","0.3041130157424504"
"36517","0.3039321603344888","0.3039321603344888","0.3039321603344888"
"36518","0.3039896149265132","0.3039896149265132","0.3039896149265132"
"36549","0.30390450239688105","0.30390450239688105","0.30390450239688105"
"36567","0.30390450239688105","0.30390450239688105","0.30390450239688105"
"36576","0.30390450239688105","0.30390450239688105","0.30390450239688105"
"36581","0.30390450239688105","0.30390450239688105","0.30390450239688105"
"36588","0.30390450239688105","0.30390450239688105","0.30390450239688105"
"36591","0.30390450239688105","0.30390450239688105","0.30390450239688105"
"36594","0.30390450239688105","0.30390450239688105","0.30390450239688105"
"36598","0.30390450239688105","0.30390450239688105","0.30390450239688105"
"36599","0.30390450239688105","0.30390450239688105","0.30390450239688105"
"36600","0.30390450239688105","0.30390450239688105","0.30390450239688105"
"36607","0.30390450239688105","0.30390450239688105","0.30390450239688105"
"36610","0.30390450239688105","0.30390450239688105","0.30390450239688105"
"36616","0.30390450239688105","0.30390450239688105","0.30390450239688105"
"36637","0.30484898960444295","0.30484898960444295","0.30484898960444295"
"36639","0.30484898960444295","0.30484898960444295","0.30484898960444295"
"36640","0.30484898960444295","0.30484898960444295","0.30484898960444295"
"36645","0.30484898960444295","0.30484898960444295","0.30484898960444295"
"36656","0.30484898960444295","0.30484898960444295","0.30484898960444295"
"36658","0.30484898960444295","0.30484898960444295","0.30484898960444295"
"36662","0.30484898960444295","0.30484898960444295","0.30484898960444295"
"36670","0.30484898960444295","0.30484898960444295","0.30484898960444295"
"36683","0.30484898960444295","0.30484898960444295","0.30484898960444295"
"36686","0.30484898960444295","0.30484898960444295","0.30484898960444295"
"36689","0.30484898960444295","0.30484898960444295","0.30484898960444295"
"36691","0.30484898960444295","0.30484898960444295","0.30484898960444295"
"36697","0.30484898960444295","0.30484898960444295","0.30484898960444295"
"36706","0.30484898960444295","0.30484898960444295","0.30484898960444295"
"36707","0.30484898960444295","0.30484898960444295","0.30484898960444295"
"36709","0.30484898960444295","0.30484898960444295","0.30484898960444295"
"36710","0.30484898960444295","0.30484898960444295","0.30484898960444295"
"36714","0.30484898960444295","0.30484898960444295","0.30484898960444295"
"36717","0.30484898960444295","0.30484898960444295","0.30484898960444295"
"36720","0.30484898960444295","0.30484898960444295","0.30484898960444295"
"36742","0.3043630197833863","0.3043630197833863","0.3043630197833863"
"36743","0.3043630197833863","0.3043630197833863","0.3043630197833863"
"36757","0.3043630197833863","0.3043630197833863","0.3043630197833863"
"36762","0.3043630197833863","0.3043630197833863","0.3043630197833863"
"36766","0.3043630197833863","0.3043630197833863","0.3043630197833863"
"36767","0.3043630197833863","0.3043630197833863","0.3043630197833863"
"36769","0.3043630197833863","0.3043630197833863","0.3043630197833863"
"36783","0.3043630197833863","0.3043630197833863","0.3043630197833863"
"36786","0.3043630197833863","0.3043630197833863","0.3043630197833863"
"36801","0.3043630197833863","0.3043630197833863","0.3043630197833863"
"36802","0.3043630197833863","0.3043630197833863","0.3043630197833863"
"36804","0.3043630197833863","0.3043630197833863","0.3043630197833863"
"36808","0.3043630197833863","0.3043630197833863","0.3043630197833863"
"36810","0.3043630197833863","0.3043630197833863","0.3043630197833863"
"36819","0.3043630197833863","0.3043630197833863","0.3043630197833863"
"36822","0.3043630197833863","0.3043630197833863","0.3043630197833863"
"36838","0.3043630197833863","0.3043630197833863","0.3043630197833863"
"36840","0.3043630197833863","0.3043630197833863","0.3043630197833863"
"36841","0.30448015685110474","0.30448015685110474","0.30448015685110474"
"36842","0.3045948592233344","0.3045948592233344","0.3045948592233344"
"36845","0.3043453494072764","0.3043453494072764","0.3043453494072764"
"36846","0.3042114706957818","0.3042114706957818","0.3042114706957818"
"36851","0.3041253869858792","0.3041253869858792","0.3041253869858792"
"36855","0.3041253869858792","0.3041253869858792","0.3041253869858792"
"36858","0.3041253869858792","0.3041253869858792","0.3041253869858792"
"36863","0.3041253869858792","0.3041253869858792","0.3041253869858792"
"36866","0.3041253869858792","0.3041253869858792","0.3041253869858792"
"36867","0.3041253869858792","0.3041253869858792","0.3041253869858792"
"36868","0.3041253869858792","0.3041253869858792","0.3041253869858792"
"36871","0.3041253869858792","0.3041253869858792","0.3041253869858792"
"36874","0.3041253869858792","0.3041253869858792","0.3041253869858792"
"36881","0.3041253869858792","0.3041253869858792","0.3041253869858792"
"36891","0.3041253869858792","0.3041253869858792","0.3041253869858792"
"36897","0.3041253869858792","0.3041253869858792","0.3041253869858792"
"36902","0.3041253869858792","0.3041253869858792","0.3041253869858792"
"36907","0.3041253869858792","0.3041253869858792","0.3041253869858792"
"36910","0.3041253869858792","0.3041253869858792","0.3041253869858792"
"36933","0.3041253869858792","0.3041253869858792","0.3041253869858792"
"36940","0.3041253869858792","0.3041253869858792","0.3041253869858792"
"36946","0.3041253869858792","0.3041253869858792","0.3041253869858792"
"36954","0.3042211460495764","0.3042211460495764","0.3042211460495764"
"36955","0.3042594127262873","0.3042594127262873","0.3042594127262873"
"36957","0.3043120288064983","0.3043120288064983","0.3043120288064983"
"36962","0.30465075799006625","0.30465075799006625","0.30465075799006625"
"36965","0.30465075799006625","0.30465075799006625","0.30465075799006625"
"36975","0.30465075799006625","0.30465075799006625","0.30465075799006625"
"36982","0.30465075799006625","0.30465075799006625","0.30465075799006625"
"36989","0.30465075799006625","0.30465075799006625","0.30465075799006625"
"36992","0.30465075799006625","0.30465075799006625","0.30465075799006625"
"36994","0.30465075799006625","0.30465075799006625","0.30465075799006625"
"36999","0.30465075799006625","0.30465075799006625","0.30465075799006625"
"37014","0.30465075799006625","0.30465075799006625","0.30465075799006625"
"37017","0.30465075799006625","0.30465075799006625","0.30465075799006625"
"37025","0.30465075799006625","0.30465075799006625","0.30465075799006625"
"37027","0.30465075799006625","0.30465075799006625","0.30465075799006625"
"37031","0.30465075799006625","0.30465075799006625","0.30465075799006625"
"37039","0.30465075799006625","0.30465075799006625","0.30465075799006625"
"37048","0.30465075799006625","0.30465075799006625","0.30465075799006625"
"37050","0.30465075799006625","0.30465075799006625","0.30465075799006625"
"37056","0.30465075799006625","0.30465075799006625","0.30465075799006625"
"37057","0.30465075799006625","0.30465075799006625","0.30465075799006625"
"37058","0.30465075799006625","0.30465075799006625","0.30465075799006625"
"37059","0.30465075799006625","0.30465075799006625","0.30465075799006625"
"37065","0.3046341225109245","0.3046341225109245","0.3046341225109245"
"37074","0.3047296841942625","0.3047296841942625","0.3047296841942625"
"37084","0.3047296841942625","0.3047296841942625","0.3047296841942625"
"37087","0.3047296841942625","0.3047296841942625","0.3047296841942625"
"37096","0.3047296841942625","0.3047296841942625","0.3047296841942625"
"37099","0.3047296841942625","0.3047296841942625","0.3047296841942625"
"37100","0.3047296841942625","0.3047296841942625","0.3047296841942625"
"37104","0.3047296841942625","0.3047296841942625","0.3047296841942625"
"37107","0.3047296841942625","0.3047296841942625","0.3047296841942625"
"37109","0.3047296841942625","0.3047296841942625","0.3047296841942625"
"37121","0.3047296841942625","0.3047296841942625","0.3047296841942625"
"37122","0.3047296841942625","0.3047296841942625","0.3047296841942625"
"37127","0.3047296841942625","0.3047296841942625","0.3047296841942625"
"37129","0.3047296841942625","0.3047296841942625","0.3047296841942625"
"37131","0.3047296841942625","0.3047296841942625","0.3047296841942625"
"37138","0.3047296841942625","0.3047296841942625","0.3047296841942625"
"37151","0.3047296841942625","0.3047296841942625","0.3047296841942625"
"37156","0.3047296841942625","0.3047296841942625","0.3047296841942625"
"37184","0.3047669689768554","0.3047669689768554","0.3047669689768554"
"37185","0.3047669689768554","0.3047669689768554","0.3047669689768554"
"37204","0.3047669689768554","0.3047669689768554","0.3047669689768554"
"37212","0.3047669689768554","0.3047669689768554","0.3047669689768554"
"37215","0.3047669689768554","0.3047669689768554","0.3047669689768554"
"37216","0.3047669689768554","0.3047669689768554","0.3047669689768554"
"37228","0.3047669689768554","0.3047669689768554","0.3047669689768554"
"37230","0.3047669689768554","0.3047669689768554","0.3047669689768554"
"37232","0.3047669689768554","0.3047669689768554","0.3047669689768554"
"37240","0.3047669689768554","0.3047669689768554","0.3047669689768554"
"37242","0.3047669689768554","0.3047669689768554","0.3047669689768554"
"37246","0.3047669689768554","0.3047669689768554","0.3047669689768554"
"37248","0.3047669689768554","0.3047669689768554","0.3047669689768554"
"37253","0.3047669689768554","0.3047669689768554","0.3047669689768554"
"37263","0.3047669689768554","0.3047669689768554","0.3047669689768554"
"37267","0.3047669689768554","0.3047669689768554","0.3047669689768554"
"37279","0.3047669689768554","0.3047669689768554","0.3047669689768554"
"37281","0.304900662471573","0.304900662471573","0.304900662471573"
"37282","0.30500566130658624","0.30500566130658624","0.30500566130658624"
"37289","0.30480566131163866","0.30480566131163866","0.30480566131163866"
"37304","0.3048629512523803","0.3048629512523803","0.3048629512523803"
"37314","0.3048629512523803","0.3048629512523803","0.3048629512523803"
"37323","0.3048629512523803","0.3048629512523803","0.3048629512523803"
"37326","0.3048629512523803","0.3048629512523803","0.3048629512523803"
"37347","0.3048629512523803","0.3048629512523803","0.3048629512523803"
"37357","0.3048629512523803","0.3048629512523803","0.3048629512523803"
"37361","0.3048629512523803","0.3048629512523803","0.3048629512523803"
"37385","0.3048629512523803","0.3048629512523803","0.3048629512523803"
"37399","0.30488088838010297","0.30488088838010297","0.30488088838010297"
"37400","0.3049882805176821","0.3049882805176821","0.3049882805176821"
"37412","0.3049882805176821","0.3049882805176821","0.3049882805176821"
"37421","0.3049882805176821","0.3049882805176821","0.3049882805176821"
"37428","0.3049882805176821","0.3049882805176821","0.3049882805176821"
"37432","0.3049882805176821","0.3049882805176821","0.3049882805176821"
"37439","0.3049882805176821","0.3049882805176821","0.3049882805176821"
"37443","0.3049882805176821","0.3049882805176821","0.3049882805176821"
"37448","0.3049882805176821","0.3049882805176821","0.3049882805176821"
"37455","0.3049882805176821","0.3049882805176821","0.3049882805176821"
"37464","0.3049882805176821","0.3049882805176821","0.3049882805176821"
"37466","0.3049882805176821","0.3049882805176821","0.3049882805176821"
"37472","0.3049882805176821","0.3049882805176821","0.3049882805176821"
"37485","0.3049882805176821","0.3049882805176821","0.3049882805176821"
"37490","0.3049882805176821","0.3049882805176821","0.3049882805176821"
"37496","0.3049882805176821","0.3049882805176821","0.3049882805176821"
"37499","0.3049882805176821","0.3049882805176821","0.3049882805176821"
"37502","0.3051409792229606","0.3051409792229606","0.3051409792229606"
"37508","0.30535060540805714","0.30535060540805714","0.30535060540805714"
"37520","0.3053029531589345","0.3053029531589345","0.3053029531589345"
"37530","0.3053029531589345","0.3053029531589345","0.3053029531589345"
"37532","0.3053029531589345","0.3053029531589345","0.3053029531589345"
"37533","0.3053029531589345","0.3053029531589345","0.3053029531589345"
"37535","0.3053029531589345","0.3053029531589345","0.3053029531589345"
"37537","0.3053029531589345","0.3053029531589345","0.3053029531589345"
"37557","0.3053029531589345","0.3053029531589345","0.3053029531589345"
"37558","0.3053029531589345","0.3053029531589345","0.3053029531589345"
"37560","0.3053029531589345","0.3053029531589345","0.3053029531589345"
"37563","0.3053029531589345","0.3053029531589345","0.3053029531589345"
"37569","0.3053029531589345","0.3053029531589345","0.3053029531589345"
"37575","0.3053029531589345","0.3053029531589345","0.3053029531589345"
"37577","0.3053029531589345","0.3053029531589345","0.3053029531589345"
"37578","0.3053029531589345","0.3053029531589345","0.3053029531589345"
"37586","0.3053029531589345","0.3053029531589345","0.3053029531589345"
"37591","0.3053029531589345","0.3053029531589345","0.3053029531589345"
"37592","0.3053029531589345","0.3053029531589345","0.3053029531589345"
"37596","0.3053029531589345","0.3053029531589345","0.3053029531589345"
"37610","0.3053029531589345","0.3053029531589345","0.3053029531589345"
"37616","0.30486962205086454","0.30486962205086454","0.30486962205086454"
"37621","0.3054080804618934","0.3054080804618934","0.3054080804618934"
"37624","0.3054080804618934","0.3054080804618934","0.3054080804618934"
"37630","0.3054080804618934","0.3054080804618934","0.3054080804618934"
"37633","0.3054080804618934","0.3054080804618934","0.3054080804618934"
"37651","0.3054080804618934","0.3054080804618934","0.3054080804618934"
"37655","0.3054080804618934","0.3054080804618934","0.3054080804618934"
"37659","0.3054080804618934","0.3054080804618934","0.3054080804618934"
"37662","0.3054080804618934","0.3054080804618934","0.3054080804618934"
"37665","0.3054080804618934","0.3054080804618934","0.3054080804618934"
"37670","0.3054080804618934","0.3054080804618934","0.3054080804618934"
"37672","0.3054080804618934","0.3054080804618934","0.3054080804618934"
"37674","0.3054080804618934","0.3054080804618934","0.3054080804618934"
"37678","0.3054080804618934","0.3054080804618934","0.3054080804618934"
"37684","0.3054080804618934","0.3054080804618934","0.3054080804618934"
"37685","0.3054080804618934","0.3054080804618934","0.3054080804618934"
"37688","0.3054080804618934","0.3054080804618934","0.3054080804618934"
"37711","0.3054080804618934","0.3054080804618934","0.3054080804618934"
"37720","0.3054080804618934","0.3054080804618934","0.3054080804618934"
"37727","0.3045121690998712","0.3045121690998712","0.3045121690998712"
"37728","0.3047121690948188","0.3047121690948188","0.3047121690948188"
"37732","0.3049981303671302","0.3049981303671302","0.3049981303671302"
"37745","0.3049981303671302","0.3049981303671302","0.3049981303671302"
"37773","0.3049981303671302","0.3049981303671302","0.3049981303671302"
"37782","0.3049981303671302","0.3049981303671302","0.3049981303671302"
"37794","0.3049981303671302","0.3049981303671302","0.3049981303671302"
"37803","0.3049981303671302","0.3049981303671302","0.3049981303671302"
"37827","0.3049981303671302","0.3049981303671302","0.3049981303671302"
"37829","0.3049981303671302","0.3049981303671302","0.3049981303671302"
"37831","0.30495041887897967","0.30495041887897967","0.30495041887897967"
"37833","0.3053504188688748","0.3053504188688748","0.3053504188688748"
"37834","0.3055029194916642","0.3055029194916642","0.3055029194916642"
"37835","0.3055029194916642","0.3055029194916642","0.3055029194916642"
"37844","0.3062457224665195","0.3062457224665195","0.3062457224665195"
"37847","0.3062457224665195","0.3062457224665195","0.3062457224665195"
"37849","0.3062457224665195","0.3062457224665195","0.3062457224665195"
"37854","0.3062457224665195","0.3062457224665195","0.3062457224665195"
"37855","0.3062457224665195","0.3062457224665195","0.3062457224665195"
"37856","0.3062457224665195","0.3062457224665195","0.3062457224665195"
"37857","0.3062457224665195","0.3062457224665195","0.3062457224665195"
"37860","0.3062457224665195","0.3062457224665195","0.3062457224665195"
"37874","0.3062457224665195","0.3062457224665195","0.3062457224665195"
"37881","0.3062457224665195","0.3062457224665195","0.3062457224665195"
"37885","0.3062457224665195","0.3062457224665195","0.3062457224665195"
"37891","0.3062457224665195","0.3062457224665195","0.3062457224665195"
"37893","0.3062457224665195","0.3062457224665195","0.3062457224665195"
"37900","0.3062457224665195","0.3062457224665195","0.3062457224665195"
"37903","0.3062457224665195","0.3062457224665195","0.3062457224665195"
"37904","0.3062457224665195","0.3062457224665195","0.3062457224665195"
"37914","0.3062457224665195","0.3062457224665195","0.3062457224665195"
"37915","0.3062457224665195","0.3062457224665195","0.3062457224665195"
"37930","0.3062457224665195","0.3062457224665195","0.3062457224665195"
"37934","0.3062457224665195","0.3062457224665195","0.3062457224665195"
"37940","0.3062457224665195","0.3062457224665195","0.3062457224665195"
"37945","0.3059884041073019","0.3059884041073019","0.3059884041073019"
"37950","0.30567432045118037","0.30567432045118037","0.30567432045118037"
"37956","0.30567432045118037","0.30567432045118037","0.30567432045118037"
"37974","0.30567432045118037","0.30567432045118037","0.30567432045118037"
"37981","0.30567432045118037","0.30567432045118037","0.30567432045118037"
"37997","0.30567432045118037","0.30567432045118037","0.30567432045118037"
"37998","0.30567432045118037","0.30567432045118037","0.30567432045118037"
"37999","0.30567432045118037","0.30567432045118037","0.30567432045118037"
"38008","0.30567432045118037","0.30567432045118037","0.30567432045118037"
"38009","0.30567432045118037","0.30567432045118037","0.30567432045118037"
"38016","0.30567432045118037","0.30567432045118037","0.30567432045118037"
"38020","0.30567432045118037","0.30567432045118037","0.30567432045118037"
"38021","0.30567432045118037","0.30567432045118037","0.30567432045118037"
"38033","0.30567432045118037","0.30567432045118037","0.30567432045118037"
"38036","0.30567432045118037","0.30567432045118037","0.30567432045118037"
"38041","0.30567432045118037","0.30567432045118037","0.30567432045118037"
"38045","0.30567432045118037","0.30567432045118037","0.30567432045118037"
"38053","0.3060743204410755","0.3060743204410755","0.3060743204410755"
"38055","0.3062549606334869","0.3062549606334869","0.3062549606334869"
"38056","0.30645496062843447","0.30645496062843447","0.30645496062843447"
"38057","0.30665496062338204","0.30665496062338204","0.30665496062338204"
"38058","0.30683528471181487","0.30683528471181487","0.30683528471181487"
"38061","0.30666453533249294","0.30666453533249294","0.30666453533249294"
"38062","0.30666453533249294","0.30666453533249294","0.30666453533249294"
"38067","0.30666453533249294","0.30666453533249294","0.30666453533249294"
"38075","0.30666453533249294","0.30666453533249294","0.30666453533249294"
"38087","0.30666453533249294","0.30666453533249294","0.30666453533249294"
"38108","0.30666453533249294","0.30666453533249294","0.30666453533249294"
"38116","0.30666453533249294","0.30666453533249294","0.30666453533249294"
"38118","0.30666453533249294","0.30666453533249294","0.30666453533249294"
"38123","0.30666453533249294","0.30666453533249294","0.30666453533249294"
"38126","0.30666453533249294","0.30666453533249294","0.30666453533249294"
"38128","0.30666453533249294","0.30666453533249294","0.30666453533249294"
"38131","0.30666453533249294","0.30666453533249294","0.30666453533249294"
"38160","0.30666453533249294","0.30666453533249294","0.30666453533249294"
"38162","0.3065102969709187","0.3065102969709187","0.3065102969709187"
"38167","0.3061802575117326","0.3061802575117326","0.3061802575117326"
"38170","0.30651571823054835","0.30651571823054835","0.30651571823054835"
"38183","0.30651571823054835","0.30651571823054835","0.30651571823054835"
"38187","0.30651571823054835","0.30651571823054835","0.30651571823054835"
"38197","0.30651571823054835","0.30651571823054835","0.30651571823054835"
"38200","0.30651571823054835","0.30651571823054835","0.30651571823054835"
"38208","0.30651571823054835","0.30651571823054835","0.30651571823054835"
"38209","0.30651571823054835","0.30651571823054835","0.30651571823054835"
"38214","0.30651571823054835","0.30651571823054835","0.30651571823054835"
"38216","0.30651571823054835","0.30651571823054835","0.30651571823054835"
"38222","0.30651571823054835","0.30651571823054835","0.30651571823054835"
"38228","0.30651571823054835","0.30651571823054835","0.30651571823054835"
"38240","0.30651571823054835","0.30651571823054835","0.30651571823054835"
"38241","0.30651571823054835","0.30651571823054835","0.30651571823054835"
"38250","0.30651571823054835","0.30651571823054835","0.30651571823054835"
"38251","0.30651571823054835","0.30651571823054835","0.30651571823054835"
"38275","0.30666521194743834","0.30666521194743834","0.30666521194743834"
"38284","0.30684320283635313","0.30684320283635313","0.30684320283635313"
"38302","0.30684320283635313","0.30684320283635313","0.30684320283635313"
"38305","0.30684320283635313","0.30684320283635313","0.30684320283635313"
"38310","0.30684320283635313","0.30684320283635313","0.30684320283635313"
"38311","0.30684320283635313","0.30684320283635313","0.30684320283635313"
"38314","0.30684320283635313","0.30684320283635313","0.30684320283635313"
"38319","0.30684320283635313","0.30684320283635313","0.30684320283635313"
"38322","0.30684320283635313","0.30684320283635313","0.30684320283635313"
"38326","0.30684320283635313","0.30684320283635313","0.30684320283635313"
"38327","0.30684320283635313","0.30684320283635313","0.30684320283635313"
"38331","0.30684320283635313","0.30684320283635313","0.30684320283635313"
"38346","0.30684320283635313","0.30684320283635313","0.30684320283635313"
"38355","0.30684320283635313","0.30684320283635313","0.30684320283635313"
"38367","0.30684320283635313","0.30684320283635313","0.30684320283635313"
"38368","0.30684320283635313","0.30684320283635313","0.30684320283635313"
"38381","0.30664320284140556","0.30664320284140556","0.30664320284140556"
"38385","0.306814026293614","0.306814026293614","0.306814026293614"
"38388","0.30638555027744585","0.30638555027744585","0.30638555027744585"
"38389","0.3065855502723934","0.3065855502723934","0.3065855502723934"
"38405","0.30638555027744585","0.30638555027744585","0.30638555027744585"
"38409","0.30638555027744585","0.30638555027744585","0.30638555027744585"
"38419","0.30638555027744585","0.30638555027744585","0.30638555027744585"
"38421","0.30638555027744585","0.30638555027744585","0.30638555027744585"
"38447","0.30638555027744585","0.30638555027744585","0.30638555027744585"
"38455","0.30638555027744585","0.30638555027744585","0.30638555027744585"
"38491","0.3061855502824983","0.3061855502824983","0.3061855502824983"
"38509","0.30650404120669916","0.30650404120669916","0.30650404120669916"
"38516","0.30650404120669916","0.30650404120669916","0.30650404120669916"
"38523","0.30650404120669916","0.30650404120669916","0.30650404120669916"
"38524","0.30650404120669916","0.30650404120669916","0.30650404120669916"
"38533","0.30650404120669916","0.30650404120669916","0.30650404120669916"
"38538","0.30650404120669916","0.30650404120669916","0.30650404120669916"
"38545","0.30650404120669916","0.30650404120669916","0.30650404120669916"
"38549","0.30650404120669916","0.30650404120669916","0.30650404120669916"
"38551","0.30650404120669916","0.30650404120669916","0.30650404120669916"
"38568","0.30650404120669916","0.30650404120669916","0.30650404120669916"
"38583","0.30650404120669916","0.30650404120669916","0.30650404120669916"
"38598","0.30650404120669916","0.30650404120669916","0.30650404120669916"
"38602","0.3064779326769894","0.3064779326769894","0.3064779326769894"
"38615","0.3064853038687033","0.3064853038687033","0.3064853038687033"
"38617","0.3064853038687033","0.3064853038687033","0.3064853038687033"
"38625","0.3064853038687033","0.3064853038687033","0.3064853038687033"
"38628","0.3064853038687033","0.3064853038687033","0.3064853038687033"
"38629","0.3064853038687033","0.3064853038687033","0.3064853038687033"
"38633","0.3064853038687033","0.3064853038687033","0.3064853038687033"
"38645","0.3064853038687033","0.3064853038687033","0.3064853038687033"
"38646","0.3064853038687033","0.3064853038687033","0.3064853038687033"
"38663","0.3064853038687033","0.3064853038687033","0.3064853038687033"
"38666","0.3064853038687033","0.3064853038687033","0.3064853038687033"
"38668","0.3064853038687033","0.3064853038687033","0.3064853038687033"
"38669","0.3064853038687033","0.3064853038687033","0.3064853038687033"
"38670","0.3064853038687033","0.3064853038687033","0.3064853038687033"
"38681","0.3064853038687033","0.3064853038687033","0.3064853038687033"
"38685","0.3064853038687033","0.3064853038687033","0.3064853038687033"
"38688","0.3064853038687033","0.3064853038687033","0.3064853038687033"
"38689","0.3064853038687033","0.3064853038687033","0.3064853038687033"
"38690","0.3064853038687033","0.3064853038687033","0.3064853038687033"
"38691","0.3064853038687033","0.3064853038687033","0.3064853038687033"
"38694","0.3064853038687033","0.3064853038687033","0.3064853038687033"
"38698","0.3064853038687033","0.3064853038687033","0.3064853038687033"
"38700","0.3064853038687033","0.3064853038687033","0.3064853038687033"
"38718","0.3061457335989871","0.3061457335989871","0.3061457335989871"
"38734","0.3060649776071841","0.3060649776071841","0.3060649776071841"
"38740","0.3060649776071841","0.3060649776071841","0.3060649776071841"
"38749","0.3060649776071841","0.3060649776071841","0.3060649776071841"
"38753","0.3060649776071841","0.3060649776071841","0.3060649776071841"
"38754","0.3060649776071841","0.3060649776071841","0.3060649776071841"
"38772","0.3060649776071841","0.3060649776071841","0.3060649776071841"
"38787","0.3060649776071841","0.3060649776071841","0.3060649776071841"
"38790","0.3060649776071841","0.3060649776071841","0.3060649776071841"
"38792","0.3060649776071841","0.3060649776071841","0.3060649776071841"
"38802","0.3060649776071841","0.3060649776071841","0.3060649776071841"
"38803","0.3060649776071841","0.3060649776071841","0.3060649776071841"
"38825","0.30592205781622395","0.30592205781622395","0.30592205781622395"
"38826","0.3059505982529117","0.3059505982529117","0.3059505982529117"
"38828","0.30583646608656634","0.30583646608656634","0.30583646608656634"
"38829","0.30591259521688696","0.30591259521688696","0.30591259521688696"
"38830","0.3057794023953647","0.3057794023953647","0.3057794023953647"
"38835","0.3057794023953647","0.3057794023953647","0.3057794023953647"
"38847","0.3057794023953647","0.3057794023953647","0.3057794023953647"
"38850","0.3057794023953647","0.3057794023953647","0.3057794023953647"
"38852","0.3057794023953647","0.3057794023953647","0.3057794023953647"
"38859","0.3057794023953647","0.3057794023953647","0.3057794023953647"
"38860","0.3057794023953647","0.3057794023953647","0.3057794023953647"
"38878","0.3057794023953647","0.3057794023953647","0.3057794023953647"
"38880","0.3057794023953647","0.3057794023953647","0.3057794023953647"
"38881","0.3057794023953647","0.3057794023953647","0.3057794023953647"
"38886","0.3057794023953647","0.3057794023953647","0.3057794023953647"
"38892","0.3057794023953647","0.3057794023953647","0.3057794023953647"
"38900","0.3057794023953647","0.3057794023953647","0.3057794023953647"
"38902","0.3057794023953647","0.3057794023953647","0.3057794023953647"
"38910","0.3057794023953647","0.3057794023953647","0.3057794023953647"
"38915","0.3057794023953647","0.3057794023953647","0.3057794023953647"
"38916","0.3057794023953647","0.3057794023953647","0.3057794023953647"
"38917","0.3057794023953647","0.3057794023953647","0.3057794023953647"
"38919","0.3057794023953647","0.3057794023953647","0.3057794023953647"
"38921","0.3057794023953647","0.3057794023953647","0.3057794023953647"
"38931","0.30557940240041714","0.30557940240041714","0.30557940240041714"
"38934","0.3054985156960356","0.3054985156960356","0.3054985156960356"
"38936","0.30580091262900166","0.30580091262900166","0.30580091262900166"
"38941","0.30605780462256005","0.30605780462256005","0.30605780462256005"
"38952","0.30605780462256005","0.30605780462256005","0.30605780462256005"
"38956","0.30605780462256005","0.30605780462256005","0.30605780462256005"
"38957","0.30605780462256005","0.30605780462256005","0.30605780462256005"
"38959","0.30605780462256005","0.30605780462256005","0.30605780462256005"
"38960","0.30605780462256005","0.30605780462256005","0.30605780462256005"
"38963","0.30605780462256005","0.30605780462256005","0.30605780462256005"
"38965","0.30605780462256005","0.30605780462256005","0.30605780462256005"
"38970","0.30605780462256005","0.30605780462256005","0.30605780462256005"
"38976","0.30605780462256005","0.30605780462256005","0.30605780462256005"
"38982","0.30605780462256005","0.30605780462256005","0.30605780462256005"
"38991","0.30605780462256005","0.30605780462256005","0.30605780462256005"
"38995","0.30605780462256005","0.30605780462256005","0.30605780462256005"
"38999","0.30605780462256005","0.30605780462256005","0.30605780462256005"
"39014","0.30605780462256005","0.30605780462256005","0.30605780462256005"
"39017","0.30605780462256005","0.30605780462256005","0.30605780462256005"
"39026","0.30605780462256005","0.30605780462256005","0.30605780462256005"
"39028","0.30605780462256005","0.30605780462256005","0.30605780462256005"
"39046","0.30626230406423927","0.30626230406423927","0.30626230406423927"
"39047","0.3060623040692917","0.3060623040692917","0.3060623040692917"
"39048","0.3061003405492556","0.3061003405492556","0.3061003405492556"
"39064","0.30601718034095027","0.30601718034095027","0.30601718034095027"
"39089","0.30601718034095027","0.30601718034095027","0.30601718034095027"
"39090","0.30601718034095027","0.30601718034095027","0.30601718034095027"
"39093","0.30601718034095027","0.30601718034095027","0.30601718034095027"
"39102","0.30601718034095027","0.30601718034095027","0.30601718034095027"
"39110","0.30601718034095027","0.30601718034095027","0.30601718034095027"
"39111","0.30601718034095027","0.30601718034095027","0.30601718034095027"
"39112","0.30601718034095027","0.30601718034095027","0.30601718034095027"
"39115","0.30601718034095027","0.30601718034095027","0.30601718034095027"
"39119","0.30601718034095027","0.30601718034095027","0.30601718034095027"
"39120","0.30601718034095027","0.30601718034095027","0.30601718034095027"
"39123","0.30601718034095027","0.30601718034095027","0.30601718034095027"
"39134","0.30601718034095027","0.30601718034095027","0.30601718034095027"
"39147","0.30601718034095027","0.30601718034095027","0.30601718034095027"
"39148","0.30601718034095027","0.30601718034095027","0.30601718034095027"
"39154","0.3061414462827997","0.3061414462827997","0.3061414462827997"
"39156","0.30654144627269486","0.30654144627269486","0.30654144627269486"
"39163","0.30708385246189207","0.30708385246189207","0.30708385246189207"
"39167","0.30708385246189207","0.30708385246189207","0.30708385246189207"
"39191","0.30708385246189207","0.30708385246189207","0.30708385246189207"
"39195","0.30708385246189207","0.30708385246189207","0.30708385246189207"
"39197","0.30708385246189207","0.30708385246189207","0.30708385246189207"
"39203","0.30708385246189207","0.30708385246189207","0.30708385246189207"
"39204","0.30708385246189207","0.30708385246189207","0.30708385246189207"
"39207","0.30708385246189207","0.30708385246189207","0.30708385246189207"
"39210","0.30708385246189207","0.30708385246189207","0.30708385246189207"
"39212","0.30708385246189207","0.30708385246189207","0.30708385246189207"
"39215","0.30708385246189207","0.30708385246189207","0.30708385246189207"
"39217","0.30708385246189207","0.30708385246189207","0.30708385246189207"
"39219","0.30708385246189207","0.30708385246189207","0.30708385246189207"
"39244","0.30708385246189207","0.30708385246189207","0.30708385246189207"
"39249","0.30708385246189207","0.30708385246189207","0.30708385246189207"
"39252","0.30708385246189207","0.30708385246189207","0.30708385246189207"
"39255","0.30708385246189207","0.30708385246189207","0.30708385246189207"
"39264","0.3069028546616209","0.3069028546616209","0.3069028546616209"
"39265","0.30670285466667335","0.30670285466667335","0.30670285466667335"
"39274","0.3069313192409936","0.3069313192409936","0.3069313192409936"
"39280","0.3069313192409936","0.3069313192409936","0.3069313192409936"
"39285","0.3069313192409936","0.3069313192409936","0.3069313192409936"
"39287","0.3069313192409936","0.3069313192409936","0.3069313192409936"
"39291","0.3069313192409936","0.3069313192409936","0.3069313192409936"
"39292","0.3069313192409936","0.3069313192409936","0.3069313192409936"
"39293","0.3069313192409936","0.3069313192409936","0.3069313192409936"
"39295","0.3069313192409936","0.3069313192409936","0.3069313192409936"
"39299","0.3069313192409936","0.3069313192409936","0.3069313192409936"
"39300","0.3069313192409936","0.3069313192409936","0.3069313192409936"
"39306","0.3069313192409936","0.3069313192409936","0.3069313192409936"
"39310","0.3069313192409936","0.3069313192409936","0.3069313192409936"
"39313","0.3069313192409936","0.3069313192409936","0.3069313192409936"
"39317","0.3069313192409936","0.3069313192409936","0.3069313192409936"
"39322","0.3069313192409936","0.3069313192409936","0.3069313192409936"
"39323","0.3069313192409936","0.3069313192409936","0.3069313192409936"
"39325","0.3069313192409936","0.3069313192409936","0.3069313192409936"
"39328","0.3069313192409936","0.3069313192409936","0.3069313192409936"
"39331","0.3069313192409936","0.3069313192409936","0.3069313192409936"
"39336","0.3069313192409936","0.3069313192409936","0.3069313192409936"
"39347","0.3069313192409936","0.3069313192409936","0.3069313192409936"
"39371","0.30713131923594117","0.30713131923594117","0.30713131923594117"
"39376","0.3073302937610606","0.3073302937610606","0.3073302937610606"
"39387","0.30738706551901485","0.30738706551901485","0.30738706551901485"
"39388","0.30738706551901485","0.30738706551901485","0.30738706551901485"
"39412","0.30738706551901485","0.30738706551901485","0.30738706551901485"
"39417","0.30738706551901485","0.30738706551901485","0.30738706551901485"
"39424","0.30738706551901485","0.30738706551901485","0.30738706551901485"
"39425","0.30738706551901485","0.30738706551901485","0.30738706551901485"
"39432","0.30738706551901485","0.30738706551901485","0.30738706551901485"
"39437","0.30738706551901485","0.30738706551901485","0.30738706551901485"
"39438","0.30738706551901485","0.30738706551901485","0.30738706551901485"
"39460","0.30738706551901485","0.30738706551901485","0.30738706551901485"
"39473","0.30738706551901485","0.30738706551901485","0.30738706551901485"
"39477","0.30738706551901485","0.30738706551901485","0.30738706551901485"
"39479","0.30738706551901485","0.30738706551901485","0.30738706551901485"
"39483","0.3074841690814537","0.3074841690814537","0.3074841690814537"
"39502","0.3077126131030127","0.3077126131030127","0.3077126131030127"
"39507","0.3077126131030127","0.3077126131030127","0.3077126131030127"
"39508","0.3077126131030127","0.3077126131030127","0.3077126131030127"
"39511","0.3077126131030127","0.3077126131030127","0.3077126131030127"
"39515","0.3077126131030127","0.3077126131030127","0.3077126131030127"
"39520","0.3077126131030127","0.3077126131030127","0.3077126131030127"
"39539","0.3077126131030127","0.3077126131030127","0.3077126131030127"
"39543","0.3077126131030127","0.3077126131030127","0.3077126131030127"
"39546","0.3077126131030127","0.3077126131030127","0.3077126131030127"
"39554","0.3077126131030127","0.3077126131030127","0.3077126131030127"
"39564","0.3077126131030127","0.3077126131030127","0.3077126131030127"
"39566","0.3077126131030127","0.3077126131030127","0.3077126131030127"
"39575","0.3077126131030127","0.3077126131030127","0.3077126131030127"
"39583","0.3077126131030127","0.3077126131030127","0.3077126131030127"
"39593","0.3081977361799545","0.3081977361799545","0.3081977361799545"
"39596","0.3082466462411503","0.3082466462411503","0.3082466462411503"
"39602","0.30813342250994535","0.30813342250994535","0.30813342250994535"
"39603","0.30813342250994535","0.30813342250994535","0.30813342250994535"
"39614","0.30813342250994535","0.30813342250994535","0.30813342250994535"
"39622","0.30813342250994535","0.30813342250994535","0.30813342250994535"
"39635","0.30813342250994535","0.30813342250994535","0.30813342250994535"
"39636","0.30813342250994535","0.30813342250994535","0.30813342250994535"
"39639","0.30813342250994535","0.30813342250994535","0.30813342250994535"
"39640","0.30813342250994535","0.30813342250994535","0.30813342250994535"
"39644","0.30813342250994535","0.30813342250994535","0.30813342250994535"
"39648","0.30813342250994535","0.30813342250994535","0.30813342250994535"
"39650","0.30813342250994535","0.30813342250994535","0.30813342250994535"
"39654","0.30813342250994535","0.30813342250994535","0.30813342250994535"
"39668","0.30813342250994535","0.30813342250994535","0.30813342250994535"
"39670","0.30813342250994535","0.30813342250994535","0.30813342250994535"
"39672","0.30813342250994535","0.30813342250994535","0.30813342250994535"
"39675","0.30813342250994535","0.30813342250994535","0.30813342250994535"
"39681","0.30813342250994535","0.30813342250994535","0.30813342250994535"
"39684","0.30813342250994535","0.30813342250994535","0.30813342250994535"
"39685","0.30813342250994535","0.30813342250994535","0.30813342250994535"
"39686","0.30813342250994535","0.30813342250994535","0.30813342250994535"
"39701","0.3079334225149978","0.3079334225149978","0.3079334225149978"
"39706","0.3072672295403208","0.3072672295403208","0.3072672295403208"
"39708","0.30691084255713574","0.30691084255713574","0.30691084255713574"
"39715","0.3069535775231088","0.3069535775231088","0.3069535775231088"
"39717","0.3069535775231088","0.3069535775231088","0.3069535775231088"
"39732","0.3069535775231088","0.3069535775231088","0.3069535775231088"
"39734","0.3069535775231088","0.3069535775231088","0.3069535775231088"
"39737","0.3069535775231088","0.3069535775231088","0.3069535775231088"
"39743","0.3069535775231088","0.3069535775231088","0.3069535775231088"
"39746","0.3069535775231088","0.3069535775231088","0.3069535775231088"
"39747","0.3069535775231088","0.3069535775231088","0.3069535775231088"
"39751","0.3069535775231088","0.3069535775231088","0.3069535775231088"
"39765","0.3069535775231088","0.3069535775231088","0.3069535775231088"
"39788","0.3069535775231088","0.3069535775231088","0.3069535775231088"
"39794","0.3069535775231088","0.3069535775231088","0.3069535775231088"
"39795","0.3069535775231088","0.3069535775231088","0.3069535775231088"
"39806","0.3069535775231088","0.3069535775231088","0.3069535775231088"
"39819","0.3068373890965631","0.3068373890965631","0.3068373890965631"
"39826","0.3068611018444244","0.3068611018444244","0.3068611018444244"
"39829","0.3068611018444244","0.3068611018444244","0.3068611018444244"
"39842","0.3068611018444244","0.3068611018444244","0.3068611018444244"
"39862","0.3068611018444244","0.3068611018444244","0.3068611018444244"
"39867","0.3068611018444244","0.3068611018444244","0.3068611018444244"
"39868","0.3068611018444244","0.3068611018444244","0.3068611018444244"
"39870","0.3068611018444244","0.3068611018444244","0.3068611018444244"
"39876","0.3068611018444244","0.3068611018444244","0.3068611018444244"
"39877","0.3068611018444244","0.3068611018444244","0.3068611018444244"
"39882","0.3068611018444244","0.3068611018444244","0.3068611018444244"
"39891","0.3068611018444244","0.3068611018444244","0.3068611018444244"
"39930","0.3076715379193956","0.3076715379193956","0.3076715379193956"
"39954","0.3076715379193956","0.3076715379193956","0.3076715379193956"
"39969","0.3076715379193956","0.3076715379193956","0.3076715379193956"
"39971","0.3076715379193956","0.3076715379193956","0.3076715379193956"
"39973","0.3076715379193956","0.3076715379193956","0.3076715379193956"
"39978","0.3076715379193956","0.3076715379193956","0.3076715379193956"
"39985","0.3076715379193956","0.3076715379193956","0.3076715379193956"
"39986","0.3076715379193956","0.3076715379193956","0.3076715379193956"
"39988","0.3076715379193956","0.3076715379193956","0.3076715379193956"
"39992","0.3076715379193956","0.3076715379193956","0.3076715379193956"
"40003","0.3076715379193956","0.3076715379193956","0.3076715379193956"
"40004","0.3076715379193956","0.3076715379193956","0.3076715379193956"
"40010","0.3076715379193956","0.3076715379193956","0.3076715379193956"
"40013","0.3076715379193956","0.3076715379193956","0.3076715379193956"
"40032","0.307777005529806","0.307777005529806","0.307777005529806"
"40037","0.30800393580475427","0.30800393580475427","0.30800393580475427"
"40044","0.30789055469367665","0.30789055469367665","0.30789055469367665"
"40045","0.30789055469367665","0.30789055469367665","0.30789055469367665"
"40051","0.30789055469367665","0.30789055469367665","0.30789055469367665"
"40060","0.30789055469367665","0.30789055469367665","0.30789055469367665"
"40067","0.30789055469367665","0.30789055469367665","0.30789055469367665"
"40076","0.30789055469367665","0.30789055469367665","0.30789055469367665"
"40077","0.30789055469367665","0.30789055469367665","0.30789055469367665"
"40081","0.30789055469367665","0.30789055469367665","0.30789055469367665"
"40087","0.30789055469367665","0.30789055469367665","0.30789055469367665"
"40093","0.30789055469367665","0.30789055469367665","0.30789055469367665"
"40096","0.30789055469367665","0.30789055469367665","0.30789055469367665"
"40114","0.30789055469367665","0.30789055469367665","0.30789055469367665"
"40126","0.30789055469367665","0.30789055469367665","0.30789055469367665"
"40131","0.30789055469367665","0.30789055469367665","0.30789055469367665"
"40135","0.30789055469367665","0.30789055469367665","0.30789055469367665"
"40143","0.3081300680570166","0.3081300680570166","0.3081300680570166"
"40144","0.30833006805196417","0.30833006805196417","0.30833006805196417"
"40145","0.30853006804691174","0.30853006804691174","0.30853006804691174"
"40146","0.30863383172263636","0.30863383172263636","0.30863383172263636"
"40150","0.3092338317074791","0.3092338317074791","0.3092338317074791"
"40153","0.3092338317074791","0.3092338317074791","0.3092338317074791"
"40159","0.3092338317074791","0.3092338317074791","0.3092338317074791"
"40165","0.3092338317074791","0.3092338317074791","0.3092338317074791"
"40169","0.3092338317074791","0.3092338317074791","0.3092338317074791"
"40171","0.3092338317074791","0.3092338317074791","0.3092338317074791"
"40185","0.3092338317074791","0.3092338317074791","0.3092338317074791"
"40189","0.3092338317074791","0.3092338317074791","0.3092338317074791"
"40194","0.3092338317074791","0.3092338317074791","0.3092338317074791"
"40204","0.3092338317074791","0.3092338317074791","0.3092338317074791"
"40205","0.3092338317074791","0.3092338317074791","0.3092338317074791"
"40208","0.3092338317074791","0.3092338317074791","0.3092338317074791"
"40224","0.3092338317074791","0.3092338317074791","0.3092338317074791"
"40231","0.3092338317074791","0.3092338317074791","0.3092338317074791"
"40235","0.3092338317074791","0.3092338317074791","0.3092338317074791"
"40236","0.3092338317074791","0.3092338317074791","0.3092338317074791"
"40240","0.3092338317074791","0.3092338317074791","0.3092338317074791"
"40249","0.3092338317074791","0.3092338317074791","0.3092338317074791"
"40252","0.30920096134659614","0.30920096134659614","0.30920096134659614"
"40264","0.30889026227860084","0.30889026227860084","0.30889026227860084"
"40267","0.30889026227860084","0.30889026227860084","0.30889026227860084"
"40269","0.30889026227860084","0.30889026227860084","0.30889026227860084"
"40278","0.30889026227860084","0.30889026227860084","0.30889026227860084"
"40279","0.30889026227860084","0.30889026227860084","0.30889026227860084"
"40294","0.30889026227860084","0.30889026227860084","0.30889026227860084"
"40295","0.30889026227860084","0.30889026227860084","0.30889026227860084"
"40297","0.30889026227860084","0.30889026227860084","0.30889026227860084"
"40301","0.30889026227860084","0.30889026227860084","0.30889026227860084"
"40309","0.30889026227860084","0.30889026227860084","0.30889026227860084"
"40316","0.30889026227860084","0.30889026227860084","0.30889026227860084"
"40325","0.30889026227860084","0.30889026227860084","0.30889026227860084"
"40328","0.30889026227860084","0.30889026227860084","0.30889026227860084"
"40340","0.30889026227860084","0.30889026227860084","0.30889026227860084"
"40348","0.30889026227860084","0.30889026227860084","0.30889026227860084"
"40349","0.30889026227860084","0.30889026227860084","0.30889026227860084"
"40352","0.30889026227860084","0.30889026227860084","0.30889026227860084"
"40368","0.3089250382623504","0.3089250382623504","0.3089250382623504"
"40370","0.30889854446340903","0.30889854446340903","0.30889854446340903"
"40371","0.30889854446340903","0.30889854446340903","0.30889854446340903"
"40393","0.30889854446340903","0.30889854446340903","0.30889854446340903"
"40394","0.30889854446340903","0.30889854446340903","0.30889854446340903"
"40395","0.30889854446340903","0.30889854446340903","0.30889854446340903"
"40397","0.30889854446340903","0.30889854446340903","0.30889854446340903"
"40408","0.30889854446340903","0.30889854446340903","0.30889854446340903"
"40418","0.30889854446340903","0.30889854446340903","0.30889854446340903"
"40422","0.30889854446340903","0.30889854446340903","0.30889854446340903"
"40438","0.30889854446340903","0.30889854446340903","0.30889854446340903"
"40443","0.30889854446340903","0.30889854446340903","0.30889854446340903"
"40444","0.30889854446340903","0.30889854446340903","0.30889854446340903"
"40446","0.30889854446340903","0.30889854446340903","0.30889854446340903"
"40452","0.30889854446340903","0.30889854446340903","0.30889854446340903"
"40456","0.30889854446340903","0.30889854446340903","0.30889854446340903"
"40463","0.30889854446340903","0.30889854446340903","0.30889854446340903"
"40465","0.30889854446340903","0.30889854446340903","0.30889854446340903"
"40470","0.30889854446340903","0.30889854446340903","0.30889854446340903"
"40474","0.30889854446340903","0.30889854446340903","0.30889854446340903"
"40481","0.3089478930638506","0.3089478930638506","0.3089478930638506"
"40482","0.3089478930638506","0.3089478930638506","0.3089478930638506"
"40489","0.3089478930638506","0.3089478930638506","0.3089478930638506"
"40492","0.3089478930638506","0.3089478930638506","0.3089478930638506"
"40494","0.3089478930638506","0.3089478930638506","0.3089478930638506"
"40507","0.3089478930638506","0.3089478930638506","0.3089478930638506"
"40509","0.3089478930638506","0.3089478930638506","0.3089478930638506"
"40515","0.3089478930638506","0.3089478930638506","0.3089478930638506"
"40520","0.3089478930638506","0.3089478930638506","0.3089478930638506"
"40521","0.3089478930638506","0.3089478930638506","0.3089478930638506"
"40524","0.3089478930638506","0.3089478930638506","0.3089478930638506"
"40531","0.3089478930638506","0.3089478930638506","0.3089478930638506"
"40538","0.3089478930638506","0.3089478930638506","0.3089478930638506"
"40543","0.3089478930638506","0.3089478930638506","0.3089478930638506"
"40553","0.3089478930638506","0.3089478930638506","0.3089478930638506"
"40559","0.3089478930638506","0.3089478930638506","0.3089478930638506"
"40561","0.3089478930638506","0.3089478930638506","0.3089478930638506"
"40568","0.3089478930638506","0.3089478930638506","0.3089478930638506"
"40571","0.3089478930638506","0.3089478930638506","0.3089478930638506"
"40577","0.3089478930638506","0.3089478930638506","0.3089478930638506"
"40578","0.3089478930638506","0.3089478930638506","0.3089478930638506"
"40581","0.3090891976176863","0.3090891976176863","0.3090891976176863"
"40590","0.30901403891457446","0.30901403891457446","0.30901403891457446"
"40591","0.30901403891457446","0.30901403891457446","0.30901403891457446"
"40595","0.30901403891457446","0.30901403891457446","0.30901403891457446"
"40599","0.30901403891457446","0.30901403891457446","0.30901403891457446"
"40601","0.30901403891457446","0.30901403891457446","0.30901403891457446"
"40608","0.30901403891457446","0.30901403891457446","0.30901403891457446"
"40615","0.30901403891457446","0.30901403891457446","0.30901403891457446"
"40625","0.30901403891457446","0.30901403891457446","0.30901403891457446"
"40632","0.30901403891457446","0.30901403891457446","0.30901403891457446"
"40638","0.30901403891457446","0.30901403891457446","0.30901403891457446"
"40655","0.30901403891457446","0.30901403891457446","0.30901403891457446"
"40658","0.30901403891457446","0.30901403891457446","0.30901403891457446"
"40667","0.30901403891457446","0.30901403891457446","0.30901403891457446"
"40679","0.30901403891457446","0.30901403891457446","0.30901403891457446"
"40680","0.30901403891457446","0.30901403891457446","0.30901403891457446"
"40684","0.30901403891457446","0.30901403891457446","0.30901403891457446"
"40700","0.30910369973626073","0.30910369973626073","0.30910369973626073"
"40703","0.30910369973626073","0.30910369973626073","0.30910369973626073"
"40705","0.30910369973626073","0.30910369973626073","0.30910369973626073"
"40708","0.30910369973626073","0.30910369973626073","0.30910369973626073"
"40714","0.30910369973626073","0.30910369973626073","0.30910369973626073"
"40718","0.30910369973626073","0.30910369973626073","0.30910369973626073"
"40722","0.30910369973626073","0.30910369973626073","0.30910369973626073"
"40724","0.30910369973626073","0.30910369973626073","0.30910369973626073"
"40727","0.30910369973626073","0.30910369973626073","0.30910369973626073"
"40745","0.30910369973626073","0.30910369973626073","0.30910369973626073"
"40765","0.30910369973626073","0.30910369973626073","0.30910369973626073"
"40770","0.30910369973626073","0.30910369973626073","0.30910369973626073"
"40775","0.30910369973626073","0.30910369973626073","0.30910369973626073"
"40776","0.30910369973626073","0.30910369973626073","0.30910369973626073"
"40779","0.30910369973626073","0.30910369973626073","0.30910369973626073"
"40783","0.30910369973626073","0.30910369973626073","0.30910369973626073"
"40788","0.30910369973626073","0.30910369973626073","0.30910369973626073"
"40793","0.30910369973626073","0.30910369973626073","0.30910369973626073"
"40795","0.30910369973626073","0.30910369973626073","0.30910369973626073"
"40798","0.30910369973626073","0.30910369973626073","0.30910369973626073"
"40799","0.30910369973626073","0.30910369973626073","0.30910369973626073"
"40805","0.30944745497945403","0.30944745497945403","0.30944745497945403"
"40808","0.3093675454652839","0.3093675454652839","0.3093675454652839"
"40823","0.30941346713334494","0.30941346713334494","0.30941346713334494"
"40824","0.30941346713334494","0.30941346713334494","0.30941346713334494"
"40828","0.30941346713334494","0.30941346713334494","0.30941346713334494"
"40833","0.30941346713334494","0.30941346713334494","0.30941346713334494"
"40838","0.30941346713334494","0.30941346713334494","0.30941346713334494"
"40846","0.30941346713334494","0.30941346713334494","0.30941346713334494"
"40859","0.30941346713334494","0.30941346713334494","0.30941346713334494"
"40862","0.30941346713334494","0.30941346713334494","0.30941346713334494"
"40870","0.30941346713334494","0.30941346713334494","0.30941346713334494"
"40878","0.30941346713334494","0.30941346713334494","0.30941346713334494"
"40881","0.30941346713334494","0.30941346713334494","0.30941346713334494"
"40884","0.30941346713334494","0.30941346713334494","0.30941346713334494"
"40885","0.30941346713334494","0.30941346713334494","0.30941346713334494"
"40895","0.30941346713334494","0.30941346713334494","0.30941346713334494"
"40906","0.30941346713334494","0.30941346713334494","0.30941346713334494"
"40916","0.3095640338320663","0.3095640338320663","0.3095640338320663"
"40917","0.3094512151834351","0.3094512151834351","0.3094512151834351"
"40925","0.30931266593288453","0.30931266593288453","0.30931266593288453"
"40929","0.30931266593288453","0.30931266593288453","0.30931266593288453"
"40938","0.30931266593288453","0.30931266593288453","0.30931266593288453"
"40939","0.30931266593288453","0.30931266593288453","0.30931266593288453"
"40945","0.30931266593288453","0.30931266593288453","0.30931266593288453"
"40947","0.30931266593288453","0.30931266593288453","0.30931266593288453"
"40960","0.30931266593288453","0.30931266593288453","0.30931266593288453"
"40963","0.30931266593288453","0.30931266593288453","0.30931266593288453"
"40965","0.30931266593288453","0.30931266593288453","0.30931266593288453"
"40979","0.30931266593288453","0.30931266593288453","0.30931266593288453"
"40994","0.30931266593288453","0.30931266593288453","0.30931266593288453"
"40995","0.30931266593288453","0.30931266593288453","0.30931266593288453"
"40996","0.30931266593288453","0.30931266593288453","0.30931266593288453"
"41002","0.30931266593288453","0.30931266593288453","0.30931266593288453"
"41010","0.30931266593288453","0.30931266593288453","0.30931266593288453"
"41015","0.30931266593288453","0.30931266593288453","0.30931266593288453"
"41016","0.30931266593288453","0.30931266593288453","0.30931266593288453"
"41017","0.30931266593288453","0.30931266593288453","0.30931266593288453"
"41019","0.30931266593288453","0.30931266593288453","0.30931266593288453"
"41020","0.30931266593288453","0.30931266593288453","0.30931266593288453"
"41033","0.30812139773806846","0.30812139773806846","0.30812139773806846"
"41038","0.30812139773806846","0.30812139773806846","0.30812139773806846"
"41039","0.30812139773806846","0.30812139773806846","0.30812139773806846"
"41046","0.30812139773806846","0.30812139773806846","0.30812139773806846"
"41047","0.30812139773806846","0.30812139773806846","0.30812139773806846"
"41048","0.30812139773806846","0.30812139773806846","0.30812139773806846"
"41050","0.30812139773806846","0.30812139773806846","0.30812139773806846"
"41054","0.30812139773806846","0.30812139773806846","0.30812139773806846"
"41071","0.30812139773806846","0.30812139773806846","0.30812139773806846"
"41074","0.30812139773806846","0.30812139773806846","0.30812139773806846"
"41083","0.30812139773806846","0.30812139773806846","0.30812139773806846"
"41085","0.30812139773806846","0.30812139773806846","0.30812139773806846"
"41099","0.30812139773806846","0.30812139773806846","0.30812139773806846"
"41106","0.30812139773806846","0.30812139773806846","0.30812139773806846"
"41109","0.30812139773806846","0.30812139773806846","0.30812139773806846"
"41114","0.30812139773806846","0.30812139773806846","0.30812139773806846"
"41125","0.30812139773806846","0.30812139773806846","0.30812139773806846"
"41127","0.30812139773806846","0.30812139773806846","0.30812139773806846"
"41141","0.3087104977754279","0.3087104977754279","0.3087104977754279"
"41149","0.3087104977754279","0.3087104977754279","0.3087104977754279"
"41163","0.3087104977754279","0.3087104977754279","0.3087104977754279"
"41172","0.3087104977754279","0.3087104977754279","0.3087104977754279"
"41190","0.3087104977754279","0.3087104977754279","0.3087104977754279"
"41199","0.3087104977754279","0.3087104977754279","0.3087104977754279"
"41206","0.3087104977754279","0.3087104977754279","0.3087104977754279"
"41209","0.3087104977754279","0.3087104977754279","0.3087104977754279"
"41214","0.3087104977754279","0.3087104977754279","0.3087104977754279"
"41229","0.3087104977754279","0.3087104977754279","0.3087104977754279"
"41231","0.3087104977754279","0.3087104977754279","0.3087104977754279"
"41235","0.3087104977754279","0.3087104977754279","0.3087104977754279"
"41237","0.3087104977754279","0.3087104977754279","0.3087104977754279"
"41249","0.3085595727903637","0.3085595727903637","0.3085595727903637"
"41250","0.3087595727853113","0.3087595727853113","0.3087595727853113"
"41265","0.3087595727853113","0.3087595727853113","0.3087595727853113"
"41267","0.3087595727853113","0.3087595727853113","0.3087595727853113"
"41270","0.3087595727853113","0.3087595727853113","0.3087595727853113"
"41276","0.3087595727853113","0.3087595727853113","0.3087595727853113"
"41278","0.3087595727853113","0.3087595727853113","0.3087595727853113"
"41286","0.3087595727853113","0.3087595727853113","0.3087595727853113"
"41300","0.3087595727853113","0.3087595727853113","0.3087595727853113"
"41301","0.3087595727853113","0.3087595727853113","0.3087595727853113"
"41306","0.3087595727853113","0.3087595727853113","0.3087595727853113"
"41308","0.3087595727853113","0.3087595727853113","0.3087595727853113"
"41309","0.3087595727853113","0.3087595727853113","0.3087595727853113"
"41311","0.3087595727853113","0.3087595727853113","0.3087595727853113"
"41316","0.3087595727853113","0.3087595727853113","0.3087595727853113"
"41317","0.3087595727853113","0.3087595727853113","0.3087595727853113"
"41323","0.3087595727853113","0.3087595727853113","0.3087595727853113"
"41327","0.3087595727853113","0.3087595727853113","0.3087595727853113"
"41329","0.3087595727853113","0.3087595727853113","0.3087595727853113"
"41337","0.3087595727853113","0.3087595727853113","0.3087595727853113"
"41349","0.3087595727853113","0.3087595727853113","0.3087595727853113"
"41354","0.30899104706131764","0.30899104706131764","0.30899104706131764"
"41370","0.30886153578453557","0.30886153578453557","0.30886153578453557"
"41374","0.30886153578453557","0.30886153578453557","0.30886153578453557"
"41381","0.30886153578453557","0.30886153578453557","0.30886153578453557"
"41384","0.30886153578453557","0.30886153578453557","0.30886153578453557"
"41386","0.30886153578453557","0.30886153578453557","0.30886153578453557"
"41397","0.30886153578453557","0.30886153578453557","0.30886153578453557"
"41401","0.30886153578453557","0.30886153578453557","0.30886153578453557"
"41405","0.30886153578453557","0.30886153578453557","0.30886153578453557"
"41411","0.30886153578453557","0.30886153578453557","0.30886153578453557"
"41417","0.30886153578453557","0.30886153578453557","0.30886153578453557"
"41425","0.30886153578453557","0.30886153578453557","0.30886153578453557"
"41442","0.30886153578453557","0.30886153578453557","0.30886153578453557"
"41446","0.30886153578453557","0.30886153578453557","0.30886153578453557"
"41461","0.3088803816607196","0.3088803816607196","0.3088803816607196"
"41462","0.3088426922075541","0.3088426922075541","0.3088426922075541"
"41476","0.3093842032757038","0.3093842032757038","0.3093842032757038"
"41479","0.3093842032757038","0.3093842032757038","0.3093842032757038"
"41491","0.3093842032757038","0.3093842032757038","0.3093842032757038"
"41497","0.3093842032757038","0.3093842032757038","0.3093842032757038"
"41499","0.3093842032757038","0.3093842032757038","0.3093842032757038"
"41505","0.3093842032757038","0.3093842032757038","0.3093842032757038"
"41506","0.3093842032757038","0.3093842032757038","0.3093842032757038"
"41507","0.3093842032757038","0.3093842032757038","0.3093842032757038"
"41512","0.3093842032757038","0.3093842032757038","0.3093842032757038"
"41522","0.3093842032757038","0.3093842032757038","0.3093842032757038"
"41524","0.3093842032757038","0.3093842032757038","0.3093842032757038"
"41526","0.3093842032757038","0.3093842032757038","0.3093842032757038"
"41530","0.3093842032757038","0.3093842032757038","0.3093842032757038"
"41551","0.3093842032757038","0.3093842032757038","0.3093842032757038"
"41552","0.3093842032757038","0.3093842032757038","0.3093842032757038"
"41554","0.3093842032757038","0.3093842032757038","0.3093842032757038"
"41557","0.3093842032757038","0.3093842032757038","0.3093842032757038"
"41563","0.3093842032757038","0.3093842032757038","0.3093842032757038"
"41570","0.3093842032757038","0.3093842032757038","0.3093842032757038"
"41575","0.30957478581135545","0.30957478581135545","0.30957478581135545"
"41578","0.309774785806303","0.309774785806303","0.309774785806303"
"41595","0.3099438801308224","0.3099438801308224","0.3099438801308224"
"41613","0.3099438801308224","0.3099438801308224","0.3099438801308224"
"41624","0.3099438801308224","0.3099438801308224","0.3099438801308224"
"41638","0.3099438801308224","0.3099438801308224","0.3099438801308224"
"41643","0.3099438801308224","0.3099438801308224","0.3099438801308224"
"41646","0.3099438801308224","0.3099438801308224","0.3099438801308224"
"41653","0.3099438801308224","0.3099438801308224","0.3099438801308224"
"41657","0.3099438801308224","0.3099438801308224","0.3099438801308224"
"41661","0.3099438801308224","0.3099438801308224","0.3099438801308224"
"41667","0.3099438801308224","0.3099438801308224","0.3099438801308224"
"41679","0.3099438801308224","0.3099438801308224","0.3099438801308224"
"41686","0.31018333200777304","0.31018333200777304","0.31018333200777304"
"41699","0.31061003160434664","0.31061003160434664","0.31061003160434664"
"41701","0.31061003160434664","0.31061003160434664","0.31061003160434664"
"41706","0.31061003160434664","0.31061003160434664","0.31061003160434664"
"41710","0.31061003160434664","0.31061003160434664","0.31061003160434664"
"41718","0.31061003160434664","0.31061003160434664","0.31061003160434664"
"41727","0.31061003160434664","0.31061003160434664","0.31061003160434664"
"41742","0.31061003160434664","0.31061003160434664","0.31061003160434664"
"41750","0.31061003160434664","0.31061003160434664","0.31061003160434664"
"41755","0.31061003160434664","0.31061003160434664","0.31061003160434664"
"41767","0.31061003160434664","0.31061003160434664","0.31061003160434664"
"41772","0.31061003160434664","0.31061003160434664","0.31061003160434664"
"41773","0.31061003160434664","0.31061003160434664","0.31061003160434664"
"41780","0.31061003160434664","0.31061003160434664","0.31061003160434664"
"41782","0.31061003160434664","0.31061003160434664","0.31061003160434664"
"41789","0.31061003160434664","0.31061003160434664","0.31061003160434664"
"41793","0.3102576563659113","0.3102576563659113","0.3102576563659113"
"41794","0.31045765636085887","0.31045765636085887","0.31045765636085887"
"41799","0.3103639535246202","0.3103639535246202","0.3103639535246202"
"41802","0.31039677415433287","0.31039677415433287","0.31039677415433287"
"41810","0.31039677415433287","0.31039677415433287","0.31039677415433287"
"41815","0.31039677415433287","0.31039677415433287","0.31039677415433287"
"41816","0.31039677415433287","0.31039677415433287","0.31039677415433287"
"41818","0.31039677415433287","0.31039677415433287","0.31039677415433287"
"41821","0.31039677415433287","0.31039677415433287","0.31039677415433287"
"41824","0.31039677415433287","0.31039677415433287","0.31039677415433287"
"41829","0.31039677415433287","0.31039677415433287","0.31039677415433287"
"41830","0.31039677415433287","0.31039677415433287","0.31039677415433287"
"41834","0.31039677415433287","0.31039677415433287","0.31039677415433287"
"41839","0.31039677415433287","0.31039677415433287","0.31039677415433287"
"41841","0.31039677415433287","0.31039677415433287","0.31039677415433287"
"41842","0.31039677415433287","0.31039677415433287","0.31039677415433287"
"41844","0.31039677415433287","0.31039677415433287","0.31039677415433287"
"41858","0.31039677415433287","0.31039677415433287","0.31039677415433287"
"41880","0.31039677415433287","0.31039677415433287","0.31039677415433287"
"41884","0.31039677415433287","0.31039677415433287","0.31039677415433287"
"41893","0.31039677415433287","0.31039677415433287","0.31039677415433287"
"41898","0.31039677415433287","0.31039677415433287","0.31039677415433287"
"41906","0.31032353286341274","0.31032353286341274","0.31032353286341274"
"41916","0.3098531600024671","0.3098531600024671","0.3098531600024671"
"41923","0.3098531600024671","0.3098531600024671","0.3098531600024671"
"41931","0.3098531600024671","0.3098531600024671","0.3098531600024671"
"41932","0.3098531600024671","0.3098531600024671","0.3098531600024671"
"41935","0.3098531600024671","0.3098531600024671","0.3098531600024671"
"41937","0.3098531600024671","0.3098531600024671","0.3098531600024671"
"41939","0.3098531600024671","0.3098531600024671","0.3098531600024671"
"41953","0.3098531600024671","0.3098531600024671","0.3098531600024671"
"41960","0.3098531600024671","0.3098531600024671","0.3098531600024671"
"41965","0.3098531600024671","0.3098531600024671","0.3098531600024671"
"41966","0.3098531600024671","0.3098531600024671","0.3098531600024671"
"41969","0.3098531600024671","0.3098531600024671","0.3098531600024671"
"41978","0.3098531600024671","0.3098531600024671","0.3098531600024671"
"41988","0.3098531600024671","0.3098531600024671","0.3098531600024671"
"41998","0.3098531600024671","0.3098531600024671","0.3098531600024671"
"42007","0.3098531600024671","0.3098531600024671","0.3098531600024671"
"42008","0.3098531600024671","0.3098531600024671","0.3098531600024671"
"42011","0.3100531599974147","0.3100531599974147","0.3100531599974147"
"42014","0.3100860354078122","0.3100860354078122","0.3100860354078122"
"42024","0.31035163526380527","0.31035163526380527","0.31035163526380527"
"42027","0.31035163526380527","0.31035163526380527","0.31035163526380527"
"42035","0.31035163526380527","0.31035163526380527","0.31035163526380527"
"42040","0.31035163526380527","0.31035163526380527","0.31035163526380527"
"42043","0.31035163526380527","0.31035163526380527","0.31035163526380527"
"42044","0.31035163526380527","0.31035163526380527","0.31035163526380527"
"42050","0.31035163526380527","0.31035163526380527","0.31035163526380527"
"42061","0.31035163526380527","0.31035163526380527","0.31035163526380527"
"42076","0.31035163526380527","0.31035163526380527","0.31035163526380527"
"42079","0.31035163526380527","0.31035163526380527","0.31035163526380527"
"42090","0.31035163526380527","0.31035163526380527","0.31035163526380527"
"42094","0.31035163526380527","0.31035163526380527","0.31035163526380527"
"42098","0.31035163526380527","0.31035163526380527","0.31035163526380527"
"42103","0.31035163526380527","0.31035163526380527","0.31035163526380527"
"42113","0.31035163526380527","0.31035163526380527","0.31035163526380527"
"42134","0.3104430981532914","0.3104430981532914","0.3104430981532914"
"42135","0.3104430981532914","0.3104430981532914","0.3104430981532914"
"42144","0.3104430981532914","0.3104430981532914","0.3104430981532914"
"42147","0.3104430981532914","0.3104430981532914","0.3104430981532914"
"42149","0.3104430981532914","0.3104430981532914","0.3104430981532914"
"42153","0.3104430981532914","0.3104430981532914","0.3104430981532914"
"42159","0.3104430981532914","0.3104430981532914","0.3104430981532914"
"42164","0.3104430981532914","0.3104430981532914","0.3104430981532914"
"42167","0.3104430981532914","0.3104430981532914","0.3104430981532914"
"42168","0.3104430981532914","0.3104430981532914","0.3104430981532914"
"42169","0.3104430981532914","0.3104430981532914","0.3104430981532914"
"42174","0.3104430981532914","0.3104430981532914","0.3104430981532914"
"42181","0.3104430981532914","0.3104430981532914","0.3104430981532914"
"42188","0.3104430981532914","0.3104430981532914","0.3104430981532914"
"42189","0.3104430981532914","0.3104430981532914","0.3104430981532914"
"42195","0.3104430981532914","0.3104430981532914","0.3104430981532914"
"42209","0.3104430981532914","0.3104430981532914","0.3104430981532914"
"42210","0.3104430981532914","0.3104430981532914","0.3104430981532914"
"42218","0.3104430981532914","0.3104430981532914","0.3104430981532914"
"42224","0.3104430981532914","0.3104430981532914","0.3104430981532914"
"42234","0.3104430981532914","0.3104430981532914","0.3104430981532914"
"42236","0.31084309814318656","0.31084309814318656","0.31084309814318656"
"42239","0.3113237428027332","0.3113237428027332","0.3113237428027332"
"42254","0.3115237427976808","0.3115237427976808","0.3115237427976808"
"42255","0.3115237427976808","0.3115237427976808","0.3115237427976808"
"42258","0.3115237427976808","0.3115237427976808","0.3115237427976808"
"42260","0.3115237427976808","0.3115237427976808","0.3115237427976808"
"42264","0.3115237427976808","0.3115237427976808","0.3115237427976808"
"42278","0.3115237427976808","0.3115237427976808","0.3115237427976808"
"42283","0.3115237427976808","0.3115237427976808","0.3115237427976808"
"42285","0.3115237427976808","0.3115237427976808","0.3115237427976808"
"42301","0.3115237427976808","0.3115237427976808","0.3115237427976808"
"42308","0.3115237427976808","0.3115237427976808","0.3115237427976808"
"42310","0.3115237427976808","0.3115237427976808","0.3115237427976808"
"42318","0.3115237427976808","0.3115237427976808","0.3115237427976808"
"42320","0.3115237427976808","0.3115237427976808","0.3115237427976808"
"42325","0.3115237427976808","0.3115237427976808","0.3115237427976808"
"42345","0.3107110770564304","0.3107110770564304","0.3107110770564304"
"42349","0.31076365487056135","0.31076365487056135","0.31076365487056135"
"42350","0.31082921170705047","0.31082921170705047","0.31082921170705047"
"42357","0.31082921170705047","0.31082921170705047","0.31082921170705047"
"42365","0.31082921170705047","0.31082921170705047","0.31082921170705047"
"42367","0.31082921170705047","0.31082921170705047","0.31082921170705047"
"42369","0.31082921170705047","0.31082921170705047","0.31082921170705047"
"42378","0.31082921170705047","0.31082921170705047","0.31082921170705047"
"42380","0.31082921170705047","0.31082921170705047","0.31082921170705047"
"42382","0.31082921170705047","0.31082921170705047","0.31082921170705047"
"42384","0.31082921170705047","0.31082921170705047","0.31082921170705047"
"42389","0.31082921170705047","0.31082921170705047","0.31082921170705047"
"42391","0.31082921170705047","0.31082921170705047","0.31082921170705047"
"42403","0.31082921170705047","0.31082921170705047","0.31082921170705047"
"42408","0.31082921170705047","0.31082921170705047","0.31082921170705047"
"42415","0.31082921170705047","0.31082921170705047","0.31082921170705047"
"42422","0.31082921170705047","0.31082921170705047","0.31082921170705047"
"42430","0.31082921170705047","0.31082921170705047","0.31082921170705047"
"42432","0.31082921170705047","0.31082921170705047","0.31082921170705047"
"42438","0.31082921170705047","0.31082921170705047","0.31082921170705047"
"42444","0.31082921170705047","0.31082921170705047","0.31082921170705047"
"42454","0.3112572605653895","0.3112572605653895","0.3112572605653895"
"42461","0.31217398059138757","0.31217398059138757","0.31217398059138757"
"42471","0.31217398059138757","0.31217398059138757","0.31217398059138757"
"42472","0.31217398059138757","0.31217398059138757","0.31217398059138757"
"42480","0.31217398059138757","0.31217398059138757","0.31217398059138757"
"42487","0.31217398059138757","0.31217398059138757","0.31217398059138757"
"42491","0.31217398059138757","0.31217398059138757","0.31217398059138757"
"42507","0.31217398059138757","0.31217398059138757","0.31217398059138757"
"42509","0.31217398059138757","0.31217398059138757","0.31217398059138757"
"42517","0.31217398059138757","0.31217398059138757","0.31217398059138757"
"42520","0.31217398059138757","0.31217398059138757","0.31217398059138757"
"42522","0.31217398059138757","0.31217398059138757","0.31217398059138757"
"42528","0.31217398059138757","0.31217398059138757","0.31217398059138757"
"42531","0.31217398059138757","0.31217398059138757","0.31217398059138757"
"42542","0.31217398059138757","0.31217398059138757","0.31217398059138757"
"42544","0.31217398059138757","0.31217398059138757","0.31217398059138757"
"42546","0.31217398059138757","0.31217398059138757","0.31217398059138757"
"42548","0.31217398059138757","0.31217398059138757","0.31217398059138757"
"42550","0.31217398059138757","0.31217398059138757","0.31217398059138757"
"42556","0.31217398059138757","0.31217398059138757","0.31217398059138757"
"42564","0.31229750615452756","0.31229750615452756","0.31229750615452756"
"42567","0.312220634542291","0.312220634542291","0.312220634542291"
"42585","0.3120388866944722","0.3120388866944722","0.3120388866944722"
"42586","0.3120388866944722","0.3120388866944722","0.3120388866944722"
"42587","0.3120388866944722","0.3120388866944722","0.3120388866944722"
"42592","0.3120388866944722","0.3120388866944722","0.3120388866944722"
"42598","0.3120388866944722","0.3120388866944722","0.3120388866944722"
"42600","0.3120388866944722","0.3120388866944722","0.3120388866944722"
"42608","0.3120388866944722","0.3120388866944722","0.3120388866944722"
"42612","0.3120388866944722","0.3120388866944722","0.3120388866944722"
"42616","0.3120388866944722","0.3120388866944722","0.3120388866944722"
"42621","0.3120388866944722","0.3120388866944722","0.3120388866944722"
"42624","0.3120388866944722","0.3120388866944722","0.3120388866944722"
"42634","0.3120388866944722","0.3120388866944722","0.3120388866944722"
"42636","0.3120388866944722","0.3120388866944722","0.3120388866944722"
"42642","0.3120388866944722","0.3120388866944722","0.3120388866944722"
"42644","0.3120388866944722","0.3120388866944722","0.3120388866944722"
"42654","0.3120388866944722","0.3120388866944722","0.3120388866944722"
"42656","0.3120388866944722","0.3120388866944722","0.3120388866944722"
"42659","0.3120388866944722","0.3120388866944722","0.3120388866944722"
"42667","0.3120388866944722","0.3120388866944722","0.3120388866944722"
"42679","0.3119911472384501","0.3119911472384501","0.3119911472384501"
"42681","0.311994062368376","0.311994062368376","0.311994062368376"
"42690","0.311994062368376","0.311994062368376","0.311994062368376"
"42692","0.311994062368376","0.311994062368376","0.311994062368376"
"42694","0.311994062368376","0.311994062368376","0.311994062368376"
"42696","0.311994062368376","0.311994062368376","0.311994062368376"
"42712","0.311994062368376","0.311994062368376","0.311994062368376"
"42720","0.311994062368376","0.311994062368376","0.311994062368376"
"42722","0.311994062368376","0.311994062368376","0.311994062368376"
"42733","0.311994062368376","0.311994062368376","0.311994062368376"
"42734","0.311994062368376","0.311994062368376","0.311994062368376"
"42738","0.311994062368376","0.311994062368376","0.311994062368376"
"42744","0.311994062368376","0.311994062368376","0.311994062368376"
"42747","0.311994062368376","0.311994062368376","0.311994062368376"
"42749","0.311994062368376","0.311994062368376","0.311994062368376"
"42760","0.311994062368376","0.311994062368376","0.311994062368376"
"42782","0.3120687473084217","0.3120687473084217","0.3120687473084217"
"42785","0.311714751150339","0.311714751150339","0.311714751150339"
"42801","0.312180738200459","0.312180738200459","0.312180738200459"
"42811","0.312180738200459","0.312180738200459","0.312180738200459"
"42812","0.312180738200459","0.312180738200459","0.312180738200459"
"42817","0.312180738200459","0.312180738200459","0.312180738200459"
"42823","0.312180738200459","0.312180738200459","0.312180738200459"
"42830","0.312180738200459","0.312180738200459","0.312180738200459"
"42832","0.312180738200459","0.312180738200459","0.312180738200459"
"42840","0.312180738200459","0.312180738200459","0.312180738200459"
"42842","0.312180738200459","0.312180738200459","0.312180738200459"
"42843","0.312180738200459","0.312180738200459","0.312180738200459"
"42844","0.312180738200459","0.312180738200459","0.312180738200459"
"42845","0.312180738200459","0.312180738200459","0.312180738200459"
"42850","0.312180738200459","0.312180738200459","0.312180738200459"
"42854","0.312180738200459","0.312180738200459","0.312180738200459"
"42865","0.312180738200459","0.312180738200459","0.312180738200459"
"42868","0.312180738200459","0.312180738200459","0.312180738200459"
"42871","0.312180738200459","0.312180738200459","0.312180738200459"
"42891","0.3119989445723149","0.3119989445723149","0.3119989445723149"
"42897","0.312642088965822","0.312642088965822","0.312642088965822"
"42915","0.31260955324532913","0.31260955324532913","0.31260955324532913"
"42925","0.31260955324532913","0.31260955324532913","0.31260955324532913"
"42938","0.31260955324532913","0.31260955324532913","0.31260955324532913"
"42940","0.31260955324532913","0.31260955324532913","0.31260955324532913"
"42941","0.31260955324532913","0.31260955324532913","0.31260955324532913"
"42943","0.31260955324532913","0.31260955324532913","0.31260955324532913"
"42966","0.31260955324532913","0.31260955324532913","0.31260955324532913"
"42978","0.31260955324532913","0.31260955324532913","0.31260955324532913"
"42980","0.31260955324532913","0.31260955324532913","0.31260955324532913"
"42986","0.31260955324532913","0.31260955324532913","0.31260955324532913"
"42994","0.31260955324532913","0.31260955324532913","0.31260955324532913"
"42996","0.31260955324532913","0.31260955324532913","0.31260955324532913"
"43002","0.31254904057013844","0.31254904057013844","0.31254904057013844"
"43016","0.31290465912488796","0.31290465912488796","0.31290465912488796"
"43018","0.31290465912488796","0.31290465912488796","0.31290465912488796"
"43021","0.31290465912488796","0.31290465912488796","0.31290465912488796"
"43030","0.31290465912488796","0.31290465912488796","0.31290465912488796"
"43033","0.31290465912488796","0.31290465912488796","0.31290465912488796"
"43037","0.31290465912488796","0.31290465912488796","0.31290465912488796"
"43044","0.31290465912488796","0.31290465912488796","0.31290465912488796"
"43050","0.31290465912488796","0.31290465912488796","0.31290465912488796"
"43059","0.31290465912488796","0.31290465912488796","0.31290465912488796"
"43065","0.31290465912488796","0.31290465912488796","0.31290465912488796"
"43068","0.31290465912488796","0.31290465912488796","0.31290465912488796"
"43077","0.31290465912488796","0.31290465912488796","0.31290465912488796"
"43089","0.31290465912488796","0.31290465912488796","0.31290465912488796"
"43090","0.31290465912488796","0.31290465912488796","0.31290465912488796"
"43094","0.31290465912488796","0.31290465912488796","0.31290465912488796"
"43103","0.31290465912488796","0.31290465912488796","0.31290465912488796"
"43112","0.31287908108274676","0.31287908108274676","0.31287908108274676"
"43113","0.31287559285451605","0.31287559285451605","0.31287559285451605"
"43124","0.31259528876726106","0.31259528876726106","0.31259528876726106"
"43137","0.31259528876726106","0.31259528876726106","0.31259528876726106"
"43146","0.31259528876726106","0.31259528876726106","0.31259528876726106"
"43157","0.31259528876726106","0.31259528876726106","0.31259528876726106"
"43167","0.31259528876726106","0.31259528876726106","0.31259528876726106"
"43189","0.31259528876726106","0.31259528876726106","0.31259528876726106"
"43190","0.31259528876726106","0.31259528876726106","0.31259528876726106"
"43192","0.31259528876726106","0.31259528876726106","0.31259528876726106"
"43199","0.31259528876726106","0.31259528876726106","0.31259528876726106"
"43201","0.31259528876726106","0.31259528876726106","0.31259528876726106"
"43225","0.31231616448312705","0.31231616448312705","0.31231616448312705"
"43226","0.3123208238367624","0.3123208238367624","0.3123208238367624"
"43236","0.3126768234188603","0.3126768234188603","0.3126768234188603"
"43237","0.3126768234188603","0.3126768234188603","0.3126768234188603"
"43244","0.3126768234188603","0.3126768234188603","0.3126768234188603"
"43256","0.3126768234188603","0.3126768234188603","0.3126768234188603"
"43257","0.3126768234188603","0.3126768234188603","0.3126768234188603"
"43266","0.3126768234188603","0.3126768234188603","0.3126768234188603"
"43267","0.3126768234188603","0.3126768234188603","0.3126768234188603"
"43278","0.3126768234188603","0.3126768234188603","0.3126768234188603"
"43282","0.3126768234188603","0.3126768234188603","0.3126768234188603"
"43286","0.3126768234188603","0.3126768234188603","0.3126768234188603"
"43288","0.3126768234188603","0.3126768234188603","0.3126768234188603"
"43294","0.3126768234188603","0.3126768234188603","0.3126768234188603"
"43299","0.3126768234188603","0.3126768234188603","0.3126768234188603"
"43303","0.3126768234188603","0.3126768234188603","0.3126768234188603"
"43310","0.3126768234188603","0.3126768234188603","0.3126768234188603"
"43321","0.3126768234188603","0.3126768234188603","0.3126768234188603"
"43323","0.3126768234188603","0.3126768234188603","0.3126768234188603"
"43331","0.31254185801399215","0.31254185801399215","0.31254185801399215"
"43336","0.31239752208521165","0.31239752208521165","0.31239752208521165"
"43346","0.31254191402613285","0.31254191402613285","0.31254191402613285"
"43347","0.31254191402613285","0.31254191402613285","0.31254191402613285"
"43352","0.31254191402613285","0.31254191402613285","0.31254191402613285"
"43364","0.31254191402613285","0.31254191402613285","0.31254191402613285"
"43366","0.31254191402613285","0.31254191402613285","0.31254191402613285"
"43408","0.31254191402613285","0.31254191402613285","0.31254191402613285"
"43414","0.31254191402613285","0.31254191402613285","0.31254191402613285"
"43416","0.31254191402613285","0.31254191402613285","0.31254191402613285"
"43426","0.31254191402613285","0.31254191402613285","0.31254191402613285"
"43428","0.31254191402613285","0.31254191402613285","0.31254191402613285"
"43441","0.3127419140210804","0.3127419140210804","0.3127419140210804"
"43443","0.3126163621992418","0.3126163621992418","0.3126163621992418"
"43452","0.31256067262356735","0.31256067262356735","0.31256067262356735"
"43454","0.31256067262356735","0.31256067262356735","0.31256067262356735"
"43456","0.31256067262356735","0.31256067262356735","0.31256067262356735"
"43459","0.31256067262356735","0.31256067262356735","0.31256067262356735"
"43461","0.31256067262356735","0.31256067262356735","0.31256067262356735"
"43463","0.31256067262356735","0.31256067262356735","0.31256067262356735"
"43466","0.31256067262356735","0.31256067262356735","0.31256067262356735"
"43498","0.31256067262356735","0.31256067262356735","0.31256067262356735"
"43513","0.31256067262356735","0.31256067262356735","0.31256067262356735"
"43527","0.31256067262356735","0.31256067262356735","0.31256067262356735"
"43536","0.31256067262356735","0.31256067262356735","0.31256067262356735"
"43540","0.31256067262356735","0.31256067262356735","0.31256067262356735"
"43542","0.31256067262356735","0.31256067262356735","0.31256067262356735"
"43546","0.31256067262356735","0.31256067262356735","0.31256067262356735"
"43547","0.31256067262356735","0.31256067262356735","0.31256067262356735"
"43553","0.31234181228965097","0.31234181228965097","0.31234181228965097"
"43556","0.3124035402407571","0.3124035402407571","0.3124035402407571"
"43557","0.3124245014688313","0.3124245014688313","0.3124245014688313"
"43558","0.31236627974349174","0.31236627974349174","0.31236627974349174"
"43570","0.3125977253322162","0.3125977253322162","0.3125977253322162"
"43578","0.3125977253322162","0.3125977253322162","0.3125977253322162"
"43581","0.3125977253322162","0.3125977253322162","0.3125977253322162"
"43582","0.3125977253322162","0.3125977253322162","0.3125977253322162"
"43587","0.3125977253322162","0.3125977253322162","0.3125977253322162"
"43597","0.3125977253322162","0.3125977253322162","0.3125977253322162"
"43598","0.3125977253322162","0.3125977253322162","0.3125977253322162"
"43614","0.3125977253322162","0.3125977253322162","0.3125977253322162"
"43618","0.3125977253322162","0.3125977253322162","0.3125977253322162"
"43622","0.3125977253322162","0.3125977253322162","0.3125977253322162"
"43627","0.3125977253322162","0.3125977253322162","0.3125977253322162"
"43629","0.3125977253322162","0.3125977253322162","0.3125977253322162"
"43630","0.3125977253322162","0.3125977253322162","0.3125977253322162"
"43633","0.3125977253322162","0.3125977253322162","0.3125977253322162"
"43639","0.3125977253322162","0.3125977253322162","0.3125977253322162"
"43646","0.3125977253322162","0.3125977253322162","0.3125977253322162"
"43653","0.3125977253322162","0.3125977253322162","0.3125977253322162"
"43657","0.3125977253322162","0.3125977253322162","0.3125977253322162"
"43659","0.3125977253322162","0.3125977253322162","0.3125977253322162"
"43661","0.31261401838228264","0.31261401838228264","0.31261401838228264"
"43674","0.3129631232887732","0.3129631232887732","0.3129631232887732"
"43677","0.3129631232887732","0.3129631232887732","0.3129631232887732"
"43682","0.3129631232887732","0.3129631232887732","0.3129631232887732"
"43691","0.3129631232887732","0.3129631232887732","0.3129631232887732"
"43695","0.3129631232887732","0.3129631232887732","0.3129631232887732"
"43709","0.3129631232887732","0.3129631232887732","0.3129631232887732"
"43718","0.3129631232887732","0.3129631232887732","0.3129631232887732"
"43719","0.3129631232887732","0.3129631232887732","0.3129631232887732"
"43724","0.3129631232887732","0.3129631232887732","0.3129631232887732"
"43727","0.3129631232887732","0.3129631232887732","0.3129631232887732"
"43732","0.3129631232887732","0.3129631232887732","0.3129631232887732"
"43735","0.3129631232887732","0.3129631232887732","0.3129631232887732"
"43741","0.3129631232887732","0.3129631232887732","0.3129631232887732"
"43752","0.3129631232887732","0.3129631232887732","0.3129631232887732"
"43776","0.3126562462703987","0.3126562462703987","0.3126562462703987"
"43784","0.3126562640019074","0.3126562640019074","0.3126562640019074"
"43798","0.3126562640019074","0.3126562640019074","0.3126562640019074"
"43800","0.3126562640019074","0.3126562640019074","0.3126562640019074"
"43805","0.3126562640019074","0.3126562640019074","0.3126562640019074"
"43811","0.3126562640019074","0.3126562640019074","0.3126562640019074"
"43812","0.3126562640019074","0.3126562640019074","0.3126562640019074"
"43814","0.3126562640019074","0.3126562640019074","0.3126562640019074"
"43821","0.3126562640019074","0.3126562640019074","0.3126562640019074"
"43823","0.3126562640019074","0.3126562640019074","0.3126562640019074"
"43824","0.3126562640019074","0.3126562640019074","0.3126562640019074"
"43825","0.3126562640019074","0.3126562640019074","0.3126562640019074"
"43829","0.3126562640019074","0.3126562640019074","0.3126562640019074"
"43830","0.3126562640019074","0.3126562640019074","0.3126562640019074"
"43832","0.3126562640019074","0.3126562640019074","0.3126562640019074"
"43837","0.3126562640019074","0.3126562640019074","0.3126562640019074"
"43851","0.3126562640019074","0.3126562640019074","0.3126562640019074"
"43852","0.3126562640019074","0.3126562640019074","0.3126562640019074"
"43854","0.3126562640019074","0.3126562640019074","0.3126562640019074"
"43856","0.3126562640019074","0.3126562640019074","0.3126562640019074"
"43857","0.3126562640019074","0.3126562640019074","0.3126562640019074"
"43861","0.3126562640019074","0.3126562640019074","0.3126562640019074"
"43867","0.3126562640019074","0.3126562640019074","0.3126562640019074"
"43871","0.3126562640019074","0.3126562640019074","0.3126562640019074"
"43874","0.3126562640019074","0.3126562640019074","0.3126562640019074"
"43875","0.3126562640019074","0.3126562640019074","0.3126562640019074"
"43882","0.31294469541817305","0.31294469541817305","0.31294469541817305"
"43883","0.31296329540155055","0.31296329540155055","0.31296329540155055"
"43884","0.3131632953964981","0.3131632953964981","0.3131632953964981"
"43886","0.31276348514902563","0.31276348514902563","0.31276348514902563"
"43887","0.3127262636308842","0.3127262636308842","0.3127262636308842"
"43902","0.31220993254564744","0.31220993254564744","0.31220993254564744"
"43905","0.31220993254564744","0.31220993254564744","0.31220993254564744"
"43906","0.31220993254564744","0.31220993254564744","0.31220993254564744"
"43914","0.31220993254564744","0.31220993254564744","0.31220993254564744"
"43926","0.31220993254564744","0.31220993254564744","0.31220993254564744"
"43936","0.31220993254564744","0.31220993254564744","0.31220993254564744"
"43945","0.31220993254564744","0.31220993254564744","0.31220993254564744"
"43948","0.31220993254564744","0.31220993254564744","0.31220993254564744"
"43950","0.31220993254564744","0.31220993254564744","0.31220993254564744"
"43968","0.31220993254564744","0.31220993254564744","0.31220993254564744"
"43970","0.31220993254564744","0.31220993254564744","0.31220993254564744"
"43972","0.31220993254564744","0.31220993254564744","0.31220993254564744"
"43987","0.31220993254564744","0.31220993254564744","0.31220993254564744"
"43988","0.31220993254564744","0.31220993254564744","0.31220993254564744"
"43996","0.31197036602416117","0.31197036602416117","0.31197036602416117"
"44001","0.3122105226021631","0.3122105226021631","0.3122105226021631"
"44024","0.3122105226021631","0.3122105226021631","0.3122105226021631"
"44031","0.3122105226021631","0.3122105226021631","0.3122105226021631"
"44033","0.3122105226021631","0.3122105226021631","0.3122105226021631"
"44034","0.3122105226021631","0.3122105226021631","0.3122105226021631"
"44043","0.3122105226021631","0.3122105226021631","0.3122105226021631"
"44051","0.3122105226021631","0.3122105226021631","0.3122105226021631"
"44053","0.3122105226021631","0.3122105226021631","0.3122105226021631"
"44076","0.3122105226021631","0.3122105226021631","0.3122105226021631"
"44080","0.3122105226021631","0.3122105226021631","0.3122105226021631"
"44085","0.3122105226021631","0.3122105226021631","0.3122105226021631"
"44087","0.3122105226021631","0.3122105226021631","0.3122105226021631"
"44091","0.3122105226021631","0.3122105226021631","0.3122105226021631"
"44094","0.3122105226021631","0.3122105226021631","0.3122105226021631"
"44100","0.3122105226021631","0.3122105226021631","0.3122105226021631"
"44106","0.3129687902356636","0.3129687902356636","0.3129687902356636"
"44126","0.31304324943366735","0.31304324943366735","0.31304324943366735"
"44132","0.31304324943366735","0.31304324943366735","0.31304324943366735"
"44133","0.31304324943366735","0.31304324943366735","0.31304324943366735"
"44153","0.31304324943366735","0.31304324943366735","0.31304324943366735"
"44154","0.31304324943366735","0.31304324943366735","0.31304324943366735"
"44162","0.31304324943366735","0.31304324943366735","0.31304324943366735"
"44163","0.31304324943366735","0.31304324943366735","0.31304324943366735"
"44173","0.31304324943366735","0.31304324943366735","0.31304324943366735"
"44183","0.31304324943366735","0.31304324943366735","0.31304324943366735"
"44186","0.31304324943366735","0.31304324943366735","0.31304324943366735"
"44197","0.31304324943366735","0.31304324943366735","0.31304324943366735"
"44199","0.31304324943366735","0.31304324943366735","0.31304324943366735"
"44201","0.31304324943366735","0.31304324943366735","0.31304324943366735"
"44203","0.31304324943366735","0.31304324943366735","0.31304324943366735"
"44207","0.31304324943366735","0.31304324943366735","0.31304324943366735"
"44213","0.3131501677399683","0.3131501677399683","0.3131501677399683"
"44227","0.3134848044956925","0.3134848044956925","0.3134848044956925"
"44236","0.3134848044956925","0.3134848044956925","0.3134848044956925"
"44238","0.3134848044956925","0.3134848044956925","0.3134848044956925"
"44251","0.3134848044956925","0.3134848044956925","0.3134848044956925"
"44261","0.3134848044956925","0.3134848044956925","0.3134848044956925"
"44272","0.3134848044956925","0.3134848044956925","0.3134848044956925"
"44273","0.3134848044956925","0.3134848044956925","0.3134848044956925"
"44277","0.3134848044956925","0.3134848044956925","0.3134848044956925"
"44279","0.3134848044956925","0.3134848044956925","0.3134848044956925"
"44290","0.3134848044956925","0.3134848044956925","0.3134848044956925"
"44291","0.3134848044956925","0.3134848044956925","0.3134848044956925"
"44299","0.3134848044956925","0.3134848044956925","0.3134848044956925"
"44300","0.3134848044956925","0.3134848044956925","0.3134848044956925"
"44312","0.3134848044956925","0.3134848044956925","0.3134848044956925"
"44325","0.31332467382899265","0.31332467382899265","0.31332467382899265"
"44328","0.31308300217651774","0.31308300217651774","0.31308300217651774"
"44332","0.3131335603903608","0.3131335603903608","0.3131335603903608"
"44334","0.3131335603903608","0.3131335603903608","0.3131335603903608"
"44335","0.3131335603903608","0.3131335603903608","0.3131335603903608"
"44351","0.3131335603903608","0.3131335603903608","0.3131335603903608"
"44355","0.3131335603903608","0.3131335603903608","0.3131335603903608"
"44357","0.3131335603903608","0.3131335603903608","0.3131335603903608"
"44360","0.3131335603903608","0.3131335603903608","0.3131335603903608"
"44365","0.3131335603903608","0.3131335603903608","0.3131335603903608"
"44368","0.3131335603903608","0.3131335603903608","0.3131335603903608"
"44372","0.3131335603903608","0.3131335603903608","0.3131335603903608"
"44378","0.3131335603903608","0.3131335603903608","0.3131335603903608"
"44390","0.3131335603903608","0.3131335603903608","0.3131335603903608"
"44396","0.3131335603903608","0.3131335603903608","0.3131335603903608"
"44400","0.3131335603903608","0.3131335603903608","0.3131335603903608"
"44419","0.3131335603903608","0.3131335603903608","0.3131335603903608"
"44427","0.3131335603903608","0.3131335603903608","0.3131335603903608"
"44432","0.3132406165605971","0.3132406165605971","0.3132406165605971"
"44433","0.3134078582589609","0.3134078582589609","0.3134078582589609"
"44435","0.3136771022328503","0.3136771022328503","0.3136771022328503"
"44441","0.31437517114691216","0.31437517114691216","0.31437517114691216"
"44442","0.31437517114691216","0.31437517114691216","0.31437517114691216"
"44443","0.31437517114691216","0.31437517114691216","0.31437517114691216"
"44444","0.31437517114691216","0.31437517114691216","0.31437517114691216"
"44451","0.31437517114691216","0.31437517114691216","0.31437517114691216"
"44455","0.31437517114691216","0.31437517114691216","0.31437517114691216"
"44468","0.31437517114691216","0.31437517114691216","0.31437517114691216"
"44475","0.31437517114691216","0.31437517114691216","0.31437517114691216"
"44477","0.31437517114691216","0.31437517114691216","0.31437517114691216"
"44481","0.31437517114691216","0.31437517114691216","0.31437517114691216"
"44485","0.31437517114691216","0.31437517114691216","0.31437517114691216"
"44490","0.31437517114691216","0.31437517114691216","0.31437517114691216"
"44494","0.31437517114691216","0.31437517114691216","0.31437517114691216"
"44499","0.31437517114691216","0.31437517114691216","0.31437517114691216"
"44502","0.31437517114691216","0.31437517114691216","0.31437517114691216"
"44506","0.31437517114691216","0.31437517114691216","0.31437517114691216"
"44511","0.31437517114691216","0.31437517114691216","0.31437517114691216"
"44514","0.31437517114691216","0.31437517114691216","0.31437517114691216"
"44519","0.31437517114691216","0.31437517114691216","0.31437517114691216"
"44525","0.31437517114691216","0.31437517114691216","0.31437517114691216"
"44527","0.31437517114691216","0.31437517114691216","0.31437517114691216"
"44538","0.31437517114691216","0.31437517114691216","0.31437517114691216"
"44539","0.31437517114691216","0.31437517114691216","0.31437517114691216"
"44540","0.31437517114691216","0.31437517114691216","0.31437517114691216"
"44541","0.31443534603031364","0.31443534603031364","0.31443534603031364"
"44546","0.31505386743092456","0.31505386743092456","0.31505386743092456"
"44562","0.3152538788964193","0.3152538788964193","0.3152538788964193"
"44565","0.3152538788964193","0.3152538788964193","0.3152538788964193"
"44571","0.3152538788964193","0.3152538788964193","0.3152538788964193"
"44573","0.3152538788964193","0.3152538788964193","0.3152538788964193"
"44575","0.3152538788964193","0.3152538788964193","0.3152538788964193"
"44576","0.3152538788964193","0.3152538788964193","0.3152538788964193"
"44581","0.3152538788964193","0.3152538788964193","0.3152538788964193"
"44582","0.3152538788964193","0.3152538788964193","0.3152538788964193"
"44585","0.3152538788964193","0.3152538788964193","0.3152538788964193"
"44590","0.3152538788964193","0.3152538788964193","0.3152538788964193"
"44609","0.3152538788964193","0.3152538788964193","0.3152538788964193"
"44631","0.3152538788964193","0.3152538788964193","0.3152538788964193"
"44641","0.3152538788964193","0.3152538788964193","0.3152538788964193"
"44645","0.3152538788964193","0.3152538788964193","0.3152538788964193"
"44648","0.3152538788964193","0.3152538788964193","0.3152538788964193"
"44649","0.3152538788964193","0.3152538788964193","0.3152538788964193"
"44656","0.31525628745303036","0.31525628745303036","0.31525628745303036"
"44661","0.31561090732620867","0.31561090732620867","0.31561090732620867"
"44662","0.31561090732620867","0.31561090732620867","0.31561090732620867"
"44667","0.31561090732620867","0.31561090732620867","0.31561090732620867"
"44669","0.31561090732620867","0.31561090732620867","0.31561090732620867"
"44682","0.31561090732620867","0.31561090732620867","0.31561090732620867"
"44686","0.31561090732620867","0.31561090732620867","0.31561090732620867"
"44692","0.31561090732620867","0.31561090732620867","0.31561090732620867"
"44693","0.31561090732620867","0.31561090732620867","0.31561090732620867"
"44701","0.31561090732620867","0.31561090732620867","0.31561090732620867"
"44702","0.31561090732620867","0.31561090732620867","0.31561090732620867"
"44703","0.31561090732620867","0.31561090732620867","0.31561090732620867"
"44705","0.31561090732620867","0.31561090732620867","0.31561090732620867"
"44707","0.31561090732620867","0.31561090732620867","0.31561090732620867"
"44711","0.31561090732620867","0.31561090732620867","0.31561090732620867"
"44715","0.31561090732620867","0.31561090732620867","0.31561090732620867"
"44717","0.31561090732620867","0.31561090732620867","0.31561090732620867"
"44718","0.31561090732620867","0.31561090732620867","0.31561090732620867"
"44725","0.31561090732620867","0.31561090732620867","0.31561090732620867"
"44727","0.31561090732620867","0.31561090732620867","0.31561090732620867"
"44729","0.31561090732620867","0.31561090732620867","0.31561090732620867"
"44732","0.31561090732620867","0.31561090732620867","0.31561090732620867"
"44739","0.31561090732620867","0.31561090732620867","0.31561090732620867"
"44741","0.31561090732620867","0.31561090732620867","0.31561090732620867"
"44751","0.31561090732620867","0.31561090732620867","0.31561090732620867"
"44762","0.31559707585902286","0.31559707585902286","0.31559707585902286"
"44763","0.315583243112178","0.315583243112178","0.315583243112178"
"44766","0.3157307949596543","0.3157307949596543","0.3157307949596543"
"44773","0.31636614928092965","0.31636614928092965","0.31636614928092965"
"44775","0.31636614928092965","0.31636614928092965","0.31636614928092965"
"44781","0.31636614928092965","0.31636614928092965","0.31636614928092965"
"44795","0.31636614928092965","0.31636614928092965","0.31636614928092965"
"44798","0.31636614928092965","0.31636614928092965","0.31636614928092965"
"44801","0.31636614928092965","0.31636614928092965","0.31636614928092965"
"44803","0.31636614928092965","0.31636614928092965","0.31636614928092965"
"44807","0.31636614928092965","0.31636614928092965","0.31636614928092965"
"44812","0.31636614928092965","0.31636614928092965","0.31636614928092965"
"44831","0.31636614928092965","0.31636614928092965","0.31636614928092965"
"44832","0.31636614928092965","0.31636614928092965","0.31636614928092965"
"44855","0.31636614928092965","0.31636614928092965","0.31636614928092965"
"44860","0.31636614928092965","0.31636614928092965","0.31636614928092965"
"44893","0.31622615093610873","0.31622615093610873","0.31622615093610873"
"44913","0.31622615093610873","0.31622615093610873","0.31622615093610873"
"44916","0.31622615093610873","0.31622615093610873","0.31622615093610873"
"44918","0.31622615093610873","0.31622615093610873","0.31622615093610873"
"44920","0.31622615093610873","0.31622615093610873","0.31622615093610873"
"44928","0.31622615093610873","0.31622615093610873","0.31622615093610873"
"44929","0.31622615093610873","0.31622615093610873","0.31622615093610873"
"44935","0.31622615093610873","0.31622615093610873","0.31622615093610873"
"44942","0.31622615093610873","0.31622615093610873","0.31622615093610873"
"44947","0.31622615093610873","0.31622615093610873","0.31622615093610873"
"44948","0.31622615093610873","0.31622615093610873","0.31622615093610873"
"44949","0.31622615093610873","0.31622615093610873","0.31622615093610873"
"44950","0.31622615093610873","0.31622615093610873","0.31622615093610873"
"44960","0.31622615093610873","0.31622615093610873","0.31622615093610873"
"44963","0.31622615093610873","0.31622615093610873","0.31622615093610873"
"44966","0.31622615093610873","0.31622615093610873","0.31622615093610873"
"44969","0.31622615093610873","0.31622615093610873","0.31622615093610873"
"44987","0.31640793928463606","0.31640793928463606","0.31640793928463606"
"44999","0.31604345300374914","0.31604345300374914","0.31604345300374914"
"45000","0.31604345300374914","0.31604345300374914","0.31604345300374914"
"45002","0.31604345300374914","0.31604345300374914","0.31604345300374914"
"45009","0.31604345300374914","0.31604345300374914","0.31604345300374914"
"45021","0.31604345300374914","0.31604345300374914","0.31604345300374914"
"45025","0.31604345300374914","0.31604345300374914","0.31604345300374914"
"45037","0.31604345300374914","0.31604345300374914","0.31604345300374914"
"45039","0.31604345300374914","0.31604345300374914","0.31604345300374914"
"45040","0.31604345300374914","0.31604345300374914","0.31604345300374914"
"45050","0.31604345300374914","0.31604345300374914","0.31604345300374914"
"45065","0.31604345300374914","0.31604345300374914","0.31604345300374914"
"45068","0.31604345300374914","0.31604345300374914","0.31604345300374914"
"45073","0.31604345300374914","0.31604345300374914","0.31604345300374914"
"45075","0.31604345300374914","0.31604345300374914","0.31604345300374914"
"45077","0.31604345300374914","0.31604345300374914","0.31604345300374914"
"45083","0.31604345300374914","0.31604345300374914","0.31604345300374914"
"45085","0.31604345300374914","0.31604345300374914","0.31604345300374914"
"45091","0.31604345300374914","0.31604345300374914","0.31604345300374914"
"45092","0.3162434529986967","0.3162434529986967","0.3162434529986967"
"45096","0.3164067599246664","0.3164067599246664","0.3164067599246664"
"45110","0.3167354794314633","0.3167354794314633","0.3167354794314633"
"45113","0.3167354794314633","0.3167354794314633","0.3167354794314633"
"45123","0.3167354794314633","0.3167354794314633","0.3167354794314633"
"45124","0.3167354794314633","0.3167354794314633","0.3167354794314633"
"45128","0.3167354794314633","0.3167354794314633","0.3167354794314633"
"45132","0.3167354794314633","0.3167354794314633","0.3167354794314633"
"45139","0.3167354794314633","0.3167354794314633","0.3167354794314633"
"45144","0.3167354794314633","0.3167354794314633","0.3167354794314633"
"45150","0.3167354794314633","0.3167354794314633","0.3167354794314633"
"45158","0.3167354794314633","0.3167354794314633","0.3167354794314633"
"45160","0.3167354794314633","0.3167354794314633","0.3167354794314633"
"45165","0.3167354794314633","0.3167354794314633","0.3167354794314633"
"45170","0.3167354794314633","0.3167354794314633","0.3167354794314633"
"45183","0.3167354794314633","0.3167354794314633","0.3167354794314633"
"45188","0.3167354794314633","0.3167354794314633","0.3167354794314633"
"45189","0.3167354794314633","0.3167354794314633","0.3167354794314633"
"45190","0.3167354794314633","0.3167354794314633","0.3167354794314633"
"45191","0.3167354794314633","0.3167354794314633","0.3167354794314633"
"45194","0.3167354794314633","0.3167354794314633","0.3167354794314633"
"45200","0.3167354794314633","0.3167354794314633","0.3167354794314633"
"45206","0.3167516180165876","0.3167516180165876","0.3167516180165876"
"45223","0.3168940235319496","0.3168940235319496","0.3168940235319496"
"45224","0.3168940235319496","0.3168940235319496","0.3168940235319496"
"45238","0.3168940235319496","0.3168940235319496","0.3168940235319496"
"45250","0.3168940235319496","0.3168940235319496","0.3168940235319496"
"45260","0.3168940235319496","0.3168940235319496","0.3168940235319496"
"45261","0.3168940235319496","0.3168940235319496","0.3168940235319496"
"45277","0.3168940235319496","0.3168940235319496","0.3168940235319496"
"45278","0.3168940235319496","0.3168940235319496","0.3168940235319496"
"45293","0.3168940235319496","0.3168940235319496","0.3168940235319496"
"45309","0.3168940235319496","0.3168940235319496","0.3168940235319496"
"45313","0.3167216521670525","0.3167216521670525","0.3167216521670525"
"45316","0.31685490364734503","0.31685490364734503","0.31685490364734503"
"45332","0.31686663744594623","0.31686663744594623","0.31686663744594623"
"45339","0.31686663744594623","0.31686663744594623","0.31686663744594623"
"45340","0.31686663744594623","0.31686663744594623","0.31686663744594623"
"45342","0.31686663744594623","0.31686663744594623","0.31686663744594623"
"45343","0.31686663744594623","0.31686663744594623","0.31686663744594623"
"45367","0.31686663744594623","0.31686663744594623","0.31686663744594623"
"45372","0.31686663744594623","0.31686663744594623","0.31686663744594623"
"45375","0.31686663744594623","0.31686663744594623","0.31686663744594623"
"45380","0.31686663744594623","0.31686663744594623","0.31686663744594623"
"45386","0.31686663744594623","0.31686663744594623","0.31686663744594623"
"45393","0.31686663744594623","0.31686663744594623","0.31686663744594623"
"45402","0.31686663744594623","0.31686663744594623","0.31686663744594623"
"45411","0.31686663744594623","0.31686663744594623","0.31686663744594623"
"45412","0.31686663744594623","0.31686663744594623","0.31686663744594623"
"45413","0.31686663744594623","0.31686663744594623","0.31686663744594623"
"45414","0.31686663744594623","0.31686663744594623","0.31686663744594623"
"45424","0.31702319128644374","0.31702319128644374","0.31702319128644374"
"45431","0.31719317439828953","0.31719317439828953","0.31719317439828953"
"45442","0.31719317439828953","0.31719317439828953","0.31719317439828953"
"45443","0.31719317439828953","0.31719317439828953","0.31719317439828953"
"45453","0.31719317439828953","0.31719317439828953","0.31719317439828953"
"45473","0.31719317439828953","0.31719317439828953","0.31719317439828953"
"45477","0.31719317439828953","0.31719317439828953","0.31719317439828953"
"45483","0.31719317439828953","0.31719317439828953","0.31719317439828953"
"45493","0.31719317439828953","0.31719317439828953","0.31719317439828953"
"45496","0.31719317439828953","0.31719317439828953","0.31719317439828953"
"45497","0.31719317439828953","0.31719317439828953","0.31719317439828953"
"45498","0.31719317439828953","0.31719317439828953","0.31719317439828953"
"45500","0.31719317439828953","0.31719317439828953","0.31719317439828953"
"45505","0.31719317439828953","0.31719317439828953","0.31719317439828953"
"45519","0.31719317439828953","0.31719317439828953","0.31719317439828953"
"45526","0.31719317439828953","0.31719317439828953","0.31719317439828953"
"45528","0.31719317439828953","0.31719317439828953","0.31719317439828953"
"45531","0.31715188497228153","0.31715188497228153","0.31715188497228153"
"45533","0.3172941068279215","0.3172941068279215","0.3172941068279215"
"45537","0.31725288907009597","0.31725288907009597","0.31725288907009597"
"45547","0.31693091472525337","0.31693091472525337","0.31693091472525337"
"45548","0.31693091472525337","0.31693091472525337","0.31693091472525337"
"45556","0.31693091472525337","0.31693091472525337","0.31693091472525337"
"45572","0.31693091472525337","0.31693091472525337","0.31693091472525337"
"45579","0.31693091472525337","0.31693091472525337","0.31693091472525337"
"45581","0.31693091472525337","0.31693091472525337","0.31693091472525337"
"45585","0.31693091472525337","0.31693091472525337","0.31693091472525337"
"45586","0.31693091472525337","0.31693091472525337","0.31693091472525337"
"45588","0.31693091472525337","0.31693091472525337","0.31693091472525337"
"45594","0.31693091472525337","0.31693091472525337","0.31693091472525337"
"45599","0.31693091472525337","0.31693091472525337","0.31693091472525337"
"45606","0.31693091472525337","0.31693091472525337","0.31693091472525337"
"45609","0.31693091472525337","0.31693091472525337","0.31693091472525337"
"45611","0.31693091472525337","0.31693091472525337","0.31693091472525337"
"45625","0.31693091472525337","0.31693091472525337","0.31693091472525337"
"45628","0.31693091472525337","0.31693091472525337","0.31693091472525337"
"45635","0.31693091472525337","0.31693091472525337","0.31693091472525337"
"45638","0.31693091472525337","0.31693091472525337","0.31693091472525337"
"45644","0.3172943729278813","0.3172943729278813","0.3172943729278813"
"45647","0.31750074173223763","0.31750074173223763","0.31750074173223763"
"45657","0.3176686581774447","0.3176686581774447","0.3176686581774447"
"45658","0.3176686581774447","0.3176686581774447","0.3176686581774447"
"45662","0.3176686581774447","0.3176686581774447","0.3176686581774447"
"45663","0.3176686581774447","0.3176686581774447","0.3176686581774447"
"45670","0.3176686581774447","0.3176686581774447","0.3176686581774447"
"45673","0.3176686581774447","0.3176686581774447","0.3176686581774447"
"45701","0.3176686581774447","0.3176686581774447","0.3176686581774447"
"45707","0.3176686581774447","0.3176686581774447","0.3176686581774447"
"45709","0.3176686581774447","0.3176686581774447","0.3176686581774447"
"45724","0.3176686581774447","0.3176686581774447","0.3176686581774447"
"45725","0.3176686581774447","0.3176686581774447","0.3176686581774447"
"45730","0.3176686581774447","0.3176686581774447","0.3176686581774447"
"45731","0.3176686581774447","0.3176686581774447","0.3176686581774447"
"45733","0.3176686581774447","0.3176686581774447","0.3176686581774447"
"45735","0.3176686581774447","0.3176686581774447","0.3176686581774447"
"45736","0.3176686581774447","0.3176686581774447","0.3176686581774447"
"45738","0.3176686581774447","0.3176686581774447","0.3176686581774447"
"45740","0.3176686581774447","0.3176686581774447","0.3176686581774447"
"45745","0.3176686581774447","0.3176686581774447","0.3176686581774447"
"45749","0.3176686581774447","0.3176686581774447","0.3176686581774447"
"45750","0.3176686581774447","0.3176686581774447","0.3176686581774447"
"45753","0.3179090957474727","0.3179090957474727","0.3179090957474727"
"45755","0.3179434263796338","0.3179434263796338","0.3179434263796338"
"45771","0.31780995745734797","0.31780995745734797","0.31780995745734797"
"45772","0.31780995745734797","0.31780995745734797","0.31780995745734797"
"45774","0.31780995745734797","0.31780995745734797","0.31780995745734797"
"45783","0.31780995745734797","0.31780995745734797","0.31780995745734797"
"45785","0.31780995745734797","0.31780995745734797","0.31780995745734797"
"45798","0.31780995745734797","0.31780995745734797","0.31780995745734797"
"45800","0.31780995745734797","0.31780995745734797","0.31780995745734797"
"45808","0.31780995745734797","0.31780995745734797","0.31780995745734797"
"45810","0.31780995745734797","0.31780995745734797","0.31780995745734797"
"45815","0.31780995745734797","0.31780995745734797","0.31780995745734797"
"45818","0.31780995745734797","0.31780995745734797","0.31780995745734797"
"45826","0.31780995745734797","0.31780995745734797","0.31780995745734797"
"45835","0.31780995745734797","0.31780995745734797","0.31780995745734797"
"45839","0.31780995745734797","0.31780995745734797","0.31780995745734797"
"45846","0.31780995745734797","0.31780995745734797","0.31780995745734797"
"45856","0.31780995745734797","0.31780995745734797","0.31780995745734797"
"45868","0.317945907010062","0.317945907010062","0.317945907010062"
"45869","0.31807634730771495","0.31807634730771495","0.31807634730771495"
"45881","0.31787634731276737","0.31787634731276737","0.31787634731276737"
"45893","0.31787634731276737","0.31787634731276737","0.31787634731276737"
"45894","0.31787634731276737","0.31787634731276737","0.31787634731276737"
"45899","0.31787634731276737","0.31787634731276737","0.31787634731276737"
"45904","0.31787634731276737","0.31787634731276737","0.31787634731276737"
"45908","0.31787634731276737","0.31787634731276737","0.31787634731276737"
"45912","0.31787634731276737","0.31787634731276737","0.31787634731276737"
"45918","0.31787634731276737","0.31787634731276737","0.31787634731276737"
"45920","0.31787634731276737","0.31787634731276737","0.31787634731276737"
"45924","0.31787634731276737","0.31787634731276737","0.31787634731276737"
"45925","0.31787634731276737","0.31787634731276737","0.31787634731276737"
"45928","0.31787634731276737","0.31787634731276737","0.31787634731276737"
"45933","0.31787634731276737","0.31787634731276737","0.31787634731276737"
"45943","0.31787634731276737","0.31787634731276737","0.31787634731276737"
"45945","0.31787634731276737","0.31787634731276737","0.31787634731276737"
"45956","0.31787634731276737","0.31787634731276737","0.31787634731276737"
"45964","0.31787634731276737","0.31787634731276737","0.31787634731276737"
"45970","0.31787634731276737","0.31787634731276737","0.31787634731276737"
"45981","0.3177598029900309","0.3177598029900309","0.3177598029900309"
"45982","0.3177598029900309","0.3177598029900309","0.3177598029900309"
"45987","0.3177598029900309","0.3177598029900309","0.3177598029900309"
"45988","0.3177598029900309","0.3177598029900309","0.3177598029900309"
"46001","0.3177598029900309","0.3177598029900309","0.3177598029900309"
"46003","0.3177598029900309","0.3177598029900309","0.3177598029900309"
"46004","0.3177598029900309","0.3177598029900309","0.3177598029900309"
"46005","0.3177598029900309","0.3177598029900309","0.3177598029900309"
"46011","0.3177598029900309","0.3177598029900309","0.3177598029900309"
"46018","0.3177598029900309","0.3177598029900309","0.3177598029900309"
"46024","0.3177598029900309","0.3177598029900309","0.3177598029900309"
"46028","0.3177598029900309","0.3177598029900309","0.3177598029900309"
"46030","0.3177598029900309","0.3177598029900309","0.3177598029900309"
"46039","0.3177598029900309","0.3177598029900309","0.3177598029900309"
"46049","0.3177598029900309","0.3177598029900309","0.3177598029900309"
"46050","0.3177598029900309","0.3177598029900309","0.3177598029900309"
"46060","0.3177598029900309","0.3177598029900309","0.3177598029900309"
"46068","0.3177598029900309","0.3177598029900309","0.3177598029900309"
"46072","0.3177598029900309","0.3177598029900309","0.3177598029900309"
"46092","0.3177921043492006","0.3177921043492006","0.3177921043492006"
"46093","0.3177921043492006","0.3177921043492006","0.3177921043492006"
"46094","0.3177921043492006","0.3177921043492006","0.3177921043492006"
"46098","0.3177921043492006","0.3177921043492006","0.3177921043492006"
"46107","0.3177921043492006","0.3177921043492006","0.3177921043492006"
"46117","0.3177921043492006","0.3177921043492006","0.3177921043492006"
"46118","0.3177921043492006","0.3177921043492006","0.3177921043492006"
"46126","0.3177921043492006","0.3177921043492006","0.3177921043492006"
"46135","0.3177921043492006","0.3177921043492006","0.3177921043492006"
"46140","0.3177921043492006","0.3177921043492006","0.3177921043492006"
"46142","0.3177921043492006","0.3177921043492006","0.3177921043492006"
"46143","0.3177921043492006","0.3177921043492006","0.3177921043492006"
"46149","0.3177921043492006","0.3177921043492006","0.3177921043492006"
"46151","0.3177921043492006","0.3177921043492006","0.3177921043492006"
"46157","0.3177921043492006","0.3177921043492006","0.3177921043492006"
"46161","0.3177921043492006","0.3177921043492006","0.3177921043492006"
"46162","0.3177921043492006","0.3177921043492006","0.3177921043492006"
"46163","0.3177921043492006","0.3177921043492006","0.3177921043492006"
"46166","0.3177921043492006","0.3177921043492006","0.3177921043492006"
"46169","0.3177921043492006","0.3177921043492006","0.3177921043492006"
"46184","0.3177921043492006","0.3177921043492006","0.3177921043492006"
"46194","0.31783794281304834","0.31783794281304834","0.31783794281304834"
"46208","0.31828957293996607","0.31828957293996607","0.31828957293996607"
"46213","0.31828957293996607","0.31828957293996607","0.31828957293996607"
"46221","0.31828957293996607","0.31828957293996607","0.31828957293996607"
"46227","0.31828957293996607","0.31828957293996607","0.31828957293996607"
"46235","0.31828957293996607","0.31828957293996607","0.31828957293996607"
"46242","0.31828957293996607","0.31828957293996607","0.31828957293996607"
"46243","0.31828957293996607","0.31828957293996607","0.31828957293996607"
"46244","0.31828957293996607","0.31828957293996607","0.31828957293996607"
"46246","0.31828957293996607","0.31828957293996607","0.31828957293996607"
"46256","0.31828957293996607","0.31828957293996607","0.31828957293996607"
"46268","0.31828957293996607","0.31828957293996607","0.31828957293996607"
"46272","0.31828957293996607","0.31828957293996607","0.31828957293996607"
"46277","0.31828957293996607","0.31828957293996607","0.31828957293996607"
"46280","0.31828957293996607","0.31828957293996607","0.31828957293996607"
"46288","0.31828957293996607","0.31828957293996607","0.31828957293996607"
"46297","0.31828957293996607","0.31828957293996607","0.31828957293996607"
"46307","0.31809108541469866","0.31809108541469866","0.31809108541469866"
"46310","0.3181381919870091","0.3181381919870091","0.3181381919870091"
"46311","0.3181381919870091","0.3181381919870091","0.3181381919870091"
"46324","0.3181381919870091","0.3181381919870091","0.3181381919870091"
"46339","0.3181381919870091","0.3181381919870091","0.3181381919870091"
"46340","0.3181381919870091","0.3181381919870091","0.3181381919870091"
"46341","0.3181381919870091","0.3181381919870091","0.3181381919870091"
"46347","0.3181381919870091","0.3181381919870091","0.3181381919870091"
"46351","0.3181381919870091","0.3181381919870091","0.3181381919870091"
"46353","0.3181381919870091","0.3181381919870091","0.3181381919870091"
"46362","0.3181381919870091","0.3181381919870091","0.3181381919870091"
"46368","0.3181381919870091","0.3181381919870091","0.3181381919870091"
"46373","0.3181381919870091","0.3181381919870091","0.3181381919870091"
"46391","0.3181381919870091","0.3181381919870091","0.3181381919870091"
"46401","0.3181381919870091","0.3181381919870091","0.3181381919870091"
"46403","0.3181381919870091","0.3181381919870091","0.3181381919870091"
"46410","0.3181381919870091","0.3181381919870091","0.3181381919870091"
"46411","0.3183381919819567","0.3183381919819567","0.3183381919819567"
"46425","0.31819196813862616","0.31819196813862616","0.31819196813862616"
"46426","0.31819196813862616","0.31819196813862616","0.31819196813862616"
"46437","0.31819196813862616","0.31819196813862616","0.31819196813862616"
"46441","0.31819196813862616","0.31819196813862616","0.31819196813862616"
"46445","0.31819196813862616","0.31819196813862616","0.31819196813862616"
"46447","0.31819196813862616","0.31819196813862616","0.31819196813862616"
"46451","0.31819196813862616","0.31819196813862616","0.31819196813862616"
"46465","0.31819196813862616","0.31819196813862616","0.31819196813862616"
"46470","0.31819196813862616","0.31819196813862616","0.31819196813862616"
"46486","0.31819196813862616","0.31819196813862616","0.31819196813862616"
"46494","0.31819196813862616","0.31819196813862616","0.31819196813862616"
"46495","0.31819196813862616","0.31819196813862616","0.31819196813862616"
"46496","0.31819196813862616","0.31819196813862616","0.31819196813862616"
"46525","0.3183166247993995","0.3183166247993995","0.3183166247993995"
"46526","0.3184171982878524","0.3184171982878524","0.3184171982878524"
"46529","0.31829487861737105","0.31829487861737105","0.31829487861737105"
"46531","0.3184731801642101","0.3184731801642101","0.3184731801642101"
"46543","0.3184731801642101","0.3184731801642101","0.3184731801642101"
"46544","0.3184731801642101","0.3184731801642101","0.3184731801642101"
"46551","0.3184731801642101","0.3184731801642101","0.3184731801642101"
"46552","0.3184731801642101","0.3184731801642101","0.3184731801642101"
"46556","0.3184731801642101","0.3184731801642101","0.3184731801642101"
"46560","0.3184731801642101","0.3184731801642101","0.3184731801642101"
"46562","0.3184731801642101","0.3184731801642101","0.3184731801642101"
"46563","0.3184731801642101","0.3184731801642101","0.3184731801642101"
"46567","0.3184731801642101","0.3184731801642101","0.3184731801642101"
"46605","0.3184731801642101","0.3184731801642101","0.3184731801642101"
"46608","0.3184731801642101","0.3184731801642101","0.3184731801642101"
"46627","0.3184731801642101","0.3184731801642101","0.3184731801642101"
"46631","0.3185828427643628","0.3185828427643628","0.3185828427643628"
"46632","0.3185325980424295","0.3185325980424295","0.3185325980424295"
"46634","0.31821374443584316","0.31821374443584316","0.31821374443584316"
"46636","0.3183405764260442","0.3183405764260442","0.3183405764260442"
"46646","0.3180548586181885","0.3180548586181885","0.3180548586181885"
"46647","0.3180548586181885","0.3180548586181885","0.3180548586181885"
"46676","0.3180548586181885","0.3180548586181885","0.3180548586181885"
"46682","0.3180548586181885","0.3180548586181885","0.3180548586181885"
"46689","0.3180548586181885","0.3180548586181885","0.3180548586181885"
"46691","0.3180548586181885","0.3180548586181885","0.3180548586181885"
"46707","0.3180548586181885","0.3180548586181885","0.3180548586181885"
"46714","0.3180548586181885","0.3180548586181885","0.3180548586181885"
"46721","0.3180548586181885","0.3180548586181885","0.3180548586181885"
"46727","0.3180548586181885","0.3180548586181885","0.3180548586181885"
"46733","0.3180548586181885","0.3180548586181885","0.3180548586181885"
"46744","0.3177404502797344","0.3177404502797344","0.3177404502797344"
"46757","0.3173846709499685","0.3173846709499685","0.3173846709499685"
"46765","0.3173846709499685","0.3173846709499685","0.3173846709499685"
"46768","0.3173846709499685","0.3173846709499685","0.3173846709499685"
"46770","0.3173846709499685","0.3173846709499685","0.3173846709499685"
"46794","0.3173846709499685","0.3173846709499685","0.3173846709499685"
"46795","0.3173846709499685","0.3173846709499685","0.3173846709499685"
"46801","0.3173846709499685","0.3173846709499685","0.3173846709499685"
"46805","0.3173846709499685","0.3173846709499685","0.3173846709499685"
"46824","0.3173846709499685","0.3173846709499685","0.3173846709499685"
"46831","0.3173846709499685","0.3173846709499685","0.3173846709499685"
"46832","0.3173846709499685","0.3173846709499685","0.3173846709499685"
"46834","0.3173846709499685","0.3173846709499685","0.3173846709499685"
"46872","0.3178154369855747","0.3178154369855747","0.3178154369855747"
"46884","0.3178154369855747","0.3178154369855747","0.3178154369855747"
"46892","0.3178154369855747","0.3178154369855747","0.3178154369855747"
"46894","0.3178154369855747","0.3178154369855747","0.3178154369855747"
"46902","0.3178154369855747","0.3178154369855747","0.3178154369855747"
"46907","0.3178154369855747","0.3178154369855747","0.3178154369855747"
"46908","0.3178154369855747","0.3178154369855747","0.3178154369855747"
"46916","0.3178154369855747","0.3178154369855747","0.3178154369855747"
"46917","0.3178154369855747","0.3178154369855747","0.3178154369855747"
"46918","0.3178154369855747","0.3178154369855747","0.3178154369855747"
"46934","0.3178154369855747","0.3178154369855747","0.3178154369855747"
"46947","0.3178154369855747","0.3178154369855747","0.3178154369855747"
"46949","0.3178154369855747","0.3178154369855747","0.3178154369855747"
"46954","0.3178154369855747","0.3178154369855747","0.3178154369855747"
"46955","0.3178154369855747","0.3178154369855747","0.3178154369855747"
"46957","0.3178154369855747","0.3178154369855747","0.3178154369855747"
"46966","0.3179879798757156","0.3179879798757156","0.3179879798757156"
"46972","0.31819846556513764","0.31819846556513764","0.31819846556513764"
"46973","0.31819846556513764","0.31819846556513764","0.31819846556513764"
"46978","0.31819846556513764","0.31819846556513764","0.31819846556513764"
"46979","0.31819846556513764","0.31819846556513764","0.31819846556513764"
"46983","0.31819846556513764","0.31819846556513764","0.31819846556513764"
"46987","0.31819846556513764","0.31819846556513764","0.31819846556513764"
"47005","0.31819846556513764","0.31819846556513764","0.31819846556513764"
"47006","0.31819846556513764","0.31819846556513764","0.31819846556513764"
"47011","0.31819846556513764","0.31819846556513764","0.31819846556513764"
"47019","0.31819846556513764","0.31819846556513764","0.31819846556513764"
"47032","0.31819846556513764","0.31819846556513764","0.31819846556513764"
"47034","0.31819846556513764","0.31819846556513764","0.31819846556513764"
"47036","0.31819846556513764","0.31819846556513764","0.31819846556513764"
"47037","0.31819846556513764","0.31819846556513764","0.31819846556513764"
"47038","0.31819846556513764","0.31819846556513764","0.31819846556513764"
"47039","0.31819846556513764","0.31819846556513764","0.31819846556513764"
"47051","0.31819846556513764","0.31819846556513764","0.31819846556513764"
"47052","0.31819846556513764","0.31819846556513764","0.31819846556513764"
"47058","0.31819846556513764","0.31819846556513764","0.31819846556513764"
"47062","0.31819846556513764","0.31819846556513764","0.31819846556513764"
"47063","0.31819846556513764","0.31819846556513764","0.31819846556513764"
"47065","0.31819846556513764","0.31819846556513764","0.31819846556513764"
"47069","0.31819846556513764","0.31819846556513764","0.31819846556513764"
"47070","0.31819846556513764","0.31819846556513764","0.31819846556513764"
"47082","0.3184167410912323","0.3184167410912323","0.3184167410912323"
"47085","0.3184167410912323","0.3184167410912323","0.3184167410912323"
"47090","0.3184167410912323","0.3184167410912323","0.3184167410912323"
"47093","0.3184167410912323","0.3184167410912323","0.3184167410912323"
"47097","0.3184167410912323","0.3184167410912323","0.3184167410912323"
"47099","0.3184167410912323","0.3184167410912323","0.3184167410912323"
"47101","0.3184167410912323","0.3184167410912323","0.3184167410912323"
"47109","0.3184167410912323","0.3184167410912323","0.3184167410912323"
"47117","0.3184167410912323","0.3184167410912323","0.3184167410912323"
"47118","0.3184167410912323","0.3184167410912323","0.3184167410912323"
"47121","0.3184167410912323","0.3184167410912323","0.3184167410912323"
"47124","0.3184167410912323","0.3184167410912323","0.3184167410912323"
"47131","0.3184167410912323","0.3184167410912323","0.3184167410912323"
"47136","0.3184167410912323","0.3184167410912323","0.3184167410912323"
"47137","0.3184167410912323","0.3184167410912323","0.3184167410912323"
"47151","0.3184167410912323","0.3184167410912323","0.3184167410912323"
"47166","0.3184167410912323","0.3184167410912323","0.3184167410912323"
"47171","0.3184167410912323","0.3184167410912323","0.3184167410912323"
"47178","0.3184167410912323","0.3184167410912323","0.3184167410912323"
"47181","0.3183938906662206","0.3183938906662206","0.3183938906662206"
"47189","0.31851959689092835","0.31851959689092835","0.31851959689092835"
"47194","0.3183756857107255","0.3183756857107255","0.3183756857107255"
"47195","0.3183756857107255","0.3183756857107255","0.3183756857107255"
"47208","0.3183756857107255","0.3183756857107255","0.3183756857107255"
"47215","0.3183756857107255","0.3183756857107255","0.3183756857107255"
"47220","0.3183756857107255","0.3183756857107255","0.3183756857107255"
"47229","0.3183756857107255","0.3183756857107255","0.3183756857107255"
"47231","0.3183756857107255","0.3183756857107255","0.3183756857107255"
"47232","0.3183756857107255","0.3183756857107255","0.3183756857107255"
"47244","0.3183756857107255","0.3183756857107255","0.3183756857107255"
"47251","0.3183756857107255","0.3183756857107255","0.3183756857107255"
"47256","0.3183756857107255","0.3183756857107255","0.3183756857107255"
"47257","0.3183756857107255","0.3183756857107255","0.3183756857107255"
"47259","0.3183756857107255","0.3183756857107255","0.3183756857107255"
"47263","0.3183756857107255","0.3183756857107255","0.3183756857107255"
"47270","0.3183756857107255","0.3183756857107255","0.3183756857107255"
"47273","0.3183756857107255","0.3183756857107255","0.3183756857107255"
"47276","0.3183756857107255","0.3183756857107255","0.3183756857107255"
"47281","0.3183756857107255","0.3183756857107255","0.3183756857107255"
"47282","0.3183756857107255","0.3183756857107255","0.3183756857107255"
"47283","0.3183756857107255","0.3183756857107255","0.3183756857107255"
"47284","0.3183756857107255","0.3183756857107255","0.3183756857107255"
"47300","0.3183954523629836","0.3183954523629836","0.3183954523629836"
"47304","0.3183954523629836","0.3183954523629836","0.3183954523629836"
"47305","0.3183954523629836","0.3183954523629836","0.3183954523629836"
"47311","0.3183954523629836","0.3183954523629836","0.3183954523629836"
"47313","0.3183954523629836","0.3183954523629836","0.3183954523629836"
"47318","0.3183954523629836","0.3183954523629836","0.3183954523629836"
"47326","0.3183954523629836","0.3183954523629836","0.3183954523629836"
"47334","0.3183954523629836","0.3183954523629836","0.3183954523629836"
"47337","0.3183954523629836","0.3183954523629836","0.3183954523629836"
"47339","0.3183954523629836","0.3183954523629836","0.3183954523629836"
"47341","0.3183954523629836","0.3183954523629836","0.3183954523629836"
"47343","0.3183954523629836","0.3183954523629836","0.3183954523629836"
"47357","0.3183954523629836","0.3183954523629836","0.3183954523629836"
"47370","0.3183954523629836","0.3183954523629836","0.3183954523629836"
"47374","0.3183954523629836","0.3183954523629836","0.3183954523629836"
"47388","0.3183954523629836","0.3183954523629836","0.3183954523629836"
"47389","0.3183954523629836","0.3183954523629836","0.3183954523629836"
"47390","0.3183954523629836","0.3183954523629836","0.3183954523629836"
"47398","0.3183954523629836","0.3183954523629836","0.3183954523629836"
"47418","0.31832591138763744","0.31832591138763744","0.31832591138763744"
"47425","0.31832591138763744","0.31832591138763744","0.31832591138763744"
"47434","0.31832591138763744","0.31832591138763744","0.31832591138763744"
"47436","0.31832591138763744","0.31832591138763744","0.31832591138763744"
"47455","0.31832591138763744","0.31832591138763744","0.31832591138763744"
"47458","0.31832591138763744","0.31832591138763744","0.31832591138763744"
"47477","0.31832591138763744","0.31832591138763744","0.31832591138763744"
"47479","0.31832591138763744","0.31832591138763744","0.31832591138763744"
"47481","0.31832591138763744","0.31832591138763744","0.31832591138763744"
"47482","0.31832591138763744","0.31832591138763744","0.31832591138763744"
"47497","0.31832591138763744","0.31832591138763744","0.31832591138763744"
"47499","0.31832591138763744","0.31832591138763744","0.31832591138763744"
"47500","0.31832591138763744","0.31832591138763744","0.31832591138763744"
"47517","0.3180458582693063","0.3180458582693063","0.3180458582693063"
"47525","0.31822772743280436","0.31822772743280436","0.31822772743280436"
"47528","0.31822772743280436","0.31822772743280436","0.31822772743280436"
"47529","0.31822772743280436","0.31822772743280436","0.31822772743280436"
"47533","0.31822772743280436","0.31822772743280436","0.31822772743280436"
"47534","0.31822772743280436","0.31822772743280436","0.31822772743280436"
"47549","0.31822772743280436","0.31822772743280436","0.31822772743280436"
"47554","0.31822772743280436","0.31822772743280436","0.31822772743280436"
"47562","0.31822772743280436","0.31822772743280436","0.31822772743280436"
"47565","0.31822772743280436","0.31822772743280436","0.31822772743280436"
"47586","0.31822772743280436","0.31822772743280436","0.31822772743280436"
"47591","0.31822772743280436","0.31822772743280436","0.31822772743280436"
"47614","0.31822772743280436","0.31822772743280436","0.31822772743280436"
"47617","0.31822772743280436","0.31822772743280436","0.31822772743280436"
"47637","0.3185934933836506","0.3185934933836506","0.3185934933836506"
"47646","0.3185934933836506","0.3185934933836506","0.3185934933836506"
"47653","0.3185934933836506","0.3185934933836506","0.3185934933836506"
"47688","0.3185934933836506","0.3185934933836506","0.3185934933836506"
"47696","0.3185934933836506","0.3185934933836506","0.3185934933836506"
"47697","0.3185934933836506","0.3185934933836506","0.3185934933836506"
"47702","0.3185934933836506","0.3185934933836506","0.3185934933836506"
"47703","0.3185934933836506","0.3185934933836506","0.3185934933836506"
"47705","0.3185934933836506","0.3185934933836506","0.3185934933836506"
"47707","0.3185934933836506","0.3185934933836506","0.3185934933836506"
"47708","0.3185934933836506","0.3185934933836506","0.3185934933836506"
"47714","0.3185934933836506","0.3185934933836506","0.3185934933836506"
"47715","0.3185934933836506","0.3185934933836506","0.3185934933836506"
"47719","0.3185934933836506","0.3185934933836506","0.3185934933836506"
"47722","0.3185934933836506","0.3185934933836506","0.3185934933836506"
"47731","0.3184838721982487","0.3184838721982487","0.3184838721982487"
"47737","0.31860041347781587","0.31860041347781587","0.31860041347781587"
"47740","0.3181421514028443","0.3181421514028443","0.3181421514028443"
"47762","0.3181421514028443","0.3181421514028443","0.3181421514028443"
"47764","0.3181421514028443","0.3181421514028443","0.3181421514028443"
"47765","0.3181421514028443","0.3181421514028443","0.3181421514028443"
"47770","0.3181421514028443","0.3181421514028443","0.3181421514028443"
"47781","0.3181421514028443","0.3181421514028443","0.3181421514028443"
"47791","0.3181421514028443","0.3181421514028443","0.3181421514028443"
"47793","0.3181421514028443","0.3181421514028443","0.3181421514028443"
"47794","0.3181421514028443","0.3181421514028443","0.3181421514028443"
"47800","0.3181421514028443","0.3181421514028443","0.3181421514028443"
"47803","0.3181421514028443","0.3181421514028443","0.3181421514028443"
"47816","0.3181421514028443","0.3181421514028443","0.3181421514028443"
"47819","0.3181421514028443","0.3181421514028443","0.3181421514028443"
"47823","0.3181421514028443","0.3181421514028443","0.3181421514028443"
"47825","0.3181421514028443","0.3181421514028443","0.3181421514028443"
"47851","0.319071494873333","0.319071494873333","0.319071494873333"
"47854","0.319071494873333","0.319071494873333","0.319071494873333"
"47859","0.319071494873333","0.319071494873333","0.319071494873333"
"47860","0.319071494873333","0.319071494873333","0.319071494873333"
"47865","0.319071494873333","0.319071494873333","0.319071494873333"
"47872","0.319071494873333","0.319071494873333","0.319071494873333"
"47875","0.319071494873333","0.319071494873333","0.319071494873333"
"47884","0.319071494873333","0.319071494873333","0.319071494873333"
"47892","0.319071494873333","0.319071494873333","0.319071494873333"
"47904","0.319071494873333","0.319071494873333","0.319071494873333"
"47907","0.319071494873333","0.319071494873333","0.319071494873333"
"47909","0.319071494873333","0.319071494873333","0.319071494873333"
"47910","0.319071494873333","0.319071494873333","0.319071494873333"
"47921","0.319071494873333","0.319071494873333","0.319071494873333"
"47932","0.319071494873333","0.319071494873333","0.319071494873333"
"47934","0.319071494873333","0.319071494873333","0.319071494873333"
"47942","0.319071494873333","0.319071494873333","0.319071494873333"
"47943","0.319071494873333","0.319071494873333","0.319071494873333"
"47947","0.319071494873333","0.319071494873333","0.319071494873333"
"47958","0.31980875068356907","0.31980875068356907","0.31980875068356907"
"47959","0.32000875067851664","0.32000875067851664","0.32000875067851664"
"47961","0.32004512947341934","0.32004512947341934","0.32004512947341934"
"47962","0.32004512947341934","0.32004512947341934","0.32004512947341934"
"47964","0.32004512947341934","0.32004512947341934","0.32004512947341934"
"47969","0.32004512947341934","0.32004512947341934","0.32004512947341934"
"47972","0.32004512947341934","0.32004512947341934","0.32004512947341934"
"47988","0.32004512947341934","0.32004512947341934","0.32004512947341934"
"47990","0.32004512947341934","0.32004512947341934","0.32004512947341934"
"47996","0.32004512947341934","0.32004512947341934","0.32004512947341934"
"47998","0.32004512947341934","0.32004512947341934","0.32004512947341934"
"47999","0.32004512947341934","0.32004512947341934","0.32004512947341934"
"48005","0.32004512947341934","0.32004512947341934","0.32004512947341934"
"48021","0.32004512947341934","0.32004512947341934","0.32004512947341934"
"48026","0.32004512947341934","0.32004512947341934","0.32004512947341934"
"48030","0.32004512947341934","0.32004512947341934","0.32004512947341934"
"48032","0.32004512947341934","0.32004512947341934","0.32004512947341934"
"48037","0.32004512947341934","0.32004512947341934","0.32004512947341934"
"48040","0.32004512947341934","0.32004512947341934","0.32004512947341934"
"48052","0.32004512947341934","0.32004512947341934","0.32004512947341934"
"48057","0.32004512947341934","0.32004512947341934","0.32004512947341934"
"48065","0.31998609937463696","0.31998609937463696","0.31998609937463696"
"48069","0.3199906811706569","0.3199906811706569","0.3199906811706569"
"48075","0.3198406101792898","0.3198406101792898","0.3198406101792898"
"48076","0.3198406101792898","0.3198406101792898","0.3198406101792898"
"48082","0.3198406101792898","0.3198406101792898","0.3198406101792898"
"48085","0.3198406101792898","0.3198406101792898","0.3198406101792898"
"48096","0.3198406101792898","0.3198406101792898","0.3198406101792898"
"48100","0.3198406101792898","0.3198406101792898","0.3198406101792898"
"48102","0.3198406101792898","0.3198406101792898","0.3198406101792898"
"48103","0.3198406101792898","0.3198406101792898","0.3198406101792898"
"48104","0.3198406101792898","0.3198406101792898","0.3198406101792898"
"48107","0.3198406101792898","0.3198406101792898","0.3198406101792898"
"48110","0.3198406101792898","0.3198406101792898","0.3198406101792898"
"48115","0.3198406101792898","0.3198406101792898","0.3198406101792898"
"48133","0.3198406101792898","0.3198406101792898","0.3198406101792898"
"48140","0.3198406101792898","0.3198406101792898","0.3198406101792898"
"48144","0.3198406101792898","0.3198406101792898","0.3198406101792898"
"48153","0.3198406101792898","0.3198406101792898","0.3198406101792898"
"48157","0.3198406101792898","0.3198406101792898","0.3198406101792898"
"48159","0.3198406101792898","0.3198406101792898","0.3198406101792898"
"48182","0.3194793681842384","0.3194793681842384","0.3194793681842384"
"48194","0.3194793681842384","0.3194793681842384","0.3194793681842384"
"48196","0.3194793681842384","0.3194793681842384","0.3194793681842384"
"48205","0.3194793681842384","0.3194793681842384","0.3194793681842384"
"48212","0.3194793681842384","0.3194793681842384","0.3194793681842384"
"48217","0.3194793681842384","0.3194793681842384","0.3194793681842384"
"48219","0.3194793681842384","0.3194793681842384","0.3194793681842384"
"48222","0.3194793681842384","0.3194793681842384","0.3194793681842384"
"48223","0.3194793681842384","0.3194793681842384","0.3194793681842384"
"48231","0.3194793681842384","0.3194793681842384","0.3194793681842384"
"48235","0.3194793681842384","0.3194793681842384","0.3194793681842384"
"48236","0.3194793681842384","0.3194793681842384","0.3194793681842384"
"48238","0.3194793681842384","0.3194793681842384","0.3194793681842384"
"48240","0.3194793681842384","0.3194793681842384","0.3194793681842384"
"48247","0.3194793681842384","0.3194793681842384","0.3194793681842384"
"48257","0.3194793681842384","0.3194793681842384","0.3194793681842384"
"48260","0.3194793681842384","0.3194793681842384","0.3194793681842384"
"48264","0.3194793681842384","0.3194793681842384","0.3194793681842384"
"48276","0.3194793681842384","0.3194793681842384","0.3194793681842384"
"48283","0.3196000928302055","0.3196000928302055","0.3196000928302055"
"48287","0.3195159006437279","0.3195159006437279","0.3195159006437279"
"48288","0.31931590064878035","0.31931590064878035","0.31931590064878035"
"48289","0.3194571743380038","0.3194571743380038","0.3194571743380038"
"48298","0.3196571743329514","0.3196571743329514","0.3196571743329514"
"48304","0.3196571743329514","0.3196571743329514","0.3196571743329514"
"48305","0.3196571743329514","0.3196571743329514","0.3196571743329514"
"48308","0.3196571743329514","0.3196571743329514","0.3196571743329514"
"48312","0.3196571743329514","0.3196571743329514","0.3196571743329514"
"48318","0.3196571743329514","0.3196571743329514","0.3196571743329514"
"48330","0.3196571743329514","0.3196571743329514","0.3196571743329514"
"48334","0.3196571743329514","0.3196571743329514","0.3196571743329514"
"48335","0.3196571743329514","0.3196571743329514","0.3196571743329514"
"48348","0.3196571743329514","0.3196571743329514","0.3196571743329514"
"48356","0.3196571743329514","0.3196571743329514","0.3196571743329514"
"48362","0.3196571743329514","0.3196571743329514","0.3196571743329514"
"48363","0.3196571743329514","0.3196571743329514","0.3196571743329514"
"48366","0.3196571743329514","0.3196571743329514","0.3196571743329514"
"48369","0.3196571743329514","0.3196571743329514","0.3196571743329514"
"48371","0.3196571743329514","0.3196571743329514","0.3196571743329514"
"48373","0.3196571743329514","0.3196571743329514","0.3196571743329514"
"48386","0.3196571743329514","0.3196571743329514","0.3196571743329514"
"48401","0.3199300914685409","0.3199300914685409","0.3199300914685409"
"48410","0.3199300914685409","0.3199300914685409","0.3199300914685409"
"48424","0.3199300914685409","0.3199300914685409","0.3199300914685409"
"48425","0.3199300914685409","0.3199300914685409","0.3199300914685409"
"48426","0.3199300914685409","0.3199300914685409","0.3199300914685409"
"48427","0.3199300914685409","0.3199300914685409","0.3199300914685409"
"48431","0.3199300914685409","0.3199300914685409","0.3199300914685409"
"48433","0.3199300914685409","0.3199300914685409","0.3199300914685409"
"48434","0.3199300914685409","0.3199300914685409","0.3199300914685409"
"48436","0.3199300914685409","0.3199300914685409","0.3199300914685409"
"48439","0.3199300914685409","0.3199300914685409","0.3199300914685409"
"48446","0.3199300914685409","0.3199300914685409","0.3199300914685409"
"48452","0.3199300914685409","0.3199300914685409","0.3199300914685409"
"48455","0.3199300914685409","0.3199300914685409","0.3199300914685409"
"48466","0.3199300914685409","0.3199300914685409","0.3199300914685409"
"48467","0.3199300914685409","0.3199300914685409","0.3199300914685409"
"48469","0.3199300914685409","0.3199300914685409","0.3199300914685409"
"48470","0.3199300914685409","0.3199300914685409","0.3199300914685409"
"48472","0.3199300914685409","0.3199300914685409","0.3199300914685409"
"48482","0.3199300914685409","0.3199300914685409","0.3199300914685409"
"48486","0.3199300914685409","0.3199300914685409","0.3199300914685409"
"48491","0.3199300914685409","0.3199300914685409","0.3199300914685409"
"48494","0.3199300914685409","0.3199300914685409","0.3199300914685409"
"48497","0.3199300914685409","0.3199300914685409","0.3199300914685409"
"48500","0.3199300914685409","0.3199300914685409","0.3199300914685409"
"48503","0.31993918271937216","0.31993918271937216","0.31993918271937216"
"48509","0.31991203258539824","0.31991203258539824","0.31991203258539824"
"48514","0.31975737596540055","0.31975737596540055","0.31975737596540055"
"48529","0.31975737596540055","0.31975737596540055","0.31975737596540055"
"48530","0.31975737596540055","0.31975737596540055","0.31975737596540055"
"48535","0.31975737596540055","0.31975737596540055","0.31975737596540055"
"48537","0.31975737596540055","0.31975737596540055","0.31975737596540055"
"48546","0.31975737596540055","0.31975737596540055","0.31975737596540055"
"48553","0.31975737596540055","0.31975737596540055","0.31975737596540055"
"48554","0.31975737596540055","0.31975737596540055","0.31975737596540055"
"48567","0.31975737596540055","0.31975737596540055","0.31975737596540055"
"48572","0.31975737596540055","0.31975737596540055","0.31975737596540055"
"48581","0.31975737596540055","0.31975737596540055","0.31975737596540055"
"48584","0.31975737596540055","0.31975737596540055","0.31975737596540055"
"48585","0.31975737596540055","0.31975737596540055","0.31975737596540055"
"48592","0.31975737596540055","0.31975737596540055","0.31975737596540055"
"48620","0.3198234007069004","0.3198234007069004","0.3198234007069004"
"48627","0.3198234007069004","0.3198234007069004","0.3198234007069004"
"48633","0.3198234007069004","0.3198234007069004","0.3198234007069004"
"48640","0.3198234007069004","0.3198234007069004","0.3198234007069004"
"48668","0.3198234007069004","0.3198234007069004","0.3198234007069004"
"48689","0.3198234007069004","0.3198234007069004","0.3198234007069004"
"48703","0.3198234007069004","0.3198234007069004","0.3198234007069004"
"48715","0.3198234007069004","0.3198234007069004","0.3198234007069004"
"48720","0.3198234007069004","0.3198234007069004","0.3198234007069004"
"48731","0.320071482203366","0.320071482203366","0.320071482203366"
"48749","0.320071482203366","0.320071482203366","0.320071482203366"
"48751","0.320071482203366","0.320071482203366","0.320071482203366"
"48752","0.320071482203366","0.320071482203366","0.320071482203366"
"48758","0.320071482203366","0.320071482203366","0.320071482203366"
"48769","0.320071482203366","0.320071482203366","0.320071482203366"
"48772","0.320071482203366","0.320071482203366","0.320071482203366"
"48778","0.320071482203366","0.320071482203366","0.320071482203366"
"48787","0.320071482203366","0.320071482203366","0.320071482203366"
"48794","0.320071482203366","0.320071482203366","0.320071482203366"
"48800","0.320071482203366","0.320071482203366","0.320071482203366"
"48801","0.320071482203366","0.320071482203366","0.320071482203366"
"48806","0.320071482203366","0.320071482203366","0.320071482203366"
"48808","0.320071482203366","0.320071482203366","0.320071482203366"
"48815","0.320071482203366","0.320071482203366","0.320071482203366"
"48816","0.320071482203366","0.320071482203366","0.320071482203366"
"48822","0.320071482203366","0.320071482203366","0.320071482203366"
"48837","0.3199670588529443","0.3199670588529443","0.3199670588529443"
"48840","0.3201739834404179","0.3201739834404179","0.3201739834404179"
"48842","0.3201739834404179","0.3201739834404179","0.3201739834404179"
"48845","0.3201739834404179","0.3201739834404179","0.3201739834404179"
"48846","0.3201739834404179","0.3201739834404179","0.3201739834404179"
"48848","0.3201739834404179","0.3201739834404179","0.3201739834404179"
"48850","0.3201739834404179","0.3201739834404179","0.3201739834404179"
"48854","0.3201739834404179","0.3201739834404179","0.3201739834404179"
"48856","0.3201739834404179","0.3201739834404179","0.3201739834404179"
"48857","0.3201739834404179","0.3201739834404179","0.3201739834404179"
"48860","0.3201739834404179","0.3201739834404179","0.3201739834404179"
"48863","0.3201739834404179","0.3201739834404179","0.3201739834404179"
"48871","0.3201739834404179","0.3201739834404179","0.3201739834404179"
"48873","0.3201739834404179","0.3201739834404179","0.3201739834404179"
"48877","0.3201739834404179","0.3201739834404179","0.3201739834404179"
"48884","0.3201739834404179","0.3201739834404179","0.3201739834404179"
"48888","0.3201739834404179","0.3201739834404179","0.3201739834404179"
"48891","0.3201739834404179","0.3201739834404179","0.3201739834404179"
"48892","0.3201739834404179","0.3201739834404179","0.3201739834404179"
"48911","0.3201739834404179","0.3201739834404179","0.3201739834404179"
"48913","0.3201739834404179","0.3201739834404179","0.3201739834404179"
"48915","0.3201739834404179","0.3201739834404179","0.3201739834404179"
"48916","0.3201739834404179","0.3201739834404179","0.3201739834404179"
"48923","0.3201739834404179","0.3201739834404179","0.3201739834404179"
"48935","0.3201739834404179","0.3201739834404179","0.3201739834404179"
"48950","0.32081894134907996","0.32081894134907996","0.32081894134907996"
"48952","0.32081894134907996","0.32081894134907996","0.32081894134907996"
"48955","0.32081894134907996","0.32081894134907996","0.32081894134907996"
"48956","0.32081894134907996","0.32081894134907996","0.32081894134907996"
"48964","0.32081894134907996","0.32081894134907996","0.32081894134907996"
"48972","0.32081894134907996","0.32081894134907996","0.32081894134907996"
"48980","0.32081894134907996","0.32081894134907996","0.32081894134907996"
"48986","0.32081894134907996","0.32081894134907996","0.32081894134907996"
"48992","0.32081894134907996","0.32081894134907996","0.32081894134907996"
"48998","0.32081894134907996","0.32081894134907996","0.32081894134907996"
"48999","0.32081894134907996","0.32081894134907996","0.32081894134907996"
"49004","0.32081894134907996","0.32081894134907996","0.32081894134907996"
"49007","0.32081894134907996","0.32081894134907996","0.32081894134907996"
"49017","0.32081894134907996","0.32081894134907996","0.32081894134907996"
"49022","0.32081894134907996","0.32081894134907996","0.32081894134907996"
"49024","0.32081894134907996","0.32081894134907996","0.32081894134907996"
"49034","0.32081894134907996","0.32081894134907996","0.32081894134907996"
"49036","0.32081894134907996","0.32081894134907996","0.32081894134907996"
"49057","0.32112373820755236","0.32112373820755236","0.32112373820755236"
"49062","0.32137815783253243","0.32137815783253243","0.32137815783253243"
"49064","0.32137815783253243","0.32137815783253243","0.32137815783253243"
"49079","0.32137815783253243","0.32137815783253243","0.32137815783253243"
"49089","0.32137815783253243","0.32137815783253243","0.32137815783253243"
"49105","0.32137815783253243","0.32137815783253243","0.32137815783253243"
"49109","0.32137815783253243","0.32137815783253243","0.32137815783253243"
"49115","0.32137815783253243","0.32137815783253243","0.32137815783253243"
"49128","0.32137815783253243","0.32137815783253243","0.32137815783253243"
"49133","0.32137815783253243","0.32137815783253243","0.32137815783253243"
"49135","0.32137815783253243","0.32137815783253243","0.32137815783253243"
"49143","0.32137815783253243","0.32137815783253243","0.32137815783253243"
"49144","0.32137815783253243","0.32137815783253243","0.32137815783253243"
"49146","0.32137815783253243","0.32137815783253243","0.32137815783253243"
"49148","0.32137815783253243","0.32137815783253243","0.32137815783253243"
"49156","0.32137815783253243","0.32137815783253243","0.32137815783253243"
"49160","0.32137815783253243","0.32137815783253243","0.32137815783253243"
"49164","0.32165967912997073","0.32165967912997073","0.32165967912997073"
"49167","0.32173663617695636","0.32173663617695636","0.32173663617695636"
"49168","0.32182709473099746","0.32182709473099746","0.32182709473099746"
"49171","0.32201805141367","0.32201805141367","0.32201805141367"
"49172","0.32201805141367","0.32201805141367","0.32201805141367"
"49179","0.32201805141367","0.32201805141367","0.32201805141367"
"49180","0.32201805141367","0.32201805141367","0.32201805141367"
"49181","0.32201805141367","0.32201805141367","0.32201805141367"
"49183","0.32201805141367","0.32201805141367","0.32201805141367"
"49185","0.32201805141367","0.32201805141367","0.32201805141367"
"49186","0.32201805141367","0.32201805141367","0.32201805141367"
"49187","0.32201805141367","0.32201805141367","0.32201805141367"
"49213","0.32201805141367","0.32201805141367","0.32201805141367"
"49214","0.32201805141367","0.32201805141367","0.32201805141367"
"49224","0.32201805141367","0.32201805141367","0.32201805141367"
"49228","0.32201805141367","0.32201805141367","0.32201805141367"
"49236","0.32201805141367","0.32201805141367","0.32201805141367"
"49246","0.32201805141367","0.32201805141367","0.32201805141367"
"49251","0.32201805141367","0.32201805141367","0.32201805141367"
"49259","0.32201805141367","0.32201805141367","0.32201805141367"
"49268","0.32201805141367","0.32201805141367","0.32201805141367"
"49271","0.32198641858767585","0.32198641858767585","0.32198641858767585"
"49272","0.3219412243989609","0.3219412243989609","0.3219412243989609"
"49279","0.3228198241996324","0.3228198241996324","0.3228198241996324"
"49282","0.32283785520494346","0.32283785520494346","0.32283785520494346"
"49283","0.32283785520494346","0.32283785520494346","0.32283785520494346"
"49286","0.32283785520494346","0.32283785520494346","0.32283785520494346"
"49290","0.32283785520494346","0.32283785520494346","0.32283785520494346"
"49301","0.32283785520494346","0.32283785520494346","0.32283785520494346"
"49305","0.32283785520494346","0.32283785520494346","0.32283785520494346"
"49306","0.32283785520494346","0.32283785520494346","0.32283785520494346"
"49310","0.32283785520494346","0.32283785520494346","0.32283785520494346"
"49315","0.32283785520494346","0.32283785520494346","0.32283785520494346"
"49325","0.32283785520494346","0.32283785520494346","0.32283785520494346"
"49338","0.32283785520494346","0.32283785520494346","0.32283785520494346"
"49344","0.32283785520494346","0.32283785520494346","0.32283785520494346"
"49350","0.32283785520494346","0.32283785520494346","0.32283785520494346"
"49359","0.32283785520494346","0.32283785520494346","0.32283785520494346"
"49362","0.32283785520494346","0.32283785520494346","0.32283785520494346"
"49371","0.32283785520494346","0.32283785520494346","0.32283785520494346"
"49396","0.3226035111925739","0.3226035111925739","0.3226035111925739"
"49400","0.3226035111925739","0.3226035111925739","0.3226035111925739"
"49401","0.3226035111925739","0.3226035111925739","0.3226035111925739"
"49402","0.3226035111925739","0.3226035111925739","0.3226035111925739"
"49407","0.3226035111925739","0.3226035111925739","0.3226035111925739"
"49416","0.3226035111925739","0.3226035111925739","0.3226035111925739"
"49419","0.3226035111925739","0.3226035111925739","0.3226035111925739"
"49438","0.3226035111925739","0.3226035111925739","0.3226035111925739"
"49453","0.3226035111925739","0.3226035111925739","0.3226035111925739"
"49456","0.3226035111925739","0.3226035111925739","0.3226035111925739"
"49479","0.3226035111925739","0.3226035111925739","0.3226035111925739"
"49481","0.3226035111925739","0.3226035111925739","0.3226035111925739"
"49482","0.3226035111925739","0.3226035111925739","0.3226035111925739"
"49487","0.3226035111925739","0.3226035111925739","0.3226035111925739"
"49491","0.32256460576682","0.32256460576682","0.32256460576682"
"49496","0.32254374294016086","0.32254374294016086","0.32254374294016086"
"49498","0.322297249175881","0.322297249175881","0.322297249175881"
"49500","0.3223401431001548","0.3223401431001548","0.3223401431001548"
"49503","0.3223401431001548","0.3223401431001548","0.3223401431001548"
"49520","0.3223401431001548","0.3223401431001548","0.3223401431001548"
"49528","0.3223401431001548","0.3223401431001548","0.3223401431001548"
"49532","0.3223401431001548","0.3223401431001548","0.3223401431001548"
"49534","0.3223401431001548","0.3223401431001548","0.3223401431001548"
"49536","0.3223401431001548","0.3223401431001548","0.3223401431001548"
"49537","0.3223401431001548","0.3223401431001548","0.3223401431001548"
"49550","0.3223401431001548","0.3223401431001548","0.3223401431001548"
"49556","0.3223401431001548","0.3223401431001548","0.3223401431001548"
"49558","0.3223401431001548","0.3223401431001548","0.3223401431001548"
"49563","0.3223401431001548","0.3223401431001548","0.3223401431001548"
"49568","0.3223401431001548","0.3223401431001548","0.3223401431001548"
"49570","0.3223401431001548","0.3223401431001548","0.3223401431001548"
"49573","0.3223401431001548","0.3223401431001548","0.3223401431001548"
"49576","0.3223401431001548","0.3223401431001548","0.3223401431001548"
"49577","0.3223401431001548","0.3223401431001548","0.3223401431001548"
"49583","0.3223401431001548","0.3223401431001548","0.3223401431001548"
"49592","0.3223401431001548","0.3223401431001548","0.3223401431001548"
"49596","0.3223401431001548","0.3223401431001548","0.3223401431001548"
"49597","0.3223401431001548","0.3223401431001548","0.3223401431001548"
"49604","0.32219118363682353","0.32219118363682353","0.32219118363682353"
"49612","0.3220512079875334","0.3220512079875334","0.3220512079875334"
"49616","0.3220512079875334","0.3220512079875334","0.3220512079875334"
"49621","0.3220512079875334","0.3220512079875334","0.3220512079875334"
"49634","0.3220512079875334","0.3220512079875334","0.3220512079875334"
"49644","0.3220512079875334","0.3220512079875334","0.3220512079875334"
"49645","0.3220512079875334","0.3220512079875334","0.3220512079875334"
"49655","0.3220512079875334","0.3220512079875334","0.3220512079875334"
"49656","0.3220512079875334","0.3220512079875334","0.3220512079875334"
"49668","0.3220512079875334","0.3220512079875334","0.3220512079875334"
"49672","0.3220512079875334","0.3220512079875334","0.3220512079875334"
"49676","0.3220512079875334","0.3220512079875334","0.3220512079875334"
"49684","0.3220512079875334","0.3220512079875334","0.3220512079875334"
"49691","0.3220512079875334","0.3220512079875334","0.3220512079875334"
"49695","0.3220512079875334","0.3220512079875334","0.3220512079875334"
"49701","0.3220512079875334","0.3220512079875334","0.3220512079875334"
"49702","0.3220512079875334","0.3220512079875334","0.3220512079875334"
"49722","0.322731143621786","0.322731143621786","0.322731143621786"
"49725","0.322731143621786","0.322731143621786","0.322731143621786"
"49726","0.322731143621786","0.322731143621786","0.322731143621786"
"49727","0.322731143621786","0.322731143621786","0.322731143621786"
"49729","0.322731143621786","0.322731143621786","0.322731143621786"
"49733","0.322731143621786","0.322731143621786","0.322731143621786"
"49741","0.322731143621786","0.322731143621786","0.322731143621786"
"49748","0.322731143621786","0.322731143621786","0.322731143621786"
"49760","0.322731143621786","0.322731143621786","0.322731143621786"
"49765","0.322731143621786","0.322731143621786","0.322731143621786"
"49767","0.322731143621786","0.322731143621786","0.322731143621786"
"49777","0.322731143621786","0.322731143621786","0.322731143621786"
"49780","0.322731143621786","0.322731143621786","0.322731143621786"
"49784","0.322731143621786","0.322731143621786","0.322731143621786"
"49785","0.322731143621786","0.322731143621786","0.322731143621786"
"49792","0.322731143621786","0.322731143621786","0.322731143621786"
"49810","0.322731143621786","0.322731143621786","0.322731143621786"
"49814","0.322731143621786","0.322731143621786","0.322731143621786"
"49823","0.3227492504298425","0.3227492504298425","0.3227492504298425"
"49824","0.32294925042479006","0.32294925042479006","0.32294925042479006"
"49828","0.32283211901412867","0.32283211901412867","0.32283211901412867"
"49833","0.3228879657577636","0.3228879657577636","0.3228879657577636"
"49834","0.3228879657577636","0.3228879657577636","0.3228879657577636"
"49843","0.3228879657577636","0.3228879657577636","0.3228879657577636"
"49847","0.3228879657577636","0.3228879657577636","0.3228879657577636"
"49850","0.3228879657577636","0.3228879657577636","0.3228879657577636"
"49861","0.3228879657577636","0.3228879657577636","0.3228879657577636"
"49867","0.3228879657577636","0.3228879657577636","0.3228879657577636"
"49868","0.3228879657577636","0.3228879657577636","0.3228879657577636"
"49881","0.3228879657577636","0.3228879657577636","0.3228879657577636"
"49882","0.3228879657577636","0.3228879657577636","0.3228879657577636"
"49892","0.3228879657577636","0.3228879657577636","0.3228879657577636"
"49894","0.3228879657577636","0.3228879657577636","0.3228879657577636"
"49895","0.3228879657577636","0.3228879657577636","0.3228879657577636"
"49902","0.3228879657577636","0.3228879657577636","0.3228879657577636"
"49909","0.3228879657577636","0.3228879657577636","0.3228879657577636"
"49915","0.3228879657577636","0.3228879657577636","0.3228879657577636"
"49923","0.3228879657577636","0.3228879657577636","0.3228879657577636"
"49940","0.322917914894424","0.322917914894424","0.322917914894424"
"49943","0.322917914894424","0.322917914894424","0.322917914894424"
"49951","0.322917914894424","0.322917914894424","0.322917914894424"
"49954","0.322917914894424","0.322917914894424","0.322917914894424"
"49955","0.322917914894424","0.322917914894424","0.322917914894424"
"49960","0.322917914894424","0.322917914894424","0.322917914894424"
"49962","0.322917914894424","0.322917914894424","0.322917914894424"
"49969","0.322917914894424","0.322917914894424","0.322917914894424"
"49971","0.322917914894424","0.322917914894424","0.322917914894424"
"49980","0.322917914894424","0.322917914894424","0.322917914894424"
"49982","0.322917914894424","0.322917914894424","0.322917914894424"
"49984","0.322917914894424","0.322917914894424","0.322917914894424"
"49987","0.322917914894424","0.322917914894424","0.322917914894424"
"49991","0.322917914894424","0.322917914894424","0.322917914894424"
"49992","0.322917914894424","0.322917914894424","0.322917914894424"
"49993","0.322917914894424","0.322917914894424","0.322917914894424"
"50004","0.322917914894424","0.322917914894424","0.322917914894424"
"50014","0.322917914894424","0.322917914894424","0.322917914894424"
"50021","0.322917914894424","0.322917914894424","0.322917914894424"
"50045","0.3230328817327063","0.3230328817327063","0.3230328817327063"
"50053","0.3227287826040083","0.3227287826040083","0.3227287826040083"
"50061","0.3227287826040083","0.3227287826040083","0.3227287826040083"
"50064","0.3227287826040083","0.3227287826040083","0.3227287826040083"
"50073","0.3227287826040083","0.3227287826040083","0.3227287826040083"
"50075","0.3227287826040083","0.3227287826040083","0.3227287826040083"
"50081","0.3227287826040083","0.3227287826040083","0.3227287826040083"
"50083","0.3227287826040083","0.3227287826040083","0.3227287826040083"
"50085","0.3227287826040083","0.3227287826040083","0.3227287826040083"
"50087","0.3227287826040083","0.3227287826040083","0.3227287826040083"
"50091","0.3227287826040083","0.3227287826040083","0.3227287826040083"
"50099","0.3227287826040083","0.3227287826040083","0.3227287826040083"
"50112","0.3227287826040083","0.3227287826040083","0.3227287826040083"
"50118","0.3227287826040083","0.3227287826040083","0.3227287826040083"
"50121","0.3227287826040083","0.3227287826040083","0.3227287826040083"
"50128","0.3227287826040083","0.3227287826040083","0.3227287826040083"
"50139","0.3227287826040083","0.3227287826040083","0.3227287826040083"
"50143","0.3227287826040083","0.3227287826040083","0.3227287826040083"
"50151","0.3227468186970327","0.3227468186970327","0.3227468186970327"
"50161","0.32277616648489127","0.32277616648489127","0.32277616648489127"
"50170","0.32277616648489127","0.32277616648489127","0.32277616648489127"
"50178","0.32277616648489127","0.32277616648489127","0.32277616648489127"
"50179","0.32277616648489127","0.32277616648489127","0.32277616648489127"
"50188","0.32277616648489127","0.32277616648489127","0.32277616648489127"
"50201","0.32277616648489127","0.32277616648489127","0.32277616648489127"
"50205","0.32277616648489127","0.32277616648489127","0.32277616648489127"
"50209","0.32277616648489127","0.32277616648489127","0.32277616648489127"
"50213","0.32277616648489127","0.32277616648489127","0.32277616648489127"
"50220","0.32277616648489127","0.32277616648489127","0.32277616648489127"
"50226","0.32277616648489127","0.32277616648489127","0.32277616648489127"
"50244","0.32277616648489127","0.32277616648489127","0.32277616648489127"
"50246","0.32277616648489127","0.32277616648489127","0.32277616648489127"
"50257","0.32277616648489127","0.32277616648489127","0.32277616648489127"
"50265","0.32277456330039056","0.32277456330039056","0.32277456330039056"
"50275","0.3222768930528218","0.3222768930528218","0.3222768930528218"
"50282","0.3222768930528218","0.3222768930528218","0.3222768930528218"
"50287","0.3222768930528218","0.3222768930528218","0.3222768930528218"
"50296","0.3222768930528218","0.3222768930528218","0.3222768930528218"
"50298","0.3222768930528218","0.3222768930528218","0.3222768930528218"
"50306","0.3222768930528218","0.3222768930528218","0.3222768930528218"
"50326","0.3222768930528218","0.3222768930528218","0.3222768930528218"
"50337","0.3222768930528218","0.3222768930528218","0.3222768930528218"
"50341","0.3222768930528218","0.3222768930528218","0.3222768930528218"
"50343","0.3222768930528218","0.3222768930528218","0.3222768930528218"
"50351","0.3222768930528218","0.3222768930528218","0.3222768930528218"
"50354","0.3222768930528218","0.3222768930528218","0.3222768930528218"
"50356","0.3222768930528218","0.3222768930528218","0.3222768930528218"
"50358","0.3222768930528218","0.3222768930528218","0.3222768930528218"
"50365","0.3222768930528218","0.3222768930528218","0.3222768930528218"
"50374","0.32242373573089933","0.32242373573089933","0.32242373573089933"
"50375","0.3225140015157194","0.3225140015157194","0.3225140015157194"
"50386","0.3222838958855391","0.3222838958855391","0.3222838958855391"
"50388","0.3222838958855391","0.3222838958855391","0.3222838958855391"
"50395","0.3222838958855391","0.3222838958855391","0.3222838958855391"
"50400","0.3222838958855391","0.3222838958855391","0.3222838958855391"
"50410","0.3222838958855391","0.3222838958855391","0.3222838958855391"
"50423","0.3222838958855391","0.3222838958855391","0.3222838958855391"
"50427","0.3222838958855391","0.3222838958855391","0.3222838958855391"
"50431","0.3222838958855391","0.3222838958855391","0.3222838958855391"
"50435","0.3222838958855391","0.3222838958855391","0.3222838958855391"
"50440","0.3222838958855391","0.3222838958855391","0.3222838958855391"
"50443","0.3222838958855391","0.3222838958855391","0.3222838958855391"
"50446","0.3222838958855391","0.3222838958855391","0.3222838958855391"
"50458","0.3222838958855391","0.3222838958855391","0.3222838958855391"
"50459","0.3222838958855391","0.3222838958855391","0.3222838958855391"
"50466","0.3222838958855391","0.3222838958855391","0.3222838958855391"
"50481","0.32233807885413623","0.32233807885413623","0.32233807885413623"
"50492","0.3230930732744127","0.3230930732744127","0.3230930732744127"
"50510","0.3230930732744127","0.3230930732744127","0.3230930732744127"
"50511","0.3230930732744127","0.3230930732744127","0.3230930732744127"
"50531","0.3230930732744127","0.3230930732744127","0.3230930732744127"
"50539","0.3230930732744127","0.3230930732744127","0.3230930732744127"
"50553","0.3230930732744127","0.3230930732744127","0.3230930732744127"
"50570","0.3230930732744127","0.3230930732744127","0.3230930732744127"
"50574","0.3230930732744127","0.3230930732744127","0.3230930732744127"
"50575","0.3230930732744127","0.3230930732744127","0.3230930732744127"
"50578","0.3230930732744127","0.3230930732744127","0.3230930732744127"
"50581","0.3230930732744127","0.3230930732744127","0.3230930732744127"
"50583","0.3230930732744127","0.3230930732744127","0.3230930732744127"
"50586","0.3230930732744127","0.3230930732744127","0.3230930732744127"
"50587","0.3230930732744127","0.3230930732744127","0.3230930732744127"
"50602","0.3231923036865737","0.3231923036865737","0.3231923036865737"
"50612","0.3231923036865737","0.3231923036865737","0.3231923036865737"
"50614","0.3231923036865737","0.3231923036865737","0.3231923036865737"
"50615","0.3231923036865737","0.3231923036865737","0.3231923036865737"
"50621","0.3231923036865737","0.3231923036865737","0.3231923036865737"
"50622","0.3231923036865737","0.3231923036865737","0.3231923036865737"
"50624","0.3231923036865737","0.3231923036865737","0.3231923036865737"
"50627","0.3231923036865737","0.3231923036865737","0.3231923036865737"
"50640","0.3231923036865737","0.3231923036865737","0.3231923036865737"
"50641","0.3231923036865737","0.3231923036865737","0.3231923036865737"
"50642","0.3231923036865737","0.3231923036865737","0.3231923036865737"
"50643","0.3231923036865737","0.3231923036865737","0.3231923036865737"
"50658","0.3231923036865737","0.3231923036865737","0.3231923036865737"
"50664","0.3231923036865737","0.3231923036865737","0.3231923036865737"
"50665","0.3231923036865737","0.3231923036865737","0.3231923036865737"
"50669","0.3231923036865737","0.3231923036865737","0.3231923036865737"
"50672","0.3231923036865737","0.3231923036865737","0.3231923036865737"
"50673","0.3231923036865737","0.3231923036865737","0.3231923036865737"
"50675","0.3231923036865737","0.3231923036865737","0.3231923036865737"
"50677","0.3231923036865737","0.3231923036865737","0.3231923036865737"
"50680","0.3231923036865737","0.3231923036865737","0.3231923036865737"
"50681","0.3231923036865737","0.3231923036865737","0.3231923036865737"
"50692","0.3231923036865737","0.3231923036865737","0.3231923036865737"
"50697","0.3231923036865737","0.3231923036865737","0.3231923036865737"
"50706","0.3231000365127329","0.3231000365127329","0.3231000365127329"
"50709","0.32298294147094564","0.32298294147094564","0.32298294147094564"
"50722","0.32311810571318345","0.32311810571318345","0.32311810571318345"
"50723","0.32311810571318345","0.32311810571318345","0.32311810571318345"
"50728","0.32311810571318345","0.32311810571318345","0.32311810571318345"
"50733","0.32311810571318345","0.32311810571318345","0.32311810571318345"
"50734","0.32311810571318345","0.32311810571318345","0.32311810571318345"
"50742","0.32311810571318345","0.32311810571318345","0.32311810571318345"
"50750","0.32311810571318345","0.32311810571318345","0.32311810571318345"
"50755","0.32311810571318345","0.32311810571318345","0.32311810571318345"
"50760","0.32311810571318345","0.32311810571318345","0.32311810571318345"
"50765","0.32311810571318345","0.32311810571318345","0.32311810571318345"
"50770","0.32311810571318345","0.32311810571318345","0.32311810571318345"
"50790","0.32311810571318345","0.32311810571318345","0.32311810571318345"
"50806","0.32311810571318345","0.32311810571318345","0.32311810571318345"
"50807","0.32311810571318345","0.32311810571318345","0.32311810571318345"
"50809","0.32311810571318345","0.32311810571318345","0.32311810571318345"
"50813","0.32277394910906876","0.32277394910906876","0.32277394910906876"
"50819","0.3224010563613774","0.3224010563613774","0.3224010563613774"
"50827","0.32220245767221056","0.32220245767221056","0.32220245767221056"
"50842","0.32220245767221056","0.32220245767221056","0.32220245767221056"
"50843","0.32220245767221056","0.32220245767221056","0.32220245767221056"
"50869","0.32220245767221056","0.32220245767221056","0.32220245767221056"
"50874","0.32220245767221056","0.32220245767221056","0.32220245767221056"
"50875","0.32220245767221056","0.32220245767221056","0.32220245767221056"
"50881","0.32220245767221056","0.32220245767221056","0.32220245767221056"
"50889","0.32220245767221056","0.32220245767221056","0.32220245767221056"
"50892","0.32220245767221056","0.32220245767221056","0.32220245767221056"
"50894","0.32220245767221056","0.32220245767221056","0.32220245767221056"
"50900","0.32220245767221056","0.32220245767221056","0.32220245767221056"
"50914","0.32220245767221056","0.32220245767221056","0.32220245767221056"
"50916","0.32220245767221056","0.32220245767221056","0.32220245767221056"
"50917","0.32220245767221056","0.32220245767221056","0.32220245767221056"
"50919","0.32220245767221056","0.32220245767221056","0.32220245767221056"
"50930","0.32188857889250355","0.32188857889250355","0.32188857889250355"
"50938","0.32188857889250355","0.32188857889250355","0.32188857889250355"
"50940","0.32188857889250355","0.32188857889250355","0.32188857889250355"
"50943","0.32188857889250355","0.32188857889250355","0.32188857889250355"
"50946","0.32188857889250355","0.32188857889250355","0.32188857889250355"
"50951","0.32188857889250355","0.32188857889250355","0.32188857889250355"
"50961","0.32188857889250355","0.32188857889250355","0.32188857889250355"
"50962","0.32188857889250355","0.32188857889250355","0.32188857889250355"
"50979","0.32188857889250355","0.32188857889250355","0.32188857889250355"
"50980","0.32188857889250355","0.32188857889250355","0.32188857889250355"
"50987","0.32188857889250355","0.32188857889250355","0.32188857889250355"
"50989","0.32188857889250355","0.32188857889250355","0.32188857889250355"
"50990","0.32188857889250355","0.32188857889250355","0.32188857889250355"
"50991","0.32188857889250355","0.32188857889250355","0.32188857889250355"
"51001","0.32188857889250355","0.32188857889250355","0.32188857889250355"
"51006","0.32188857889250355","0.32188857889250355","0.32188857889250355"
"51010","0.32188857889250355","0.32188857889250355","0.32188857889250355"
"51024","0.32188857889250355","0.32188857889250355","0.32188857889250355"
"51026","0.32188857889250355","0.32188857889250355","0.32188857889250355"
"51028","0.32188857889250355","0.32188857889250355","0.32188857889250355"
"51031","0.321895360081362","0.321895360081362","0.321895360081362"
"51042","0.32221180788892523","0.32221180788892523","0.32221180788892523"
"51049","0.32221180788892523","0.32221180788892523","0.32221180788892523"
"51060","0.32221180788892523","0.32221180788892523","0.32221180788892523"
"51062","0.32221180788892523","0.32221180788892523","0.32221180788892523"
"51068","0.32221180788892523","0.32221180788892523","0.32221180788892523"
"51077","0.32221180788892523","0.32221180788892523","0.32221180788892523"
"51081","0.32221180788892523","0.32221180788892523","0.32221180788892523"
"51093","0.32221180788892523","0.32221180788892523","0.32221180788892523"
"51104","0.32221180788892523","0.32221180788892523","0.32221180788892523"
"51106","0.32221180788892523","0.32221180788892523","0.32221180788892523"
"51112","0.32221180788892523","0.32221180788892523","0.32221180788892523"
"51113","0.32221180788892523","0.32221180788892523","0.32221180788892523"
"51118","0.32221180788892523","0.32221180788892523","0.32221180788892523"
"51119","0.32221180788892523","0.32221180788892523","0.32221180788892523"
"51123","0.32221180788892523","0.32221180788892523","0.32221180788892523"
"51130","0.32221180788892523","0.32221180788892523","0.32221180788892523"
"51133","0.32221180788892523","0.32221180788892523","0.32221180788892523"
"51145","0.32143303895700226","0.32143303895700226","0.32143303895700226"
"51146","0.32131533176707305","0.32131533176707305","0.32131533176707305"
"51149","0.32186931293526866","0.32186931293526866","0.32186931293526866"
"51154","0.3216693129403211","0.3216693129403211","0.3216693129403211"
"51157","0.3216693129403211","0.3216693129403211","0.3216693129403211"
"51164","0.3216693129403211","0.3216693129403211","0.3216693129403211"
"51166","0.3216693129403211","0.3216693129403211","0.3216693129403211"
"51179","0.3216693129403211","0.3216693129403211","0.3216693129403211"
"51187","0.3216693129403211","0.3216693129403211","0.3216693129403211"
"51188","0.3216693129403211","0.3216693129403211","0.3216693129403211"
"51194","0.3216693129403211","0.3216693129403211","0.3216693129403211"
"51215","0.3216693129403211","0.3216693129403211","0.3216693129403211"
"51221","0.3216693129403211","0.3216693129403211","0.3216693129403211"
"51239","0.3216693129403211","0.3216693129403211","0.3216693129403211"
"51248","0.3216693129403211","0.3216693129403211","0.3216693129403211"
"51249","0.3216693129403211","0.3216693129403211","0.3216693129403211"
"51250","0.3216693129403211","0.3216693129403211","0.3216693129403211"
"51251","0.32186931293526866","0.32186931293526866","0.32186931293526866"
"51252","0.32202302907953706","0.32202302907953706","0.32202302907953706"
"51262","0.32267577981892825","0.32267577981892825","0.32267577981892825"
"51267","0.32267577981892825","0.32267577981892825","0.32267577981892825"
"51268","0.32267577981892825","0.32267577981892825","0.32267577981892825"
"51279","0.32267577981892825","0.32267577981892825","0.32267577981892825"
"51281","0.32267577981892825","0.32267577981892825","0.32267577981892825"
"51282","0.32267577981892825","0.32267577981892825","0.32267577981892825"
"51283","0.32267577981892825","0.32267577981892825","0.32267577981892825"
"51284","0.32267577981892825","0.32267577981892825","0.32267577981892825"
"51289","0.32267577981892825","0.32267577981892825","0.32267577981892825"
"51291","0.32267577981892825","0.32267577981892825","0.32267577981892825"
"51306","0.32267577981892825","0.32267577981892825","0.32267577981892825"
"51308","0.32267577981892825","0.32267577981892825","0.32267577981892825"
"51313","0.32267577981892825","0.32267577981892825","0.32267577981892825"
"51331","0.32267577981892825","0.32267577981892825","0.32267577981892825"
"51334","0.32267577981892825","0.32267577981892825","0.32267577981892825"
"51350","0.32267577981892825","0.32267577981892825","0.32267577981892825"
"51352","0.32267577981892825","0.32267577981892825","0.32267577981892825"
"51353","0.32267577981892825","0.32267577981892825","0.32267577981892825"
"51354","0.32267577981892825","0.32267577981892825","0.32267577981892825"
"51365","0.3230769882089589","0.3230769882089589","0.3230769882089589"
"51369","0.32327698673689154","0.32327698673689154","0.32327698673689154"
"51379","0.3231464468168269","0.3231464468168269","0.3231464468168269"
"51393","0.3231464468168269","0.3231464468168269","0.3231464468168269"
"51394","0.3231464468168269","0.3231464468168269","0.3231464468168269"
"51399","0.3231464468168269","0.3231464468168269","0.3231464468168269"
"51403","0.3231464468168269","0.3231464468168269","0.3231464468168269"
"51406","0.3231464468168269","0.3231464468168269","0.3231464468168269"
"51412","0.3231464468168269","0.3231464468168269","0.3231464468168269"
"51414","0.3231464468168269","0.3231464468168269","0.3231464468168269"
"51420","0.3231464468168269","0.3231464468168269","0.3231464468168269"
"51426","0.3231464468168269","0.3231464468168269","0.3231464468168269"
"51429","0.3231464468168269","0.3231464468168269","0.3231464468168269"
"51432","0.3231464468168269","0.3231464468168269","0.3231464468168269"
"51439","0.3231464468168269","0.3231464468168269","0.3231464468168269"
"51452","0.3231464468168269","0.3231464468168269","0.3231464468168269"
"51458","0.3231464468168269","0.3231464468168269","0.3231464468168269"
"51459","0.3231464468168269","0.3231464468168269","0.3231464468168269"
"51464","0.3231464468168269","0.3231464468168269","0.3231464468168269"
"51466","0.3231464468168269","0.3231464468168269","0.3231464468168269"
"51484","0.3229451713410526","0.3229451713410526","0.3229451713410526"
"51486","0.3229451713410526","0.3229451713410526","0.3229451713410526"
"51488","0.3229451713410526","0.3229451713410526","0.3229451713410526"
"51489","0.3229451713410526","0.3229451713410526","0.3229451713410526"
"51496","0.3229451713410526","0.3229451713410526","0.3229451713410526"
"51500","0.3229451713410526","0.3229451713410526","0.3229451713410526"
"51503","0.3229451713410526","0.3229451713410526","0.3229451713410526"
"51511","0.3229451713410526","0.3229451713410526","0.3229451713410526"
"51513","0.3229451713410526","0.3229451713410526","0.3229451713410526"
"51519","0.3229451713410526","0.3229451713410526","0.3229451713410526"
"51520","0.3229451713410526","0.3229451713410526","0.3229451713410526"
"51525","0.3229451713410526","0.3229451713410526","0.3229451713410526"
"51531","0.3229451713410526","0.3229451713410526","0.3229451713410526"
"51542","0.3229451713410526","0.3229451713410526","0.3229451713410526"
"51544","0.3229451713410526","0.3229451713410526","0.3229451713410526"
"51549","0.3229451713410526","0.3229451713410526","0.3229451713410526"
"51555","0.3229451713410526","0.3229451713410526","0.3229451713410526"
"51574","0.3229451713410526","0.3229451713410526","0.3229451713410526"
"51585","0.3232489087327849","0.3232489087327849","0.3232489087327849"
"51597","0.32363367088837547","0.32363367088837547","0.32363367088837547"
"51606","0.32363367088837547","0.32363367088837547","0.32363367088837547"
"51607","0.32363367088837547","0.32363367088837547","0.32363367088837547"
"51610","0.32363367088837547","0.32363367088837547","0.32363367088837547"
"51614","0.32363367088837547","0.32363367088837547","0.32363367088837547"
"51620","0.32363367088837547","0.32363367088837547","0.32363367088837547"
"51622","0.32363367088837547","0.32363367088837547","0.32363367088837547"
"51627","0.32363367088837547","0.32363367088837547","0.32363367088837547"
"51632","0.32363367088837547","0.32363367088837547","0.32363367088837547"
"51635","0.32363367088837547","0.32363367088837547","0.32363367088837547"
"51636","0.32363367088837547","0.32363367088837547","0.32363367088837547"
"51639","0.32363367088837547","0.32363367088837547","0.32363367088837547"
"51645","0.32363367088837547","0.32363367088837547","0.32363367088837547"
"51648","0.32363367088837547","0.32363367088837547","0.32363367088837547"
"51649","0.32363367088837547","0.32363367088837547","0.32363367088837547"
"51657","0.32363367088837547","0.32363367088837547","0.32363367088837547"
"51661","0.32363367088837547","0.32363367088837547","0.32363367088837547"
"51667","0.32363367088837547","0.32363367088837547","0.32363367088837547"
"51678","0.32363367088837547","0.32363367088837547","0.32363367088837547"
"51682","0.32363367088837547","0.32363367088837547","0.32363367088837547"
"51684","0.32363367088837547","0.32363367088837547","0.32363367088837547"
"51688","0.32363367088837547","0.32363367088837547","0.32363367088837547"
"51691","0.323671890420519","0.323671890420519","0.323671890420519"
"51693","0.3237550683194058","0.3237550683194058","0.3237550683194058"
"51696","0.32381574679548064","0.32381574679548064","0.32381574679548064"
"51703","0.3238382189148069","0.3238382189148069","0.3238382189148069"
"51710","0.3238382189148069","0.3238382189148069","0.3238382189148069"
"51716","0.3238382189148069","0.3238382189148069","0.3238382189148069"
"51717","0.3238382189148069","0.3238382189148069","0.3238382189148069"
"51720","0.3238382189148069","0.3238382189148069","0.3238382189148069"
"51721","0.3238382189148069","0.3238382189148069","0.3238382189148069"
"51727","0.3238382189148069","0.3238382189148069","0.3238382189148069"
"51751","0.3238382189148069","0.3238382189148069","0.3238382189148069"
"51752","0.3238382189148069","0.3238382189148069","0.3238382189148069"
"51754","0.3238382189148069","0.3238382189148069","0.3238382189148069"
"51755","0.3238382189148069","0.3238382189148069","0.3238382189148069"
"51758","0.3238382189148069","0.3238382189148069","0.3238382189148069"
"51760","0.3238382189148069","0.3238382189148069","0.3238382189148069"
"51763","0.3238382189148069","0.3238382189148069","0.3238382189148069"
"51788","0.3238382189148069","0.3238382189148069","0.3238382189148069"
"51792","0.3238382189148069","0.3238382189148069","0.3238382189148069"
"51801","0.32374160703975574","0.32374160703975574","0.32374160703975574"
"51807","0.32412131096780283","0.32412131096780283","0.32412131096780283"
"51809","0.32397763071194274","0.32397763071194274","0.32397763071194274"
"51810","0.32400682638499345","0.32400682638499345","0.32400682638499345"
"51821","0.32400682638499345","0.32400682638499345","0.32400682638499345"
"51831","0.32400682638499345","0.32400682638499345","0.32400682638499345"
"51841","0.32400682638499345","0.32400682638499345","0.32400682638499345"
"51847","0.32400682638499345","0.32400682638499345","0.32400682638499345"
"51852","0.32400682638499345","0.32400682638499345","0.32400682638499345"
"51853","0.32400682638499345","0.32400682638499345","0.32400682638499345"
"51859","0.32400682638499345","0.32400682638499345","0.32400682638499345"
"51861","0.32400682638499345","0.32400682638499345","0.32400682638499345"
"51866","0.32400682638499345","0.32400682638499345","0.32400682638499345"
"51879","0.32400682638499345","0.32400682638499345","0.32400682638499345"
"51883","0.32400682638499345","0.32400682638499345","0.32400682638499345"
"51885","0.32400682638499345","0.32400682638499345","0.32400682638499345"
"51893","0.32400682638499345","0.32400682638499345","0.32400682638499345"
"51894","0.32400682638499345","0.32400682638499345","0.32400682638499345"
"51897","0.32400682638499345","0.32400682638499345","0.32400682638499345"
"51916","0.3239979407108876","0.3239979407108876","0.3239979407108876"
"51917","0.3238766739769744","0.3238766739769744","0.3238766739769744"
"51925","0.32392834497304646","0.32392834497304646","0.32392834497304646"
"51928","0.32392834497304646","0.32392834497304646","0.32392834497304646"
"51935","0.32392834497304646","0.32392834497304646","0.32392834497304646"
"51950","0.32392834497304646","0.32392834497304646","0.32392834497304646"
"51975","0.32392834497304646","0.32392834497304646","0.32392834497304646"
"51978","0.32392834497304646","0.32392834497304646","0.32392834497304646"
"51979","0.32392834497304646","0.32392834497304646","0.32392834497304646"
"51984","0.32392834497304646","0.32392834497304646","0.32392834497304646"
"51988","0.32392834497304646","0.32392834497304646","0.32392834497304646"
"52005","0.32392834497304646","0.32392834497304646","0.32392834497304646"
"52008","0.32392834497304646","0.32392834497304646","0.32392834497304646"
"52012","0.32392834497304646","0.32392834497304646","0.32392834497304646"
"52016","0.32392834497304646","0.32392834497304646","0.32392834497304646"
"52021","0.32388229863872764","0.32388229863872764","0.32388229863872764"
"52024","0.3237441326310545","0.3237441326310545","0.3237441326310545"
"52027","0.32368907620193565","0.32368907620193565","0.32368907620193565"
"52028","0.3236036589260948","0.3236036589260948","0.3236036589260948"
"52034","0.3235778336203111","0.3235778336203111","0.3235778336203111"
"52040","0.3235778336203111","0.3235778336203111","0.3235778336203111"
"52044","0.3235778336203111","0.3235778336203111","0.3235778336203111"
"52053","0.3235778336203111","0.3235778336203111","0.3235778336203111"
"52071","0.3235778336203111","0.3235778336203111","0.3235778336203111"
"52076","0.3235778336203111","0.3235778336203111","0.3235778336203111"
"52089","0.3235778336203111","0.3235778336203111","0.3235778336203111"
"52108","0.3235778336203111","0.3235778336203111","0.3235778336203111"
"52128","0.3235778336203111","0.3235778336203111","0.3235778336203111"
"52130","0.3235778336203111","0.3235778336203111","0.3235778336203111"
"52131","0.3234249291091146","0.3234249291091146","0.3234249291091146"
"52132","0.32357790591422597","0.32357790591422597","0.32357790591422597"
"52134","0.3238138834350138","0.3238138834350138","0.3238138834350138"
"52143","0.3238949407969812","0.3238949407969812","0.3238949407969812"
"52159","0.3238949407969812","0.3238949407969812","0.3238949407969812"
"52180","0.3238949407969812","0.3238949407969812","0.3238949407969812"
"52181","0.3238949407969812","0.3238949407969812","0.3238949407969812"
"52190","0.3238949407969812","0.3238949407969812","0.3238949407969812"
"52191","0.3238949407969812","0.3238949407969812","0.3238949407969812"
"52194","0.3238949407969812","0.3238949407969812","0.3238949407969812"
"52206","0.3238949407969812","0.3238949407969812","0.3238949407969812"
"52209","0.3238949407969812","0.3238949407969812","0.3238949407969812"
"52210","0.3238949407969812","0.3238949407969812","0.3238949407969812"
"52214","0.3238949407969812","0.3238949407969812","0.3238949407969812"
"52219","0.3238949407969812","0.3238949407969812","0.3238949407969812"
"52230","0.3238949407969812","0.3238949407969812","0.3238949407969812"
"52231","0.3238949407969812","0.3238949407969812","0.3238949407969812"
"52232","0.3238949407969812","0.3238949407969812","0.3238949407969812"
"52242","0.3241847411119124","0.3241847411119124","0.3241847411119124"
"52252","0.3238615837763973","0.3238615837763973","0.3238615837763973"
"52254","0.3238615837763973","0.3238615837763973","0.3238615837763973"
"52261","0.3238615837763973","0.3238615837763973","0.3238615837763973"
"52262","0.3238615837763973","0.3238615837763973","0.3238615837763973"
"52265","0.3238615837763973","0.3238615837763973","0.3238615837763973"
"52271","0.3238615837763973","0.3238615837763973","0.3238615837763973"
"52275","0.3238615837763973","0.3238615837763973","0.3238615837763973"
"52282","0.3238615837763973","0.3238615837763973","0.3238615837763973"
"52284","0.3238615837763973","0.3238615837763973","0.3238615837763973"
"52286","0.3238615837763973","0.3238615837763973","0.3238615837763973"
"52297","0.3238615837763973","0.3238615837763973","0.3238615837763973"
"52304","0.3238615837763973","0.3238615837763973","0.3238615837763973"
"52308","0.3238615837763973","0.3238615837763973","0.3238615837763973"
"52311","0.3238615837763973","0.3238615837763973","0.3238615837763973"
"52315","0.3238615837763973","0.3238615837763973","0.3238615837763973"
"52329","0.3238615837763973","0.3238615837763973","0.3238615837763973"
"52333","0.3238615837763973","0.3238615837763973","0.3238615837763973"
"52338","0.3238615837763973","0.3238615837763973","0.3238615837763973"
"52341","0.3238615837763973","0.3238615837763973","0.3238615837763973"
"52344","0.3238615837763973","0.3238615837763973","0.3238615837763973"
"52349","0.3238615837763973","0.3238615837763973","0.3238615837763973"
"52357","0.3239358229494428","0.3239358229494428","0.3239358229494428"
"52358","0.324066097384366","0.324066097384366","0.324066097384366"
"52365","0.3238526178230131","0.3238526178230131","0.3238526178230131"
"52366","0.3238526178230131","0.3238526178230131","0.3238526178230131"
"52379","0.3238526178230131","0.3238526178230131","0.3238526178230131"
"52382","0.3238526178230131","0.3238526178230131","0.3238526178230131"
"52400","0.3238526178230131","0.3238526178230131","0.3238526178230131"
"52402","0.3238526178230131","0.3238526178230131","0.3238526178230131"
"52409","0.3238526178230131","0.3238526178230131","0.3238526178230131"
"52423","0.3238526178230131","0.3238526178230131","0.3238526178230131"
"52429","0.3238526178230131","0.3238526178230131","0.3238526178230131"
"52438","0.3238526178230131","0.3238526178230131","0.3238526178230131"
"52441","0.3238526178230131","0.3238526178230131","0.3238526178230131"
"52448","0.3238526178230131","0.3238526178230131","0.3238526178230131"
"52455","0.3238526178230131","0.3238526178230131","0.3238526178230131"
"52457","0.3238526178230131","0.3238526178230131","0.3238526178230131"
"52460","0.3238526178230131","0.3238526178230131","0.3238526178230131"
"52479","0.3240976682155633","0.3240976682155633","0.3240976682155633"
"52484","0.3240976682155633","0.3240976682155633","0.3240976682155633"
"52486","0.3240976682155633","0.3240976682155633","0.3240976682155633"
"52512","0.3240976682155633","0.3240976682155633","0.3240976682155633"
"52514","0.3240976682155633","0.3240976682155633","0.3240976682155633"
"52518","0.3240976682155633","0.3240976682155633","0.3240976682155633"
"52521","0.3240976682155633","0.3240976682155633","0.3240976682155633"
"52533","0.3240976682155633","0.3240976682155633","0.3240976682155633"
"52543","0.3240976682155633","0.3240976682155633","0.3240976682155633"
"52567","0.3240976682155633","0.3240976682155633","0.3240976682155633"
"52570","0.3240976682155633","0.3240976682155633","0.3240976682155633"
"52580","0.3243850068030042","0.3243850068030042","0.3243850068030042"
"52581","0.3243850068030042","0.3243850068030042","0.3243850068030042"
"52586","0.3243850068030042","0.3243850068030042","0.3243850068030042"
"52592","0.3243850068030042","0.3243850068030042","0.3243850068030042"
"52593","0.3243850068030042","0.3243850068030042","0.3243850068030042"
"52595","0.3243850068030042","0.3243850068030042","0.3243850068030042"
"52597","0.3243850068030042","0.3243850068030042","0.3243850068030042"
"52601","0.3243850068030042","0.3243850068030042","0.3243850068030042"
"52602","0.3243850068030042","0.3243850068030042","0.3243850068030042"
"52609","0.3243850068030042","0.3243850068030042","0.3243850068030042"
"52610","0.3243850068030042","0.3243850068030042","0.3243850068030042"
"52613","0.3243850068030042","0.3243850068030042","0.3243850068030042"
"52617","0.3243850068030042","0.3243850068030042","0.3243850068030042"
"52621","0.3243850068030042","0.3243850068030042","0.3243850068030042"
"52625","0.3243850068030042","0.3243850068030042","0.3243850068030042"
"52627","0.3243850068030042","0.3243850068030042","0.3243850068030042"
"52631","0.3243850068030042","0.3243850068030042","0.3243850068030042"
"52632","0.3243850068030042","0.3243850068030042","0.3243850068030042"
"52639","0.3243850068030042","0.3243850068030042","0.3243850068030042"
"52644","0.3243850068030042","0.3243850068030042","0.3243850068030042"
"52645","0.3243850068030042","0.3243850068030042","0.3243850068030042"
"52655","0.3243850068030042","0.3243850068030042","0.3243850068030042"
"52670","0.3243850068030042","0.3243850068030042","0.3243850068030042"
"52689","0.32437721679989406","0.32437721679989406","0.32437721679989406"
"52706","0.3244691820301341","0.3244691820301341","0.3244691820301341"
"52711","0.3244691820301341","0.3244691820301341","0.3244691820301341"
"52720","0.3244691820301341","0.3244691820301341","0.3244691820301341"
"52727","0.3244691820301341","0.3244691820301341","0.3244691820301341"
"52738","0.3244691820301341","0.3244691820301341","0.3244691820301341"
"52742","0.3244691820301341","0.3244691820301341","0.3244691820301341"
"52743","0.3244691820301341","0.3244691820301341","0.3244691820301341"
"52748","0.3244691820301341","0.3244691820301341","0.3244691820301341"
"52749","0.3244691820301341","0.3244691820301341","0.3244691820301341"
"52753","0.3244691820301341","0.3244691820301341","0.3244691820301341"
"52759","0.3244691820301341","0.3244691820301341","0.3244691820301341"
"52770","0.3244691820301341","0.3244691820301341","0.3244691820301341"
"52778","0.3244691820301341","0.3244691820301341","0.3244691820301341"
"52789","0.3244691820301341","0.3244691820301341","0.3244691820301341"
"52791","0.32443778816841584","0.32443778816841584","0.32443778816841584"
"52792","0.32439517809061724","0.32439517809061724","0.32439517809061724"
"52799","0.32442965356503917","0.32442965356503917","0.32442965356503917"
"52803","0.3245059050915188","0.3245059050915188","0.3245059050915188"
"52806","0.3245059050915188","0.3245059050915188","0.3245059050915188"
"52809","0.3245059050915188","0.3245059050915188","0.3245059050915188"
"52819","0.3245059050915188","0.3245059050915188","0.3245059050915188"
"52822","0.3245059050915188","0.3245059050915188","0.3245059050915188"
"52827","0.3245059050915188","0.3245059050915188","0.3245059050915188"
"52830","0.3245059050915188","0.3245059050915188","0.3245059050915188"
"52853","0.3245059050915188","0.3245059050915188","0.3245059050915188"
"52859","0.3245059050915188","0.3245059050915188","0.3245059050915188"
"52867","0.3245059050915188","0.3245059050915188","0.3245059050915188"
"52870","0.3245059050915188","0.3245059050915188","0.3245059050915188"
"52890","0.3245059050915188","0.3245059050915188","0.3245059050915188"
"52901","0.32447003045135714","0.32447003045135714","0.32447003045135714"
"52903","0.3243983214361833","0.3243983214361833","0.3243983214361833"
"52909","0.3244593486962003","0.3244593486962003","0.3244593486962003"
"52911","0.3245311082720036","0.3245311082720036","0.3245311082720036"
"52914","0.3245311082720036","0.3245311082720036","0.3245311082720036"
"52918","0.3245311082720036","0.3245311082720036","0.3245311082720036"
"52921","0.3245311082720036","0.3245311082720036","0.3245311082720036"
"52924","0.3245311082720036","0.3245311082720036","0.3245311082720036"
"52925","0.3245311082720036","0.3245311082720036","0.3245311082720036"
"52927","0.3245311082720036","0.3245311082720036","0.3245311082720036"
"52928","0.3245311082720036","0.3245311082720036","0.3245311082720036"
"52935","0.3245311082720036","0.3245311082720036","0.3245311082720036"
"52938","0.3245311082720036","0.3245311082720036","0.3245311082720036"
"52941","0.3245311082720036","0.3245311082720036","0.3245311082720036"
"52944","0.3245311082720036","0.3245311082720036","0.3245311082720036"
"52947","0.3245311082720036","0.3245311082720036","0.3245311082720036"
"52950","0.3245311082720036","0.3245311082720036","0.3245311082720036"
"52952","0.3245311082720036","0.3245311082720036","0.3245311082720036"
"52955","0.3245311082720036","0.3245311082720036","0.3245311082720036"
"52956","0.3245311082720036","0.3245311082720036","0.3245311082720036"
"52959","0.3245311082720036","0.3245311082720036","0.3245311082720036"
"52960","0.3245311082720036","0.3245311082720036","0.3245311082720036"
"52961","0.3245311082720036","0.3245311082720036","0.3245311082720036"
"52962","0.3245311082720036","0.3245311082720036","0.3245311082720036"
"52966","0.3245311082720036","0.3245311082720036","0.3245311082720036"
"52967","0.3245311082720036","0.3245311082720036","0.3245311082720036"
"52969","0.3245311082720036","0.3245311082720036","0.3245311082720036"
"52981","0.3245311082720036","0.3245311082720036","0.3245311082720036"
"52986","0.3245311082720036","0.3245311082720036","0.3245311082720036"
"52989","0.3245311082720036","0.3245311082720036","0.3245311082720036"
"53007","0.3245311082720036","0.3245311082720036","0.3245311082720036"
"53012","0.3244986013097332","0.3244986013097332","0.3244986013097332"
"53017","0.32437862731339917","0.32437862731339917","0.32437862731339917"
"53021","0.324339389295892","0.324339389295892","0.324339389295892"
"53048","0.324339389295892","0.324339389295892","0.324339389295892"
"53051","0.324339389295892","0.324339389295892","0.324339389295892"
"53054","0.324339389295892","0.324339389295892","0.324339389295892"
"53055","0.324339389295892","0.324339389295892","0.324339389295892"
"53061","0.324339389295892","0.324339389295892","0.324339389295892"
"53071","0.324339389295892","0.324339389295892","0.324339389295892"
"53086","0.324339389295892","0.324339389295892","0.324339389295892"
"53087","0.324339389295892","0.324339389295892","0.324339389295892"
"53088","0.324339389295892","0.324339389295892","0.324339389295892"
"53108","0.324339389295892","0.324339389295892","0.324339389295892"
"53116","0.324339389295892","0.324339389295892","0.324339389295892"
"53135","0.3248373134934809","0.3248373134934809","0.3248373134934809"
"53138","0.3248373134934809","0.3248373134934809","0.3248373134934809"
"53141","0.3248373134934809","0.3248373134934809","0.3248373134934809"
"53142","0.3248373134934809","0.3248373134934809","0.3248373134934809"
"53143","0.3248373134934809","0.3248373134934809","0.3248373134934809"
"53146","0.3248373134934809","0.3248373134934809","0.3248373134934809"
"53149","0.3248373134934809","0.3248373134934809","0.3248373134934809"
"53161","0.3248373134934809","0.3248373134934809","0.3248373134934809"
"53173","0.3248373134934809","0.3248373134934809","0.3248373134934809"
"53175","0.3248373134934809","0.3248373134934809","0.3248373134934809"
"53177","0.3248373134934809","0.3248373134934809","0.3248373134934809"
"53178","0.3248373134934809","0.3248373134934809","0.3248373134934809"
"53191","0.3248373134934809","0.3248373134934809","0.3248373134934809"
"53197","0.3248373134934809","0.3248373134934809","0.3248373134934809"
"53202","0.3248373134934809","0.3248373134934809","0.3248373134934809"
"53203","0.3248373134934809","0.3248373134934809","0.3248373134934809"
"53207","0.3248373134934809","0.3248373134934809","0.3248373134934809"
"53211","0.3248373134934809","0.3248373134934809","0.3248373134934809"
"53215","0.3248373134934809","0.3248373134934809","0.3248373134934809"
"53223","0.3248373134934809","0.3248373134934809","0.3248373134934809"
"53224","0.3248373134934809","0.3248373134934809","0.3248373134934809"
"53225","0.3248373134934809","0.3248373134934809","0.3248373134934809"
"53227","0.3248373134934809","0.3248373134934809","0.3248373134934809"
"53231","0.3247891561273718","0.3247891561273718","0.3247891561273718"
"53232","0.3247824354985823","0.3247824354985823","0.3247824354985823"
"53253","0.3249751674703475","0.3249751674703475","0.3249751674703475"
"53273","0.3249751674703475","0.3249751674703475","0.3249751674703475"
"53274","0.3249751674703475","0.3249751674703475","0.3249751674703475"
"53286","0.3249751674703475","0.3249751674703475","0.3249751674703475"
"53292","0.3249751674703475","0.3249751674703475","0.3249751674703475"
"53296","0.3249751674703475","0.3249751674703475","0.3249751674703475"
"53321","0.3249751674703475","0.3249751674703475","0.3249751674703475"
"53325","0.3249751674703475","0.3249751674703475","0.3249751674703475"
"53330","0.3249751674703475","0.3249751674703475","0.3249751674703475"
"53359","0.3254037432380755","0.3254037432380755","0.3254037432380755"
"53370","0.3254037432380755","0.3254037432380755","0.3254037432380755"
"53376","0.3254037432380755","0.3254037432380755","0.3254037432380755"
"53382","0.3254037432380755","0.3254037432380755","0.3254037432380755"
"53388","0.3254037432380755","0.3254037432380755","0.3254037432380755"
"53392","0.3254037432380755","0.3254037432380755","0.3254037432380755"
"53396","0.3254037432380755","0.3254037432380755","0.3254037432380755"
"53399","0.3254037432380755","0.3254037432380755","0.3254037432380755"
"53400","0.3254037432380755","0.3254037432380755","0.3254037432380755"
"53405","0.3254037432380755","0.3254037432380755","0.3254037432380755"
"53408","0.3254037432380755","0.3254037432380755","0.3254037432380755"
"53410","0.3254037432380755","0.3254037432380755","0.3254037432380755"
"53421","0.3254037432380755","0.3254037432380755","0.3254037432380755"
"53427","0.3254037432380755","0.3254037432380755","0.3254037432380755"
"53428","0.3254037432380755","0.3254037432380755","0.3254037432380755"
"53431","0.3254037432380755","0.3254037432380755","0.3254037432380755"
"53436","0.3254037432380755","0.3254037432380755","0.3254037432380755"
"53440","0.3254037432380755","0.3254037432380755","0.3254037432380755"
"53441","0.3254037432380755","0.3254037432380755","0.3254037432380755"
"53442","0.3254037432380755","0.3254037432380755","0.3254037432380755"
"53449","0.3254037432380755","0.3254037432380755","0.3254037432380755"
"53452","0.32544622683062696","0.32544622683062696","0.32544622683062696"
"53454","0.32560495043990156","0.32560495043990156","0.32560495043990156"
"53457","0.32552005208171975","0.32552005208171975","0.32552005208171975"
"53461","0.3253658007107333","0.3253658007107333","0.3253658007107333"
"53484","0.3253658007107333","0.3253658007107333","0.3253658007107333"
"53490","0.3253658007107333","0.3253658007107333","0.3253658007107333"
"53495","0.3253658007107333","0.3253658007107333","0.3253658007107333"
"53500","0.3253658007107333","0.3253658007107333","0.3253658007107333"
"53504","0.3253658007107333","0.3253658007107333","0.3253658007107333"
"53506","0.3253658007107333","0.3253658007107333","0.3253658007107333"
"53511","0.3253658007107333","0.3253658007107333","0.3253658007107333"
"53512","0.3253658007107333","0.3253658007107333","0.3253658007107333"
"53517","0.3253658007107333","0.3253658007107333","0.3253658007107333"
"53522","0.3253658007107333","0.3253658007107333","0.3253658007107333"
"53531","0.3253658007107333","0.3253658007107333","0.3253658007107333"
"53539","0.3253658007107333","0.3253658007107333","0.3253658007107333"
"53542","0.3253658007107333","0.3253658007107333","0.3253658007107333"
"53551","0.3253658007107333","0.3253658007107333","0.3253658007107333"
"53553","0.3253658007107333","0.3253658007107333","0.3253658007107333"
"53557","0.3253658007107333","0.3253658007107333","0.3253658007107333"
"53568","0.3250593534367908","0.3250593534367908","0.3250593534367908"
"53569","0.3251466489865379","0.3251466489865379","0.3251466489865379"
"53580","0.32518916616854765","0.32518916616854765","0.32518916616854765"
"53587","0.32518916616854765","0.32518916616854765","0.32518916616854765"
"53590","0.32518916616854765","0.32518916616854765","0.32518916616854765"
"53592","0.32518916616854765","0.32518916616854765","0.32518916616854765"
"53593","0.32518916616854765","0.32518916616854765","0.32518916616854765"
"53594","0.32518916616854765","0.32518916616854765","0.32518916616854765"
"53598","0.32518916616854765","0.32518916616854765","0.32518916616854765"
"53608","0.32518916616854765","0.32518916616854765","0.32518916616854765"
"53615","0.32518916616854765","0.32518916616854765","0.32518916616854765"
"53625","0.32518916616854765","0.32518916616854765","0.32518916616854765"
"53629","0.32518916616854765","0.32518916616854765","0.32518916616854765"
"53633","0.32518916616854765","0.32518916616854765","0.32518916616854765"
"53635","0.32518916616854765","0.32518916616854765","0.32518916616854765"
"53642","0.32518916616854765","0.32518916616854765","0.32518916616854765"
"53672","0.3251668128915298","0.3251668128915298","0.3251668128915298"
"53674","0.325103051572205","0.325103051572205","0.325103051572205"
"53685","0.32526081608839374","0.32526081608839374","0.32526081608839374"
"53687","0.32526081608839374","0.32526081608839374","0.32526081608839374"
"53688","0.32526081608839374","0.32526081608839374","0.32526081608839374"
"53691","0.32526081608839374","0.32526081608839374","0.32526081608839374"
"53692","0.32526081608839374","0.32526081608839374","0.32526081608839374"
"53695","0.32526081608839374","0.32526081608839374","0.32526081608839374"
"53717","0.32526081608839374","0.32526081608839374","0.32526081608839374"
"53721","0.32526081608839374","0.32526081608839374","0.32526081608839374"
"53729","0.32526081608839374","0.32526081608839374","0.32526081608839374"
"53739","0.32526081608839374","0.32526081608839374","0.32526081608839374"
"53744","0.32526081608839374","0.32526081608839374","0.32526081608839374"
"53754","0.32526081608839374","0.32526081608839374","0.32526081608839374"
"53772","0.32526081608839374","0.32526081608839374","0.32526081608839374"
"53795","0.3255594524444859","0.3255594524444859","0.3255594524444859"
"53796","0.3255594524444859","0.3255594524444859","0.3255594524444859"
"53797","0.3255594524444859","0.3255594524444859","0.3255594524444859"
"53800","0.3255594524444859","0.3255594524444859","0.3255594524444859"
"53806","0.3255594524444859","0.3255594524444859","0.3255594524444859"
"53812","0.3255594524444859","0.3255594524444859","0.3255594524444859"
"53815","0.3255594524444859","0.3255594524444859","0.3255594524444859"
"53824","0.3255594524444859","0.3255594524444859","0.3255594524444859"
"53831","0.3255594524444859","0.3255594524444859","0.3255594524444859"
"53832","0.3255594524444859","0.3255594524444859","0.3255594524444859"
"53837","0.3255594524444859","0.3255594524444859","0.3255594524444859"
"53855","0.3255594524444859","0.3255594524444859","0.3255594524444859"
"53886","0.3255594524444859","0.3255594524444859","0.3255594524444859"
"53899","0.326084453166095","0.326084453166095","0.326084453166095"
"53905","0.3260755279226032","0.3260755279226032","0.3260755279226032"
"53907","0.3260755279226032","0.3260755279226032","0.3260755279226032"
"53917","0.3260755279226032","0.3260755279226032","0.3260755279226032"
"53918","0.3260755279226032","0.3260755279226032","0.3260755279226032"
"53919","0.3260755279226032","0.3260755279226032","0.3260755279226032"
"53920","0.3260755279226032","0.3260755279226032","0.3260755279226032"
"53925","0.3260755279226032","0.3260755279226032","0.3260755279226032"
"53943","0.3260755279226032","0.3260755279226032","0.3260755279226032"
"53944","0.3260755279226032","0.3260755279226032","0.3260755279226032"
"53947","0.3260755279226032","0.3260755279226032","0.3260755279226032"
"53948","0.3260755279226032","0.3260755279226032","0.3260755279226032"
"53964","0.3260755279226032","0.3260755279226032","0.3260755279226032"
"53973","0.3260755279226032","0.3260755279226032","0.3260755279226032"
"53975","0.3260755279226032","0.3260755279226032","0.3260755279226032"
"53979","0.3260755279226032","0.3260755279226032","0.3260755279226032"
"53988","0.3260755279226032","0.3260755279226032","0.3260755279226032"
"53989","0.3260755279226032","0.3260755279226032","0.3260755279226032"
"54006","0.3262406790280238","0.3262406790280238","0.3262406790280238"
"54020","0.32647481530225375","0.32647481530225375","0.32647481530225375"
"54023","0.32647481530225375","0.32647481530225375","0.32647481530225375"
"54028","0.32647481530225375","0.32647481530225375","0.32647481530225375"
"54032","0.32647481530225375","0.32647481530225375","0.32647481530225375"
"54070","0.32647481530225375","0.32647481530225375","0.32647481530225375"
"54071","0.32647481530225375","0.32647481530225375","0.32647481530225375"
"54073","0.32647481530225375","0.32647481530225375","0.32647481530225375"
"54076","0.32647481530225375","0.32647481530225375","0.32647481530225375"
"54089","0.32647481530225375","0.32647481530225375","0.32647481530225375"
"54098","0.32647481530225375","0.32647481530225375","0.32647481530225375"
"54102","0.32647481530225375","0.32647481530225375","0.32647481530225375"
"54104","0.32647481530225375","0.32647481530225375","0.32647481530225375"
"54107","0.32647481530225375","0.32647481530225375","0.32647481530225375"
"54123","0.3264135727680241","0.3264135727680241","0.3264135727680241"
"54124","0.3264135727680241","0.3264135727680241","0.3264135727680241"
"54129","0.3264135727680241","0.3264135727680241","0.3264135727680241"
"54131","0.3264135727680241","0.3264135727680241","0.3264135727680241"
"54145","0.3264135727680241","0.3264135727680241","0.3264135727680241"
"54146","0.3264135727680241","0.3264135727680241","0.3264135727680241"
"54153","0.3264135727680241","0.3264135727680241","0.3264135727680241"
"54156","0.3264135727680241","0.3264135727680241","0.3264135727680241"
"54158","0.3264135727680241","0.3264135727680241","0.3264135727680241"
"54161","0.3264135727680241","0.3264135727680241","0.3264135727680241"
"54163","0.3264135727680241","0.3264135727680241","0.3264135727680241"
"54164","0.3264135727680241","0.3264135727680241","0.3264135727680241"
"54165","0.3264135727680241","0.3264135727680241","0.3264135727680241"
"54173","0.3264135727680241","0.3264135727680241","0.3264135727680241"
"54184","0.3264135727680241","0.3264135727680241","0.3264135727680241"
"54187","0.3264135727680241","0.3264135727680241","0.3264135727680241"
"54196","0.3264135727680241","0.3264135727680241","0.3264135727680241"
"54204","0.3264135727680241","0.3264135727680241","0.3264135727680241"
"54206","0.3264135727680241","0.3264135727680241","0.3264135727680241"
"54212","0.3264135727680241","0.3264135727680241","0.3264135727680241"
"54213","0.3264135727680241","0.3264135727680241","0.3264135727680241"
"54214","0.3264135727680241","0.3264135727680241","0.3264135727680241"
"54216","0.3264135727680241","0.3264135727680241","0.3264135727680241"
"54219","0.3264135727680241","0.3264135727680241","0.3264135727680241"
"54228","0.32701907714758816","0.32701907714758816","0.32701907714758816"
"54231","0.3269456750498193","0.3269456750498193","0.3269456750498193"
"54238","0.3269456750498193","0.3269456750498193","0.3269456750498193"
"54246","0.3269456750498193","0.3269456750498193","0.3269456750498193"
"54247","0.3269456750498193","0.3269456750498193","0.3269456750498193"
"54254","0.3269456750498193","0.3269456750498193","0.3269456750498193"
"54256","0.3269456750498193","0.3269456750498193","0.3269456750498193"
"54271","0.3269456750498193","0.3269456750498193","0.3269456750498193"
"54280","0.3269456750498193","0.3269456750498193","0.3269456750498193"
"54281","0.3269456750498193","0.3269456750498193","0.3269456750498193"
"54286","0.3269456750498193","0.3269456750498193","0.3269456750498193"
"54287","0.3269456750498193","0.3269456750498193","0.3269456750498193"
"54292","0.3269456750498193","0.3269456750498193","0.3269456750498193"
"54301","0.3269456750498193","0.3269456750498193","0.3269456750498193"
"54320","0.3269456750498193","0.3269456750498193","0.3269456750498193"
"54326","0.3269456750498193","0.3269456750498193","0.3269456750498193"
"54331","0.3268700103220453","0.3268700103220453","0.3268700103220453"
"54353","0.32716824100530173","0.32716824100530173","0.32716824100530173"
"54357","0.32716824100530173","0.32716824100530173","0.32716824100530173"
"54358","0.32716824100530173","0.32716824100530173","0.32716824100530173"
"54359","0.32716824100530173","0.32716824100530173","0.32716824100530173"
"54363","0.32716824100530173","0.32716824100530173","0.32716824100530173"
"54364","0.32716824100530173","0.32716824100530173","0.32716824100530173"
"54371","0.32716824100530173","0.32716824100530173","0.32716824100530173"
"54379","0.32716824100530173","0.32716824100530173","0.32716824100530173"
"54398","0.32716824100530173","0.32716824100530173","0.32716824100530173"
"54400","0.32716824100530173","0.32716824100530173","0.32716824100530173"
"54401","0.32716824100530173","0.32716824100530173","0.32716824100530173"
"54403","0.32716824100530173","0.32716824100530173","0.32716824100530173"
"54404","0.32716824100530173","0.32716824100530173","0.32716824100530173"
"54413","0.32716824100530173","0.32716824100530173","0.32716824100530173"
"54415","0.32716824100530173","0.32716824100530173","0.32716824100530173"
"54417","0.32716824100530173","0.32716824100530173","0.32716824100530173"
"54434","0.32716824100530173","0.32716824100530173","0.32716824100530173"
"54443","0.32676777801711976","0.32676777801711976","0.32676777801711976"
"54444","0.3267098852523759","0.3267098852523759","0.3267098852523759"
"54445","0.32676333419690307","0.32676333419690307","0.32676333419690307"
"54452","0.3268880437793541","0.3268880437793541","0.3268880437793541"
"54462","0.3268880437793541","0.3268880437793541","0.3268880437793541"
"54471","0.3268880437793541","0.3268880437793541","0.3268880437793541"
"54475","0.3268880437793541","0.3268880437793541","0.3268880437793541"
"54483","0.3268880437793541","0.3268880437793541","0.3268880437793541"
"54489","0.3268880437793541","0.3268880437793541","0.3268880437793541"
"54491","0.3268880437793541","0.3268880437793541","0.3268880437793541"
"54493","0.3268880437793541","0.3268880437793541","0.3268880437793541"
"54508","0.3268880437793541","0.3268880437793541","0.3268880437793541"
"54510","0.3268880437793541","0.3268880437793541","0.3268880437793541"
"54514","0.3268880437793541","0.3268880437793541","0.3268880437793541"
"54523","0.3268880437793541","0.3268880437793541","0.3268880437793541"
"54525","0.3268880437793541","0.3268880437793541","0.3268880437793541"
"54531","0.3268880437793541","0.3268880437793541","0.3268880437793541"
"54533","0.3268880437793541","0.3268880437793541","0.3268880437793541"
"54541","0.3268880437793541","0.3268880437793541","0.3268880437793541"
"54559","0.32755975777795354","0.32755975777795354","0.32755975777795354"
"54563","0.32772857362974717","0.32772857362974717","0.32772857362974717"
"54565","0.32772857362974717","0.32772857362974717","0.32772857362974717"
"54568","0.32772857362974717","0.32772857362974717","0.32772857362974717"
"54569","0.32772857362974717","0.32772857362974717","0.32772857362974717"
"54571","0.32772857362974717","0.32772857362974717","0.32772857362974717"
"54578","0.32772857362974717","0.32772857362974717","0.32772857362974717"
"54585","0.32772857362974717","0.32772857362974717","0.32772857362974717"
"54595","0.32772857362974717","0.32772857362974717","0.32772857362974717"
"54598","0.32772857362974717","0.32772857362974717","0.32772857362974717"
"54606","0.32772857362974717","0.32772857362974717","0.32772857362974717"
"54609","0.32772857362974717","0.32772857362974717","0.32772857362974717"
"54611","0.32772857362974717","0.32772857362974717","0.32772857362974717"
"54613","0.32772857362974717","0.32772857362974717","0.32772857362974717"
"54614","0.32772857362974717","0.32772857362974717","0.32772857362974717"
"54617","0.32772857362974717","0.32772857362974717","0.32772857362974717"
"54629","0.32772857362974717","0.32772857362974717","0.32772857362974717"
"54645","0.32772857362974717","0.32772857362974717","0.32772857362974717"
"54671","0.3287325822696857","0.3287325822696857","0.3287325822696857"
"54676","0.3287325822696857","0.3287325822696857","0.3287325822696857"
"54685","0.3287325822696857","0.3287325822696857","0.3287325822696857"
"54688","0.3287325822696857","0.3287325822696857","0.3287325822696857"
"54689","0.3287325822696857","0.3287325822696857","0.3287325822696857"
"54707","0.3287325822696857","0.3287325822696857","0.3287325822696857"
"54709","0.3287325822696857","0.3287325822696857","0.3287325822696857"
"54720","0.3287325822696857","0.3287325822696857","0.3287325822696857"
"54726","0.3287325822696857","0.3287325822696857","0.3287325822696857"
"54738","0.3287325822696857","0.3287325822696857","0.3287325822696857"
"54745","0.3287325822696857","0.3287325822696857","0.3287325822696857"
"54752","0.3287325822696857","0.3287325822696857","0.3287325822696857"
"54755","0.3287325822696857","0.3287325822696857","0.3287325822696857"
"54757","0.3287325822696857","0.3287325822696857","0.3287325822696857"
"54776","0.32884547361331895","0.32884547361331895","0.32884547361331895"
"54778","0.32907776065562755","0.32907776065562755","0.32907776065562755"
"54785","0.3290777627947591","0.3290777627947591","0.3290777627947591"
"54788","0.3290777627947591","0.3290777627947591","0.3290777627947591"
"54789","0.3290777627947591","0.3290777627947591","0.3290777627947591"
"54801","0.3290777627947591","0.3290777627947591","0.3290777627947591"
"54815","0.3290777627947591","0.3290777627947591","0.3290777627947591"
"54819","0.3290777627947591","0.3290777627947591","0.3290777627947591"
"54823","0.3290777627947591","0.3290777627947591","0.3290777627947591"
"54826","0.3290777627947591","0.3290777627947591","0.3290777627947591"
"54843","0.3290777627947591","0.3290777627947591","0.3290777627947591"
"54847","0.3290777627947591","0.3290777627947591","0.3290777627947591"
"54848","0.3290777627947591","0.3290777627947591","0.3290777627947591"
"54853","0.3290777627947591","0.3290777627947591","0.3290777627947591"
"54855","0.3290777627947591","0.3290777627947591","0.3290777627947591"
"54860","0.3290777627947591","0.3290777627947591","0.3290777627947591"
"54862","0.3290777627947591","0.3290777627947591","0.3290777627947591"
"54866","0.3290777627947591","0.3290777627947591","0.3290777627947591"
"54888","0.32883901850104846","0.32883901850104846","0.32883901850104846"
"54890","0.3289053944775787","0.3289053944775787","0.3289053944775787"
"54895","0.3289053944775787","0.3289053944775787","0.3289053944775787"
"54896","0.3289053944775787","0.3289053944775787","0.3289053944775787"
"54898","0.3289053944775787","0.3289053944775787","0.3289053944775787"
"54912","0.3289053944775787","0.3289053944775787","0.3289053944775787"
"54913","0.3289053944775787","0.3289053944775787","0.3289053944775787"
"54914","0.3289053944775787","0.3289053944775787","0.3289053944775787"
"54917","0.3289053944775787","0.3289053944775787","0.3289053944775787"
"54932","0.3289053944775787","0.3289053944775787","0.3289053944775787"
"54936","0.3289053944775787","0.3289053944775787","0.3289053944775787"
"54941","0.3289053944775787","0.3289053944775787","0.3289053944775787"
"54946","0.3289053944775787","0.3289053944775787","0.3289053944775787"
"54960","0.3289053944775787","0.3289053944775787","0.3289053944775787"
"54961","0.3289053944775787","0.3289053944775787","0.3289053944775787"
"54964","0.3289053944775787","0.3289053944775787","0.3289053944775787"
"54979","0.3289053944775787","0.3289053944775787","0.3289053944775787"
"55005","0.32859341622893223","0.32859341622893223","0.32859341622893223"
"55025","0.32859341622893223","0.32859341622893223","0.32859341622893223"
"55035","0.32859341622893223","0.32859341622893223","0.32859341622893223"
"55040","0.32859341622893223","0.32859341622893223","0.32859341622893223"
"55043","0.32859341622893223","0.32859341622893223","0.32859341622893223"
"55044","0.32859341622893223","0.32859341622893223","0.32859341622893223"
"55045","0.32859341622893223","0.32859341622893223","0.32859341622893223"
"55048","0.32859341622893223","0.32859341622893223","0.32859341622893223"
"55052","0.32859341622893223","0.32859341622893223","0.32859341622893223"
"55053","0.32859341622893223","0.32859341622893223","0.32859341622893223"
"55059","0.32859341622893223","0.32859341622893223","0.32859341622893223"
"55061","0.32859341622893223","0.32859341622893223","0.32859341622893223"
"55083","0.32859341622893223","0.32859341622893223","0.32859341622893223"
"55087","0.32859341622893223","0.32859341622893223","0.32859341622893223"
"55091","0.32859341622893223","0.32859341622893223","0.32859341622893223"
"55097","0.32859341622893223","0.32859341622893223","0.32859341622893223"
"55110","0.32861049998550695","0.32861049998550695","0.32861049998550695"
"55112","0.32861049998550695","0.32861049998550695","0.32861049998550695"
"55116","0.32861049998550695","0.32861049998550695","0.32861049998550695"
"55143","0.32861049998550695","0.32861049998550695","0.32861049998550695"
"55144","0.32861049998550695","0.32861049998550695","0.32861049998550695"
"55151","0.32861049998550695","0.32861049998550695","0.32861049998550695"
"55156","0.32861049998550695","0.32861049998550695","0.32861049998550695"
"55157","0.32861049998550695","0.32861049998550695","0.32861049998550695"
"55164","0.32861049998550695","0.32861049998550695","0.32861049998550695"
"55165","0.32861049998550695","0.32861049998550695","0.32861049998550695"
"55166","0.32861049998550695","0.32861049998550695","0.32861049998550695"
"55171","0.32861049998550695","0.32861049998550695","0.32861049998550695"
"55176","0.32861049998550695","0.32861049998550695","0.32861049998550695"
"55182","0.32861049998550695","0.32861049998550695","0.32861049998550695"
"55185","0.32861049998550695","0.32861049998550695","0.32861049998550695"
"55189","0.32861049998550695","0.32861049998550695","0.32861049998550695"
"55198","0.32861049998550695","0.32861049998550695","0.32861049998550695"
"55204","0.32861049998550695","0.32861049998550695","0.32861049998550695"
"55208","0.32861049998550695","0.32861049998550695","0.32861049998550695"
"55216","0.32960515771933385","0.32960515771933385","0.32960515771933385"
"55225","0.3301991707952311","0.3301991707952311","0.3301991707952311"
"55233","0.3301991707952311","0.3301991707952311","0.3301991707952311"
"55234","0.3301991707952311","0.3301991707952311","0.3301991707952311"
"55238","0.3301991707952311","0.3301991707952311","0.3301991707952311"
"55244","0.3301991707952311","0.3301991707952311","0.3301991707952311"
"55245","0.3301991707952311","0.3301991707952311","0.3301991707952311"
"55247","0.3301991707952311","0.3301991707952311","0.3301991707952311"
"55249","0.3301991707952311","0.3301991707952311","0.3301991707952311"
"55252","0.3301991707952311","0.3301991707952311","0.3301991707952311"
"55259","0.3301991707952311","0.3301991707952311","0.3301991707952311"
"55261","0.3301991707952311","0.3301991707952311","0.3301991707952311"
"55271","0.3301991707952311","0.3301991707952311","0.3301991707952311"
"55273","0.3301991707952311","0.3301991707952311","0.3301991707952311"
"55278","0.3301991707952311","0.3301991707952311","0.3301991707952311"
"55282","0.3301991707952311","0.3301991707952311","0.3301991707952311"
"55283","0.3301991707952311","0.3301991707952311","0.3301991707952311"
"55289","0.3301991707952311","0.3301991707952311","0.3301991707952311"
"55290","0.3301991707952311","0.3301991707952311","0.3301991707952311"
"55301","0.3301991707952311","0.3301991707952311","0.3301991707952311"
"55302","0.3301991707952311","0.3301991707952311","0.3301991707952311"
"55305","0.3301991707952311","0.3301991707952311","0.3301991707952311"
"55311","0.3301991707952311","0.3301991707952311","0.3301991707952311"
"55314","0.3301991707952311","0.3301991707952311","0.3301991707952311"
"55327","0.33034627189713317","0.33034627189713317","0.33034627189713317"
"55333","0.33091356246527537","0.33091356246527537","0.33091356246527537"
"55337","0.33091356246527537","0.33091356246527537","0.33091356246527537"
"55341","0.33091356246527537","0.33091356246527537","0.33091356246527537"
"55352","0.33091356246527537","0.33091356246527537","0.33091356246527537"
"55358","0.33091356246527537","0.33091356246527537","0.33091356246527537"
"55360","0.33091356246527537","0.33091356246527537","0.33091356246527537"
"55387","0.33091356246527537","0.33091356246527537","0.33091356246527537"
"55397","0.33091356246527537","0.33091356246527537","0.33091356246527537"
"55402","0.33091356246527537","0.33091356246527537","0.33091356246527537"
"55403","0.33091356246527537","0.33091356246527537","0.33091356246527537"
"55406","0.33091356246527537","0.33091356246527537","0.33091356246527537"
"55407","0.33091356246527537","0.33091356246527537","0.33091356246527537"
"55419","0.33091356246527537","0.33091356246527537","0.33091356246527537"
"55421","0.33091356246527537","0.33091356246527537","0.33091356246527537"
"55424","0.33091356246527537","0.33091356246527537","0.33091356246527537"
"55440","0.3314080575213211","0.3314080575213211","0.3314080575213211"
"55446","0.3314080575213211","0.3314080575213211","0.3314080575213211"
"55449","0.3314080575213211","0.3314080575213211","0.3314080575213211"
"55454","0.3314080575213211","0.3314080575213211","0.3314080575213211"
"55460","0.3314080575213211","0.3314080575213211","0.3314080575213211"
"55461","0.3314080575213211","0.3314080575213211","0.3314080575213211"
"55469","0.3314080575213211","0.3314080575213211","0.3314080575213211"
"55476","0.3314080575213211","0.3314080575213211","0.3314080575213211"
"55478","0.3314080575213211","0.3314080575213211","0.3314080575213211"
"55497","0.3314080575213211","0.3314080575213211","0.3314080575213211"
"55498","0.3314080575213211","0.3314080575213211","0.3314080575213211"
"55499","0.3314080575213211","0.3314080575213211","0.3314080575213211"
"55518","0.3314080575213211","0.3314080575213211","0.3314080575213211"
"55522","0.3314080575213211","0.3314080575213211","0.3314080575213211"
"55523","0.3314080575213211","0.3314080575213211","0.3314080575213211"
"55525","0.3314080575213211","0.3314080575213211","0.3314080575213211"
"55548","0.33138864351562913","0.33138864351562913","0.33138864351562913"
"55550","0.3315886435105767","0.3315886435105767","0.3315886435105767"
"55557","0.3315886435105767","0.3315886435105767","0.3315886435105767"
"55560","0.3315886435105767","0.3315886435105767","0.3315886435105767"
"55570","0.3315886435105767","0.3315886435105767","0.3315886435105767"
"55584","0.3315886435105767","0.3315886435105767","0.3315886435105767"
"55592","0.3315886435105767","0.3315886435105767","0.3315886435105767"
"55596","0.3315886435105767","0.3315886435105767","0.3315886435105767"
"55600","0.3315886435105767","0.3315886435105767","0.3315886435105767"
"55605","0.3315886435105767","0.3315886435105767","0.3315886435105767"
"55606","0.3315886435105767","0.3315886435105767","0.3315886435105767"
"55613","0.3315886435105767","0.3315886435105767","0.3315886435105767"
"55624","0.3315886435105767","0.3315886435105767","0.3315886435105767"
"55641","0.3315886435105767","0.3315886435105767","0.3315886435105767"
"55645","0.3315886435105767","0.3315886435105767","0.3315886435105767"
"55646","0.3315886435105767","0.3315886435105767","0.3315886435105767"
"55654","0.3313746550523774","0.3313746550523774","0.3313746550523774"
"55660","0.3313340548887481","0.3313340548887481","0.3313340548887481"
"55663","0.3313340548887481","0.3313340548887481","0.3313340548887481"
"55671","0.3313340548887481","0.3313340548887481","0.3313340548887481"
"55675","0.3313340548887481","0.3313340548887481","0.3313340548887481"
"55683","0.3313340548887481","0.3313340548887481","0.3313340548887481"
"55685","0.3313340548887481","0.3313340548887481","0.3313340548887481"
"55689","0.3313340548887481","0.3313340548887481","0.3313340548887481"
"55698","0.3313340548887481","0.3313340548887481","0.3313340548887481"
"55703","0.3313340548887481","0.3313340548887481","0.3313340548887481"
"55709","0.3313340548887481","0.3313340548887481","0.3313340548887481"
"55710","0.3313340548887481","0.3313340548887481","0.3313340548887481"
"55720","0.3313340548887481","0.3313340548887481","0.3313340548887481"
"55723","0.3313340548887481","0.3313340548887481","0.3313340548887481"
"55725","0.3313340548887481","0.3313340548887481","0.3313340548887481"
"55727","0.3313340548887481","0.3313340548887481","0.3313340548887481"
"55730","0.3313340548887481","0.3313340548887481","0.3313340548887481"
"55737","0.3313340548887481","0.3313340548887481","0.3313340548887481"
"55738","0.3313340548887481","0.3313340548887481","0.3313340548887481"
"55744","0.3313340548887481","0.3313340548887481","0.3313340548887481"
"55770","0.33153835720586355","0.33153835720586355","0.33153835720586355"
"55771","0.33153835720586355","0.33153835720586355","0.33153835720586355"
"55772","0.33153835720586355","0.33153835720586355","0.33153835720586355"
"55781","0.33153835720586355","0.33153835720586355","0.33153835720586355"
"55783","0.33153835720586355","0.33153835720586355","0.33153835720586355"
"55785","0.33153835720586355","0.33153835720586355","0.33153835720586355"
"55792","0.33153835720586355","0.33153835720586355","0.33153835720586355"
"55793","0.33153835720586355","0.33153835720586355","0.33153835720586355"
"55817","0.33153835720586355","0.33153835720586355","0.33153835720586355"
"55828","0.33153835720586355","0.33153835720586355","0.33153835720586355"
"55832","0.33153835720586355","0.33153835720586355","0.33153835720586355"
"55845","0.33153835720586355","0.33153835720586355","0.33153835720586355"
"55846","0.33153835720586355","0.33153835720586355","0.33153835720586355"
"55850","0.33153835720586355","0.33153835720586355","0.33153835720586355"
"55855","0.33153835720586355","0.33153835720586355","0.33153835720586355"
"55863","0.33153835720586355","0.33153835720586355","0.33153835720586355"
"55890","0.3315644641757899","0.3315644641757899","0.3315644641757899"
"55894","0.3315644641757899","0.3315644641757899","0.3315644641757899"
"55895","0.3315644641757899","0.3315644641757899","0.3315644641757899"
"55898","0.3315644641757899","0.3315644641757899","0.3315644641757899"
"55905","0.3315644641757899","0.3315644641757899","0.3315644641757899"
"55907","0.3315644641757899","0.3315644641757899","0.3315644641757899"
"55909","0.3315644641757899","0.3315644641757899","0.3315644641757899"
"55911","0.3315644641757899","0.3315644641757899","0.3315644641757899"
"55917","0.3315644641757899","0.3315644641757899","0.3315644641757899"
"55922","0.3315644641757899","0.3315644641757899","0.3315644641757899"
"55923","0.3315644641757899","0.3315644641757899","0.3315644641757899"
"55925","0.3315644641757899","0.3315644641757899","0.3315644641757899"
"55932","0.3315644641757899","0.3315644641757899","0.3315644641757899"
"55940","0.3315644641757899","0.3315644641757899","0.3315644641757899"
"55946","0.3315644641757899","0.3315644641757899","0.3315644641757899"
"55950","0.3315644641757899","0.3315644641757899","0.3315644641757899"
"55951","0.3315644641757899","0.3315644641757899","0.3315644641757899"
"55952","0.3315644641757899","0.3315644641757899","0.3315644641757899"
"55953","0.3315644641757899","0.3315644641757899","0.3315644641757899"
"55960","0.3315644641757899","0.3315644641757899","0.3315644641757899"
"55980","0.3315644641757899","0.3315644641757899","0.3315644641757899"
"55993","0.33130317187997205","0.33130317187997205","0.33130317187997205"
"55998","0.33130317187997205","0.33130317187997205","0.33130317187997205"
"56022","0.33130317187997205","0.33130317187997205","0.33130317187997205"
"56029","0.33130317187997205","0.33130317187997205","0.33130317187997205"
"56034","0.33130317187997205","0.33130317187997205","0.33130317187997205"
"56035","0.33130317187997205","0.33130317187997205","0.33130317187997205"
"56050","0.33130317187997205","0.33130317187997205","0.33130317187997205"
"56059","0.33130317187997205","0.33130317187997205","0.33130317187997205"
"56062","0.33130317187997205","0.33130317187997205","0.33130317187997205"
"56063","0.33130317187997205","0.33130317187997205","0.33130317187997205"
"56067","0.33130317187997205","0.33130317187997205","0.33130317187997205"
"56073","0.33130317187997205","0.33130317187997205","0.33130317187997205"
"56076","0.33130317187997205","0.33130317187997205","0.33130317187997205"
"56077","0.33130317187997205","0.33130317187997205","0.33130317187997205"
"56079","0.33130317187997205","0.33130317187997205","0.33130317187997205"
"56082","0.33130317187997205","0.33130317187997205","0.33130317187997205"
"56084","0.33130317187997205","0.33130317187997205","0.33130317187997205"
"56100","0.330918760593795","0.330918760593795","0.330918760593795"
"56101","0.330918760593795","0.330918760593795","0.330918760593795"
"56128","0.330918760593795","0.330918760593795","0.330918760593795"
"56130","0.330918760593795","0.330918760593795","0.330918760593795"
"56136","0.330918760593795","0.330918760593795","0.330918760593795"
"56138","0.330918760593795","0.330918760593795","0.330918760593795"
"56146","0.330918760593795","0.330918760593795","0.330918760593795"
"56169","0.330918760593795","0.330918760593795","0.330918760593795"
"56175","0.330918760593795","0.330918760593795","0.330918760593795"
"56188","0.330918760593795","0.330918760593795","0.330918760593795"
"56197","0.330918760593795","0.330918760593795","0.330918760593795"
"56202","0.33105506755064196","0.33105506755064196","0.33105506755064196"
"56204","0.3309297806791619","0.3309297806791619","0.3309297806791619"
"56207","0.3308528459802801","0.3308528459802801","0.3308528459802801"
"56211","0.33097599144284684","0.33097599144284684","0.33097599144284684"
"56216","0.33097599144284684","0.33097599144284684","0.33097599144284684"
"56222","0.33097599144284684","0.33097599144284684","0.33097599144284684"
"56225","0.33097599144284684","0.33097599144284684","0.33097599144284684"
"56227","0.33097599144284684","0.33097599144284684","0.33097599144284684"
"56237","0.33097599144284684","0.33097599144284684","0.33097599144284684"
"56245","0.33097599144284684","0.33097599144284684","0.33097599144284684"
"56250","0.33097599144284684","0.33097599144284684","0.33097599144284684"
"56251","0.33097599144284684","0.33097599144284684","0.33097599144284684"
"56255","0.33097599144284684","0.33097599144284684","0.33097599144284684"
"56256","0.33097599144284684","0.33097599144284684","0.33097599144284684"
"56258","0.33097599144284684","0.33097599144284684","0.33097599144284684"
"56270","0.33097599144284684","0.33097599144284684","0.33097599144284684"
"56280","0.33097599144284684","0.33097599144284684","0.33097599144284684"
"56284","0.33097599144284684","0.33097599144284684","0.33097599144284684"
"56285","0.33097599144284684","0.33097599144284684","0.33097599144284684"
"56288","0.33097599144284684","0.33097599144284684","0.33097599144284684"
"56291","0.33097599144284684","0.33097599144284684","0.33097599144284684"
"56292","0.33097599144284684","0.33097599144284684","0.33097599144284684"
"56298","0.33097599144284684","0.33097599144284684","0.33097599144284684"
"56327","0.3315568929548135","0.3315568929548135","0.3315568929548135"
"56329","0.3315568929548135","0.3315568929548135","0.3315568929548135"
"56333","0.3315568929548135","0.3315568929548135","0.3315568929548135"
"56334","0.3315568929548135","0.3315568929548135","0.3315568929548135"
"56343","0.3315568929548135","0.3315568929548135","0.3315568929548135"
"56344","0.3315568929548135","0.3315568929548135","0.3315568929548135"
"56346","0.3315568929548135","0.3315568929548135","0.3315568929548135"
"56347","0.3315568929548135","0.3315568929548135","0.3315568929548135"
"56355","0.3315568929548135","0.3315568929548135","0.3315568929548135"
"56367","0.3315568929548135","0.3315568929548135","0.3315568929548135"
"56381","0.3315568929548135","0.3315568929548135","0.3315568929548135"
"56386","0.3315568929548135","0.3315568929548135","0.3315568929548135"
"56393","0.3315568929548135","0.3315568929548135","0.3315568929548135"
"56406","0.3315568929548135","0.3315568929548135","0.3315568929548135"
"56407","0.3315568929548135","0.3315568929548135","0.3315568929548135"
"56422","0.3316644141715187","0.3316644141715187","0.3316644141715187"
"56424","0.3318490577704324","0.3318490577704324","0.3318490577704324"
"56425","0.3317218898492683","0.3317218898492683","0.3317218898492683"
"56429","0.33169121068303864","0.33169121068303864","0.33169121068303864"
"56433","0.331737276153126","0.331737276153126","0.331737276153126"
"56440","0.331737276153126","0.331737276153126","0.331737276153126"
"56442","0.331737276153126","0.331737276153126","0.331737276153126"
"56443","0.331737276153126","0.331737276153126","0.331737276153126"
"56456","0.331737276153126","0.331737276153126","0.331737276153126"
"56457","0.331737276153126","0.331737276153126","0.331737276153126"
"56458","0.331737276153126","0.331737276153126","0.331737276153126"
"56465","0.331737276153126","0.331737276153126","0.331737276153126"
"56479","0.331737276153126","0.331737276153126","0.331737276153126"
"56485","0.331737276153126","0.331737276153126","0.331737276153126"
"56486","0.331737276153126","0.331737276153126","0.331737276153126"
"56492","0.331737276153126","0.331737276153126","0.331737276153126"
"56493","0.331737276153126","0.331737276153126","0.331737276153126"
"56513","0.331737276153126","0.331737276153126","0.331737276153126"
"56515","0.331737276153126","0.331737276153126","0.331737276153126"
"56516","0.331737276153126","0.331737276153126","0.331737276153126"
"56527","0.331737276153126","0.331737276153126","0.331737276153126"
"56547","0.33172859167743807","0.33172859167743807","0.33172859167743807"
"56550","0.33172859167743807","0.33172859167743807","0.33172859167743807"
"56553","0.33172859167743807","0.33172859167743807","0.33172859167743807"
"56561","0.33172859167743807","0.33172859167743807","0.33172859167743807"
"56563","0.33172859167743807","0.33172859167743807","0.33172859167743807"
"56569","0.33172859167743807","0.33172859167743807","0.33172859167743807"
"56580","0.33172859167743807","0.33172859167743807","0.33172859167743807"
"56590","0.33172859167743807","0.33172859167743807","0.33172859167743807"
"56613","0.33172859167743807","0.33172859167743807","0.33172859167743807"
"56614","0.33172859167743807","0.33172859167743807","0.33172859167743807"
"56619","0.33172859167743807","0.33172859167743807","0.33172859167743807"
"56629","0.33172859167743807","0.33172859167743807","0.33172859167743807"
"56645","0.3317506052872886","0.3317506052872886","0.3317506052872886"
"56649","0.33191730980170175","0.33191730980170175","0.33191730980170175"
"56655","0.33210583035825036","0.33210583035825036","0.33210583035825036"
"56660","0.33210583035825036","0.33210583035825036","0.33210583035825036"
"56662","0.33210583035825036","0.33210583035825036","0.33210583035825036"
"56669","0.33210583035825036","0.33210583035825036","0.33210583035825036"
"56674","0.33210583035825036","0.33210583035825036","0.33210583035825036"
"56691","0.33210583035825036","0.33210583035825036","0.33210583035825036"
"56695","0.33210583035825036","0.33210583035825036","0.33210583035825036"
"56706","0.33210583035825036","0.33210583035825036","0.33210583035825036"
"56710","0.33210583035825036","0.33210583035825036","0.33210583035825036"
"56711","0.33210583035825036","0.33210583035825036","0.33210583035825036"
"56716","0.33210583035825036","0.33210583035825036","0.33210583035825036"
"56719","0.33210583035825036","0.33210583035825036","0.33210583035825036"
"56727","0.33210583035825036","0.33210583035825036","0.33210583035825036"
"56729","0.33210583035825036","0.33210583035825036","0.33210583035825036"
"56732","0.33210583035825036","0.33210583035825036","0.33210583035825036"
"56734","0.33210583035825036","0.33210583035825036","0.33210583035825036"
"56737","0.33210583035825036","0.33210583035825036","0.33210583035825036"
"56742","0.33210583035825036","0.33210583035825036","0.33210583035825036"
"56746","0.33210583035825036","0.33210583035825036","0.33210583035825036"
"56748","0.33210583035825036","0.33210583035825036","0.33210583035825036"
"56749","0.33210583035825036","0.33210583035825036","0.33210583035825036"
"56753","0.33199189792330797","0.33199189792330797","0.33199189792330797"
"56763","0.3319897421934911","0.3319897421934911","0.3319897421934911"
"56773","0.3319897421934911","0.3319897421934911","0.3319897421934911"
"56777","0.3319897421934911","0.3319897421934911","0.3319897421934911"
"56790","0.3319897421934911","0.3319897421934911","0.3319897421934911"
"56792","0.3319897421934911","0.3319897421934911","0.3319897421934911"
"56801","0.3319897421934911","0.3319897421934911","0.3319897421934911"
"56808","0.3319897421934911","0.3319897421934911","0.3319897421934911"
"56815","0.3319897421934911","0.3319897421934911","0.3319897421934911"
"56827","0.3319897421934911","0.3319897421934911","0.3319897421934911"
"56832","0.3319897421934911","0.3319897421934911","0.3319897421934911"
"56839","0.3319897421934911","0.3319897421934911","0.3319897421934911"
"56846","0.3319897421934911","0.3319897421934911","0.3319897421934911"
"56848","0.3319897421934911","0.3319897421934911","0.3319897421934911"
"56853","0.3319897421934911","0.3319897421934911","0.3319897421934911"
"56855","0.3319897421934911","0.3319897421934911","0.3319897421934911"
"56858","0.3319897421934911","0.3319897421934911","0.3319897421934911"
"56861","0.33213877243188106","0.33213877243188106","0.33213877243188106"
"56867","0.33216500920398173","0.33216500920398173","0.33216500920398173"
"56873","0.3323840205704073","0.3323840205704073","0.3323840205704073"
"56874","0.3323840205704073","0.3323840205704073","0.3323840205704073"
"56884","0.3323840205704073","0.3323840205704073","0.3323840205704073"
"56885","0.3323840205704073","0.3323840205704073","0.3323840205704073"
"56894","0.3323840205704073","0.3323840205704073","0.3323840205704073"
"56902","0.3323840205704073","0.3323840205704073","0.3323840205704073"
"56910","0.3323840205704073","0.3323840205704073","0.3323840205704073"
"56925","0.3323840205704073","0.3323840205704073","0.3323840205704073"
"56933","0.3323840205704073","0.3323840205704073","0.3323840205704073"
"56936","0.3323840205704073","0.3323840205704073","0.3323840205704073"
"56941","0.3323840205704073","0.3323840205704073","0.3323840205704073"
"56942","0.3323840205704073","0.3323840205704073","0.3323840205704073"
"56949","0.3323840205704073","0.3323840205704073","0.3323840205704073"
"56952","0.3323840205704073","0.3323840205704073","0.3323840205704073"
"56954","0.3323840205704073","0.3323840205704073","0.3323840205704073"
"56966","0.3323840205704073","0.3323840205704073","0.3323840205704073"
"56972","0.3324803363085266","0.3324803363085266","0.3324803363085266"
"56977","0.33268784334550217","0.33268784334550217","0.33268784334550217"
"56981","0.332582860803177","0.332582860803177","0.332582860803177"
"56984","0.332582860803177","0.332582860803177","0.332582860803177"
"56988","0.332582860803177","0.332582860803177","0.332582860803177"
"56996","0.332582860803177","0.332582860803177","0.332582860803177"
"57000","0.332582860803177","0.332582860803177","0.332582860803177"
"57001","0.332582860803177","0.332582860803177","0.332582860803177"
"57010","0.332582860803177","0.332582860803177","0.332582860803177"
"57023","0.332582860803177","0.332582860803177","0.332582860803177"
"57033","0.332582860803177","0.332582860803177","0.332582860803177"
"57037","0.332582860803177","0.332582860803177","0.332582860803177"
"57043","0.332582860803177","0.332582860803177","0.332582860803177"
"57045","0.332582860803177","0.332582860803177","0.332582860803177"
"57053","0.332582860803177","0.332582860803177","0.332582860803177"
"57058","0.332582860803177","0.332582860803177","0.332582860803177"
"57062","0.332582860803177","0.332582860803177","0.332582860803177"
"57063","0.332582860803177","0.332582860803177","0.332582860803177"
"57065","0.332582860803177","0.332582860803177","0.332582860803177"
"57073","0.332582860803177","0.332582860803177","0.332582860803177"
"57087","0.33250575794281756","0.33250575794281756","0.33250575794281756"
"57111","0.3325342045101024","0.3325342045101024","0.3325342045101024"
"57113","0.3325342045101024","0.3325342045101024","0.3325342045101024"
"57118","0.3325342045101024","0.3325342045101024","0.3325342045101024"
"57119","0.3325342045101024","0.3325342045101024","0.3325342045101024"
"57127","0.3325342045101024","0.3325342045101024","0.3325342045101024"
"57150","0.3325342045101024","0.3325342045101024","0.3325342045101024"
"57164","0.3325342045101024","0.3325342045101024","0.3325342045101024"
"57168","0.3325342045101024","0.3325342045101024","0.3325342045101024"
"57170","0.3325342045101024","0.3325342045101024","0.3325342045101024"
"57173","0.3325342045101024","0.3325342045101024","0.3325342045101024"
"57176","0.3325342045101024","0.3325342045101024","0.3325342045101024"
"57189","0.3325342045101024","0.3325342045101024","0.3325342045101024"
"57207","0.332782364283139","0.332782364283139","0.332782364283139"
"57208","0.332782364283139","0.332782364283139","0.332782364283139"
"57209","0.332782364283139","0.332782364283139","0.332782364283139"
"57211","0.332782364283139","0.332782364283139","0.332782364283139"
"57216","0.332782364283139","0.332782364283139","0.332782364283139"
"57220","0.332782364283139","0.332782364283139","0.332782364283139"
"57222","0.332782364283139","0.332782364283139","0.332782364283139"
"57228","0.332782364283139","0.332782364283139","0.332782364283139"
"57232","0.332782364283139","0.332782364283139","0.332782364283139"
"57234","0.332782364283139","0.332782364283139","0.332782364283139"
"57249","0.332782364283139","0.332782364283139","0.332782364283139"
"57251","0.332782364283139","0.332782364283139","0.332782364283139"
"57254","0.332782364283139","0.332782364283139","0.332782364283139"
"57267","0.332782364283139","0.332782364283139","0.332782364283139"
"57268","0.332782364283139","0.332782364283139","0.332782364283139"
"57276","0.332782364283139","0.332782364283139","0.332782364283139"
"57281","0.332782364283139","0.332782364283139","0.332782364283139"
"57284","0.332782364283139","0.332782364283139","0.332782364283139"
"57298","0.332782364283139","0.332782364283139","0.332782364283139"
"57301","0.3329823642780866","0.3329823642780866","0.3329823642780866"
"57303","0.3327594676303306","0.3327594676303306","0.3327594676303306"
"57305","0.33265452350142366","0.33265452350142366","0.33265452350142366"
"57315","0.33301309986845806","0.33301309986845806","0.33301309986845806"
"57323","0.33301309986845806","0.33301309986845806","0.33301309986845806"
"57333","0.33301309986845806","0.33301309986845806","0.33301309986845806"
"57339","0.33301309986845806","0.33301309986845806","0.33301309986845806"
"57342","0.33301309986845806","0.33301309986845806","0.33301309986845806"
"57354","0.33301309986845806","0.33301309986845806","0.33301309986845806"
"57364","0.33301309986845806","0.33301309986845806","0.33301309986845806"
"57366","0.33301309986845806","0.33301309986845806","0.33301309986845806"
"57371","0.33301309986845806","0.33301309986845806","0.33301309986845806"
"57374","0.33301309986845806","0.33301309986845806","0.33301309986845806"
"57380","0.33301309986845806","0.33301309986845806","0.33301309986845806"
"57390","0.33301309986845806","0.33301309986845806","0.33301309986845806"
"57395","0.33301309986845806","0.33301309986845806","0.33301309986845806"
"57402","0.33301309986845806","0.33301309986845806","0.33301309986845806"
"57411","0.3330152847548561","0.3330152847548561","0.3330152847548561"
"57413","0.333111415856456","0.333111415856456","0.333111415856456"
"57420","0.33305473414757214","0.33305473414757214","0.33305473414757214"
"57427","0.33305473414757214","0.33305473414757214","0.33305473414757214"
"57428","0.33305473414757214","0.33305473414757214","0.33305473414757214"
"57434","0.33305473414757214","0.33305473414757214","0.33305473414757214"
"57437","0.33305473414757214","0.33305473414757214","0.33305473414757214"
"57439","0.33305473414757214","0.33305473414757214","0.33305473414757214"
"57446","0.33305473414757214","0.33305473414757214","0.33305473414757214"
"57464","0.33305473414757214","0.33305473414757214","0.33305473414757214"
"57466","0.33305473414757214","0.33305473414757214","0.33305473414757214"
"57470","0.33305473414757214","0.33305473414757214","0.33305473414757214"
"57476","0.33305473414757214","0.33305473414757214","0.33305473414757214"
"57477","0.33305473414757214","0.33305473414757214","0.33305473414757214"
"57489","0.33305473414757214","0.33305473414757214","0.33305473414757214"
"57496","0.33305473414757214","0.33305473414757214","0.33305473414757214"
"57500","0.33305473414757214","0.33305473414757214","0.33305473414757214"
"57501","0.33305473414757214","0.33305473414757214","0.33305473414757214"
"57509","0.33305473414757214","0.33305473414757214","0.33305473414757214"
"57514","0.33305473414757214","0.33305473414757214","0.33305473414757214"
"57518","0.33305473414757214","0.33305473414757214","0.33305473414757214"
"57527","0.3329760931493183","0.3329760931493183","0.3329760931493183"
"57538","0.33316835165633163","0.33316835165633163","0.33316835165633163"
"57539","0.33316835165633163","0.33316835165633163","0.33316835165633163"
"57553","0.33316835165633163","0.33316835165633163","0.33316835165633163"
"57556","0.33316835165633163","0.33316835165633163","0.33316835165633163"
"57558","0.33316835165633163","0.33316835165633163","0.33316835165633163"
"57566","0.33316835165633163","0.33316835165633163","0.33316835165633163"
"57581","0.33316835165633163","0.33316835165633163","0.33316835165633163"
"57587","0.33316835165633163","0.33316835165633163","0.33316835165633163"
"57590","0.33316835165633163","0.33316835165633163","0.33316835165633163"
"57603","0.33316835165633163","0.33316835165633163","0.33316835165633163"
"57607","0.33316835165633163","0.33316835165633163","0.33316835165633163"
"57633","0.33344256032987685","0.33344256032987685","0.33344256032987685"
"57638","0.3335385934752594","0.3335385934752594","0.3335385934752594"
"57645","0.3337436209095358","0.3337436209095358","0.3337436209095358"
"57667","0.3337436209095358","0.3337436209095358","0.3337436209095358"
"57668","0.3337436209095358","0.3337436209095358","0.3337436209095358"
"57675","0.3337436209095358","0.3337436209095358","0.3337436209095358"
"57676","0.3337436209095358","0.3337436209095358","0.3337436209095358"
"57681","0.3337436209095358","0.3337436209095358","0.3337436209095358"
"57685","0.3337436209095358","0.3337436209095358","0.3337436209095358"
"57701","0.3337436209095358","0.3337436209095358","0.3337436209095358"
"57704","0.3337436209095358","0.3337436209095358","0.3337436209095358"
"57717","0.3337436209095358","0.3337436209095358","0.3337436209095358"
"57732","0.3337436209095358","0.3337436209095358","0.3337436209095358"
"57740","0.3337436209095358","0.3337436209095358","0.3337436209095358"
"57742","0.33384389987631946","0.33384389987631946","0.33384389987631946"
"57746","0.3339311149430614","0.3339311149430614","0.3339311149430614"
"57753","0.33362216038049153","0.33362216038049153","0.33362216038049153"
"57759","0.33362216038049153","0.33362216038049153","0.33362216038049153"
"57760","0.33362216038049153","0.33362216038049153","0.33362216038049153"
"57761","0.33362216038049153","0.33362216038049153","0.33362216038049153"
"57769","0.33362216038049153","0.33362216038049153","0.33362216038049153"
"57779","0.33362216038049153","0.33362216038049153","0.33362216038049153"
"57790","0.33362216038049153","0.33362216038049153","0.33362216038049153"
"57792","0.33362216038049153","0.33362216038049153","0.33362216038049153"
"57793","0.33362216038049153","0.33362216038049153","0.33362216038049153"
"57796","0.33362216038049153","0.33362216038049153","0.33362216038049153"
"57800","0.33362216038049153","0.33362216038049153","0.33362216038049153"
"57802","0.33362216038049153","0.33362216038049153","0.33362216038049153"
"57822","0.33362216038049153","0.33362216038049153","0.33362216038049153"
"57828","0.33362216038049153","0.33362216038049153","0.33362216038049153"
"57831","0.33362216038049153","0.33362216038049153","0.33362216038049153"
"57856","0.33389691957027023","0.33389691957027023","0.33389691957027023"
"57872","0.33404948545112345","0.33404948545112345","0.33404948545112345"
"57877","0.33404948545112345","0.33404948545112345","0.33404948545112345"
"57888","0.33404948545112345","0.33404948545112345","0.33404948545112345"
"57908","0.33404948545112345","0.33404948545112345","0.33404948545112345"
"57911","0.33404948545112345","0.33404948545112345","0.33404948545112345"
"57916","0.33404948545112345","0.33404948545112345","0.33404948545112345"
"57919","0.33404948545112345","0.33404948545112345","0.33404948545112345"
"57925","0.33404948545112345","0.33404948545112345","0.33404948545112345"
"57934","0.33404948545112345","0.33404948545112345","0.33404948545112345"
"57935","0.33404948545112345","0.33404948545112345","0.33404948545112345"
"57941","0.33404948545112345","0.33404948545112345","0.33404948545112345"
"57942","0.33404948545112345","0.33404948545112345","0.33404948545112345"
"57950","0.33404948545112345","0.33404948545112345","0.33404948545112345"
"57956","0.33404948545112345","0.33404948545112345","0.33404948545112345"
"57983","0.33413675360234263","0.33413675360234263","0.33413675360234263"
"57998","0.33413675360234263","0.33413675360234263","0.33413675360234263"
"58015","0.33413675360234263","0.33413675360234263","0.33413675360234263"
"58020","0.33413675360234263","0.33413675360234263","0.33413675360234263"
"58039","0.33413675360234263","0.33413675360234263","0.33413675360234263"
"58047","0.33413675360234263","0.33413675360234263","0.33413675360234263"
"58048","0.33413675360234263","0.33413675360234263","0.33413675360234263"
"58064","0.33413675360234263","0.33413675360234263","0.33413675360234263"
"58069","0.33413675360234263","0.33413675360234263","0.33413675360234263"
"58084","0.3339124724744579","0.3339124724744579","0.3339124724744579"
"58089","0.3339124724744579","0.3339124724744579","0.3339124724744579"
"58092","0.3339124724744579","0.3339124724744579","0.3339124724744579"
"58096","0.3339124724744579","0.3339124724744579","0.3339124724744579"
"58112","0.3339124724744579","0.3339124724744579","0.3339124724744579"
"58116","0.3339124724744579","0.3339124724744579","0.3339124724744579"
"58121","0.3339124724744579","0.3339124724744579","0.3339124724744579"
"58147","0.3339124724744579","0.3339124724744579","0.3339124724744579"
"58167","0.3339124724744579","0.3339124724744579","0.3339124724744579"
"58175","0.3339124724744579","0.3339124724744579","0.3339124724744579"
"58179","0.3339124724744579","0.3339124724744579","0.3339124724744579"
"58183","0.33381876966641355","0.33381876966641355","0.33381876966641355"
"58186","0.3337294407338959","0.3337294407338959","0.3337294407338959"
"58196","0.33381231735538675","0.33381231735538675","0.33381231735538675"
"58206","0.33381231735538675","0.33381231735538675","0.33381231735538675"
"58209","0.33381231735538675","0.33381231735538675","0.33381231735538675"
"58211","0.33381231735538675","0.33381231735538675","0.33381231735538675"
"58226","0.33381231735538675","0.33381231735538675","0.33381231735538675"
"58229","0.33381231735538675","0.33381231735538675","0.33381231735538675"
"58236","0.33381231735538675","0.33381231735538675","0.33381231735538675"
"58241","0.33381231735538675","0.33381231735538675","0.33381231735538675"
"58249","0.33381231735538675","0.33381231735538675","0.33381231735538675"
"58256","0.33381231735538675","0.33381231735538675","0.33381231735538675"
"58261","0.33381231735538675","0.33381231735538675","0.33381231735538675"
"58264","0.33381231735538675","0.33381231735538675","0.33381231735538675"
"58271","0.33381231735538675","0.33381231735538675","0.33381231735538675"
"58288","0.33381231735538675","0.33381231735538675","0.33381231735538675"
"58289","0.33381231735538675","0.33381231735538675","0.33381231735538675"
"58298","0.333546331296111","0.333546331296111","0.333546331296111"
"58302","0.3336074281161018","0.3336074281161018","0.3336074281161018"
"58308","0.3336074281161018","0.3336074281161018","0.3336074281161018"
"58309","0.3336074281161018","0.3336074281161018","0.3336074281161018"
"58317","0.3336074281161018","0.3336074281161018","0.3336074281161018"
"58321","0.3336074281161018","0.3336074281161018","0.3336074281161018"
"58336","0.3336074281161018","0.3336074281161018","0.3336074281161018"
"58340","0.3336074281161018","0.3336074281161018","0.3336074281161018"
"58345","0.3336074281161018","0.3336074281161018","0.3336074281161018"
"58360","0.3336074281161018","0.3336074281161018","0.3336074281161018"
"58367","0.3336074281161018","0.3336074281161018","0.3336074281161018"
"58370","0.3336074281161018","0.3336074281161018","0.3336074281161018"
"58373","0.3336074281161018","0.3336074281161018","0.3336074281161018"
"58377","0.3336074281161018","0.3336074281161018","0.3336074281161018"
"58382","0.3336074281161018","0.3336074281161018","0.3336074281161018"
"58388","0.3336074281161018","0.3336074281161018","0.3336074281161018"
"58400","0.3336074281161018","0.3336074281161018","0.3336074281161018"
"58401","0.33361179010407793","0.33361179010407793","0.33361179010407793"
"58402","0.333760095744401","0.333760095744401","0.333760095744401"
"58406","0.33379070075770867","0.33379070075770867","0.33379070075770867"
"58407","0.33365119378740926","0.33365119378740926","0.33365119378740926"
"58411","0.3338648637241931","0.3338648637241931","0.3338648637241931"
"58422","0.3338648637241931","0.3338648637241931","0.3338648637241931"
"58423","0.3338648637241931","0.3338648637241931","0.3338648637241931"
"58430","0.3338648637241931","0.3338648637241931","0.3338648637241931"
"58434","0.3338648637241931","0.3338648637241931","0.3338648637241931"
"58444","0.3338648637241931","0.3338648637241931","0.3338648637241931"
"58445","0.3338648637241931","0.3338648637241931","0.3338648637241931"
"58454","0.3338648637241931","0.3338648637241931","0.3338648637241931"
"58455","0.3338648637241931","0.3338648637241931","0.3338648637241931"
"58465","0.3338648637241931","0.3338648637241931","0.3338648637241931"
"58466","0.3338648637241931","0.3338648637241931","0.3338648637241931"
"58472","0.3338648637241931","0.3338648637241931","0.3338648637241931"
"58473","0.3338648637241931","0.3338648637241931","0.3338648637241931"
"58474","0.3338648637241931","0.3338648637241931","0.3338648637241931"
"58481","0.3338648637241931","0.3338648637241931","0.3338648637241931"
"58486","0.3338648637241931","0.3338648637241931","0.3338648637241931"
"58491","0.3338648637241931","0.3338648637241931","0.3338648637241931"
"58494","0.3338648637241931","0.3338648637241931","0.3338648637241931"
"58498","0.3338648637241931","0.3338648637241931","0.3338648637241931"
"58508","0.3338648637241931","0.3338648637241931","0.3338648637241931"
"58511","0.33397818795729106","0.33397818795729106","0.33397818795729106"
"58515","0.3340740701120012","0.3340740701120012","0.3340740701120012"
"58521","0.33426132287659127","0.33426132287659127","0.33426132287659127"
"58522","0.33426132287659127","0.33426132287659127","0.33426132287659127"
"58528","0.33426132287659127","0.33426132287659127","0.33426132287659127"
"58533","0.33426132287659127","0.33426132287659127","0.33426132287659127"
"58536","0.33426132287659127","0.33426132287659127","0.33426132287659127"
"58546","0.33426132287659127","0.33426132287659127","0.33426132287659127"
"58549","0.33426132287659127","0.33426132287659127","0.33426132287659127"
"58550","0.33426132287659127","0.33426132287659127","0.33426132287659127"
"58551","0.33426132287659127","0.33426132287659127","0.33426132287659127"
"58566","0.33426132287659127","0.33426132287659127","0.33426132287659127"
"58568","0.33426132287659127","0.33426132287659127","0.33426132287659127"
"58571","0.33426132287659127","0.33426132287659127","0.33426132287659127"
"58584","0.33426132287659127","0.33426132287659127","0.33426132287659127"
"58590","0.33426132287659127","0.33426132287659127","0.33426132287659127"
"58592","0.33426132287659127","0.33426132287659127","0.33426132287659127"
"58607","0.33426132287659127","0.33426132287659127","0.33426132287659127"
"58613","0.33426132287659127","0.33426132287659127","0.33426132287659127"
"58615","0.33426132287659127","0.33426132287659127","0.33426132287659127"
"58624","0.3344180382324339","0.3344180382324339","0.3344180382324339"
"58636","0.33422657913033615","0.33422657913033615","0.33422657913033615"
"58637","0.33422657913033615","0.33422657913033615","0.33422657913033615"
"58654","0.33422657913033615","0.33422657913033615","0.33422657913033615"
"58660","0.33422657913033615","0.33422657913033615","0.33422657913033615"
"58666","0.33422657913033615","0.33422657913033615","0.33422657913033615"
"58674","0.33422657913033615","0.33422657913033615","0.33422657913033615"
"58676","0.33422657913033615","0.33422657913033615","0.33422657913033615"
"58677","0.33422657913033615","0.33422657913033615","0.33422657913033615"
"58678","0.33422657913033615","0.33422657913033615","0.33422657913033615"
"58679","0.33422657913033615","0.33422657913033615","0.33422657913033615"
"58701","0.33422657913033615","0.33422657913033615","0.33422657913033615"
"58704","0.33422657913033615","0.33422657913033615","0.33422657913033615"
"58718","0.33422657913033615","0.33422657913033615","0.33422657913033615"
"58733","0.3343746017095327","0.3343746017095327","0.3343746017095327"
"58734","0.3345530328848326","0.3345530328848326","0.3345530328848326"
"58742","0.33412683275000743","0.33412683275000743","0.33412683275000743"
"58749","0.33412683275000743","0.33412683275000743","0.33412683275000743"
"58750","0.33412683275000743","0.33412683275000743","0.33412683275000743"
"58751","0.33412683275000743","0.33412683275000743","0.33412683275000743"
"58754","0.33412683275000743","0.33412683275000743","0.33412683275000743"
"58763","0.33412683275000743","0.33412683275000743","0.33412683275000743"
"58766","0.33412683275000743","0.33412683275000743","0.33412683275000743"
"58770","0.33412683275000743","0.33412683275000743","0.33412683275000743"
"58775","0.33412683275000743","0.33412683275000743","0.33412683275000743"
"58781","0.33412683275000743","0.33412683275000743","0.33412683275000743"
"58787","0.33412683275000743","0.33412683275000743","0.33412683275000743"
"58789","0.33412683275000743","0.33412683275000743","0.33412683275000743"
"58791","0.33412683275000743","0.33412683275000743","0.33412683275000743"
"58795","0.33412683275000743","0.33412683275000743","0.33412683275000743"
"58803","0.33412683275000743","0.33412683275000743","0.33412683275000743"
"58805","0.33412683275000743","0.33412683275000743","0.33412683275000743"
"58806","0.33412683275000743","0.33412683275000743","0.33412683275000743"
"58816","0.33412683275000743","0.33412683275000743","0.33412683275000743"
"58827","0.33412683275000743","0.33412683275000743","0.33412683275000743"
"58829","0.33412683275000743","0.33412683275000743","0.33412683275000743"
"58845","0.33404851213035724","0.33404851213035724","0.33404851213035724"
"58851","0.3340550791859641","0.3340550791859641","0.3340550791859641"
"58857","0.3340550791859641","0.3340550791859641","0.3340550791859641"
"58862","0.3340550791859641","0.3340550791859641","0.3340550791859641"
"58863","0.3340550791859641","0.3340550791859641","0.3340550791859641"
"58865","0.3340550791859641","0.3340550791859641","0.3340550791859641"
"58870","0.3340550791859641","0.3340550791859641","0.3340550791859641"
"58871","0.3340550791859641","0.3340550791859641","0.3340550791859641"
"58872","0.3340550791859641","0.3340550791859641","0.3340550791859641"
"58875","0.3340550791859641","0.3340550791859641","0.3340550791859641"
"58884","0.3340550791859641","0.3340550791859641","0.3340550791859641"
"58887","0.3340550791859641","0.3340550791859641","0.3340550791859641"
"58899","0.3340550791859641","0.3340550791859641","0.3340550791859641"
"58903","0.3340550791859641","0.3340550791859641","0.3340550791859641"
"58906","0.3340550791859641","0.3340550791859641","0.3340550791859641"
"58914","0.3340550791859641","0.3340550791859641","0.3340550791859641"
"58922","0.3340550791859641","0.3340550791859641","0.3340550791859641"
"58923","0.3340550791859641","0.3340550791859641","0.3340550791859641"
"58924","0.3340550791859641","0.3340550791859641","0.3340550791859641"
"58925","0.3340550791859641","0.3340550791859641","0.3340550791859641"
"58935","0.3340550791859641","0.3340550791859641","0.3340550791859641"
"58937","0.3340550791859641","0.3340550791859641","0.3340550791859641"
"58957","0.33403772589517755","0.33403772589517755","0.33403772589517755"
"58966","0.3337196162661712","0.3337196162661712","0.3337196162661712"
"58976","0.3337196162661712","0.3337196162661712","0.3337196162661712"
"58984","0.3337196162661712","0.3337196162661712","0.3337196162661712"
"58985","0.3337196162661712","0.3337196162661712","0.3337196162661712"
"58988","0.3337196162661712","0.3337196162661712","0.3337196162661712"
"58994","0.3337196162661712","0.3337196162661712","0.3337196162661712"
"59002","0.3337196162661712","0.3337196162661712","0.3337196162661712"
"59006","0.3337196162661712","0.3337196162661712","0.3337196162661712"
"59007","0.3337196162661712","0.3337196162661712","0.3337196162661712"
"59008","0.3337196162661712","0.3337196162661712","0.3337196162661712"
"59010","0.3337196162661712","0.3337196162661712","0.3337196162661712"
"59011","0.3337196162661712","0.3337196162661712","0.3337196162661712"
"59013","0.3337196162661712","0.3337196162661712","0.3337196162661712"
"59015","0.3337196162661712","0.3337196162661712","0.3337196162661712"
"59019","0.3337196162661712","0.3337196162661712","0.3337196162661712"
"59020","0.3337196162661712","0.3337196162661712","0.3337196162661712"
"59027","0.3337196162661712","0.3337196162661712","0.3337196162661712"
"59039","0.3337196162661712","0.3337196162661712","0.3337196162661712"
"59045","0.3337196162661712","0.3337196162661712","0.3337196162661712"
"59046","0.3337196162661712","0.3337196162661712","0.3337196162661712"
"59061","0.3337457793946669","0.3337457793946669","0.3337457793946669"
"59076","0.33459007147175723","0.33459007147175723","0.33459007147175723"
"59079","0.33459007147175723","0.33459007147175723","0.33459007147175723"
"59081","0.33459007147175723","0.33459007147175723","0.33459007147175723"
"59084","0.33459007147175723","0.33459007147175723","0.33459007147175723"
"59087","0.33459007147175723","0.33459007147175723","0.33459007147175723"
"59117","0.33459007147175723","0.33459007147175723","0.33459007147175723"
"59120","0.33459007147175723","0.33459007147175723","0.33459007147175723"
"59132","0.33459007147175723","0.33459007147175723","0.33459007147175723"
"59137","0.33459007147175723","0.33459007147175723","0.33459007147175723"
"59146","0.33459007147175723","0.33459007147175723","0.33459007147175723"
"59151","0.33459007147175723","0.33459007147175723","0.33459007147175723"
"59162","0.33459007147175723","0.33459007147175723","0.33459007147175723"
"59163","0.33459007147175723","0.33459007147175723","0.33459007147175723"
"59167","0.33459007147175723","0.33459007147175723","0.33459007147175723"
"59169","0.33459007147175723","0.33459007147175723","0.33459007147175723"
"59173","0.3344682980692596","0.3344682980692596","0.3344682980692596"
"59176","0.3344770527597575","0.3344770527597575","0.3344770527597575"
"59195","0.3348379589147953","0.3348379589147953","0.3348379589147953"
"59214","0.3348379589147953","0.3348379589147953","0.3348379589147953"
"59217","0.3348379589147953","0.3348379589147953","0.3348379589147953"
"59226","0.3348379589147953","0.3348379589147953","0.3348379589147953"
"59228","0.3348379589147953","0.3348379589147953","0.3348379589147953"
"59233","0.3348379589147953","0.3348379589147953","0.3348379589147953"
"59235","0.3348379589147953","0.3348379589147953","0.3348379589147953"
"59241","0.3348379589147953","0.3348379589147953","0.3348379589147953"
"59243","0.3348379589147953","0.3348379589147953","0.3348379589147953"
"59249","0.3348379589147953","0.3348379589147953","0.3348379589147953"
"59251","0.3348379589147953","0.3348379589147953","0.3348379589147953"
"59271","0.3348379589147953","0.3348379589147953","0.3348379589147953"
"59277","0.3348379589147953","0.3348379589147953","0.3348379589147953"
"59280","0.3348379589147953","0.3348379589147953","0.3348379589147953"
"59289","0.33517253404861547","0.33517253404861547","0.33517253404861547"
"59299","0.335068335183314","0.335068335183314","0.335068335183314"
"59306","0.335068335183314","0.335068335183314","0.335068335183314"
"59307","0.335068335183314","0.335068335183314","0.335068335183314"
"59313","0.335068335183314","0.335068335183314","0.335068335183314"
"59317","0.335068335183314","0.335068335183314","0.335068335183314"
"59326","0.335068335183314","0.335068335183314","0.335068335183314"
"59339","0.335068335183314","0.335068335183314","0.335068335183314"
"59348","0.335068335183314","0.335068335183314","0.335068335183314"
"59350","0.335068335183314","0.335068335183314","0.335068335183314"
"59352","0.335068335183314","0.335068335183314","0.335068335183314"
"59358","0.335068335183314","0.335068335183314","0.335068335183314"
"59363","0.335068335183314","0.335068335183314","0.335068335183314"
"59364","0.335068335183314","0.335068335183314","0.335068335183314"
"59372","0.335068335183314","0.335068335183314","0.335068335183314"
"59373","0.335068335183314","0.335068335183314","0.335068335183314"
"59386","0.335068335183314","0.335068335183314","0.335068335183314"
"59391","0.33511067913568693","0.33511067913568693","0.33511067913568693"
"59396","0.3352507039431657","0.3352507039431657","0.3352507039431657"
"59397","0.335322323958826","0.335322323958826","0.335322323958826"
"59404","0.33533100580834796","0.33533100580834796","0.33533100580834796"
"59406","0.33533100580834796","0.33533100580834796","0.33533100580834796"
"59407","0.33533100580834796","0.33533100580834796","0.33533100580834796"
"59412","0.33533100580834796","0.33533100580834796","0.33533100580834796"
"59415","0.33533100580834796","0.33533100580834796","0.33533100580834796"
"59421","0.33533100580834796","0.33533100580834796","0.33533100580834796"
"59423","0.33533100580834796","0.33533100580834796","0.33533100580834796"
"59425","0.33533100580834796","0.33533100580834796","0.33533100580834796"
"59449","0.33533100580834796","0.33533100580834796","0.33533100580834796"
"59450","0.33533100580834796","0.33533100580834796","0.33533100580834796"
"59453","0.33533100580834796","0.33533100580834796","0.33533100580834796"
"59461","0.33533100580834796","0.33533100580834796","0.33533100580834796"
"59471","0.33533100580834796","0.33533100580834796","0.33533100580834796"
"59479","0.33533100580834796","0.33533100580834796","0.33533100580834796"
"59487","0.33533100580834796","0.33533100580834796","0.33533100580834796"
"59492","0.33533100580834796","0.33533100580834796","0.33533100580834796"
"59495","0.33533100580834796","0.33533100580834796","0.33533100580834796"
"59497","0.33533100580834796","0.33533100580834796","0.33533100580834796"
"59508","0.3355089307397975","0.3355089307397975","0.3355089307397975"
"59511","0.3356477145090139","0.3356477145090139","0.3356477145090139"
"59526","0.3356477145090139","0.3356477145090139","0.3356477145090139"
"59534","0.3356477145090139","0.3356477145090139","0.3356477145090139"
"59543","0.3356477145090139","0.3356477145090139","0.3356477145090139"
"59547","0.3356477145090139","0.3356477145090139","0.3356477145090139"
"59558","0.3356477145090139","0.3356477145090139","0.3356477145090139"
"59566","0.3356477145090139","0.3356477145090139","0.3356477145090139"
"59576","0.3356477145090139","0.3356477145090139","0.3356477145090139"
"59577","0.3356477145090139","0.3356477145090139","0.3356477145090139"
"59579","0.3356477145090139","0.3356477145090139","0.3356477145090139"
"59581","0.3356477145090139","0.3356477145090139","0.3356477145090139"
"59588","0.3356477145090139","0.3356477145090139","0.3356477145090139"
"59590","0.3356477145090139","0.3356477145090139","0.3356477145090139"
"59594","0.3356477145090139","0.3356477145090139","0.3356477145090139"
"59595","0.3356477145090139","0.3356477145090139","0.3356477145090139"
"59596","0.3356477145090139","0.3356477145090139","0.3356477145090139"
"59597","0.3356477145090139","0.3356477145090139","0.3356477145090139"
"59599","0.3356477145090139","0.3356477145090139","0.3356477145090139"
"59601","0.3356477145090139","0.3356477145090139","0.3356477145090139"
"59602","0.3356477145090139","0.3356477145090139","0.3356477145090139"
"59606","0.3356477145090139","0.3356477145090139","0.3356477145090139"
"59609","0.3356477145090139","0.3356477145090139","0.3356477145090139"
"59611","0.3355761792073281","0.3355761792073281","0.3355761792073281"
"59613","0.3355631901241395","0.3355631901241395","0.3355631901241395"
"59614","0.3355913777951173","0.3355913777951173","0.3355913777951173"
"59620","0.3358363148182434","0.3358363148182434","0.3358363148182434"
"59636","0.3358363148182434","0.3358363148182434","0.3358363148182434"
"59637","0.3358363148182434","0.3358363148182434","0.3358363148182434"
"59638","0.3358363148182434","0.3358363148182434","0.3358363148182434"
"59656","0.3358363148182434","0.3358363148182434","0.3358363148182434"
"59664","0.3358363148182434","0.3358363148182434","0.3358363148182434"
"59667","0.3358363148182434","0.3358363148182434","0.3358363148182434"
"59668","0.3358363148182434","0.3358363148182434","0.3358363148182434"
"59673","0.3358363148182434","0.3358363148182434","0.3358363148182434"
"59676","0.3358363148182434","0.3358363148182434","0.3358363148182434"
"59682","0.3358363148182434","0.3358363148182434","0.3358363148182434"
"59691","0.3358363148182434","0.3358363148182434","0.3358363148182434"
"59695","0.3358363148182434","0.3358363148182434","0.3358363148182434"
"59701","0.3358363148182434","0.3358363148182434","0.3358363148182434"
"59702","0.3358363148182434","0.3358363148182434","0.3358363148182434"
"59706","0.3358363148182434","0.3358363148182434","0.3358363148182434"
"59707","0.3358363148182434","0.3358363148182434","0.3358363148182434"
"59709","0.3358363148182434","0.3358363148182434","0.3358363148182434"
"59712","0.3358363148182434","0.3358363148182434","0.3358363148182434"
"59714","0.3358363148182434","0.3358363148182434","0.3358363148182434"
"59715","0.3358363148182434","0.3358363148182434","0.3358363148182434"
"59720","0.3358363148182434","0.3358363148182434","0.3358363148182434"
"59730","0.3363999414342288","0.3363999414342288","0.3363999414342288"
"59747","0.3363999414342288","0.3363999414342288","0.3363999414342288"
"59753","0.3363999414342288","0.3363999414342288","0.3363999414342288"
"59755","0.3363999414342288","0.3363999414342288","0.3363999414342288"
"59767","0.3363999414342288","0.3363999414342288","0.3363999414342288"
"59772","0.3363999414342288","0.3363999414342288","0.3363999414342288"
"59785","0.3363999414342288","0.3363999414342288","0.3363999414342288"
"59800","0.3363999414342288","0.3363999414342288","0.3363999414342288"
"59802","0.3363999414342288","0.3363999414342288","0.3363999414342288"
"59805","0.3363999414342288","0.3363999414342288","0.3363999414342288"
"59816","0.3363999414342288","0.3363999414342288","0.3363999414342288"
"59824","0.3363999414342288","0.3363999414342288","0.3363999414342288"
"59827","0.3363999414342288","0.3363999414342288","0.3363999414342288"
"59841","0.3364464888687507","0.3364464888687507","0.3364464888687507"
"59842","0.3364464888687507","0.3364464888687507","0.3364464888687507"
"59861","0.3364464888687507","0.3364464888687507","0.3364464888687507"
"59872","0.3364464888687507","0.3364464888687507","0.3364464888687507"
"59874","0.3364464888687507","0.3364464888687507","0.3364464888687507"
"59886","0.3364464888687507","0.3364464888687507","0.3364464888687507"
"59887","0.3364464888687507","0.3364464888687507","0.3364464888687507"
"59889","0.3364464888687507","0.3364464888687507","0.3364464888687507"
"59906","0.3364464888687507","0.3364464888687507","0.3364464888687507"
"59918","0.3364464888687507","0.3364464888687507","0.3364464888687507"
"59921","0.3364464888687507","0.3364464888687507","0.3364464888687507"
"59934","0.3364464888687507","0.3364464888687507","0.3364464888687507"
"59938","0.3364464888687507","0.3364464888687507","0.3364464888687507"
"59947","0.3367794389829214","0.3367794389829214","0.3367794389829214"
"59955","0.33686370092718787","0.33686370092718787","0.33686370092718787"
"59965","0.33686370092718787","0.33686370092718787","0.33686370092718787"
"59966","0.33686370092718787","0.33686370092718787","0.33686370092718787"
"59968","0.33686370092718787","0.33686370092718787","0.33686370092718787"
"59977","0.33686370092718787","0.33686370092718787","0.33686370092718787"
"59982","0.33686370092718787","0.33686370092718787","0.33686370092718787"
"59989","0.33686370092718787","0.33686370092718787","0.33686370092718787"
"59996","0.33686370092718787","0.33686370092718787","0.33686370092718787"
"59998","0.33686370092718787","0.33686370092718787","0.33686370092718787"
"60003","0.33686370092718787","0.33686370092718787","0.33686370092718787"
"60030","0.33686370092718787","0.33686370092718787","0.33686370092718787"
"60038","0.33686370092718787","0.33686370092718787","0.33686370092718787"
"60041","0.33686370092718787","0.33686370092718787","0.33686370092718787"
"60042","0.33686370092718787","0.33686370092718787","0.33686370092718787"
"60043","0.33686370092718787","0.33686370092718787","0.33686370092718787"
"60050","0.33686370092718787","0.33686370092718787","0.33686370092718787"
"60072","0.337104003377226","0.337104003377226","0.337104003377226"
"60095","0.337104003377226","0.337104003377226","0.337104003377226"
"60100","0.337104003377226","0.337104003377226","0.337104003377226"
"60101","0.337104003377226","0.337104003377226","0.337104003377226"
"60102","0.337104003377226","0.337104003377226","0.337104003377226"
"60109","0.337104003377226","0.337104003377226","0.337104003377226"
"60111","0.337104003377226","0.337104003377226","0.337104003377226"
"60131","0.337104003377226","0.337104003377226","0.337104003377226"
"60135","0.337104003377226","0.337104003377226","0.337104003377226"
"60136","0.337104003377226","0.337104003377226","0.337104003377226"
"60141","0.337104003377226","0.337104003377226","0.337104003377226"
"60143","0.337104003377226","0.337104003377226","0.337104003377226"
"60145","0.337104003377226","0.337104003377226","0.337104003377226"
"60166","0.33709974398070697","0.33709974398070697","0.33709974398070697"
"60174","0.33706740556872317","0.33706740556872317","0.33706740556872317"
"60182","0.33706740556872317","0.33706740556872317","0.33706740556872317"
"60191","0.33706740556872317","0.33706740556872317","0.33706740556872317"
"60196","0.33706740556872317","0.33706740556872317","0.33706740556872317"
"60197","0.33706740556872317","0.33706740556872317","0.33706740556872317"
"60203","0.33706740556872317","0.33706740556872317","0.33706740556872317"
"60211","0.33706740556872317","0.33706740556872317","0.33706740556872317"
"60212","0.33706740556872317","0.33706740556872317","0.33706740556872317"
"60218","0.33706740556872317","0.33706740556872317","0.33706740556872317"
"60219","0.33706740556872317","0.33706740556872317","0.33706740556872317"
"60252","0.33706740556872317","0.33706740556872317","0.33706740556872317"
"60253","0.33706740556872317","0.33706740556872317","0.33706740556872317"
"60255","0.33706740556872317","0.33706740556872317","0.33706740556872317"
"60256","0.33706740556872317","0.33706740556872317","0.33706740556872317"
"60272","0.3369745796981988","0.3369745796981988","0.3369745796981988"
"60275","0.3368990201521228","0.3368990201521228","0.3368990201521228"
"60285","0.3367953718448916","0.3367953718448916","0.3367953718448916"
"60287","0.3367953718448916","0.3367953718448916","0.3367953718448916"
"60294","0.3367953718448916","0.3367953718448916","0.3367953718448916"
"60295","0.3367953718448916","0.3367953718448916","0.3367953718448916"
"60297","0.3367953718448916","0.3367953718448916","0.3367953718448916"
"60299","0.3367953718448916","0.3367953718448916","0.3367953718448916"
"60300","0.3367953718448916","0.3367953718448916","0.3367953718448916"
"60303","0.3367953718448916","0.3367953718448916","0.3367953718448916"
"60308","0.3367953718448916","0.3367953718448916","0.3367953718448916"
"60309","0.3367953718448916","0.3367953718448916","0.3367953718448916"
"60311","0.3367953718448916","0.3367953718448916","0.3367953718448916"
"60313","0.3367953718448916","0.3367953718448916","0.3367953718448916"
"60314","0.3367953718448916","0.3367953718448916","0.3367953718448916"
"60316","0.3367953718448916","0.3367953718448916","0.3367953718448916"
"60321","0.3367953718448916","0.3367953718448916","0.3367953718448916"
"60326","0.3367953718448916","0.3367953718448916","0.3367953718448916"
"60342","0.3367953718448916","0.3367953718448916","0.3367953718448916"
"60347","0.3367953718448916","0.3367953718448916","0.3367953718448916"
"60349","0.3367953718448916","0.3367953718448916","0.3367953718448916"
"60351","0.3367953718448916","0.3367953718448916","0.3367953718448916"
"60353","0.3367953718448916","0.3367953718448916","0.3367953718448916"
"60356","0.3367953718448916","0.3367953718448916","0.3367953718448916"
"60363","0.3367953718448916","0.3367953718448916","0.3367953718448916"
"60375","0.3367953718448916","0.3367953718448916","0.3367953718448916"
"60377","0.3367953718448916","0.3367953718448916","0.3367953718448916"
"60379","0.3367953718448916","0.3367953718448916","0.3367953718448916"
"60395","0.33767169746588477","0.33767169746588477","0.33767169746588477"
"60398","0.33767169746588477","0.33767169746588477","0.33767169746588477"
"60404","0.33767169746588477","0.33767169746588477","0.33767169746588477"
"60412","0.33767169746588477","0.33767169746588477","0.33767169746588477"
"60416","0.33767169746588477","0.33767169746588477","0.33767169746588477"
"60429","0.33767169746588477","0.33767169746588477","0.33767169746588477"
"60436","0.33767169746588477","0.33767169746588477","0.33767169746588477"
"60438","0.33767169746588477","0.33767169746588477","0.33767169746588477"
"60447","0.33767169746588477","0.33767169746588477","0.33767169746588477"
"60449","0.33767169746588477","0.33767169746588477","0.33767169746588477"
"60454","0.33767169746588477","0.33767169746588477","0.33767169746588477"
"60456","0.33767169746588477","0.33767169746588477","0.33767169746588477"
"60462","0.33767169746588477","0.33767169746588477","0.33767169746588477"
"60465","0.33767169746588477","0.33767169746588477","0.33767169746588477"
"60466","0.33767169746588477","0.33767169746588477","0.33767169746588477"
"60475","0.33767169746588477","0.33767169746588477","0.33767169746588477"
"60482","0.33767169746588477","0.33767169746588477","0.33767169746588477"
"60486","0.33767169746588477","0.33767169746588477","0.33767169746588477"
"60496","0.3378566741624581","0.3378566741624581","0.3378566741624581"
"60500","0.3381710145107263","0.3381710145107263","0.3381710145107263"
"60501","0.3381710145107263","0.3381710145107263","0.3381710145107263"
"60515","0.3381710145107263","0.3381710145107263","0.3381710145107263"
"60525","0.3381710145107263","0.3381710145107263","0.3381710145107263"
"60526","0.3381710145107263","0.3381710145107263","0.3381710145107263"
"60528","0.3381710145107263","0.3381710145107263","0.3381710145107263"
"60534","0.3381710145107263","0.3381710145107263","0.3381710145107263"
"60537","0.3381710145107263","0.3381710145107263","0.3381710145107263"
"60542","0.3381710145107263","0.3381710145107263","0.3381710145107263"
"60543","0.3381710145107263","0.3381710145107263","0.3381710145107263"
"60544","0.3381710145107263","0.3381710145107263","0.3381710145107263"
"60550","0.3381710145107263","0.3381710145107263","0.3381710145107263"
"60551","0.3381710145107263","0.3381710145107263","0.3381710145107263"
"60575","0.3381710145107263","0.3381710145107263","0.3381710145107263"
"60577","0.3381710145107263","0.3381710145107263","0.3381710145107263"
"60584","0.3381710145107263","0.3381710145107263","0.3381710145107263"
"60588","0.3381710145107263","0.3381710145107263","0.3381710145107263"
"60590","0.3381710145107263","0.3381710145107263","0.3381710145107263"
"60603","0.3382700109280904","0.3382700109280904","0.3382700109280904"
"60622","0.3391428904609256","0.3391428904609256","0.3391428904609256"
"60624","0.3391428904609256","0.3391428904609256","0.3391428904609256"
"60626","0.3391428904609256","0.3391428904609256","0.3391428904609256"
"60630","0.3391428904609256","0.3391428904609256","0.3391428904609256"
"60640","0.3391428904609256","0.3391428904609256","0.3391428904609256"
"60643","0.3391428904609256","0.3391428904609256","0.3391428904609256"
"60650","0.3391428904609256","0.3391428904609256","0.3391428904609256"
"60651","0.3391428904609256","0.3391428904609256","0.3391428904609256"
"60652","0.3391428904609256","0.3391428904609256","0.3391428904609256"
"60656","0.3391428904609256","0.3391428904609256","0.3391428904609256"
"60664","0.3391428904609256","0.3391428904609256","0.3391428904609256"
"60669","0.3391428904609256","0.3391428904609256","0.3391428904609256"
"60673","0.3391428904609256","0.3391428904609256","0.3391428904609256"
"60674","0.3391428904609256","0.3391428904609256","0.3391428904609256"
"60675","0.3391428904609256","0.3391428904609256","0.3391428904609256"
"60679","0.3391428904609256","0.3391428904609256","0.3391428904609256"
"60680","0.3391428904609256","0.3391428904609256","0.3391428904609256"
"60683","0.3391428904609256","0.3391428904609256","0.3391428904609256"
"60694","0.3391428904609256","0.3391428904609256","0.3391428904609256"
"60698","0.3391428904609256","0.3391428904609256","0.3391428904609256"
"60704","0.3391428904609256","0.3391428904609256","0.3391428904609256"
"60707","0.3391428904609256","0.3391428904609256","0.3391428904609256"
"60711","0.33916863521094454","0.33916863521094454","0.33916863521094454"
"60712","0.33922870173714725","0.33922870173714725","0.33922870173714725"
"60718","0.33965027673125403","0.33965027673125403","0.33965027673125403"
"60720","0.339641708398949","0.339641708398949","0.339641708398949"
"60735","0.339641708398949","0.339641708398949","0.339641708398949"
"60743","0.339641708398949","0.339641708398949","0.339641708398949"
"60759","0.339641708398949","0.339641708398949","0.339641708398949"
"60764","0.339641708398949","0.339641708398949","0.339641708398949"
"60766","0.339641708398949","0.339641708398949","0.339641708398949"
"60772","0.339641708398949","0.339641708398949","0.339641708398949"
"60776","0.339641708398949","0.339641708398949","0.339641708398949"
"60778","0.339641708398949","0.339641708398949","0.339641708398949"
"60780","0.339641708398949","0.339641708398949","0.339641708398949"
"60785","0.339641708398949","0.339641708398949","0.339641708398949"
"60797","0.339641708398949","0.339641708398949","0.339641708398949"
"60798","0.339641708398949","0.339641708398949","0.339641708398949"
"60806","0.339641708398949","0.339641708398949","0.339641708398949"
"60808","0.339641708398949","0.339641708398949","0.339641708398949"
"60813","0.339641708398949","0.339641708398949","0.339641708398949"
"60856","0.33970392581009035","0.33970392581009035","0.33970392581009035"
"60860","0.33970392581009035","0.33970392581009035","0.33970392581009035"
"60865","0.33970392581009035","0.33970392581009035","0.33970392581009035"
"60868","0.33970392581009035","0.33970392581009035","0.33970392581009035"
"60870","0.33970392581009035","0.33970392581009035","0.33970392581009035"
"60871","0.33970392581009035","0.33970392581009035","0.33970392581009035"
"60879","0.33970392581009035","0.33970392581009035","0.33970392581009035"
"60881","0.33970392581009035","0.33970392581009035","0.33970392581009035"
"60885","0.33970392581009035","0.33970392581009035","0.33970392581009035"
"60908","0.33970392581009035","0.33970392581009035","0.33970392581009035"
"60922","0.33970392581009035","0.33970392581009035","0.33970392581009035"
"60924","0.33970392581009035","0.33970392581009035","0.33970392581009035"
"60928","0.33970392581009035","0.33970392581009035","0.33970392581009035"
"60941","0.3401663591588203","0.3401663591588203","0.3401663591588203"
"60942","0.3401663591588203","0.3401663591588203","0.3401663591588203"
"60946","0.3401663591588203","0.3401663591588203","0.3401663591588203"
"60947","0.3401663591588203","0.3401663591588203","0.3401663591588203"
"60962","0.3401663591588203","0.3401663591588203","0.3401663591588203"
"60963","0.3401663591588203","0.3401663591588203","0.3401663591588203"
"60966","0.3401663591588203","0.3401663591588203","0.3401663591588203"
"60981","0.3401663591588203","0.3401663591588203","0.3401663591588203"
"60988","0.3401663591588203","0.3401663591588203","0.3401663591588203"
"60989","0.3401663591588203","0.3401663591588203","0.3401663591588203"
"60993","0.3401663591588203","0.3401663591588203","0.3401663591588203"
"60994","0.3401663591588203","0.3401663591588203","0.3401663591588203"
"61005","0.3401663591588203","0.3401663591588203","0.3401663591588203"
"61012","0.3401663591588203","0.3401663591588203","0.3401663591588203"
"61016","0.3401663591588203","0.3401663591588203","0.3401663591588203"
"61017","0.3401663591588203","0.3401663591588203","0.3401663591588203"
"61018","0.3401663591588203","0.3401663591588203","0.3401663591588203"
"61023","0.3401663591588203","0.3401663591588203","0.3401663591588203"
"61035","0.3401663591588203","0.3401663591588203","0.3401663591588203"
"61038","0.3401663591588203","0.3401663591588203","0.3401663591588203"
"61046","0.34043487446374454","0.34043487446374454","0.34043487446374454"
"61058","0.3405887436468674","0.3405887436468674","0.3405887436468674"
"61059","0.3405887436468674","0.3405887436468674","0.3405887436468674"
"61061","0.3405887436468674","0.3405887436468674","0.3405887436468674"
"61077","0.3405887436468674","0.3405887436468674","0.3405887436468674"
"61078","0.3405887436468674","0.3405887436468674","0.3405887436468674"
"61081","0.3405887436468674","0.3405887436468674","0.3405887436468674"
"61083","0.3405887436468674","0.3405887436468674","0.3405887436468674"
"61086","0.3405887436468674","0.3405887436468674","0.3405887436468674"
"61089","0.3405887436468674","0.3405887436468674","0.3405887436468674"
"61090","0.3405887436468674","0.3405887436468674","0.3405887436468674"
"61098","0.3405887436468674","0.3405887436468674","0.3405887436468674"
"61108","0.3405887436468674","0.3405887436468674","0.3405887436468674"
"61122","0.3405887436468674","0.3405887436468674","0.3405887436468674"
"61126","0.3405887436468674","0.3405887436468674","0.3405887436468674"
"61129","0.3405887436468674","0.3405887436468674","0.3405887436468674"
"61133","0.3405887436468674","0.3405887436468674","0.3405887436468674"
"61156","0.3403110088459925","0.3403110088459925","0.3403110088459925"
"61162","0.34053336273277635","0.34053336273277635","0.34053336273277635"
"61163","0.34053336273277635","0.34053336273277635","0.34053336273277635"
"61166","0.34053336273277635","0.34053336273277635","0.34053336273277635"
"61171","0.34053336273277635","0.34053336273277635","0.34053336273277635"
"61191","0.34053336273277635","0.34053336273277635","0.34053336273277635"
"61199","0.34053336273277635","0.34053336273277635","0.34053336273277635"
"61208","0.34053336273277635","0.34053336273277635","0.34053336273277635"
"61209","0.34053336273277635","0.34053336273277635","0.34053336273277635"
"61212","0.34053336273277635","0.34053336273277635","0.34053336273277635"
"61213","0.34053336273277635","0.34053336273277635","0.34053336273277635"
"61217","0.34053336273277635","0.34053336273277635","0.34053336273277635"
"61238","0.34053336273277635","0.34053336273277635","0.34053336273277635"
"61241","0.34053336273277635","0.34053336273277635","0.34053336273277635"
"61244","0.34053336273277635","0.34053336273277635","0.34053336273277635"
"61254","0.34053336273277635","0.34053336273277635","0.34053336273277635"
"61255","0.34053336273277635","0.34053336273277635","0.34053336273277635"
"61256","0.34053336273277635","0.34053336273277635","0.34053336273277635"
"61257","0.34053336273277635","0.34053336273277635","0.34053336273277635"
"61258","0.34053336273277635","0.34053336273277635","0.34053336273277635"
"61271","0.3409903996242519","0.3409903996242519","0.3409903996242519"
"61272","0.3409903996242519","0.3409903996242519","0.3409903996242519"
"61288","0.3409903996242519","0.3409903996242519","0.3409903996242519"
"61305","0.3409903996242519","0.3409903996242519","0.3409903996242519"
"61308","0.3409903996242519","0.3409903996242519","0.3409903996242519"
"61315","0.3409903996242519","0.3409903996242519","0.3409903996242519"
"61323","0.3409903996242519","0.3409903996242519","0.3409903996242519"
"61325","0.3409903996242519","0.3409903996242519","0.3409903996242519"
"61331","0.3409903996242519","0.3409903996242519","0.3409903996242519"
"61348","0.3409903996242519","0.3409903996242519","0.3409903996242519"
"61351","0.3409903996242519","0.3409903996242519","0.3409903996242519"
"61364","0.3409903996242519","0.3409903996242519","0.3409903996242519"
"61388","0.342136065945715","0.342136065945715","0.342136065945715"
"61390","0.342136065945715","0.342136065945715","0.342136065945715"
"61392","0.342136065945715","0.342136065945715","0.342136065945715"
"61399","0.342136065945715","0.342136065945715","0.342136065945715"
"61404","0.342136065945715","0.342136065945715","0.342136065945715"
"61405","0.342136065945715","0.342136065945715","0.342136065945715"
"61420","0.342136065945715","0.342136065945715","0.342136065945715"
"61431","0.342136065945715","0.342136065945715","0.342136065945715"
"61440","0.342136065945715","0.342136065945715","0.342136065945715"
"61441","0.342136065945715","0.342136065945715","0.342136065945715"
"61443","0.342136065945715","0.342136065945715","0.342136065945715"
"61459","0.342136065945715","0.342136065945715","0.342136065945715"
"61462","0.342136065945715","0.342136065945715","0.342136065945715"
"61478","0.342136065945715","0.342136065945715","0.342136065945715"
"61482","0.3424296375277208","0.3424296375277208","0.3424296375277208"
"61488","0.34207682408200524","0.34207682408200524","0.34207682408200524"
"61489","0.3422044437964814","0.3422044437964814","0.3422044437964814"
"61501","0.34217467696985293","0.34217467696985293","0.34217467696985293"
"61516","0.34217467696985293","0.34217467696985293","0.34217467696985293"
"61525","0.34217467696985293","0.34217467696985293","0.34217467696985293"
"61536","0.34217467696985293","0.34217467696985293","0.34217467696985293"
"61548","0.34217467696985293","0.34217467696985293","0.34217467696985293"
"61555","0.34217467696985293","0.34217467696985293","0.34217467696985293"
"61560","0.34217467696985293","0.34217467696985293","0.34217467696985293"
"61564","0.34217467696985293","0.34217467696985293","0.34217467696985293"
"61580","0.34217467696985293","0.34217467696985293","0.34217467696985293"
"61585","0.34217467696985293","0.34217467696985293","0.34217467696985293"
"61590","0.34217467696985293","0.34217467696985293","0.34217467696985293"
"61604","0.34228958768412665","0.34228958768412665","0.34228958768412665"
"61608","0.34228958768412665","0.34228958768412665","0.34228958768412665"
"61620","0.34228958768412665","0.34228958768412665","0.34228958768412665"
"61624","0.34228958768412665","0.34228958768412665","0.34228958768412665"
"61629","0.34228958768412665","0.34228958768412665","0.34228958768412665"
"61635","0.34228958768412665","0.34228958768412665","0.34228958768412665"
"61651","0.34228958768412665","0.34228958768412665","0.34228958768412665"
"61662","0.34228958768412665","0.34228958768412665","0.34228958768412665"
"61676","0.34228958768412665","0.34228958768412665","0.34228958768412665"
"61682","0.34228958768412665","0.34228958768412665","0.34228958768412665"
"61690","0.34228958768412665","0.34228958768412665","0.34228958768412665"
"61694","0.34228958768412665","0.34228958768412665","0.34228958768412665"
"61700","0.34228958768412665","0.34228958768412665","0.34228958768412665"
"61701","0.34223857152878734","0.34223857152878734","0.34223857152878734"
"61705","0.34215763878942196","0.34215763878942196","0.34215763878942196"
"61706","0.3422597104412034","0.3422597104412034","0.3422597104412034"
"61710","0.34215768867520635","0.34215768867520635","0.34215768867520635"