"Step","251028_normalized_zwidth_v1 - geom/t","251028_normalized_zwidth_v1 - geom/t__MIN","251028_normalized_zwidth_v1 - geom/t__MAX"
"1","0.01","0.01","0.01"
"17","0.01","0.01","0.01"
"18","0.01","0.01","0.01"
"22","0.01","0.01","0.01"
"26","0.01","0.01","0.01"
"34","0.01","0.01","0.01"
"36","0.01","0.01","0.01"
"49","0.01","0.01","0.01"
"59","0.01","0.01","0.01"
"60","0.01","0.01","0.01"
"64","0.01","0.01","0.01"
"67","0.01","0.01","0.01"
"73","0.01","0.01","0.01"
"77","0.01","0.01","0.01"
"78","0.01","0.01","0.01"
"88","0.01","0.01","0.01"
"92","0.01","0.01","0.01"
"95","0.01","0.01","0.01"
"97","0.01","0.01","0.01"
"103","0.010268569410112303","0.010268569410112303","0.010268569410112303"
"119","0.01030560775617181","0.01030560775617181","0.01030560775617181"
"143","0.01030560775617181","0.01030560775617181","0.01030560775617181"
"149","0.01030560775617181","0.01030560775617181","0.01030560775617181"
"151","0.01030560775617181","0.01030560775617181","0.01030560775617181"
"154","0.01030560775617181","0.01030560775617181","0.01030560775617181"
"155","0.01030560775617181","0.01030560775617181","0.01030560775617181"
"157","0.01030560775617181","0.01030560775617181","0.01030560775617181"
"160","0.01030560775617181","0.01030560775617181","0.01030560775617181"
"163","0.01030560775617181","0.01030560775617181","0.01030560775617181"
"164","0.01030560775617181","0.01030560775617181","0.01030560775617181"
"167","0.01030560775617181","0.01030560775617181","0.01030560775617181"
"172","0.01030560775617181","0.01030560775617181","0.01030560775617181"
"174","0.01030560775617181","0.01030560775617181","0.01030560775617181"
"176","0.01030560775617181","0.01030560775617181","0.01030560775617181"
"185","0.01030560775617181","0.01030560775617181","0.01030560775617181"
"193","0.01030560775617181","0.01030560775617181","0.01030560775617181"
"212","0.010316239267444146","0.010316239267444146","0.010316239267444146"
"222","0.010358985575871761","0.010358985575871761","0.010358985575871761"
"225","0.010358985575871761","0.010358985575871761","0.010358985575871761"
"231","0.010358985575871761","0.010358985575871761","0.010358985575871761"
"247","0.010358985575871761","0.010358985575871761","0.010358985575871761"
"250","0.010358985575871761","0.010358985575871761","0.010358985575871761"
"259","0.010358985575871761","0.010358985575871761","0.010358985575871761"
"266","0.010358985575871761","0.010358985575871761","0.010358985575871761"
"274","0.010358985575871761","0.010358985575871761","0.010358985575871761"
"277","0.010358985575871761","0.010358985575871761","0.010358985575871761"
"278","0.010358985575871761","0.010358985575871761","0.010358985575871761"
"281","0.010358985575871761","0.010358985575871761","0.010358985575871761"
"290","0.010358985575871761","0.010358985575871761","0.010358985575871761"
"292","0.010358985575871761","0.010358985575871761","0.010358985575871761"
"295","0.010358985575871761","0.010358985575871761","0.010358985575871761"
"301","0.010358985575871761","0.010358985575871761","0.010358985575871761"
"304","0.010358985575871761","0.010358985575871761","0.010358985575871761"
"305","0.010358985575871761","0.010358985575871761","0.010358985575871761"
"309","0.010358985575871761","0.010358985575871761","0.010358985575871761"
"314","0.010358985575871761","0.010358985575871761","0.010358985575871761"
"317","0.010358985575871761","0.010358985575871761","0.010358985575871761"
"318","0.010358985575871761","0.010358985575871761","0.010358985575871761"
"337","0.010412919214482052","0.010412919214482052","0.010412919214482052"
"353","0.010412919214482052","0.010412919214482052","0.010412919214482052"
"361","0.010412919214482052","0.010412919214482052","0.010412919214482052"
"368","0.010412919214482052","0.010412919214482052","0.010412919214482052"
"372","0.010412919214482052","0.010412919214482052","0.010412919214482052"
"382","0.010412919214482052","0.010412919214482052","0.010412919214482052"
"389","0.010412919214482052","0.010412919214482052","0.010412919214482052"
"397","0.010412919214482052","0.010412919214482052","0.010412919214482052"
"405","0.010412919214482052","0.010412919214482052","0.010412919214482052"
"414","0.010412919214482052","0.010412919214482052","0.010412919214482052"
"425","0.010412919214482052","0.010412919214482052","0.010412919214482052"
"430","0.010412919214482052","0.010412919214482052","0.010412919214482052"
"435","0.01044009718594262","0.01044009718594262","0.01044009718594262"
"447","0.010467417398985261","0.010467417398985261","0.010467417398985261"
"455","0.010467417398985261","0.010467417398985261","0.010467417398985261"
"461","0.010467417398985261","0.010467417398985261","0.010467417398985261"
"465","0.010467417398985261","0.010467417398985261","0.010467417398985261"
"472","0.010467417398985261","0.010467417398985261","0.010467417398985261"
"477","0.010467417398985261","0.010467417398985261","0.010467417398985261"
"482","0.010467417398985261","0.010467417398985261","0.010467417398985261"
"490","0.010467417398985261","0.010467417398985261","0.010467417398985261"
"497","0.010467417398985261","0.010467417398985261","0.010467417398985261"
"503","0.010467417398985261","0.010467417398985261","0.010467417398985261"
"506","0.010467417398985261","0.010467417398985261","0.010467417398985261"
"511","0.010467417398985261","0.010467417398985261","0.010467417398985261"
"515","0.010467417398985261","0.010467417398985261","0.010467417398985261"
"517","0.010467417398985261","0.010467417398985261","0.010467417398985261"
"519","0.010467417398985261","0.010467417398985261","0.010467417398985261"
"526","0.010467417398985261","0.010467417398985261","0.010467417398985261"
"534","0.010467417398985261","0.010467417398985261","0.010467417398985261"
"549","0.010321563253116312","0.010321563253116312","0.010321563253116312"
"550","0.01030560775617181","0.01030560775617181","0.01030560775617181"
"552","0.01030560775617181","0.01030560775617181","0.01030560775617181"
"568","0.01030560775617181","0.01030560775617181","0.01030560775617181"
"575","0.01030560775617181","0.01030560775617181","0.01030560775617181"
"578","0.01030560775617181","0.01030560775617181","0.01030560775617181"
"583","0.01030560775617181","0.01030560775617181","0.01030560775617181"
"585","0.01030560775617181","0.01030560775617181","0.01030560775617181"
"586","0.01030560775617181","0.01030560775617181","0.01030560775617181"
"589","0.01030560775617181","0.01030560775617181","0.01030560775617181"
"591","0.01030560775617181","0.01030560775617181","0.01030560775617181"
"595","0.01030560775617181","0.01030560775617181","0.01030560775617181"
"597","0.01030560775617181","0.01030560775617181","0.01030560775617181"
"613","0.01030560775617181","0.01030560775617181","0.01030560775617181"
"614","0.01030560775617181","0.01030560775617181","0.01030560775617181"
"646","0.01030560775617181","0.01030560775617181","0.01030560775617181"
"647","0.01030560775617181","0.01030560775617181","0.01030560775617181"
"648","0.01030560775617181","0.01030560775617181","0.01030560775617181"
"649","0.01030560775617181","0.01030560775617181","0.01030560775617181"
"651","0.010279124600288982","0.010279124600288982","0.010279124600288982"
"652","0.010252777207351233","0.010252777207351233","0.010252777207351233"
"653","0.010226564536067196","0.010226564536067196","0.010226564536067196"
"663","0.01005143878559472","0.01005143878559472","0.01005143878559472"
"676","0.01005143878559472","0.01005143878559472","0.01005143878559472"
"686","0.01005143878559472","0.01005143878559472","0.01005143878559472"
"703","0.01005143878559472","0.01005143878559472","0.01005143878559472"
"722","0.01005143878559472","0.01005143878559472","0.01005143878559472"
"724","0.01005143878559472","0.01005143878559472","0.01005143878559472"
"752","0.01005143878559472","0.01005143878559472","0.01005143878559472"
"755","0.01005143878559472","0.01005143878559472","0.01005143878559472"
"761","0.010030750380295918","0.010030750380295918","0.010030750380295918"
"763","0.009989639839349975","0.009989639839349975","0.009989639839349975"
"774","0.009848434312948507","0.009848434312948507","0.009848434312948507"
"776","0.009848434312948507","0.009848434312948507","0.009848434312948507"
"789","0.009848434312948507","0.009848434312948507","0.009848434312948507"
"802","0.009848434312948507","0.009848434312948507","0.009848434312948507"
"805","0.009848434312948507","0.009848434312948507","0.009848434312948507"
"807","0.009848434312948507","0.009848434312948507","0.009848434312948507"
"813","0.009848434312948507","0.009848434312948507","0.009848434312948507"
"827","0.009848434312948507","0.009848434312948507","0.009848434312948507"
"840","0.009848434312948507","0.009848434312948507","0.009848434312948507"
"855","0.009848434312948507","0.009848434312948507","0.009848434312948507"
"882","0.009672772708644358","0.009672772708644358","0.009672772708644358"
"883","0.009672772708644358","0.009672772708644358","0.009672772708644358"
"885","0.009672772708644358","0.009672772708644358","0.009672772708644358"
"886","0.009672772708644358","0.009672772708644358","0.009672772708644358"
"896","0.009672772708644358","0.009672772708644358","0.009672772708644358"
"904","0.009672772708644358","0.009672772708644358","0.009672772708644358"
"914","0.009672772708644358","0.009672772708644358","0.009672772708644358"
"922","0.009672772708644358","0.009672772708644358","0.009672772708644358"
"926","0.009672772708644358","0.009672772708644358","0.009672772708644358"
"939","0.009672772708644358","0.009672772708644358","0.009672772708644358"
"940","0.009672772708644358","0.009672772708644358","0.009672772708644358"
"946","0.009672772708644358","0.009672772708644358","0.009672772708644358"
"948","0.009672772708644358","0.009672772708644358","0.009672772708644358"
"949","0.009672772708644358","0.009672772708644358","0.009672772708644358"
"950","0.009672772708644358","0.009672772708644358","0.009672772708644358"
"955","0.009672772708644358","0.009672772708644358","0.009672772708644358"
"962","0.009672772708644358","0.009672772708644358","0.009672772708644358"
"963","0.009672772708644358","0.009672772708644358","0.009672772708644358"
"965","0.009672772708644358","0.009672772708644358","0.009672772708644358"
"972","0.009672772708644358","0.009672772708644358","0.009672772708644358"
"976","0.009672772708644358","0.009672772708644358","0.009672772708644358"
"991","0.009484986693767936","0.009484986693767936","0.009484986693767936"
"997","0.009484986693767936","0.009484986693767936","0.009484986693767936"
"998","0.009484986693767936","0.009484986693767936","0.009484986693767936"
"1001","0.009484986693767936","0.009484986693767936","0.009484986693767936"
"1011","0.009484986693767936","0.009484986693767936","0.009484986693767936"
"1021","0.009484986693767936","0.009484986693767936","0.009484986693767936"
"1026","0.009484986693767936","0.009484986693767936","0.009484986693767936"
"1050","0.009484986693767936","0.009484986693767936","0.009484986693767936"
"1054","0.009484986693767936","0.009484986693767936","0.009484986693767936"
"1063","0.009484986693767936","0.009484986693767936","0.009484986693767936"
"1067","0.009484986693767936","0.009484986693767936","0.009484986693767936"
"1074","0.009484986693767936","0.009484986693767936","0.009484986693767936"
"1075","0.009484986693767936","0.009484986693767936","0.009484986693767936"
"1082","0.009484986693767936","0.009484986693767936","0.009484986693767936"
"1085","0.009484986693767936","0.009484986693767936","0.009484986693767936"
"1088","0.009484986693767936","0.009484986693767936","0.009484986693767936"
"1104","0.00930450151431054","0.00930450151431054","0.00930450151431054"
"1113","0.00930450151431054","0.00930450151431054","0.00930450151431054"
"1121","0.00930450151431054","0.00930450151431054","0.00930450151431054"
"1128","0.00930450151431054","0.00930450151431054","0.00930450151431054"
"1129","0.00930450151431054","0.00930450151431054","0.00930450151431054"
"1131","0.00930450151431054","0.00930450151431054","0.00930450151431054"
"1132","0.00930450151431054","0.00930450151431054","0.00930450151431054"
"1133","0.00930450151431054","0.00930450151431054","0.00930450151431054"
"1137","0.00930450151431054","0.00930450151431054","0.00930450151431054"
"1138","0.00930450151431054","0.00930450151431054","0.00930450151431054"
"1143","0.00930450151431054","0.00930450151431054","0.00930450151431054"
"1164","0.00930450151431054","0.00930450151431054","0.00930450151431054"
"1165","0.00930450151431054","0.00930450151431054","0.00930450151431054"
"1168","0.00930450151431054","0.00930450151431054","0.00930450151431054"
"1183","0.00930450151431054","0.00930450151431054","0.00930450151431054"
"1212","0.009147961988984113","0.009147961988984113","0.009147961988984113"
"1217","0.009147961988984113","0.009147961988984113","0.009147961988984113"
"1225","0.009147961988984113","0.009147961988984113","0.009147961988984113"
"1230","0.009147961988984113","0.009147961988984113","0.009147961988984113"
"1233","0.009147961988984113","0.009147961988984113","0.009147961988984113"
"1235","0.009147961988984113","0.009147961988984113","0.009147961988984113"
"1239","0.009147961988984113","0.009147961988984113","0.009147961988984113"
"1248","0.009147961988984113","0.009147961988984113","0.009147961988984113"
"1253","0.009147961988984113","0.009147961988984113","0.009147961988984113"
"1262","0.009147961988984113","0.009147961988984113","0.009147961988984113"
"1263","0.009147961988984113","0.009147961988984113","0.009147961988984113"
"1269","0.009147961988984113","0.009147961988984113","0.009147961988984113"
"1270","0.009147961988984113","0.009147961988984113","0.009147961988984113"
"1272","0.009147961988984113","0.009147961988984113","0.009147961988984113"
"1274","0.009147961988984113","0.009147961988984113","0.009147961988984113"
"1280","0.009147961988984113","0.009147961988984113","0.009147961988984113"
"1281","0.009147961988984113","0.009147961988984113","0.009147961988984113"
"1287","0.009147961988984113","0.009147961988984113","0.009147961988984113"
"1288","0.009147961988984113","0.009147961988984113","0.009147961988984113"
"1302","0.009147961988984113","0.009147961988984113","0.009147961988984113"
"1311","0.009130900142869847","0.009130900142869847","0.009130900142869847"
"1312","0.009113903168109772","0.009113903168109772","0.009113903168109772"
"1321","0.008980218127189275","0.008980218127189275","0.008980218127189275"
"1323","0.008980218127189275","0.008980218127189275","0.008980218127189275"
"1326","0.008980218127189275","0.008980218127189275","0.008980218127189275"
"1327","0.008980218127189275","0.008980218127189275","0.008980218127189275"
"1333","0.008980218127189275","0.008980218127189275","0.008980218127189275"
"1349","0.008980218127189275","0.008980218127189275","0.008980218127189275"
"1351","0.008980218127189275","0.008980218127189275","0.008980218127189275"
"1352","0.008980218127189275","0.008980218127189275","0.008980218127189275"
"1353","0.008980218127189275","0.008980218127189275","0.008980218127189275"
"1360","0.008980218127189275","0.008980218127189275","0.008980218127189275"
"1363","0.008980218127189275","0.008980218127189275","0.008980218127189275"
"1365","0.008980218127189275","0.008980218127189275","0.008980218127189275"
"1367","0.008980218127189275","0.008980218127189275","0.008980218127189275"
"1368","0.008980218127189275","0.008980218127189275","0.008980218127189275"
"1371","0.008980218127189275","0.008980218127189275","0.008980218127189275"
"1374","0.008980218127189275","0.008980218127189275","0.008980218127189275"
"1378","0.008980218127189275","0.008980218127189275","0.008980218127189275"
"1393","0.008980218127189275","0.008980218127189275","0.008980218127189275"
"1395","0.008980218127189275","0.008980218127189275","0.008980218127189275"
"1398","0.008980218127189275","0.008980218127189275","0.008980218127189275"
"1399","0.008980218127189275","0.008980218127189275","0.008980218127189275"
"1404","0.008980218127189275","0.008980218127189275","0.008980218127189275"
"1407","0.008980218127189275","0.008980218127189275","0.008980218127189275"
"1409","0.008980218127189275","0.008980218127189275","0.008980218127189275"
"1425","0.00889867826778632","0.00889867826778632","0.00889867826778632"
"1429","0.008834525877936617","0.008834525877936617","0.008834525877936617"
"1437","0.008818634905532014","0.008818634905532014","0.008818634905532014"
"1447","0.008818634905532014","0.008818634905532014","0.008818634905532014"
"1448","0.008818634905532014","0.008818634905532014","0.008818634905532014"
"1449","0.008818634905532014","0.008818634905532014","0.008818634905532014"
"1450","0.008818634905532014","0.008818634905532014","0.008818634905532014"
"1458","0.008818634905532014","0.008818634905532014","0.008818634905532014"
"1459","0.008818634905532014","0.008818634905532014","0.008818634905532014"
"1462","0.008818634905532014","0.008818634905532014","0.008818634905532014"
"1465","0.008818634905532014","0.008818634905532014","0.008818634905532014"
"1466","0.008818634905532014","0.008818634905532014","0.008818634905532014"
"1471","0.008818634905532014","0.008818634905532014","0.008818634905532014"
"1473","0.008818634905532014","0.008818634905532014","0.008818634905532014"
"1475","0.008818634905532014","0.008818634905532014","0.008818634905532014"
"1487","0.008818634905532014","0.008818634905532014","0.008818634905532014"
"1488","0.008818634905532014","0.008818634905532014","0.008818634905532014"
"1491","0.008818634905532014","0.008818634905532014","0.008818634905532014"
"1495","0.008818634905532014","0.008818634905532014","0.008818634905532014"
"1501","0.008818634905532014","0.008818634905532014","0.008818634905532014"
"1502","0.008818634905532014","0.008818634905532014","0.008818634905532014"
"1508","0.008818634905532014","0.008818634905532014","0.008818634905532014"
"1512","0.008818634905532014","0.008818634905532014","0.008818634905532014"
"1513","0.008818634905532014","0.008818634905532014","0.008818634905532014"
"1532","0.008787027208129447","0.008787027208129447","0.008787027208129447"
"1538","0.00869357498827601","0.00869357498827601","0.00869357498827601"
"1540","0.008662872823528452","0.008662872823528452","0.008662872823528452"
"1541","0.008662872823528452","0.008662872823528452","0.008662872823528452"
"1542","0.008662872823528452","0.008662872823528452","0.008662872823528452"
"1547","0.008662872823528452","0.008662872823528452","0.008662872823528452"
"1548","0.008662872823528452","0.008662872823528452","0.008662872823528452"
"1551","0.008662872823528452","0.008662872823528452","0.008662872823528452"
"1552","0.008662872823528452","0.008662872823528452","0.008662872823528452"
"1573","0.008662872823528452","0.008662872823528452","0.008662872823528452"
"1575","0.008662872823528452","0.008662872823528452","0.008662872823528452"
"1577","0.008662872823528452","0.008662872823528452","0.008662872823528452"
"1586","0.008662872823528452","0.008662872823528452","0.008662872823528452"
"1589","0.008662872823528452","0.008662872823528452","0.008662872823528452"
"1590","0.008662872823528452","0.008662872823528452","0.008662872823528452"
"1599","0.008662872823528452","0.008662872823528452","0.008662872823528452"
"1601","0.008662872823528452","0.008662872823528452","0.008662872823528452"
"1608","0.008662872823528452","0.008662872823528452","0.008662872823528452"
"1614","0.008662872823528452","0.008662872823528452","0.008662872823528452"
"1617","0.008662872823528452","0.008662872823528452","0.008662872823528452"
"1628","0.008662872823528452","0.008662872823528452","0.008662872823528452"
"1634","0.008662872823528452","0.008662872823528452","0.008662872823528452"
"1651","0.008512617301132504","0.008512617301132504","0.008512617301132504"
"1653","0.008512617301132504","0.008512617301132504","0.008512617301132504"
"1658","0.008512617301132504","0.008512617301132504","0.008512617301132504"
"1659","0.008512617301132504","0.008512617301132504","0.008512617301132504"
"1666","0.008512617301132504","0.008512617301132504","0.008512617301132504"
"1674","0.008512617301132504","0.008512617301132504","0.008512617301132504"
"1676","0.008512617301132504","0.008512617301132504","0.008512617301132504"
"1687","0.008512617301132504","0.008512617301132504","0.008512617301132504"
"1691","0.008512617301132504","0.008512617301132504","0.008512617301132504"
"1701","0.008512617301132504","0.008512617301132504","0.008512617301132504"
"1703","0.008512617301132504","0.008512617301132504","0.008512617301132504"
"1706","0.008512617301132504","0.008512617301132504","0.008512617301132504"
"1708","0.008512617301132504","0.008512617301132504","0.008512617301132504"
"1710","0.008512617301132504","0.008512617301132504","0.008512617301132504"
"1713","0.008512617301132504","0.008512617301132504","0.008512617301132504"
"1715","0.008512617301132504","0.008512617301132504","0.008512617301132504"
"1717","0.008512617301132504","0.008512617301132504","0.008512617301132504"
"1719","0.008512617301132504","0.008512617301132504","0.008512617301132504"
"1721","0.008512617301132504","0.008512617301132504","0.008512617301132504"
"1725","0.008512617301132504","0.008512617301132504","0.008512617301132504"
"1726","0.008512617301132504","0.008512617301132504","0.008512617301132504"
"1731","0.008512617301132504","0.008512617301132504","0.008512617301132504"
"1733","0.008512617301132504","0.008512617301132504","0.008512617301132504"
"1742","0.008512617301132504","0.008512617301132504","0.008512617301132504"
"1753","0.008468570222320984","0.008468570222320984","0.008468570222320984"
"1761","0.008367576397833957","0.008367576397833957","0.008367576397833957"
"1763","0.008367576397833957","0.008367576397833957","0.008367576397833957"
"1774","0.008367576397833957","0.008367576397833957","0.008367576397833957"
"1782","0.008367576397833957","0.008367576397833957","0.008367576397833957"
"1783","0.008367576397833957","0.008367576397833957","0.008367576397833957"
"1793","0.008367576397833957","0.008367576397833957","0.008367576397833957"
"1797","0.008367576397833957","0.008367576397833957","0.008367576397833957"
"1801","0.008367576397833957","0.008367576397833957","0.008367576397833957"
"1802","0.008367576397833957","0.008367576397833957","0.008367576397833957"
"1804","0.008367576397833957","0.008367576397833957","0.008367576397833957"
"1811","0.008367576397833957","0.008367576397833957","0.008367576397833957"
"1815","0.008367576397833957","0.008367576397833957","0.008367576397833957"
"1822","0.008367576397833957","0.008367576397833957","0.008367576397833957"
"1823","0.008367576397833957","0.008367576397833957","0.008367576397833957"
"1829","0.008367576397833957","0.008367576397833957","0.008367576397833957"
"1831","0.008367576397833957","0.008367576397833957","0.008367576397833957"
"1833","0.008367576397833957","0.008367576397833957","0.008367576397833957"
"1834","0.008367576397833957","0.008367576397833957","0.008367576397833957"
"1837","0.008367576397833957","0.008367576397833957","0.008367576397833957"
"1841","0.008367576397833957","0.008367576397833957","0.008367576397833957"
"1844","0.008367576397833957","0.008367576397833957","0.008367576397833957"
"1847","0.008367576397833957","0.008367576397833957","0.008367576397833957"
"1860","0.008367576397833957","0.008367576397833957","0.008367576397833957"
"1862","0.008339169752621257","0.008339169752621257","0.008339169752621257"
"1863","0.008325039906515687","0.008325039906515687","0.008325039906515687"
"1868","0.00825511522049497","0.00825511522049497","0.00825511522049497"
"1870","0.008227478781281486","0.008227478781281486","0.008227478781281486"
"1875","0.008227478781281486","0.008227478781281486","0.008227478781281486"
"1879","0.008227478781281486","0.008227478781281486","0.008227478781281486"
"1894","0.008227478781281486","0.008227478781281486","0.008227478781281486"
"1898","0.008227478781281486","0.008227478781281486","0.008227478781281486"
"1934","0.008227478781281486","0.008227478781281486","0.008227478781281486"
"1940","0.008227478781281486","0.008227478781281486","0.008227478781281486"
"1945","0.008227478781281486","0.008227478781281486","0.008227478781281486"
"1952","0.008227478781281486","0.008227478781281486","0.008227478781281486"
"1957","0.008227478781281486","0.008227478781281486","0.008227478781281486"
"1960","0.008227478781281486","0.008227478781281486","0.008227478781281486"
"1967","0.008227478781281486","0.008227478781281486","0.008227478781281486"
"1973","0.008186375220008505","0.008186375220008505","0.008186375220008505"
"1980","0.00809207191375669","0.00809207191375669","0.00809207191375669"
"1986","0.00809207191375669","0.00809207191375669","0.00809207191375669"
"1992","0.00809207191375669","0.00809207191375669","0.00809207191375669"
"2001","0.00809207191375669","0.00809207191375669","0.00809207191375669"
"2007","0.00809207191375669","0.00809207191375669","0.00809207191375669"
"2013","0.00809207191375669","0.00809207191375669","0.00809207191375669"
"2015","0.00809207191375669","0.00809207191375669","0.00809207191375669"
"2017","0.00809207191375669","0.00809207191375669","0.00809207191375669"
"2029","0.00809207191375669","0.00809207191375669","0.00809207191375669"
"2035","0.00809207191375669","0.00809207191375669","0.00809207191375669"
"2040","0.00809207191375669","0.00809207191375669","0.00809207191375669"
"2043","0.00809207191375669","0.00809207191375669","0.00809207191375669"
"2047","0.00809207191375669","0.00809207191375669","0.00809207191375669"
"2050","0.00809207191375669","0.00809207191375669","0.00809207191375669"
"2068","0.00809207191375669","0.00809207191375669","0.00809207191375669"
"2069","0.00809207191375669","0.00809207191375669","0.00809207191375669"
"2077","0.00809207191375669","0.00809207191375669","0.00809207191375669"
"2091","0.007974021410385992","0.007974021410385992","0.007974021410385992"
"2093","0.007974021410385992","0.007974021410385992","0.007974021410385992"
"2099","0.007974021410385992","0.007974021410385992","0.007974021410385992"
"2102","0.007974021410385992","0.007974021410385992","0.007974021410385992"
"2106","0.007974021410385992","0.007974021410385992","0.007974021410385992"
"2111","0.007974021410385992","0.007974021410385992","0.007974021410385992"
"2132","0.007974021410385992","0.007974021410385992","0.007974021410385992"
"2136","0.007974021410385992","0.007974021410385992","0.007974021410385992"
"2142","0.007974021410385992","0.007974021410385992","0.007974021410385992"
"2144","0.007974021410385992","0.007974021410385992","0.007974021410385992"
"2147","0.007974021410385992","0.007974021410385992","0.007974021410385992"
"2153","0.007974021410385992","0.007974021410385992","0.007974021410385992"
"2159","0.007974021410385992","0.007974021410385992","0.007974021410385992"
"2165","0.007974021410385992","0.007974021410385992","0.007974021410385992"
"2166","0.007974021410385992","0.007974021410385992","0.007974021410385992"
"2167","0.007974021410385992","0.007974021410385992","0.007974021410385992"
"2172","0.007974021410385992","0.007974021410385992","0.007974021410385992"
"2181","0.007974021410385992","0.007974021410385992","0.007974021410385992"
"2185","0.007974021410385992","0.007974021410385992","0.007974021410385992"
"2186","0.007974021410385992","0.007974021410385992","0.007974021410385992"
"2188","0.007974021410385992","0.007974021410385992","0.007974021410385992"
"2190","0.007974021410385992","0.007974021410385992","0.007974021410385992"
"2193","0.007935445187933007","0.007935445187933007","0.007935445187933007"
"2200","0.007846891602601713","0.007846891602601713","0.007846891602601713"
"2202","0.007846891602601713","0.007846891602601713","0.007846891602601713"
"2204","0.007846891602601713","0.007846891602601713","0.007846891602601713"
"2209","0.007846891602601713","0.007846891602601713","0.007846891602601713"
"2210","0.007846891602601713","0.007846891602601713","0.007846891602601713"
"2214","0.007846891602601713","0.007846891602601713","0.007846891602601713"
"2233","0.007846891602601713","0.007846891602601713","0.007846891602601713"
"2248","0.007846891602601713","0.007846891602601713","0.007846891602601713"
"2261","0.007846891602601713","0.007846891602601713","0.007846891602601713"
"2264","0.007846891602601713","0.007846891602601713","0.007846891602601713"
"2266","0.007846891602601713","0.007846891602601713","0.007846891602601713"
"2272","0.007846891602601713","0.007846891602601713","0.007846891602601713"
"2273","0.007846891602601713","0.007846891602601713","0.007846891602601713"
"2284","0.007846891602601713","0.007846891602601713","0.007846891602601713"
"2296","0.007846891602601713","0.007846891602601713","0.007846891602601713"
"2303","0.0078095515156662125","0.0078095515156662125","0.0078095515156662125"
"2322","0.007735943431477553","0.007735943431477553","0.007735943431477553"
"2329","0.007735943431477553","0.007735943431477553","0.007735943431477553"
"2335","0.007735943431477553","0.007735943431477553","0.007735943431477553"
"2344","0.007735943431477553","0.007735943431477553","0.007735943431477553"
"2347","0.007735943431477553","0.007735943431477553","0.007735943431477553"
"2353","0.007735943431477553","0.007735943431477553","0.007735943431477553"
"2357","0.007735943431477553","0.007735943431477553","0.007735943431477553"
"2364","0.007735943431477553","0.007735943431477553","0.007735943431477553"
"2374","0.007735943431477553","0.007735943431477553","0.007735943431477553"
"2376","0.007735943431477553","0.007735943431477553","0.007735943431477553"
"2379","0.007735943431477553","0.007735943431477553","0.007735943431477553"
"2383","0.007735943431477553","0.007735943431477553","0.007735943431477553"
"2397","0.007735943431477553","0.007735943431477553","0.007735943431477553"
"2401","0.007735943431477553","0.007735943431477553","0.007735943431477553"
"2407","0.007735943431477553","0.007735943431477553","0.007735943431477553"
"2411","0.0077359407112655735","0.0077359407112655735","0.0077359407112655735"
"2420","0.007651827736737898","0.007651827736737898","0.007651827736737898"
"2422","0.007651827736737898","0.007651827736737898","0.007651827736737898"
"2423","0.007651827736737898","0.007651827736737898","0.007651827736737898"
"2429","0.007651827736737898","0.007651827736737898","0.007651827736737898"
"2430","0.007651827736737898","0.007651827736737898","0.007651827736737898"
"2455","0.007651827736737898","0.007651827736737898","0.007651827736737898"
"2460","0.007651827736737898","0.007651827736737898","0.007651827736737898"
"2481","0.007651827736737898","0.007651827736737898","0.007651827736737898"
"2486","0.007651827736737898","0.007651827736737898","0.007651827736737898"
"2488","0.007651827736737898","0.007651827736737898","0.007651827736737898"
"2489","0.007651827736737898","0.007651827736737898","0.007651827736737898"
"2492","0.007651827736737898","0.007651827736737898","0.007651827736737898"
"2502","0.007651827736737898","0.007651827736737898","0.007651827736737898"
"2511","0.007651827736737898","0.007651827736737898","0.007651827736737898"
"2512","0.007651827736737898","0.007651827736737898","0.007651827736737898"
"2521","0.007639962509482127","0.007639962509482127","0.007639962509482127"
"2523","0.007628132064481729","0.007628132064481729","0.007628132064481729"
"2534","0.0075695478808247086","0.0075695478808247086","0.0075695478808247086"
"2538","0.0075695478808247086","0.0075695478808247086","0.0075695478808247086"
"2543","0.0075695478808247086","0.0075695478808247086","0.0075695478808247086"
"2549","0.0075695478808247086","0.0075695478808247086","0.0075695478808247086"
"2550","0.0075695478808247086","0.0075695478808247086","0.0075695478808247086"
"2552","0.0075695478808247086","0.0075695478808247086","0.0075695478808247086"
"2564","0.0075695478808247086","0.0075695478808247086","0.0075695478808247086"
"2566","0.0075695478808247086","0.0075695478808247086","0.0075695478808247086"
"2573","0.0075695478808247086","0.0075695478808247086","0.0075695478808247086"
"2574","0.0075695478808247086","0.0075695478808247086","0.0075695478808247086"
"2579","0.0075695478808247086","0.0075695478808247086","0.0075695478808247086"
"2584","0.0075695478808247086","0.0075695478808247086","0.0075695478808247086"
"2587","0.0075695478808247086","0.0075695478808247086","0.0075695478808247086"
"2591","0.0075695478808247086","0.0075695478808247086","0.0075695478808247086"
"2600","0.0075695478808247086","0.0075695478808247086","0.0075695478808247086"
"2607","0.0075695478808247086","0.0075695478808247086","0.0075695478808247086"
"2613","0.0075695478808247086","0.0075695478808247086","0.0075695478808247086"
"2622","0.0075695478808247086","0.0075695478808247086","0.0075695478808247086"
"2625","0.0075695478808247086","0.0075695478808247086","0.0075695478808247086"
"2647","0.007466360340648863","0.007466360340648863","0.007466360340648863"
"2656","0.007466360340648863","0.007466360340648863","0.007466360340648863"
"2663","0.007466360340648863","0.007466360340648863","0.007466360340648863"
"2664","0.007466360340648863","0.007466360340648863","0.007466360340648863"
"2671","0.007466360340648863","0.007466360340648863","0.007466360340648863"
"2673","0.007466360340648863","0.007466360340648863","0.007466360340648863"
"2674","0.007466360340648863","0.007466360340648863","0.007466360340648863"
"2677","0.007466360340648863","0.007466360340648863","0.007466360340648863"
"2684","0.007466360340648863","0.007466360340648863","0.007466360340648863"
"2685","0.007466360340648863","0.007466360340648863","0.007466360340648863"
"2701","0.007466360340648863","0.007466360340648863","0.007466360340648863"
"2706","0.007466360340648863","0.007466360340648863","0.007466360340648863"
"2708","0.007466360340648863","0.007466360340648863","0.007466360340648863"
"2710","0.007466360340648863","0.007466360340648863","0.007466360340648863"
"2715","0.007466360340648863","0.007466360340648863","0.007466360340648863"
"2726","0.007466360340648863","0.007466360340648863","0.007466360340648863"
"2733","0.007466360340648863","0.007466360340648863","0.007466360340648863"
"2739","0.007466360340648863","0.007466360340648863","0.007466360340648863"
"2740","0.007466360340648863","0.007466360340648863","0.007466360340648863"
"2753","0.007377001694805855","0.007377001694805855","0.007377001694805855"
"2774","0.007377001694805855","0.007377001694805855","0.007377001694805855"
"2792","0.007377001694805855","0.007377001694805855","0.007377001694805855"
"2798","0.007377001694805855","0.007377001694805855","0.007377001694805855"
"2799","0.007377001694805855","0.007377001694805855","0.007377001694805855"
"2816","0.007377001694805855","0.007377001694805855","0.007377001694805855"
"2817","0.007377001694805855","0.007377001694805855","0.007377001694805855"
"2822","0.007377001694805855","0.007377001694805855","0.007377001694805855"
"2834","0.007377001694805855","0.007377001694805855","0.007377001694805855"
"2837","0.007377001694805855","0.007377001694805855","0.007377001694805855"
"2840","0.007377001694805855","0.007377001694805855","0.007377001694805855"
"2861","0.0073005745368205305","0.0073005745368205305","0.0073005745368205305"
"2864","0.0073005745368205305","0.0073005745368205305","0.0073005745368205305"
"2866","0.0073005745368205305","0.0073005745368205305","0.0073005745368205305"
"2872","0.0073005745368205305","0.0073005745368205305","0.0073005745368205305"
"2875","0.0073005745368205305","0.0073005745368205305","0.0073005745368205305"
"2885","0.0073005745368205305","0.0073005745368205305","0.0073005745368205305"
"2894","0.0073005745368205305","0.0073005745368205305","0.0073005745368205305"
"2903","0.0073005745368205305","0.0073005745368205305","0.0073005745368205305"
"2910","0.0073005745368205305","0.0073005745368205305","0.0073005745368205305"
"2912","0.0073005745368205305","0.0073005745368205305","0.0073005745368205305"
"2917","0.0073005745368205305","0.0073005745368205305","0.0073005745368205305"
"2928","0.0073005745368205305","0.0073005745368205305","0.0073005745368205305"
"2930","0.0073005745368205305","0.0073005745368205305","0.0073005745368205305"
"2939","0.0073005745368205305","0.0073005745368205305","0.0073005745368205305"
"2942","0.0073005745368205305","0.0073005745368205305","0.0073005745368205305"
"2947","0.0073005745368205305","0.0073005745368205305","0.0073005745368205305"
"2951","0.0073005745368205305","0.0073005745368205305","0.0073005745368205305"
"2959","0.0073005745368205305","0.0073005745368205305","0.0073005745368205305"
"2976","0.007194137081195893","0.007194137081195893","0.007194137081195893"
"2978","0.007194137081195893","0.007194137081195893","0.007194137081195893"
"2984","0.007194137081195893","0.007194137081195893","0.007194137081195893"
"2993","0.007194137081195893","0.007194137081195893","0.007194137081195893"
"2997","0.007194137081195893","0.007194137081195893","0.007194137081195893"
"3004","0.007194137081195893","0.007194137081195893","0.007194137081195893"
"3010","0.007194137081195893","0.007194137081195893","0.007194137081195893"
"3018","0.007194137081195893","0.007194137081195893","0.007194137081195893"
"3028","0.007194137081195893","0.007194137081195893","0.007194137081195893"
"3030","0.007194137081195893","0.007194137081195893","0.007194137081195893"
"3031","0.007194137081195893","0.007194137081195893","0.007194137081195893"
"3053","0.007194137081195893","0.007194137081195893","0.007194137081195893"
"3067","0.007194137081195893","0.007194137081195893","0.007194137081195893"
"3069","0.007194137081195893","0.007194137081195893","0.007194137081195893"
"3070","0.007194137081195893","0.007194137081195893","0.007194137081195893"
"3071","0.007183665823702264","0.007183665823702264","0.007183665823702264"
"3074","0.007152436507378871","0.007152436507378871","0.007152436507378871"
"3084","0.007090795697420541","0.007090795697420541","0.007090795697420541"
"3086","0.007090795697420541","0.007090795697420541","0.007090795697420541"
"3092","0.007090795697420541","0.007090795697420541","0.007090795697420541"
"3097","0.007090795697420541","0.007090795697420541","0.007090795697420541"
"3109","0.007090795697420541","0.007090795697420541","0.007090795697420541"
"3112","0.007090795697420541","0.007090795697420541","0.007090795697420541"
"3118","0.007090795697420541","0.007090795697420541","0.007090795697420541"
"3122","0.007090795697420541","0.007090795697420541","0.007090795697420541"
"3125","0.007090795697420541","0.007090795697420541","0.007090795697420541"
"3154","0.007090795697420541","0.007090795697420541","0.007090795697420541"
"3164","0.007090795697420541","0.007090795697420541","0.007090795697420541"
"3168","0.007090795697420541","0.007090795697420541","0.007090795697420541"
"3177","0.007090795697420541","0.007090795697420541","0.007090795697420541"
"3207","0.007000325542758413","0.007000325542758413","0.007000325542758413"
"3215","0.007000325542758413","0.007000325542758413","0.007000325542758413"
"3216","0.007000325542758413","0.007000325542758413","0.007000325542758413"
"3222","0.007000325542758413","0.007000325542758413","0.007000325542758413"
"3225","0.007000325542758413","0.007000325542758413","0.007000325542758413"
"3231","0.007000325542758413","0.007000325542758413","0.007000325542758413"
"3239","0.007000325542758413","0.007000325542758413","0.007000325542758413"
"3252","0.007000325542758413","0.007000325542758413","0.007000325542758413"
"3264","0.007000325542758413","0.007000325542758413","0.007000325542758413"
"3274","0.007000325542758413","0.007000325542758413","0.007000325542758413"
"3275","0.007000325542758413","0.007000325542758413","0.007000325542758413"
"3297","0.00695595978697288","0.00695595978697288","0.00695595978697288"
"3305","0.006936425922196908","0.006936425922196908","0.006936425922196908"
"3307","0.006936425922196908","0.006936425922196908","0.006936425922196908"
"3317","0.006936425922196908","0.006936425922196908","0.006936425922196908"
"3319","0.006936425922196908","0.006936425922196908","0.006936425922196908"
"3329","0.006936425922196908","0.006936425922196908","0.006936425922196908"
"3336","0.006936425922196908","0.006936425922196908","0.006936425922196908"
"3338","0.006936425922196908","0.006936425922196908","0.006936425922196908"
"3342","0.006936425922196908","0.006936425922196908","0.006936425922196908"
"3344","0.006936425922196908","0.006936425922196908","0.006936425922196908"
"3354","0.006936425922196908","0.006936425922196908","0.006936425922196908"
"3357","0.006936425922196908","0.006936425922196908","0.006936425922196908"
"3361","0.006936425922196908","0.006936425922196908","0.006936425922196908"
"3366","0.006936425922196908","0.006936425922196908","0.006936425922196908"
"3368","0.006936425922196908","0.006936425922196908","0.006936425922196908"
"3373","0.006936425922196908","0.006936425922196908","0.006936425922196908"
"3374","0.006936425922196908","0.006936425922196908","0.006936425922196908"
"3383","0.006936425922196908","0.006936425922196908","0.006936425922196908"
"3386","0.006936425922196908","0.006936425922196908","0.006936425922196908"
"3393","0.006936425922196908","0.006936425922196908","0.006936425922196908"
"3394","0.006936425922196908","0.006936425922196908","0.006936425922196908"
"3399","0.006936425922196908","0.006936425922196908","0.006936425922196908"
"3400","0.006936425922196908","0.006936425922196908","0.006936425922196908"
"3418","0.0068498739066335775","0.0068498739066335775","0.0068498739066335775"
"3420","0.0068498739066335775","0.0068498739066335775","0.0068498739066335775"
"3422","0.0068498739066335775","0.0068498739066335775","0.0068498739066335775"
"3430","0.0068498739066335775","0.0068498739066335775","0.0068498739066335775"
"3442","0.0068498739066335775","0.0068498739066335775","0.0068498739066335775"
"3445","0.0068498739066335775","0.0068498739066335775","0.0068498739066335775"
"3447","0.0068498739066335775","0.0068498739066335775","0.0068498739066335775"
"3452","0.0068498739066335775","0.0068498739066335775","0.0068498739066335775"
"3486","0.0068498739066335775","0.0068498739066335775","0.0068498739066335775"
"3487","0.0068498739066335775","0.0068498739066335775","0.0068498739066335775"
"3494","0.0068498739066335775","0.0068498739066335775","0.0068498739066335775"
"3495","0.0068498739066335775","0.0068498739066335775","0.0068498739066335775"
"3496","0.0068498739066335775","0.0068498739066335775","0.0068498739066335775"
"3507","0.0068498739066335775","0.0068498739066335775","0.0068498739066335775"
"3512","0.006840391722498905","0.006840391722498905","0.006840391722498905"
"3516","0.006802727189905329","0.006802727189905329","0.006802727189905329"
"3526","0.006774752986619387","0.006774752986619387","0.006774752986619387"
"3529","0.006774752986619387","0.006774752986619387","0.006774752986619387"
"3536","0.006774752986619387","0.006774752986619387","0.006774752986619387"
"3537","0.006774752986619387","0.006774752986619387","0.006774752986619387"
"3544","0.006774752986619387","0.006774752986619387","0.006774752986619387"
"3547","0.006774752986619387","0.006774752986619387","0.006774752986619387"
"3558","0.006774752986619387","0.006774752986619387","0.006774752986619387"
"3564","0.006774752986619387","0.006774752986619387","0.006774752986619387"
"3567","0.006774752986619387","0.006774752986619387","0.006774752986619387"
"3572","0.006774752986619387","0.006774752986619387","0.006774752986619387"
"3576","0.006774752986619387","0.006774752986619387","0.006774752986619387"
"3578","0.006774752986619387","0.006774752986619387","0.006774752986619387"
"3584","0.006774752986619387","0.006774752986619387","0.006774752986619387"
"3589","0.006774752986619387","0.006774752986619387","0.006774752986619387"
"3595","0.006774752986619387","0.006774752986619387","0.006774752986619387"
"3596","0.006774752986619387","0.006774752986619387","0.006774752986619387"
"3600","0.006774752986619387","0.006774752986619387","0.006774752986619387"
"3601","0.006774752986619387","0.006774752986619387","0.006774752986619387"
"3602","0.006774752986619387","0.006774752986619387","0.006774752986619387"
"3603","0.006774752986619387","0.006774752986619387","0.006774752986619387"
"3609","0.006774752986619387","0.006774752986619387","0.006774752986619387"
"3611","0.006774752986619387","0.006774752986619387","0.006774752986619387"
"3614","0.006774752986619387","0.006774752986619387","0.006774752986619387"
"3630","0.006692209451389934","0.006692209451389934","0.006692209451389934"
"3634","0.006692209451389934","0.006692209451389934","0.006692209451389934"
"3637","0.006692209451389934","0.006692209451389934","0.006692209451389934"
"3649","0.006692209451389934","0.006692209451389934","0.006692209451389934"
"3650","0.006692209451389934","0.006692209451389934","0.006692209451389934"
"3657","0.006692209451389934","0.006692209451389934","0.006692209451389934"
"3668","0.006692209451389934","0.006692209451389934","0.006692209451389934"
"3674","0.006692209451389934","0.006692209451389934","0.006692209451389934"
"3677","0.006692209451389934","0.006692209451389934","0.006692209451389934"
"3678","0.006692209451389934","0.006692209451389934","0.006692209451389934"
"3679","0.006692209451389934","0.006692209451389934","0.006692209451389934"
"3680","0.006692209451389934","0.006692209451389934","0.006692209451389934"
"3684","0.006692209451389934","0.006692209451389934","0.006692209451389934"
"3687","0.006692209451389934","0.006692209451389934","0.006692209451389934"
"3700","0.006692209451389934","0.006692209451389934","0.006692209451389934"
"3720","0.006692209451389934","0.006692209451389934","0.006692209451389934"
"3724","0.006692209451389934","0.006692209451389934","0.006692209451389934"
"3731","0.0066922083283315085","0.0066922083283315085","0.0066922083283315085"
"3738","0.006638301228514929","0.006638301228514929","0.006638301228514929"
"3741","0.0066205264309363975","0.0066205264309363975","0.0066205264309363975"
"3747","0.0066205264309363975","0.0066205264309363975","0.0066205264309363975"
"3750","0.0066205264309363975","0.0066205264309363975","0.0066205264309363975"
"3751","0.0066205264309363975","0.0066205264309363975","0.0066205264309363975"
"3759","0.0066205264309363975","0.0066205264309363975","0.0066205264309363975"
"3766","0.0066205264309363975","0.0066205264309363975","0.0066205264309363975"
"3768","0.0066205264309363975","0.0066205264309363975","0.0066205264309363975"
"3784","0.0066205264309363975","0.0066205264309363975","0.0066205264309363975"
"3790","0.0066205264309363975","0.0066205264309363975","0.0066205264309363975"
"3795","0.0066205264309363975","0.0066205264309363975","0.0066205264309363975"
"3804","0.0066205264309363975","0.0066205264309363975","0.0066205264309363975"
"3813","0.0066205264309363975","0.0066205264309363975","0.0066205264309363975"
"3816","0.0066205264309363975","0.0066205264309363975","0.0066205264309363975"
"3819","0.0066205264309363975","0.0066205264309363975","0.0066205264309363975"
"3837","0.0066205264309363975","0.0066205264309363975","0.0066205264309363975"
"3839","0.0066205264309363975","0.0066205264309363975","0.0066205264309363975"
"3841","0.0066116750734830166","0.0066116750734830166","0.0066116750734830166"
"3850","0.006533076583549139","0.006533076583549139","0.006533076583549139"
"3851","0.006533076583549139","0.006533076583549139","0.006533076583549139"
"3858","0.006533076583549139","0.006533076583549139","0.006533076583549139"
"3862","0.006533076583549139","0.006533076583549139","0.006533076583549139"
"3869","0.006533076583549139","0.006533076583549139","0.006533076583549139"
"3871","0.006533076583549139","0.006533076583549139","0.006533076583549139"
"3872","0.006533076583549139","0.006533076583549139","0.006533076583549139"
"3879","0.006533076583549139","0.006533076583549139","0.006533076583549139"
"3884","0.006533076583549139","0.006533076583549139","0.006533076583549139"
"3888","0.006533076583549139","0.006533076583549139","0.006533076583549139"
"3890","0.006533076583549139","0.006533076583549139","0.006533076583549139"
"3893","0.006533076583549139","0.006533076583549139","0.006533076583549139"
"3898","0.006533076583549139","0.006533076583549139","0.006533076583549139"
"3905","0.006533076583549139","0.006533076583549139","0.006533076583549139"
"3911","0.006533076583549139","0.006533076583549139","0.006533076583549139"
"3915","0.006533076583549139","0.006533076583549139","0.006533076583549139"
"3922","0.006533076583549139","0.006533076583549139","0.006533076583549139"
"3924","0.006533076583549139","0.006533076583549139","0.006533076583549139"
"3932","0.006533076583549139","0.006533076583549139","0.006533076583549139"
"3938","0.006533076583549139","0.006533076583549139","0.006533076583549139"
"3945","0.006533076583549139","0.006533076583549139","0.006533076583549139"
"3951","0.00652445985776108","0.00652445985776108","0.00652445985776108"
"3952","0.0065244588830759105","0.0065244588830759105","0.0065244588830759105"
"3959","0.006473237162264903","0.006473237162264903","0.006473237162264903"
"3962","0.006464780034339185","0.006464780034339185","0.006464780034339185"
"3967","0.006464780034339185","0.006464780034339185","0.006464780034339185"
"3975","0.006464780034339185","0.006464780034339185","0.006464780034339185"
"3994","0.006464780034339185","0.006464780034339185","0.006464780034339185"
"4010","0.006464780034339185","0.006464780034339185","0.006464780034339185"
"4013","0.006464780034339185","0.006464780034339185","0.006464780034339185"
"4017","0.006464780034339185","0.006464780034339185","0.006464780034339185"
"4022","0.006464780034339185","0.006464780034339185","0.006464780034339185"
"4033","0.006464780034339185","0.006464780034339185","0.006464780034339185"
"4041","0.006464780034339185","0.006464780034339185","0.006464780034339185"
"4055","0.006464780034339185","0.006464780034339185","0.006464780034339185"
"4067","0.006422822625873792","0.006422822625873792","0.006422822625873792"
"4075","0.006397911268901976","0.006397911268901976","0.006397911268901976"
"4092","0.006397911268901976","0.006397911268901976","0.006397911268901976"
"4101","0.006397911268901976","0.006397911268901976","0.006397911268901976"
"4102","0.006397911268901976","0.006397911268901976","0.006397911268901976"
"4105","0.006397911268901976","0.006397911268901976","0.006397911268901976"
"4115","0.006397911268901976","0.006397911268901976","0.006397911268901976"
"4116","0.006397911268901976","0.006397911268901976","0.006397911268901976"
"4132","0.006397911268901976","0.006397911268901976","0.006397911268901976"
"4141","0.006397911268901976","0.006397911268901976","0.006397911268901976"
"4142","0.006397911268901976","0.006397911268901976","0.006397911268901976"
"4149","0.006397911268901976","0.006397911268901976","0.006397911268901976"
"4163","0.006397911268901976","0.006397911268901976","0.006397911268901976"
"4164","0.006397911268901976","0.006397911268901976","0.006397911268901976"
"4176","0.006364998233670324","0.006364998233670324","0.006364998233670324"
"4178","0.0063568233486009686","0.0063568233486009686","0.0063568233486009686"
"4182","0.006340537076015625","0.006340537076015625","0.006340537076015625"
"4185","0.006340537076015625","0.006340537076015625","0.006340537076015625"
"4199","0.006340537076015625","0.006340537076015625","0.006340537076015625"
"4213","0.006340537076015625","0.006340537076015625","0.006340537076015625"
"4214","0.006340537076015625","0.006340537076015625","0.006340537076015625"
"4230","0.006340537076015625","0.006340537076015625","0.006340537076015625"
"4248","0.006340537076015625","0.006340537076015625","0.006340537076015625"
"4252","0.006340537076015625","0.006340537076015625","0.006340537076015625"
"4271","0.006340537076015625","0.006340537076015625","0.006340537076015625"
"4276","0.006340537076015625","0.006340537076015625","0.006340537076015625"
"4282","0.006332424691748809","0.006332424691748809","0.006332424691748809"
"4296","0.006288183157186549","0.006288183157186549","0.006288183157186549"
"4298","0.006288183157186549","0.006288183157186549","0.006288183157186549"
"4319","0.006288183157186549","0.006288183157186549","0.006288183157186549"
"4322","0.006288183157186549","0.006288183157186549","0.006288183157186549"
"4329","0.006288183157186549","0.006288183157186549","0.006288183157186549"
"4330","0.006288183157186549","0.006288183157186549","0.006288183157186549"
"4338","0.006288183157186549","0.006288183157186549","0.006288183157186549"
"4339","0.006288183157186549","0.006288183157186549","0.006288183157186549"
"4342","0.006288183157186549","0.006288183157186549","0.006288183157186549"
"4350","0.006288183157186549","0.006288183157186549","0.006288183157186549"
"4359","0.006288183157186549","0.006288183157186549","0.006288183157186549"
"4360","0.006288183157186549","0.006288183157186549","0.006288183157186549"
"4370","0.006288183157186549","0.006288183157186549","0.006288183157186549"
"4378","0.006288183157186549","0.006288183157186549","0.006288183157186549"
"4380","0.006288183157186549","0.006288183157186549","0.006288183157186549"
"4385","0.006288183157186549","0.006288183157186549","0.006288183157186549"
"4393","0.006264314318413232","0.006264314318413232","0.006264314318413232"
"4403","0.006209323864789794","0.006209323864789794","0.006209323864789794"
"4406","0.006209323864789794","0.006209323864789794","0.006209323864789794"
"4412","0.006209323864789794","0.006209323864789794","0.006209323864789794"
"4414","0.006209323864789794","0.006209323864789794","0.006209323864789794"
"4416","0.006209323864789794","0.006209323864789794","0.006209323864789794"
"4421","0.006209323864789794","0.006209323864789794","0.006209323864789794"
"4425","0.006209323864789794","0.006209323864789794","0.006209323864789794"
"4426","0.006209323864789794","0.006209323864789794","0.006209323864789794"
"4430","0.006209323864789794","0.006209323864789794","0.006209323864789794"
"4438","0.006209323864789794","0.006209323864789794","0.006209323864789794"
"4444","0.006209323864789794","0.006209323864789794","0.006209323864789794"
"4446","0.006209323864789794","0.006209323864789794","0.006209323864789794"
"4448","0.006209323864789794","0.006209323864789794","0.006209323864789794"
"4449","0.006209323864789794","0.006209323864789794","0.006209323864789794"
"4454","0.006209323864789794","0.006209323864789794","0.006209323864789794"
"4466","0.006209323864789794","0.006209323864789794","0.006209323864789794"
"4469","0.006209323864789794","0.006209323864789794","0.006209323864789794"
"4479","0.006209323864789794","0.006209323864789794","0.006209323864789794"
"4482","0.006209323864789794","0.006209323864789794","0.006209323864789794"
"4487","0.006209323864789794","0.006209323864789794","0.006209323864789794"
"4488","0.006209323864789794","0.006209323864789794","0.006209323864789794"
"4490","0.006209323864789794","0.006209323864789794","0.006209323864789794"
"4492","0.006209323864789794","0.006209323864789794","0.006209323864789794"
"4495","0.006209323864789794","0.006209323864789794","0.006209323864789794"
"4503","0.006186053808313724","0.006186053808313724","0.006186053808313724"
"4506","0.006162959178759563","0.006162959178759563","0.006162959178759563"
"4511","0.0061324357820895","0.0061324357820895","0.0061324357820895"
"4513","0.0061324357820895","0.0061324357820895","0.0061324357820895"
"4523","0.0061324357820895","0.0061324357820895","0.0061324357820895"
"4527","0.0061324357820895","0.0061324357820895","0.0061324357820895"
"4528","0.0061324357820895","0.0061324357820895","0.0061324357820895"
"4554","0.0061324357820895","0.0061324357820895","0.0061324357820895"
"4560","0.0061324357820895","0.0061324357820895","0.0061324357820895"
"4561","0.0061324357820895","0.0061324357820895","0.0061324357820895"
"4580","0.0061324357820895","0.0061324357820895","0.0061324357820895"
"4588","0.0061324357820895","0.0061324357820895","0.0061324357820895"
"4608","0.0061324357820895","0.0061324357820895","0.0061324357820895"
"4610","0.0061324357820895","0.0061324357820895","0.0061324357820895"
"4619","0.0060648615531768155","0.0060648615531768155","0.0060648615531768155"
"4628","0.00605744596968292","0.00605744596968292","0.00605744596968292"
"4632","0.00605744596968292","0.00605744596968292","0.00605744596968292"
"4638","0.00605744596968292","0.00605744596968292","0.00605744596968292"
"4649","0.00605744596968292","0.00605744596968292","0.00605744596968292"
"4651","0.00605744596968292","0.00605744596968292","0.00605744596968292"
"4652","0.00605744596968292","0.00605744596968292","0.00605744596968292"
"4654","0.00605744596968292","0.00605744596968292","0.00605744596968292"
"4659","0.00605744596968292","0.00605744596968292","0.00605744596968292"
"4660","0.00605744596968292","0.00605744596968292","0.00605744596968292"
"4662","0.00605744596968292","0.00605744596968292","0.00605744596968292"
"4667","0.00605744596968292","0.00605744596968292","0.00605744596968292"
"4673","0.00605744596968292","0.00605744596968292","0.00605744596968292"
"4675","0.00605744596968292","0.00605744596968292","0.00605744596968292"
"4677","0.00605744596968292","0.00605744596968292","0.00605744596968292"
"4678","0.00605744596968292","0.00605744596968292","0.00605744596968292"
"4690","0.00605744596968292","0.00605744596968292","0.00605744596968292"
"4695","0.00605744596968292","0.00605744596968292","0.00605744596968292"
"4697","0.00605744596968292","0.00605744596968292","0.00605744596968292"
"4709","0.00605744596968292","0.00605744596968292","0.00605744596968292"
"4716","0.00605744596968292","0.00605744596968292","0.00605744596968292"
"4728","0.006027965748693206","0.006027965748693206","0.006027965748693206"
"4730","0.006013333960636767","0.006013333960636767","0.006013333960636767"
"4735","0.006013333960636767","0.006013333960636767","0.006013333960636767"
"4736","0.006013333960636767","0.006013333960636767","0.006013333960636767"
"4751","0.006013333960636767","0.006013333960636767","0.006013333960636767"
"4757","0.006013333960636767","0.006013333960636767","0.006013333960636767"
"4763","0.006013333960636767","0.006013333960636767","0.006013333960636767"
"4774","0.006013333960636767","0.006013333960636767","0.006013333960636767"
"4775","0.006013333960636767","0.006013333960636767","0.006013333960636767"
"4779","0.006013333960636767","0.006013333960636767","0.006013333960636767"
"4791","0.006013333960636767","0.006013333960636767","0.006013333960636767"
"4800","0.006013333960636767","0.006013333960636767","0.006013333960636767"
"4801","0.006013333960636767","0.006013333960636767","0.006013333960636767"
"4819","0.006013333960636767","0.006013333960636767","0.006013333960636767"
"4840","0.005955516586635607","0.005955516586635607","0.005955516586635607"
"4846","0.005955516586635607","0.005955516586635607","0.005955516586635607"
"4861","0.005955516586635607","0.005955516586635607","0.005955516586635607"
"4876","0.005955516586635607","0.005955516586635607","0.005955516586635607"
"4891","0.005955516586635607","0.005955516586635607","0.005955516586635607"
"4894","0.005955516586635607","0.005955516586635607","0.005955516586635607"
"4902","0.005955516586635607","0.005955516586635607","0.005955516586635607"
"4907","0.005955516586635607","0.005955516586635607","0.005955516586635607"
"4910","0.005955516586635607","0.005955516586635607","0.005955516586635607"
"4912","0.005955516586635607","0.005955516586635607","0.005955516586635607"
"4918","0.005955516586635607","0.005955516586635607","0.005955516586635607"
"4919","0.005955516586635607","0.005955516586635607","0.005955516586635607"
"4920","0.005955516586635607","0.005955516586635607","0.005955516586635607"
"4924","0.005955516586635607","0.005955516586635607","0.005955516586635607"
"4936","0.005955516586635607","0.005955516586635607","0.005955516586635607"
"4938","0.005955516586635607","0.005955516586635607","0.005955516586635607"
"4941","0.0059483681916762616","0.0059483681916762616","0.0059483681916762616"
"4943","0.005941237084071536","0.005941237084071536","0.005941237084071536"
"4944","0.005934123215347303","0.005934123215347303","0.005934123215347303"
"4951","0.005905838758278255","0.005905838758278255","0.005905838758278255"
"4952","0.005905838758278255","0.005905838758278255","0.005905838758278255"
"4958","0.005905838758278255","0.005905838758278255","0.005905838758278255"
"4964","0.005905838758278255","0.005905838758278255","0.005905838758278255"
"4968","0.005905838758278255","0.005905838758278255","0.005905838758278255"
"4969","0.005905838758278255","0.005905838758278255","0.005905838758278255"
"4975","0.005905838758278255","0.005905838758278255","0.005905838758278255"
"4980","0.005905838758278255","0.005905838758278255","0.005905838758278255"
"4984","0.005905838758278255","0.005905838758278255","0.005905838758278255"
"4999","0.005905838758278255","0.005905838758278255","0.005905838758278255"
"5001","0.005905838758278255","0.005905838758278255","0.005905838758278255"
"5005","0.005905838758278255","0.005905838758278255","0.005905838758278255"
"5016","0.005905838758278255","0.005905838758278255","0.005905838758278255"
"5020","0.005905838758278255","0.005905838758278255","0.005905838758278255"
"5036","0.005905838758278255","0.005905838758278255","0.005905838758278255"
"5039","0.005905838758278255","0.005905838758278255","0.005905838758278255"
"5041","0.005905838758278255","0.005905838758278255","0.005905838758278255"
"5042","0.005905838758278255","0.005905838758278255","0.005905838758278255"
"5057","0.005856989951486287","0.005856989951486287","0.005856989951486287"
"5063","0.005836303362774073","0.005836303362774073","0.005836303362774073"
"5066","0.005836303362774073","0.005836303362774073","0.005836303362774073"
"5075","0.005836303362774073","0.005836303362774073","0.005836303362774073"
"5077","0.005836303362774073","0.005836303362774073","0.005836303362774073"
"5079","0.005836303362774073","0.005836303362774073","0.005836303362774073"
"5092","0.005836303362774073","0.005836303362774073","0.005836303362774073"
"5094","0.005836303362774073","0.005836303362774073","0.005836303362774073"
"5105","0.005836303362774073","0.005836303362774073","0.005836303362774073"
"5114","0.005836303362774073","0.005836303362774073","0.005836303362774073"
"5124","0.005836303362774073","0.005836303362774073","0.005836303362774073"
"5129","0.005836303362774073","0.005836303362774073","0.005836303362774073"
"5141","0.005836303362774073","0.005836303362774073","0.005836303362774073"
"5143","0.005836303362774073","0.005836303362774073","0.005836303362774073"
"5146","0.005836303362774073","0.005836303362774073","0.005836303362774073"
"5159","0.005836303362774073","0.005836303362774073","0.005836303362774073"
"5165","0.0058089494125148225","0.0058089494125148225","0.0058089494125148225"
"5168","0.005788603043823747","0.005788603043823747","0.005788603043823747"
"5169","0.005781852823740536","0.005781852823740536","0.005781852823740536"
"5171","0.00578185235277943","0.00578185235277943","0.00578185235277943"
"5173","0.00578185235277943","0.00578185235277943","0.00578185235277943"
"5180","0.00578185235277943","0.00578185235277943","0.00578185235277943"
"5183","0.00578185235277943","0.00578185235277943","0.00578185235277943"
"5192","0.00578185235277943","0.00578185235277943","0.00578185235277943"
"5202","0.00578185235277943","0.00578185235277943","0.00578185235277943"
"5208","0.00578185235277943","0.00578185235277943","0.00578185235277943"
"5211","0.00578185235277943","0.00578185235277943","0.00578185235277943"
"5219","0.00578185235277943","0.00578185235277943","0.00578185235277943"
"5234","0.00578185235277943","0.00578185235277943","0.00578185235277943"
"5240","0.00578185235277943","0.00578185235277943","0.00578185235277943"
"5241","0.00578185235277943","0.00578185235277943","0.00578185235277943"
"5243","0.00578185235277943","0.00578185235277943","0.00578185235277943"
"5249","0.00578185235277943","0.00578185235277943","0.00578185235277943"
"5256","0.00578185235277943","0.00578185235277943","0.00578185235277943"
"5261","0.00578185235277943","0.00578185235277943","0.00578185235277943"
"5262","0.00578185235277943","0.00578185235277943","0.00578185235277943"
"5267","0.00578185235277943","0.00578185235277943","0.00578185235277943"
"5268","0.00578185235277943","0.00578185235277943","0.00578185235277943"
"5285","0.005748338452264097","0.005748338452264097","0.005748338452264097"
"5295","0.005748338452264097","0.005748338452264097","0.005748338452264097"
"5303","0.005748338452264097","0.005748338452264097","0.005748338452264097"
"5305","0.005748338452264097","0.005748338452264097","0.005748338452264097"
"5314","0.005748338452264097","0.005748338452264097","0.005748338452264097"
"5319","0.005748338452264097","0.005748338452264097","0.005748338452264097"
"5323","0.005748338452264097","0.005748338452264097","0.005748338452264097"
"5328","0.005748338452264097","0.005748338452264097","0.005748338452264097"
"5334","0.005748338452264097","0.005748338452264097","0.005748338452264097"
"5336","0.005748338452264097","0.005748338452264097","0.005748338452264097"
"5337","0.005748338452264097","0.005748338452264097","0.005748338452264097"
"5341","0.005748338452264097","0.005748338452264097","0.005748338452264097"
"5343","0.005748338452264097","0.005748338452264097","0.005748338452264097"
"5344","0.005748338452264097","0.005748338452264097","0.005748338452264097"
"5347","0.005748338452264097","0.005748338452264097","0.005748338452264097"
"5349","0.005748338452264097","0.005748338452264097","0.005748338452264097"
"5356","0.005748338452264097","0.005748338452264097","0.005748338452264097"
"5359","0.005748338452264097","0.005748338452264097","0.005748338452264097"
"5361","0.005748338452264097","0.005748338452264097","0.005748338452264097"
"5362","0.005748338452264097","0.005748338452264097","0.005748338452264097"
"5370","0.005748338452264097","0.005748338452264097","0.005748338452264097"
"5380","0.005748338452264097","0.005748338452264097","0.005748338452264097"
"5389","0.005695522726499326","0.005695522726499326","0.005695522726499326"
"5391","0.005688989478829732","0.005688989478829732","0.005688989478829732"
"5393","0.005688989478829732","0.005688989478829732","0.005688989478829732"
"5396","0.005688989478829732","0.005688989478829732","0.005688989478829732"
"5397","0.005688989478829732","0.005688989478829732","0.005688989478829732"
"5413","0.005688989478829732","0.005688989478829732","0.005688989478829732"
"5417","0.005688989478829732","0.005688989478829732","0.005688989478829732"
"5420","0.005688989478829732","0.005688989478829732","0.005688989478829732"
"5424","0.005688989478829732","0.005688989478829732","0.005688989478829732"
"5432","0.005688989478829732","0.005688989478829732","0.005688989478829732"
"5435","0.005688989478829732","0.005688989478829732","0.005688989478829732"
"5438","0.005688989478829732","0.005688989478829732","0.005688989478829732"
"5439","0.005688989478829732","0.005688989478829732","0.005688989478829732"
"5440","0.005688989478829732","0.005688989478829732","0.005688989478829732"
"5444","0.005688989478829732","0.005688989478829732","0.005688989478829732"
"5450","0.005688989478829732","0.005688989478829732","0.005688989478829732"
"5474","0.005688989478829732","0.005688989478829732","0.005688989478829732"
"5484","0.005688989478829732","0.005688989478829732","0.005688989478829732"
"5487","0.005688989478829732","0.005688989478829732","0.005688989478829732"
"5501","0.005630863164773605","0.005630863164773605","0.005630863164773605"
"5518","0.005630863164773605","0.005630863164773605","0.005630863164773605"
"5521","0.005630863164773605","0.005630863164773605","0.005630863164773605"
"5534","0.005630863164773605","0.005630863164773605","0.005630863164773605"
"5536","0.005630863164773605","0.005630863164773605","0.005630863164773605"
"5545","0.005630863164773605","0.005630863164773605","0.005630863164773605"
"5548","0.005630863164773605","0.005630863164773605","0.005630863164773605"
"5562","0.005630863164773605","0.005630863164773605","0.005630863164773605"
"5571","0.005630863164773605","0.005630863164773605","0.005630863164773605"
"5582","0.005630863164773605","0.005630863164773605","0.005630863164773605"
"5584","0.005630863164773605","0.005630863164773605","0.005630863164773605"
"5588","0.005630863164773605","0.005630863164773605","0.005630863164773605"
"5589","0.005630863164773605","0.005630863164773605","0.005630863164773605"
"5594","0.005630863164773605","0.005630863164773605","0.005630863164773605"
"5597","0.005630863164773605","0.005630863164773605","0.005630863164773605"
"5605","0.0056054117931674564","0.0056054117931674564","0.0056054117931674564"
"5614","0.005580191261216073","0.005580191261216073","0.005580191261216073"
"5615","0.005580191261216073","0.005580191261216073","0.005580191261216073"
"5617","0.005580191261216073","0.005580191261216073","0.005580191261216073"
"5622","0.005580191261216073","0.005580191261216073","0.005580191261216073"
"5629","0.005580191261216073","0.005580191261216073","0.005580191261216073"
"5630","0.005580191261216073","0.005580191261216073","0.005580191261216073"
"5641","0.005580191261216073","0.005580191261216073","0.005580191261216073"
"5645","0.005580191261216073","0.005580191261216073","0.005580191261216073"
"5646","0.005580191261216073","0.005580191261216073","0.005580191261216073"
"5654","0.005580191261216073","0.005580191261216073","0.005580191261216073"
"5662","0.005580191261216073","0.005580191261216073","0.005580191261216073"
"5665","0.005580191261216073","0.005580191261216073","0.005580191261216073"
"5684","0.005580191261216073","0.005580191261216073","0.005580191261216073"
"5686","0.005580191261216073","0.005580191261216073","0.005580191261216073"
"5711","0.005573921826446422","0.005573921826446422","0.005573921826446422"
"5715","0.005561425450456318","0.005561425450456318","0.005561425450456318"
"5742","0.0055366009817712945","0.0055366009817712945","0.0055366009817712945"
"5745","0.0055366009817712945","0.0055366009817712945","0.0055366009817712945"
"5754","0.0055366009817712945","0.0055366009817712945","0.0055366009817712945"
"5756","0.0055366009817712945","0.0055366009817712945","0.0055366009817712945"
"5757","0.0055366009817712945","0.0055366009817712945","0.0055366009817712945"
"5758","0.0055366009817712945","0.0055366009817712945","0.0055366009817712945"
"5765","0.0055366009817712945","0.0055366009817712945","0.0055366009817712945"
"5766","0.0055366009817712945","0.0055366009817712945","0.0055366009817712945"
"5770","0.0055366009817712945","0.0055366009817712945","0.0055366009817712945"
"5773","0.0055366009817712945","0.0055366009817712945","0.0055366009817712945"
"5774","0.0055366009817712945","0.0055366009817712945","0.0055366009817712945"
"5779","0.0055366009817712945","0.0055366009817712945","0.0055366009817712945"
"5796","0.0055366009817712945","0.0055366009817712945","0.0055366009817712945"
"5797","0.0055366009817712945","0.0055366009817712945","0.0055366009817712945"
"5801","0.0055366009817712945","0.0055366009817712945","0.0055366009817712945"
"5808","0.0055366009817712945","0.0055366009817712945","0.0055366009817712945"
"5818","0.0055366009817712945","0.0055366009817712945","0.0055366009817712945"
"5825","0.005524272485535289","0.005524272485535289","0.005524272485535289"
"5836","0.005499781081081604","0.005499781081081604","0.005499781081081604"
"5848","0.005499781081081604","0.005499781081081604","0.005499781081081604"
"5849","0.005499781081081604","0.005499781081081604","0.005499781081081604"
"5853","0.005499781081081604","0.005499781081081604","0.005499781081081604"
"5856","0.005499781081081604","0.005499781081081604","0.005499781081081604"
"5868","0.005499781081081604","0.005499781081081604","0.005499781081081604"
"5877","0.005499781081081604","0.005499781081081604","0.005499781081081604"
"5880","0.005499781081081604","0.005499781081081604","0.005499781081081604"
"5884","0.005499781081081604","0.005499781081081604","0.005499781081081604"
"5890","0.005499781081081604","0.005499781081081604","0.005499781081081604"
"5891","0.005499781081081604","0.005499781081081604","0.005499781081081604"
"5902","0.005499781081081604","0.005499781081081604","0.005499781081081604"
"5905","0.005499781081081604","0.005499781081081604","0.005499781081081604"
"5910","0.005499781081081604","0.005499781081081604","0.005499781081081604"
"5923","0.005499781081081604","0.005499781081081604","0.005499781081081604"
"5928","0.005499781081081604","0.005499781081081604","0.005499781081081604"
"5937","0.005475506817090243","0.005475506817090243","0.005475506817090243"
"5938","0.0054694723676857815","0.0054694723676857815","0.0054694723676857815"
"5941","0.005463450636526337","0.005463450636526337","0.005463450636526337"
"5945","0.005463450636526337","0.005463450636526337","0.005463450636526337"
"5948","0.005463450636526337","0.005463450636526337","0.005463450636526337"
"5957","0.005463450636526337","0.005463450636526337","0.005463450636526337"
"5967","0.005463450636526337","0.005463450636526337","0.005463450636526337"
"5973","0.005463450636526337","0.005463450636526337","0.005463450636526337"
"5976","0.005463450636526337","0.005463450636526337","0.005463450636526337"
"5980","0.005463450636526337","0.005463450636526337","0.005463450636526337"
"5997","0.005463450636526337","0.005463450636526337","0.005463450636526337"
"6001","0.005463450636526337","0.005463450636526337","0.005463450636526337"
"6008","0.005463450636526337","0.005463450636526337","0.005463450636526337"
"6024","0.005463450636526337","0.005463450636526337","0.005463450636526337"
"6027","0.005463450636526337","0.005463450636526337","0.005463450636526337"
"6033","0.005463450636526337","0.005463450636526337","0.005463450636526337"
"6055","0.005418712717453717","0.005418712717453717","0.005418712717453717"
"6077","0.005418712717453717","0.005418712717453717","0.005418712717453717"
"6079","0.005418712717453717","0.005418712717453717","0.005418712717453717"
"6080","0.005418712717453717","0.005418712717453717","0.005418712717453717"
"6088","0.005418712717453717","0.005418712717453717","0.005418712717453717"
"6090","0.005418712717453717","0.005418712717453717","0.005418712717453717"
"6097","0.005418712717453717","0.005418712717453717","0.005418712717453717"
"6104","0.005418712717453717","0.005418712717453717","0.005418712717453717"
"6115","0.005418712717453717","0.005418712717453717","0.005418712717453717"
"6121","0.005418712717453717","0.005418712717453717","0.005418712717453717"
"6126","0.005418712717453717","0.005418712717453717","0.005418712717453717"
"6138","0.005418712717453717","0.005418712717453717","0.005418712717453717"
"6140","0.005418712717453717","0.005418712717453717","0.005418712717453717"
"6147","0.005418712717453717","0.005418712717453717","0.005418712717453717"
"6151","0.005418712398660174","0.005418712398660174","0.005418712398660174"
"6153","0.005412803320817562","0.005412803320817562","0.005412803320817562"
"6171","0.00540102308583593","0.00540102308583593","0.00540102308583593"
"6180","0.00540102308583593","0.00540102308583593","0.00540102308583593"
"6184","0.00540102308583593","0.00540102308583593","0.00540102308583593"
"6188","0.00540102308583593","0.00540102308583593","0.00540102308583593"
"6190","0.00540102308583593","0.00540102308583593","0.00540102308583593"
"6197","0.00540102308583593","0.00540102308583593","0.00540102308583593"
"6201","0.00540102308583593","0.00540102308583593","0.00540102308583593"
"6202","0.00540102308583593","0.00540102308583593","0.00540102308583593"
"6206","0.00540102308583593","0.00540102308583593","0.00540102308583593"
"6209","0.00540102308583593","0.00540102308583593","0.00540102308583593"
"6222","0.00540102308583593","0.00540102308583593","0.00540102308583593"
"6226","0.00540102308583593","0.00540102308583593","0.00540102308583593"
"6233","0.00540102308583593","0.00540102308583593","0.00540102308583593"
"6237","0.00540102308583593","0.00540102308583593","0.00540102308583593"
"6241","0.00540102308583593","0.00540102308583593","0.00540102308583593"
"6244","0.00540102308583593","0.00540102308583593","0.00540102308583593"
"6260","0.00540102308583593","0.00540102308583593","0.00540102308583593"
"6262","0.005395152476262261","0.005395152476262261","0.005395152476262261"
"6269","0.005360197295360484","0.005360197295360484","0.005360197295360484"
"6270","0.0053544156874501345","0.0053544156874501345","0.0053544156874501345"
"6281","0.0053544156874501345","0.0053544156874501345","0.0053544156874501345"
"6282","0.0053544156874501345","0.0053544156874501345","0.0053544156874501345"
"6294","0.0053544156874501345","0.0053544156874501345","0.0053544156874501345"
"6298","0.0053544156874501345","0.0053544156874501345","0.0053544156874501345"
"6307","0.0053544156874501345","0.0053544156874501345","0.0053544156874501345"
"6310","0.0053544156874501345","0.0053544156874501345","0.0053544156874501345"
"6313","0.0053544156874501345","0.0053544156874501345","0.0053544156874501345"
"6319","0.0053544156874501345","0.0053544156874501345","0.0053544156874501345"
"6323","0.0053544156874501345","0.0053544156874501345","0.0053544156874501345"
"6335","0.0053544156874501345","0.0053544156874501345","0.0053544156874501345"
"6338","0.0053544156874501345","0.0053544156874501345","0.0053544156874501345"
"6343","0.0053544156874501345","0.0053544156874501345","0.0053544156874501345"
"6344","0.0053544156874501345","0.0053544156874501345","0.0053544156874501345"
"6350","0.0053544156874501345","0.0053544156874501345","0.0053544156874501345"
"6352","0.0053544156874501345","0.0053544156874501345","0.0053544156874501345"
"6358","0.0053544156874501345","0.0053544156874501345","0.0053544156874501345"
"6371","0.0053544153907425195","0.0053544153907425195","0.0053544153907425195"
"6381","0.0053142935022363405","0.0053142935022363405","0.0053142935022363405"
"6383","0.0053142935022363405","0.0053142935022363405","0.0053142935022363405"
"6388","0.0053142935022363405","0.0053142935022363405","0.0053142935022363405"
"6397","0.0053142935022363405","0.0053142935022363405","0.0053142935022363405"
"6403","0.0053142935022363405","0.0053142935022363405","0.0053142935022363405"
"6415","0.0053142935022363405","0.0053142935022363405","0.0053142935022363405"
"6423","0.0053142935022363405","0.0053142935022363405","0.0053142935022363405"
"6427","0.0053142935022363405","0.0053142935022363405","0.0053142935022363405"
"6431","0.0053142935022363405","0.0053142935022363405","0.0053142935022363405"
"6439","0.0053142935022363405","0.0053142935022363405","0.0053142935022363405"
"6441","0.0053142935022363405","0.0053142935022363405","0.0053142935022363405"
"6443","0.0053142935022363405","0.0053142935022363405","0.0053142935022363405"
"6448","0.0053142935022363405","0.0053142935022363405","0.0053142935022363405"
"6456","0.0053142935022363405","0.0053142935022363405","0.0053142935022363405"
"6460","0.0053142935022363405","0.0053142935022363405","0.0053142935022363405"
"6466","0.0053142935022363405","0.0053142935022363405","0.0053142935022363405"
"6472","0.0053142935022363405","0.0053142935022363405","0.0053142935022363405"
"6474","0.0053142935022363405","0.0053142935022363405","0.0053142935022363405"
"6485","0.005297283053798525","0.005297283053798525","0.005297283053798525"
"6487","0.005291637248839674","0.005291637248839674","0.005291637248839674"
"6495","0.005274772316562671","0.005274772316562671","0.005274772316562671"
"6496","0.005274772316562671","0.005274772316562671","0.005274772316562671"
"6511","0.005274772316562671","0.005274772316562671","0.005274772316562671"
"6512","0.005274772316562671","0.005274772316562671","0.005274772316562671"
"6516","0.005274772316562671","0.005274772316562671","0.005274772316562671"
"6523","0.005274772316562671","0.005274772316562671","0.005274772316562671"
"6527","0.005274772316562671","0.005274772316562671","0.005274772316562671"
"6535","0.005274772316562671","0.005274772316562671","0.005274772316562671"
"6536","0.005274772316562671","0.005274772316562671","0.005274772316562671"
"6537","0.005274772316562671","0.005274772316562671","0.005274772316562671"
"6539","0.005274772316562671","0.005274772316562671","0.005274772316562671"
"6540","0.005274772316562671","0.005274772316562671","0.005274772316562671"
"6552","0.005274772316562671","0.005274772316562671","0.005274772316562671"
"6553","0.005274772316562671","0.005274772316562671","0.005274772316562671"
"6556","0.005274772316562671","0.005274772316562671","0.005274772316562671"
"6557","0.005274772316562671","0.005274772316562671","0.005274772316562671"
"6563","0.005274772316562671","0.005274772316562671","0.005274772316562671"
"6566","0.005274772316562671","0.005274772316562671","0.005274772316562671"
"6576","0.005274772316562671","0.005274772316562671","0.005274772316562671"
"6579","0.005274772316562671","0.005274772316562671","0.005274772316562671"
"6580","0.005274772316562671","0.005274772316562671","0.005274772316562671"
"6586","0.005274772316562671","0.005274772316562671","0.005274772316562671"
"6596","0.005246903365560935","0.005246903365560935","0.005246903365560935"
"6604","0.005235838633503289","0.005235838633503289","0.005235838633503289"
"6607","0.005235838633503289","0.005235838633503289","0.005235838633503289"
"6611","0.005235838633503289","0.005235838633503289","0.005235838633503289"
"6628","0.005235838633503289","0.005235838633503289","0.005235838633503289"
"6631","0.005235838633503289","0.005235838633503289","0.005235838633503289"
"6644","0.005235838633503289","0.005235838633503289","0.005235838633503289"
"6645","0.005235838633503289","0.005235838633503289","0.005235838633503289"
"6646","0.005235838633503289","0.005235838633503289","0.005235838633503289"
"6652","0.005235838633503289","0.005235838633503289","0.005235838633503289"
"6660","0.005235838633503289","0.005235838633503289","0.005235838633503289"
"6674","0.005235838633503289","0.005235838633503289","0.005235838633503289"
"6677","0.005235838633503289","0.005235838633503289","0.005235838633503289"
"6679","0.005235838633503289","0.005235838633503289","0.005235838633503289"
"6686","0.005235838633503289","0.005235838633503289","0.005235838633503289"
"6692","0.005235838633503289","0.005235838633503289","0.005235838633503289"
"6693","0.005235838633503289","0.005235838633503289","0.005235838633503289"
"6696","0.005235838633503289","0.005235838633503289","0.005235838633503289"
"6701","0.005230323872091968","0.005230323872091968","0.005230323872091968"
"6737","0.005202924579909143","0.005202924579909143","0.005202924579909143"
"6743","0.005202924579909143","0.005202924579909143","0.005202924579909143"
"6748","0.005202924579909143","0.005202924579909143","0.005202924579909143"
"6750","0.005202924579909143","0.005202924579909143","0.005202924579909143"
"6760","0.005202924579909143","0.005202924579909143","0.005202924579909143"
"6763","0.005202924579909143","0.005202924579909143","0.005202924579909143"
"6764","0.005202924579909143","0.005202924579909143","0.005202924579909143"
"6776","0.005202924579909143","0.005202924579909143","0.005202924579909143"
"6781","0.005202924579909143","0.005202924579909143","0.005202924579909143"
"6783","0.005202924579909143","0.005202924579909143","0.005202924579909143"
"6790","0.005202924579909143","0.005202924579909143","0.005202924579909143"
"6804","0.005202924579909143","0.005202924579909143","0.005202924579909143"
"6816","0.005175812780706153","0.005175812780706153","0.005175812780706153"
"6827","0.005159681808893608","0.005159681808893608","0.005159681808893608"
"6828","0.005159681808893608","0.005159681808893608","0.005159681808893608"
"6829","0.005159681808893608","0.005159681808893608","0.005159681808893608"
"6831","0.005159681808893608","0.005159681808893608","0.005159681808893608"
"6835","0.005159681808893608","0.005159681808893608","0.005159681808893608"
"6837","0.005159681808893608","0.005159681808893608","0.005159681808893608"
"6856","0.005159681808893608","0.005159681808893608","0.005159681808893608"
"6870","0.005159681808893608","0.005159681808893608","0.005159681808893608"
"6887","0.005159681808893608","0.005159681808893608","0.005159681808893608"
"6895","0.005159681808893608","0.005159681808893608","0.005159681808893608"
"6899","0.005159681808893608","0.005159681808893608","0.005159681808893608"
"6901","0.005159681808893608","0.005159681808893608","0.005159681808893608"
"6903","0.005159681808893608","0.005159681808893608","0.005159681808893608"
"6925","0.005135674245704492","0.005135674245704492","0.005135674245704492"
"6935","0.00511979352410443","0.00511979352410443","0.00511979352410443"
"6945","0.00511979352410443","0.00511979352410443","0.00511979352410443"
"6948","0.00511979352410443","0.00511979352410443","0.00511979352410443"
"6951","0.00511979352410443","0.00511979352410443","0.00511979352410443"
"6956","0.00511979352410443","0.00511979352410443","0.00511979352410443"
"6962","0.00511979352410443","0.00511979352410443","0.00511979352410443"
"6974","0.00511979352410443","0.00511979352410443","0.00511979352410443"
"6981","0.00511979352410443","0.00511979352410443","0.00511979352410443"
"6988","0.00511979352410443","0.00511979352410443","0.00511979352410443"
"6995","0.00511979352410443","0.00511979352410443","0.00511979352410443"
"7005","0.00511979352410443","0.00511979352410443","0.00511979352410443"
"7008","0.00511979352410443","0.00511979352410443","0.00511979352410443"
"7011","0.00511979352410443","0.00511979352410443","0.00511979352410443"
"7018","0.00511979352410443","0.00511979352410443","0.00511979352410443"
"7019","0.00511979352410443","0.00511979352410443","0.00511979352410443"
"7052","0.005077925073433964","0.005077925073433964","0.005077925073433964"
"7057","0.005077925073433964","0.005077925073433964","0.005077925073433964"
"7060","0.005077925073433964","0.005077925073433964","0.005077925073433964"
"7062","0.005077925073433964","0.005077925073433964","0.005077925073433964"
"7065","0.005077925073433964","0.005077925073433964","0.005077925073433964"
"7067","0.005077925073433964","0.005077925073433964","0.005077925073433964"
"7078","0.005077925073433964","0.005077925073433964","0.005077925073433964"
"7091","0.005077925073433964","0.005077925073433964","0.005077925073433964"
"7092","0.005077925073433964","0.005077925073433964","0.005077925073433964"
"7095","0.005077925073433964","0.005077925073433964","0.005077925073433964"
"7113","0.005077925073433964","0.005077925073433964","0.005077925073433964"
"7115","0.005077925073433964","0.005077925073433964","0.005077925073433964"
"7122","0.005077925073433964","0.005077925073433964","0.005077925073433964"
"7138","0.005077925073433964","0.005077925073433964","0.005077925073433964"
"7150","0.005031639046026159","0.005031639046026159","0.005031639046026159"
"7160","0.005031639046026159","0.005031639046026159","0.005031639046026159"
"7163","0.005031639046026159","0.005031639046026159","0.005031639046026159"
"7167","0.005031639046026159","0.005031639046026159","0.005031639046026159"
"7174","0.005031639046026159","0.005031639046026159","0.005031639046026159"
"7189","0.005031639046026159","0.005031639046026159","0.005031639046026159"
"7201","0.005031639046026159","0.005031639046026159","0.005031639046026159"
"7207","0.005031639046026159","0.005031639046026159","0.005031639046026159"
"7208","0.005031639046026159","0.005031639046026159","0.005031639046026159"
"7213","0.005031639046026159","0.005031639046026159","0.005031639046026159"
"7215","0.005031639046026159","0.005031639046026159","0.005031639046026159"
"7227","0.005031639046026159","0.005031639046026159","0.005031639046026159"
"7237","0.005031639046026159","0.005031639046026159","0.005031639046026159"
"7239","0.005031639046026159","0.005031639046026159","0.005031639046026159"
"7240","0.005031639046026159","0.005031639046026159","0.005031639046026159"
"7242","0.005031639046026159","0.005031639046026159","0.005031639046026159"
"7246","0.005031639046026159","0.005031639046026159","0.005031639046026159"
"7249","0.005031639046026159","0.005031639046026159","0.005031639046026159"
"7261","0.004986194237365809","0.004986194237365809","0.004986194237365809"
"7265","0.004986194237365809","0.004986194237365809","0.004986194237365809"
"7270","0.004986194237365809","0.004986194237365809","0.004986194237365809"
"7275","0.004986194237365809","0.004986194237365809","0.004986194237365809"
"7276","0.004986194237365809","0.004986194237365809","0.004986194237365809"
"7287","0.004986194237365809","0.004986194237365809","0.004986194237365809"
"7293","0.004986194237365809","0.004986194237365809","0.004986194237365809"
"7294","0.004986194237365809","0.004986194237365809","0.004986194237365809"
"7299","0.004986194237365809","0.004986194237365809","0.004986194237365809"
"7300","0.004986194237365809","0.004986194237365809","0.004986194237365809"
"7302","0.004986194237365809","0.004986194237365809","0.004986194237365809"
"7309","0.004986194237365809","0.004986194237365809","0.004986194237365809"
"7316","0.004986194237365809","0.004986194237365809","0.004986194237365809"
"7326","0.004986194237365809","0.004986194237365809","0.004986194237365809"
"7330","0.004986194237365809","0.004986194237365809","0.004986194237365809"
"7331","0.004986194237365809","0.004986194237365809","0.004986194237365809"
"7333","0.004986194237365809","0.004986194237365809","0.004986194237365809"
"7345","0.004986194237365809","0.004986194237365809","0.004986194237365809"
"7346","0.004986194237365809","0.004986194237365809","0.004986194237365809"
"7350","0.004986194237365809","0.004986194237365809","0.004986194237365809"
"7358","0.004986194237365809","0.004986194237365809","0.004986194237365809"
"7362","0.004976207575511271","0.004976207575511271","0.004976207575511271"
"7365","0.0049662608932936345","0.0049662608932936345","0.0049662608932936345"
"7374","0.004946487074937757","0.004946487074937757","0.004946487074937757"
"7379","0.004946487074937757","0.004946487074937757","0.004946487074937757"
"7384","0.004946487074937757","0.004946487074937757","0.004946487074937757"
"7385","0.004946487074937757","0.004946487074937757","0.004946487074937757"
"7390","0.004946487074937757","0.004946487074937757","0.004946487074937757"
"7391","0.004946487074937757","0.004946487074937757","0.004946487074937757"
"7401","0.004946487074937757","0.004946487074937757","0.004946487074937757"
"7417","0.004946487074937757","0.004946487074937757","0.004946487074937757"
"7432","0.004946487074937757","0.004946487074937757","0.004946487074937757"
"7442","0.004946487074937757","0.004946487074937757","0.004946487074937757"
"7452","0.004946487074937757","0.004946487074937757","0.004946487074937757"
"7455","0.004946487074937757","0.004946487074937757","0.004946487074937757"
"7460","0.004946487074937757","0.004946487074937757","0.004946487074937757"
"7465","0.004946487074937757","0.004946487074937757","0.004946487074937757"
"7473","0.0049317603711522265","0.0049317603711522265","0.0049317603711522265"
"7499","0.0049025700504613055","0.0049025700504613055","0.0049025700504613055"
"7507","0.0049025700504613055","0.0049025700504613055","0.0049025700504613055"
"7510","0.0049025700504613055","0.0049025700504613055","0.0049025700504613055"
"7513","0.0049025700504613055","0.0049025700504613055","0.0049025700504613055"
"7515","0.0049025700504613055","0.0049025700504613055","0.0049025700504613055"
"7521","0.0049025700504613055","0.0049025700504613055","0.0049025700504613055"
"7524","0.0049025700504613055","0.0049025700504613055","0.0049025700504613055"
"7539","0.0049025700504613055","0.0049025700504613055","0.0049025700504613055"
"7540","0.0049025700504613055","0.0049025700504613055","0.0049025700504613055"
"7548","0.0049025700504613055","0.0049025700504613055","0.0049025700504613055"
"7559","0.0049025700504613055","0.0049025700504613055","0.0049025700504613055"
"7560","0.0049025700504613055","0.0049025700504613055","0.0049025700504613055"
"7567","0.0049025700504613055","0.0049025700504613055","0.0049025700504613055"
"7568","0.0049025700504613055","0.0049025700504613055","0.0049025700504613055"
"7575","0.0049025700504613055","0.0049025700504613055","0.0049025700504613055"
"7576","0.0049025700504613055","0.0049025700504613055","0.0049025700504613055"
"7579","0.0049025700504613055","0.0049025700504613055","0.0049025700504613055"
"7588","0.004878509017468479","0.004878509017468479","0.004878509017468479"
"7592","0.004868950997059424","0.004868950997059424","0.004868950997059424"
"7601","0.004868950997059424","0.004868950997059424","0.004868950997059424"
"7607","0.004868950997059424","0.004868950997059424","0.004868950997059424"
"7609","0.004868950997059424","0.004868950997059424","0.004868950997059424"
"7614","0.004868950997059424","0.004868950997059424","0.004868950997059424"
"7615","0.004868950997059424","0.004868950997059424","0.004868950997059424"
"7622","0.004868950997059424","0.004868950997059424","0.004868950997059424"
"7639","0.004868950997059424","0.004868950997059424","0.004868950997059424"
"7640","0.004868950997059424","0.004868950997059424","0.004868950997059424"
"7642","0.004868950997059424","0.004868950997059424","0.004868950997059424"
"7645","0.004868950997059424","0.004868950997059424","0.004868950997059424"
"7651","0.004868950997059424","0.004868950997059424","0.004868950997059424"
"7653","0.004868950997059424","0.004868950997059424","0.004868950997059424"
"7657","0.004868950997059424","0.004868950997059424","0.004868950997059424"
"7660","0.004868950997059424","0.004868950997059424","0.004868950997059424"
"7662","0.004868950997059424","0.004868950997059424","0.004868950997059424"
"7668","0.004868950997059424","0.004868950997059424","0.004868950997059424"
"7671","0.004868950997059424","0.004868950997059424","0.004868950997059424"
"7675","0.004868950997059424","0.004868950997059424","0.004868950997059424"
"7687","0.004868950997059424","0.004868950997059424","0.004868950997059424"
"7709","0.004835792575422079","0.004835792575422079","0.004835792575422079"
"7711","0.004835792575422079","0.004835792575422079","0.004835792575422079"
"7714","0.004835792575422079","0.004835792575422079","0.004835792575422079"
"7718","0.004835792575422079","0.004835792575422079","0.004835792575422079"
"7723","0.004835792575422079","0.004835792575422079","0.004835792575422079"
"7732","0.004835792575422079","0.004835792575422079","0.004835792575422079"
"7740","0.004835792575422079","0.004835792575422079","0.004835792575422079"
"7756","0.004835792575422079","0.004835792575422079","0.004835792575422079"
"7761","0.004835792575422079","0.004835792575422079","0.004835792575422079"
"7762","0.004835792575422079","0.004835792575422079","0.004835792575422079"
"7777","0.004835792575422079","0.004835792575422079","0.004835792575422079"
"7795","0.004835792575422079","0.004835792575422079","0.004835792575422079"
"7800","0.004835792575422079","0.004835792575422079","0.004835792575422079"
"7803","0.004821720480255269","0.004821720480255269","0.004821720480255269"
"7810","0.0048123847583207415","0.0048123847583207415","0.0048123847583207415"
"7811","0.0048123847583207415","0.0048123847583207415","0.0048123847583207415"
"7815","0.0048123847583207415","0.0048123847583207415","0.0048123847583207415"
"7825","0.0048123847583207415","0.0048123847583207415","0.0048123847583207415"
"7834","0.0048123847583207415","0.0048123847583207415","0.0048123847583207415"
"7838","0.0048123847583207415","0.0048123847583207415","0.0048123847583207415"
"7839","0.0048123847583207415","0.0048123847583207415","0.0048123847583207415"
"7844","0.0048123847583207415","0.0048123847583207415","0.0048123847583207415"
"7849","0.0048123847583207415","0.0048123847583207415","0.0048123847583207415"
"7851","0.0048123847583207415","0.0048123847583207415","0.0048123847583207415"
"7856","0.0048123847583207415","0.0048123847583207415","0.0048123847583207415"
"7859","0.0048123847583207415","0.0048123847583207415","0.0048123847583207415"
"7864","0.0048123847583207415","0.0048123847583207415","0.0048123847583207415"
"7868","0.0048123847583207415","0.0048123847583207415","0.0048123847583207415"
"7872","0.0048123847583207415","0.0048123847583207415","0.0048123847583207415"
"7875","0.0048123847583207415","0.0048123847583207415","0.0048123847583207415"
"7884","0.0048123847583207415","0.0048123847583207415","0.0048123847583207415"
"7886","0.0048123847583207415","0.0048123847583207415","0.0048123847583207415"
"7895","0.0048123847583207415","0.0048123847583207415","0.0048123847583207415"
"7899","0.0048123847583207415","0.0048123847583207415","0.0048123847583207415"
"7902","0.0048123847583207415","0.0048123847583207415","0.0048123847583207415"
"7905","0.0048123847583207415","0.0048123847583207415","0.0048123847583207415"
"7909","0.0048123847583207415","0.0048123847583207415","0.0048123847583207415"
"7913","0.004803085327892469","0.004803085327892469","0.004803085327892469"
"7918","0.004784594491682223","0.004784594491682223","0.004784594491682223"
"7940","0.0047754026651771085","0.0047754026651771085","0.0047754026651771085"
"7942","0.0047754026651771085","0.0047754026651771085","0.0047754026651771085"
"7946","0.0047754026651771085","0.0047754026651771085","0.0047754026651771085"
"7954","0.0047754026651771085","0.0047754026651771085","0.0047754026651771085"
"7955","0.0047754026651771085","0.0047754026651771085","0.0047754026651771085"
"7963","0.0047754026651771085","0.0047754026651771085","0.0047754026651771085"
"7968","0.0047754026651771085","0.0047754026651771085","0.0047754026651771085"
"7973","0.0047754026651771085","0.0047754026651771085","0.0047754026651771085"
"7974","0.0047754026651771085","0.0047754026651771085","0.0047754026651771085"
"7993","0.0047754026651771085","0.0047754026651771085","0.0047754026651771085"
"7995","0.0047754026651771085","0.0047754026651771085","0.0047754026651771085"
"8005","0.0047754026651771085","0.0047754026651771085","0.0047754026651771085"
"8009","0.0047754026651771085","0.0047754026651771085","0.0047754026651771085"
"8019","0.0047754026651771085","0.0047754026651771085","0.0047754026651771085"
"8037","0.0047435091001917645","0.0047435091001917645","0.0047435091001917645"
"8051","0.0047435091001917645","0.0047435091001917645","0.0047435091001917645"
"8053","0.0047435091001917645","0.0047435091001917645","0.0047435091001917645"
"8056","0.0047435091001917645","0.0047435091001917645","0.0047435091001917645"
"8060","0.0047435091001917645","0.0047435091001917645","0.0047435091001917645"
"8065","0.0047435091001917645","0.0047435091001917645","0.0047435091001917645"
"8067","0.0047435091001917645","0.0047435091001917645","0.0047435091001917645"
"8074","0.0047435091001917645","0.0047435091001917645","0.0047435091001917645"
"8082","0.0047435091001917645","0.0047435091001917645","0.0047435091001917645"
"8089","0.0047435091001917645","0.0047435091001917645","0.0047435091001917645"
"8091","0.0047435091001917645","0.0047435091001917645","0.0047435091001917645"
"8093","0.0047435091001917645","0.0047435091001917645","0.0047435091001917645"
"8096","0.0047435091001917645","0.0047435091001917645","0.0047435091001917645"
"8097","0.0047435091001917645","0.0047435091001917645","0.0047435091001917645"
"8102","0.0047435091001917645","0.0047435091001917645","0.0047435091001917645"
"8107","0.0047435091001917645","0.0047435091001917645","0.0047435091001917645"
"8109","0.0047435091001917645","0.0047435091001917645","0.0047435091001917645"
"8113","0.0047435091001917645","0.0047435091001917645","0.0047435091001917645"
"8130","0.0047435091001917645","0.0047435091001917645","0.0047435091001917645"
"8134","0.00473447505118038","0.00473447505118038","0.00473447505118038"
"8136","0.004725475821548719","0.004725475821548719","0.004725475821548719"
"8137","0.004720989025155817","0.004720989025155817","0.004720989025155817"
"8140","0.0047120409496678945","0.0047120409496678945","0.0047120409496678945"
"8144","0.0047120409496678945","0.0047120409496678945","0.0047120409496678945"
"8148","0.0047120409496678945","0.0047120409496678945","0.0047120409496678945"
"8149","0.0047120409496678945","0.0047120409496678945","0.0047120409496678945"
"8152","0.0047120409496678945","0.0047120409496678945","0.0047120409496678945"
"8153","0.0047120409496678945","0.0047120409496678945","0.0047120409496678945"
"8154","0.0047120409496678945","0.0047120409496678945","0.0047120409496678945"
"8167","0.0047120409496678945","0.0047120409496678945","0.0047120409496678945"
"8176","0.0047120409496678945","0.0047120409496678945","0.0047120409496678945"
"8187","0.0047120409496678945","0.0047120409496678945","0.0047120409496678945"
"8190","0.0047120409496678945","0.0047120409496678945","0.0047120409496678945"
"8198","0.0047120409496678945","0.0047120409496678945","0.0047120409496678945"
"8199","0.0047120409496678945","0.0047120409496678945","0.0047120409496678945"
"8203","0.0047120409496678945","0.0047120409496678945","0.0047120409496678945"
"8205","0.0047120409496678945","0.0047120409496678945","0.0047120409496678945"
"8207","0.0047120409496678945","0.0047120409496678945","0.0047120409496678945"
"8210","0.0047120409496678945","0.0047120409496678945","0.0047120409496678945"
"8224","0.0047120409496678945","0.0047120409496678945","0.0047120409496678945"
"8232","0.0047120409496678945","0.0047120409496678945","0.0047120409496678945"
"8236","0.0047120409496678945","0.0047120409496678945","0.0047120409496678945"
"8241","0.0047075798958821245","0.0047075798958821245","0.0047075798958821245"
"8260","0.004676587691431924","0.004676587691431924","0.004676587691431924"
"8261","0.004676587691431924","0.004676587691431924","0.004676587691431924"
"8267","0.004676587691431924","0.004676587691431924","0.004676587691431924"
"8270","0.004676587691431924","0.004676587691431924","0.004676587691431924"
"8271","0.004676587691431924","0.004676587691431924","0.004676587691431924"
"8283","0.004676587691431924","0.004676587691431924","0.004676587691431924"
"8285","0.004676587691431924","0.004676587691431924","0.004676587691431924"
"8288","0.004676587691431924","0.004676587691431924","0.004676587691431924"
"8290","0.004676587691431924","0.004676587691431924","0.004676587691431924"
"8295","0.004676587691431924","0.004676587691431924","0.004676587691431924"
"8308","0.004676587691431924","0.004676587691431924","0.004676587691431924"
"8312","0.004676587691431924","0.004676587691431924","0.004676587691431924"
"8319","0.004676587691431924","0.004676587691431924","0.004676587691431924"
"8331","0.004676587691431924","0.004676587691431924","0.004676587691431924"
"8332","0.004676587691431924","0.004676587691431924","0.004676587691431924"
"8335","0.004676587691431924","0.004676587691431924","0.004676587691431924"
"8337","0.004676587691431924","0.004676587691431924","0.004676587691431924"
"8340","0.004676587691431924","0.004676587691431924","0.004676587691431924"
"8344","0.004676587691431924","0.004676587691431924","0.004676587691431924"
"8355","0.0046547006495706875","0.0046547006495706875","0.0046547006495706875"
"8373","0.004633018492201601","0.004633018492201601","0.004633018492201601"
"8378","0.004633018492201601","0.004633018492201601","0.004633018492201601"
"8391","0.004633018492201601","0.004633018492201601","0.004633018492201601"
"8394","0.004633018492201601","0.004633018492201601","0.004633018492201601"
"8399","0.004633018492201601","0.004633018492201601","0.004633018492201601"
"8414","0.004633018492201601","0.004633018492201601","0.004633018492201601"
"8419","0.004633018492201601","0.004633018492201601","0.004633018492201601"
"8423","0.004633018492201601","0.004633018492201601","0.004633018492201601"
"8424","0.004633018492201601","0.004633018492201601","0.004633018492201601"
"8425","0.004633018492201601","0.004633018492201601","0.004633018492201601"
"8426","0.004633018492201601","0.004633018492201601","0.004633018492201601"
"8434","0.004633018492201601","0.004633018492201601","0.004633018492201601"
"8435","0.004633018492201601","0.004633018492201601","0.004633018492201601"
"8449","0.004633018492201601","0.004633018492201601","0.004633018492201601"
"8458","0.004633018492201601","0.004633018492201601","0.004633018492201601"
"8462","0.004628706407373655","0.004628706407373655","0.004628706407373655"
"8468","0.00461153834757788","0.00461153834757788","0.00461153834757788"
"8475","0.004603002421032374","0.004603002421032374","0.004603002421032374"
"8476","0.004603002421032374","0.004603002421032374","0.004603002421032374"
"8486","0.004603002421032374","0.004603002421032374","0.004603002421032374"
"8493","0.004603002421032374","0.004603002421032374","0.004603002421032374"
"8506","0.004603002421032374","0.004603002421032374","0.004603002421032374"
"8510","0.004603002421032374","0.004603002421032374","0.004603002421032374"
"8511","0.004603002421032374","0.004603002421032374","0.004603002421032374"
"8516","0.004603002421032374","0.004603002421032374","0.004603002421032374"
"8529","0.004603002421032374","0.004603002421032374","0.004603002421032374"
"8533","0.004603002421032374","0.004603002421032374","0.004603002421032374"
"8545","0.004603002421032374","0.004603002421032374","0.004603002421032374"
"8548","0.004603002421032374","0.004603002421032374","0.004603002421032374"
"8552","0.004603002421032374","0.004603002421032374","0.004603002421032374"
"8570","0.004603002421032374","0.004603002421032374","0.004603002421032374"
"8580","0.0045775838287313905","0.0045775838287313905","0.0045775838287313905"
"8585","0.0045775838287313905","0.0045775838287313905","0.0045775838287313905"
"8590","0.0045775838287313905","0.0045775838287313905","0.0045775838287313905"
"8591","0.0045775838287313905","0.0045775838287313905","0.0045775838287313905"
"8592","0.0045775838287313905","0.0045775838287313905","0.0045775838287313905"
"8611","0.0045775838287313905","0.0045775838287313905","0.0045775838287313905"
"8620","0.0045775838287313905","0.0045775838287313905","0.0045775838287313905"
"8622","0.0045775838287313905","0.0045775838287313905","0.0045775838287313905"
"8623","0.0045775838287313905","0.0045775838287313905","0.0045775838287313905"
"8633","0.0045775838287313905","0.0045775838287313905","0.0045775838287313905"
"8662","0.0045775838287313905","0.0045775838287313905","0.0045775838287313905"
"8667","0.0045775838287313905","0.0045775838287313905","0.0045775838287313905"
"8670","0.0045775838287313905","0.0045775838287313905","0.0045775838287313905"
"8677","0.0045775838287313905","0.0045775838287313905","0.0045775838287313905"
"8685","0.004564980066635847","0.004564980066635847","0.004564980066635847"
"8688","0.004552445879747835","0.004552445879747835","0.004552445879747835"
"8692","0.004548283178036727","0.004548283178036727","0.004548283178036727"
"8715","0.004548283178036727","0.004548283178036727","0.004548283178036727"
"8723","0.004548283178036727","0.004548283178036727","0.004548283178036727"
"8724","0.004548283178036727","0.004548283178036727","0.004548283178036727"
"8725","0.004548283178036727","0.004548283178036727","0.004548283178036727"
"8728","0.004548283178036727","0.004548283178036727","0.004548283178036727"
"8737","0.004548283178036727","0.004548283178036727","0.004548283178036727"
"8753","0.004548283178036727","0.004548283178036727","0.004548283178036727"
"8764","0.004548283178036727","0.004548283178036727","0.004548283178036727"
"8779","0.004548283178036727","0.004548283178036727","0.004548283178036727"
"8784","0.004548283178036727","0.004548283178036727","0.004548283178036727"
"8785","0.004548283178036727","0.004548283178036727","0.004548283178036727"
"8792","0.0045441281220402665","0.0045441281220402665","0.0045441281220402665"
"8815","0.0045152550275358635","0.0045152550275358635","0.0045152550275358635"
"8817","0.0045152550275358635","0.0045152550275358635","0.0045152550275358635"
"8825","0.0045152550275358635","0.0045152550275358635","0.0045152550275358635"
"8826","0.0045152550275358635","0.0045152550275358635","0.0045152550275358635"
"8835","0.0045152550275358635","0.0045152550275358635","0.0045152550275358635"
"8844","0.0045152550275358635","0.0045152550275358635","0.0045152550275358635"
"8847","0.0045152550275358635","0.0045152550275358635","0.0045152550275358635"
"8857","0.0045152550275358635","0.0045152550275358635","0.0045152550275358635"
"8862","0.0045152550275358635","0.0045152550275358635","0.0045152550275358635"
"8864","0.0045152550275358635","0.0045152550275358635","0.0045152550275358635"
"8870","0.0045152550275358635","0.0045152550275358635","0.0045152550275358635"
"8872","0.0045152550275358635","0.0045152550275358635","0.0045152550275358635"
"8874","0.0045152550275358635","0.0045152550275358635","0.0045152550275358635"
"8879","0.0045152550275358635","0.0045152550275358635","0.0045152550275358635"
"8882","0.0045152550275358635","0.0045152550275358635","0.0045152550275358635"
"8887","0.0045152550275358635","0.0045152550275358635","0.0045152550275358635"
"8896","0.0045152550275358635","0.0045152550275358635","0.0045152550275358635"
"8907","0.004494856149967813","0.004494856149967813","0.004494856149967813"
"8917","0.00448270550057762","0.00448270550057762","0.00448270550057762"
"8924","0.00448270550057762","0.00448270550057762","0.00448270550057762"
"8929","0.00448270550057762","0.00448270550057762","0.00448270550057762"
"8944","0.00448270550057762","0.00448270550057762","0.00448270550057762"
"8946","0.00448270550057762","0.00448270550057762","0.00448270550057762"
"8948","0.00448270550057762","0.00448270550057762","0.00448270550057762"
"8954","0.00448270550057762","0.00448270550057762","0.00448270550057762"
"8968","0.00448270550057762","0.00448270550057762","0.00448270550057762"
"8972","0.00448270550057762","0.00448270550057762","0.00448270550057762"
"8976","0.00448270550057762","0.00448270550057762","0.00448270550057762"
"8982","0.00448270550057762","0.00448270550057762","0.00448270550057762"
"8983","0.00448270550057762","0.00448270550057762","0.00448270550057762"
"8984","0.00448270550057762","0.00448270550057762","0.00448270550057762"
"8998","0.00448270550057762","0.00448270550057762","0.00448270550057762"
"9012","0.004478669841287267","0.004478669841287267","0.004478669841287267"
"9019","0.004462600472664021","0.004462600472664021","0.004462600472664021"
"9023","0.004462600373439635","0.004462600373439635","0.004462600373439635"
"9026","0.004462600373439635","0.004462600373439635","0.004462600373439635"
"9028","0.004462600373439635","0.004462600373439635","0.004462600373439635"
"9031","0.004462600373439635","0.004462600373439635","0.004462600373439635"
"9032","0.004462600373439635","0.004462600373439635","0.004462600373439635"
"9060","0.004462600373439635","0.004462600373439635","0.004462600373439635"
"9062","0.004462600373439635","0.004462600373439635","0.004462600373439635"
"9065","0.004462600373439635","0.004462600373439635","0.004462600373439635"
"9069","0.004462600373439635","0.004462600373439635","0.004462600373439635"
"9086","0.004462600373439635","0.004462600373439635","0.004462600373439635"
"9096","0.004462600373439635","0.004462600373439635","0.004462600373439635"
"9103","0.004462600373439635","0.004462600373439635","0.004462600373439635"
"9104","0.004462600373439635","0.004462600373439635","0.004462600373439635"
"9142","0.004434756005479713","0.004434756005479713","0.004434756005479713"
"9143","0.004434756005479713","0.004434756005479713","0.004434756005479713"
"9144","0.004434756005479713","0.004434756005479713","0.004434756005479713"
"9156","0.004434756005479713","0.004434756005479713","0.004434756005479713"
"9163","0.004434756005479713","0.004434756005479713","0.004434756005479713"
"9167","0.004434756005479713","0.004434756005479713","0.004434756005479713"
"9168","0.004434756005479713","0.004434756005479713","0.004434756005479713"
"9177","0.004434756005479713","0.004434756005479713","0.004434756005479713"
"9178","0.004434756005479713","0.004434756005479713","0.004434756005479713"
"9189","0.004434756005479713","0.004434756005479713","0.004434756005479713"
"9190","0.004434756005479713","0.004434756005479713","0.004434756005479713"
"9191","0.004434756005479713","0.004434756005479713","0.004434756005479713"
"9194","0.004434756005479713","0.004434756005479713","0.004434756005479713"
"9198","0.004434756005479713","0.004434756005479713","0.004434756005479713"
"9211","0.004434756005479713","0.004434756005479713","0.004434756005479713"
"9212","0.004434756005479713","0.004434756005479713","0.004434756005479713"
"9214","0.004434756005479713","0.004434756005479713","0.004434756005479713"
"9223","0.004434756005479713","0.004434756005479713","0.004434756005479713"
"9244","0.004395578526584216","0.004395578526584216","0.004395578526584216"
"9246","0.004395578526584216","0.004395578526584216","0.004395578526584216"
"9248","0.004395578526584216","0.004395578526584216","0.004395578526584216"
"9277","0.004395578526584216","0.004395578526584216","0.004395578526584216"
"9290","0.004395578526584216","0.004395578526584216","0.004395578526584216"
"9299","0.004395578526584216","0.004395578526584216","0.004395578526584216"
"9300","0.004395578526584216","0.004395578526584216","0.004395578526584216"
"9304","0.004395578526584216","0.004395578526584216","0.004395578526584216"
"9305","0.004395578526584216","0.004395578526584216","0.004395578526584216"
"9310","0.004395578526584216","0.004395578526584216","0.004395578526584216"
"9316","0.004395578526584216","0.004395578526584216","0.004395578526584216"
"9332","0.004395578526584216","0.004395578526584216","0.004395578526584216"
"9333","0.004395578526584216","0.004395578526584216","0.004395578526584216"
"9337","0.004395578526584216","0.004395578526584216","0.004395578526584216"
"9338","0.004395578526584216","0.004395578526584216","0.004395578526584216"
"9339","0.004395578526584216","0.004395578526584216","0.004395578526584216"
"9340","0.004395578526584216","0.004395578526584216","0.004395578526584216"
"9341","0.004391699000371338","0.004391699000371338","0.004391699000371338"
"9344","0.004383960555053007","0.004383960555053007","0.004383960555053007"
"9347","0.004380101510199076","0.004380101510199076","0.004380101510199076"
"9349","0.0043724041306239265","0.0043724041306239265","0.0043724041306239265"
"9353","0.004368565581423249","0.004368565581423249","0.004368565581423249"
"9367","0.004368565581423249","0.004368565581423249","0.004368565581423249"
"9376","0.004368565581423249","0.004368565581423249","0.004368565581423249"
"9380","0.004368565581423249","0.004368565581423249","0.004368565581423249"
"9382","0.004368565581423249","0.004368565581423249","0.004368565581423249"
"9391","0.004368565581423249","0.004368565581423249","0.004368565581423249"
"9395","0.004368565581423249","0.004368565581423249","0.004368565581423249"
"9398","0.004368565581423249","0.004368565581423249","0.004368565581423249"
"9400","0.004368565581423249","0.004368565581423249","0.004368565581423249"
"9401","0.004368565581423249","0.004368565581423249","0.004368565581423249"
"9424","0.004368565581423249","0.004368565581423249","0.004368565581423249"
"9428","0.004368565581423249","0.004368565581423249","0.004368565581423249"
"9435","0.004368565581423249","0.004368565581423249","0.004368565581423249"
"9439","0.004368565581423249","0.004368565581423249","0.004368565581423249"
"9445","0.004368565581423249","0.004368565581423249","0.004368565581423249"
"9448","0.004368565581423249","0.004368565581423249","0.004368565581423249"
"9450","0.004368565581423249","0.004368565581423249","0.004368565581423249"
"9457","0.0043532788653955126","0.0043532788653955126","0.0043532788653955126"
"9466","0.004341884185054392","0.004341884185054392","0.004341884185054392"
"9468","0.004341884185054392","0.004341884185054392","0.004341884185054392"
"9471","0.004341884185054392","0.004341884185054392","0.004341884185054392"
"9474","0.004341884185054392","0.004341884185054392","0.004341884185054392"
"9485","0.004341884185054392","0.004341884185054392","0.004341884185054392"
"9486","0.004341884185054392","0.004341884185054392","0.004341884185054392"
"9491","0.004341884185054392","0.004341884185054392","0.004341884185054392"
"9503","0.004341884185054392","0.004341884185054392","0.004341884185054392"
"9533","0.004341884185054392","0.004341884185054392","0.004341884185054392"
"9536","0.004341884185054392","0.004341884185054392","0.004341884185054392"
"9543","0.004341884185054392","0.004341884185054392","0.004341884185054392"
"9555","0.004341884185054392","0.004341884185054392","0.004341884185054392"
"9557","0.004341884185054392","0.004341884185054392","0.004341884185054392"
"9559","0.004341884185054392","0.004341884185054392","0.004341884185054392"
"9562","0.004341884100510155","0.004341884100510155","0.004341884100510155"
"9570","0.0043211488467446565","0.0043211488467446565","0.0043211488467446565"
"9572","0.0043211488467446565","0.0043211488467446565","0.0043211488467446565"
"9573","0.0043211488467446565","0.0043211488467446565","0.0043211488467446565"
"9587","0.0043211488467446565","0.0043211488467446565","0.0043211488467446565"
"9590","0.0043211488467446565","0.0043211488467446565","0.0043211488467446565"
"9606","0.0043211488467446565","0.0043211488467446565","0.0043211488467446565"
"9607","0.0043211488467446565","0.0043211488467446565","0.0043211488467446565"
"9608","0.0043211488467446565","0.0043211488467446565","0.0043211488467446565"
"9613","0.0043211488467446565","0.0043211488467446565","0.0043211488467446565"
"9617","0.0043211488467446565","0.0043211488467446565","0.0043211488467446565"
"9622","0.0043211488467446565","0.0043211488467446565","0.0043211488467446565"
"9634","0.0043211488467446565","0.0043211488467446565","0.0043211488467446565"
"9636","0.0043211488467446565","0.0043211488467446565","0.0043211488467446565"
"9638","0.0043211488467446565","0.0043211488467446565","0.0043211488467446565"
"9646","0.0043211488467446565","0.0043211488467446565","0.0043211488467446565"
"9649","0.0043211488467446565","0.0043211488467446565","0.0043211488467446565"
"9650","0.0043211488467446565","0.0043211488467446565","0.0043211488467446565"
"9662","0.0043211488467446565","0.0043211488467446565","0.0043211488467446565"
"9663","0.0043211488467446565","0.0043211488467446565","0.0043211488467446565"
"9669","0.0043211488467446565","0.0043211488467446565","0.0043211488467446565"
"9678","0.0042987541444490344","0.0042987541444490344","0.0042987541444490344"
"9682","0.004291341081802219","0.004291341081802219","0.004291341081802219"
"9685","0.004291341081802219","0.004291341081802219","0.004291341081802219"
"9689","0.004291341081802219","0.004291341081802219","0.004291341081802219"
"9695","0.004291341081802219","0.004291341081802219","0.004291341081802219"
"9697","0.004291341081802219","0.004291341081802219","0.004291341081802219"
"9706","0.004291341081802219","0.004291341081802219","0.004291341081802219"
"9712","0.004291341081802219","0.004291341081802219","0.004291341081802219"
"9714","0.004291341081802219","0.004291341081802219","0.004291341081802219"
"9741","0.004291341081802219","0.004291341081802219","0.004291341081802219"
"9744","0.004291341081802219","0.004291341081802219","0.004291341081802219"
"9752","0.004291341081802219","0.004291341081802219","0.004291341081802219"
"9753","0.004291341081802219","0.004291341081802219","0.004291341081802219"
"9755","0.004291341081802219","0.004291341081802219","0.004291341081802219"
"9761","0.004291341081802219","0.004291341081802219","0.004291341081802219"
"9765","0.004291341081802219","0.004291341081802219","0.004291341081802219"
"9773","0.004291341081802219","0.004291341081802219","0.004291341081802219"
"9789","0.004261943596076654","0.004261943596076654","0.004261943596076654"
"9790","0.004261943520820159","0.004261943520820159","0.004261943520820159"
"9801","0.004261943520820159","0.004261943520820159","0.004261943520820159"
"9819","0.004261943520820159","0.004261943520820159","0.004261943520820159"
"9827","0.004261943520820159","0.004261943520820159","0.004261943520820159"
"9837","0.004261943520820159","0.004261943520820159","0.004261943520820159"
"9848","0.004261943520820159","0.004261943520820159","0.004261943520820159"
"9853","0.004261943520820159","0.004261943520820159","0.004261943520820159"
"9870","0.004261943520820159","0.004261943520820159","0.004261943520820159"
"9882","0.004261943520820159","0.004261943520820159","0.004261943520820159"
"9884","0.004261943520820159","0.004261943520820159","0.004261943520820159"
"9885","0.004261943520820159","0.004261943520820159","0.004261943520820159"
"9901","0.004236550704298881","0.004236550704298881","0.004236550704298881"
"9902","0.004236550704298881","0.004236550704298881","0.004236550704298881"
"9904","0.004236550704298881","0.004236550704298881","0.004236550704298881"
"9906","0.004236550704298881","0.004236550704298881","0.004236550704298881"
"9907","0.004236550704298881","0.004236550704298881","0.004236550704298881"
"9910","0.004236550704298881","0.004236550704298881","0.004236550704298881"
"9919","0.004236550704298881","0.004236550704298881","0.004236550704298881"
"9920","0.004236550704298881","0.004236550704298881","0.004236550704298881"
"9934","0.004236550704298881","0.004236550704298881","0.004236550704298881"
"9942","0.004236550704298881","0.004236550704298881","0.004236550704298881"
"9955","0.004236550704298881","0.004236550704298881","0.004236550704298881"
"9959","0.004236550704298881","0.004236550704298881","0.004236550704298881"
"9966","0.004236550704298881","0.004236550704298881","0.004236550704298881"
"9970","0.004236550704298881","0.004236550704298881","0.004236550704298881"
"9984","0.004236550704298881","0.004236550704298881","0.004236550704298881"
"9994","0.004236550704298881","0.004236550704298881","0.004236550704298881"
"10004","0.004225760770939451","0.004225760770939451","0.004225760770939451"
"10008","0.0042150260457184925","0.0042150260457184925","0.0042150260457184925"
"10018","0.004211459943417107","0.004211459943417107","0.004211459943417107"
"10021","0.004211459943417107","0.004211459943417107","0.004211459943417107"
"10024","0.004211459943417107","0.004211459943417107","0.004211459943417107"
"10027","0.004211459943417107","0.004211459943417107","0.004211459943417107"
"10030","0.004211459943417107","0.004211459943417107","0.004211459943417107"
"10039","0.004211459943417107","0.004211459943417107","0.004211459943417107"
"10045","0.004211459943417107","0.004211459943417107","0.004211459943417107"
"10048","0.004211459943417107","0.004211459943417107","0.004211459943417107"
"10049","0.004211459943417107","0.004211459943417107","0.004211459943417107"
"10054","0.004211459943417107","0.004211459943417107","0.004211459943417107"
"10068","0.004211459943417107","0.004211459943417107","0.004211459943417107"
"10070","0.004211459943417107","0.004211459943417107","0.004211459943417107"
"10072","0.004211459943417107","0.004211459943417107","0.004211459943417107"
"10073","0.004211459943417107","0.004211459943417107","0.004211459943417107"
"10076","0.004211459943417107","0.004211459943417107","0.004211459943417107"
"10078","0.004211459943417107","0.004211459943417107","0.004211459943417107"
"10085","0.004211459943417107","0.004211459943417107","0.004211459943417107"
"10087","0.004211459943417107","0.004211459943417107","0.004211459943417107"
"10088","0.004211459943417107","0.004211459943417107","0.004211459943417107"
"10090","0.004211459943417107","0.004211459943417107","0.004211459943417107"
"10092","0.004211459943417107","0.004211459943417107","0.004211459943417107"
"10098","0.004211459943417107","0.004211459943417107","0.004211459943417107"
"10105","0.004211459943417107","0.004211459943417107","0.004211459943417107"
"10106","0.004211459943417107","0.004211459943417107","0.004211459943417107"
"10107","0.004211459943417107","0.004211459943417107","0.004211459943417107"
"10113","0.004204345891832428","0.004204345891832428","0.004204345891832428"
"10130","0.004190189896525311","0.004190189896525311","0.004190189896525311"
"10141","0.004190189896525311","0.004190189896525311","0.004190189896525311"
"10143","0.004190189896525311","0.004190189896525311","0.004190189896525311"
"10153","0.004190189896525311","0.004190189896525311","0.004190189896525311"
"10154","0.004190189896525311","0.004190189896525311","0.004190189896525311"
"10157","0.004190189896525311","0.004190189896525311","0.004190189896525311"
"10159","0.004190189896525311","0.004190189896525311","0.004190189896525311"
"10160","0.004190189896525311","0.004190189896525311","0.004190189896525311"
"10164","0.004190189896525311","0.004190189896525311","0.004190189896525311"
"10167","0.004190189896525311","0.004190189896525311","0.004190189896525311"
"10171","0.004190189896525311","0.004190189896525311","0.004190189896525311"
"10185","0.004190189896525311","0.004190189896525311","0.004190189896525311"
"10201","0.004190189896525311","0.004190189896525311","0.004190189896525311"
"10207","0.004190189896525311","0.004190189896525311","0.004190189896525311"
"10210","0.004190189896525311","0.004190189896525311","0.004190189896525311"
"10213","0.004190189896525311","0.004190189896525311","0.004190189896525311"
"10229","0.004172629062321235","0.004172629062321235","0.004172629062321235"
"10233","0.004169134686384239","0.004169134686384239","0.004169134686384239"
"10235","0.004169134686384239","0.004169134686384239","0.004169134686384239"
"10238","0.004169134686384239","0.004169134686384239","0.004169134686384239"
"10248","0.004169134686384239","0.004169134686384239","0.004169134686384239"
"10249","0.004169134686384239","0.004169134686384239","0.004169134686384239"
"10259","0.004169134686384239","0.004169134686384239","0.004169134686384239"
"10265","0.004169134686384239","0.004169134686384239","0.004169134686384239"
"10269","0.004169134686384239","0.004169134686384239","0.004169134686384239"
"10270","0.004169134686384239","0.004169134686384239","0.004169134686384239"
"10281","0.004169134686384239","0.004169134686384239","0.004169134686384239"
"10286","0.004169134686384239","0.004169134686384239","0.004169134686384239"
"10290","0.004169134686384239","0.004169134686384239","0.004169134686384239"
"10291","0.004169134686384239","0.004169134686384239","0.004169134686384239"
"10296","0.004169134686384239","0.004169134686384239","0.004169134686384239"
"10301","0.004169134686384239","0.004169134686384239","0.004169134686384239"
"10304","0.004169134686384239","0.004169134686384239","0.004169134686384239"
"10318","0.004169134686384239","0.004169134686384239","0.004169134686384239"
"10320","0.004169134686384239","0.004169134686384239","0.004169134686384239"
"10326","0.004169134686384239","0.004169134686384239","0.004169134686384239"
"10330","0.004169134686384239","0.004169134686384239","0.004169134686384239"
"10331","0.00416564611828914","0.00416564611828914","0.00416564611828914"
"10333","0.0041586865427333175","0.0041586865427333175","0.0041586865427333175"
"10335","0.0041552155057081284","0.0041552155057081284","0.0041552155057081284"
"10337","0.004148290861013614","0.004148290861013614","0.004148290861013614"
"10352","0.0041448372232384765","0.0041448372232384765","0.0041448372232384765"
"10354","0.0041448372232384765","0.0041448372232384765","0.0041448372232384765"
"10358","0.0041448372232384765","0.0041448372232384765","0.0041448372232384765"
"10369","0.0041448372232384765","0.0041448372232384765","0.0041448372232384765"
"10373","0.0041448372232384765","0.0041448372232384765","0.0041448372232384765"
"10381","0.0041448372232384765","0.0041448372232384765","0.0041448372232384765"
"10390","0.0041448372232384765","0.0041448372232384765","0.0041448372232384765"
"10395","0.0041448372232384765","0.0041448372232384765","0.0041448372232384765"
"10399","0.0041448372232384765","0.0041448372232384765","0.0041448372232384765"
"10402","0.0041448372232384765","0.0041448372232384765","0.0041448372232384765"
"10403","0.0041448372232384765","0.0041448372232384765","0.0041448372232384765"
"10413","0.0041448372232384765","0.0041448372232384765","0.0041448372232384765"
"10414","0.0041448372232384765","0.0041448372232384765","0.0041448372232384765"
"10433","0.0041448372232384765","0.0041448372232384765","0.0041448372232384765"
"10437","0.0041448372232384765","0.0041448372232384765","0.0041448372232384765"
"10443","0.004134510876372385","0.004134510876372385","0.004134510876372385"
"10446","0.004127655242807896","0.004127655242807896","0.004127655242807896"
"10454","0.004120822465666403","0.004120822465666403","0.004120822465666403"
"10459","0.004120822465666403","0.004120822465666403","0.004120822465666403"
"10470","0.004120822465666403","0.004120822465666403","0.004120822465666403"
"10476","0.004120822465666403","0.004120822465666403","0.004120822465666403"
"10513","0.004120822465666403","0.004120822465666403","0.004120822465666403"
"10515","0.004120822465666403","0.004120822465666403","0.004120822465666403"
"10518","0.004120822465666403","0.004120822465666403","0.004120822465666403"
"10525","0.004120822465666403","0.004120822465666403","0.004120822465666403"
"10526","0.004120822465666403","0.004120822465666403","0.004120822465666403"
"10528","0.004120822465666403","0.004120822465666403","0.004120822465666403"
"10532","0.004120822465666403","0.004120822465666403","0.004120822465666403"
"10535","0.004120822465666403","0.004120822465666403","0.004120822465666403"
"10542","0.004120822465666403","0.004120822465666403","0.004120822465666403"
"10543","0.004120822465666403","0.004120822465666403","0.004120822465666403"
"10556","0.004103839561264361","0.004103839561264361","0.004103839561264361"
"10565","0.0040903540661215345","0.0040903540661215345","0.0040903540661215345"
"10573","0.0040903540661215345","0.0040903540661215345","0.0040903540661215345"
"10578","0.0040903540661215345","0.0040903540661215345","0.0040903540661215345"
"10582","0.0040903540661215345","0.0040903540661215345","0.0040903540661215345"
"10589","0.0040903540661215345","0.0040903540661215345","0.0040903540661215345"
"10607","0.0040903540661215345","0.0040903540661215345","0.0040903540661215345"
"10628","0.0040903540661215345","0.0040903540661215345","0.0040903540661215345"
"10633","0.0040903540661215345","0.0040903540661215345","0.0040903540661215345"
"10636","0.0040903540661215345","0.0040903540661215345","0.0040903540661215345"
"10641","0.0040903540661215345","0.0040903540661215345","0.0040903540661215345"
"10662","0.004083644638553139","0.004083644638553139","0.004083644638553139"
"10663","0.0040802982065854705","0.0040802982065854705","0.0040802982065854705"
"10667","0.004076957219950858","0.004076957219950858","0.004076957219950858"
"10674","0.004070291817033986","0.004070291817033986","0.004070291817033986"
"10678","0.004070291817033986","0.004070291817033986","0.004070291817033986"
"10689","0.004070291817033986","0.004070291817033986","0.004070291817033986"
"10698","0.004070291817033986","0.004070291817033986","0.004070291817033986"
"10709","0.004070291817033986","0.004070291817033986","0.004070291817033986"
"10727","0.004070291817033986","0.004070291817033986","0.004070291817033986"
"10731","0.004070291817033986","0.004070291817033986","0.004070291817033986"
"10733","0.004070291817033986","0.004070291817033986","0.004070291817033986"
"10740","0.004070291817033986","0.004070291817033986","0.004070291817033986"
"10744","0.004070291817033986","0.004070291817033986","0.004070291817033986"
"10752","0.004070291817033986","0.004070291817033986","0.004070291817033986"
"10755","0.004070291817033986","0.004070291817033986","0.004070291817033986"
"10758","0.004070291817033986","0.004070291817033986","0.004070291817033986"
"10759","0.004070291817033986","0.004070291817033986","0.004070291817033986"
"10764","0.004070291817033986","0.004070291817033986","0.004070291817033986"
"10765","0.004070291817033986","0.004070291817033986","0.004070291817033986"
"10771","0.0040669673722834795","0.0040669673722834795","0.0040669673722834795"
"10774","0.004057026506647362","0.004057026506647362","0.004057026506647362"
"10778","0.004043847677411408","0.004043847677411408","0.004043847677411408"
"10780","0.0040372904493553245","0.0040372904493553245","0.0040372904493553245"
"10786","0.0040372904493553245","0.0040372904493553245","0.0040372904493553245"
"10808","0.0040372904493553245","0.0040372904493553245","0.0040372904493553245"
"10813","0.0040372904493553245","0.0040372904493553245","0.0040372904493553245"
"10814","0.0040372904493553245","0.0040372904493553245","0.0040372904493553245"
"10815","0.0040372904493553245","0.0040372904493553245","0.0040372904493553245"
"10824","0.0040372904493553245","0.0040372904493553245","0.0040372904493553245"
"10825","0.0040372904493553245","0.0040372904493553245","0.0040372904493553245"
"10828","0.0040372904493553245","0.0040372904493553245","0.0040372904493553245"
"10829","0.0040372904493553245","0.0040372904493553245","0.0040372904493553245"
"10834","0.0040372904493553245","0.0040372904493553245","0.0040372904493553245"
"10843","0.0040372904493553245","0.0040372904493553245","0.0040372904493553245"
"10848","0.0040372904493553245","0.0040372904493553245","0.0040372904493553245"
"10865","0.0040372904493553245","0.0040372904493553245","0.0040372904493553245"
"10875","0.0040372904493553245","0.0040372904493553245","0.0040372904493553245"
"10882","0.004030754538918724","0.004030754538918724","0.004030754538918724"
"10887","0.0040177462545436015","0.0040177462545436015","0.0040177462545436015"
"10895","0.004012889829654203","0.004012889829654203","0.004012889829654203"
"10896","0.004012889829654203","0.004012889829654203","0.004012889829654203"
"10897","0.004012889829654203","0.004012889829654203","0.004012889829654203"
"10916","0.004012889829654203","0.004012889829654203","0.004012889829654203"
"10917","0.004012889829654203","0.004012889829654203","0.004012889829654203"
"10921","0.004012889829654203","0.004012889829654203","0.004012889829654203"
"10929","0.004012889829654203","0.004012889829654203","0.004012889829654203"
"10932","0.004012889829654203","0.004012889829654203","0.004012889829654203"
"10942","0.004012889829654203","0.004012889829654203","0.004012889829654203"
"10950","0.004012889829654203","0.004012889829654203","0.004012889829654203"
"10955","0.004012889829654203","0.004012889829654203","0.004012889829654203"
"10958","0.004012889829654203","0.004012889829654203","0.004012889829654203"
"10972","0.004012889829654203","0.004012889829654203","0.004012889829654203"
"10975","0.004012889829654203","0.004012889829654203","0.004012889829654203"
"10980","0.004012889829654203","0.004012889829654203","0.004012889829654203"
"10982","0.004012889829654203","0.004012889829654203","0.004012889829654203"
"10984","0.004012889829654203","0.004012889829654203","0.004012889829654203"
"10985","0.004012889829654203","0.004012889829654203","0.004012889829654203"
"10992","0.00400965879977968","0.00400965879977968","0.00400965879977968"
"11004","0.003987186856694348","0.003987186856694348","0.003987186856694348"
"11009","0.003987186856694348","0.003987186856694348","0.003987186856694348"
"11013","0.003987186856694348","0.003987186856694348","0.003987186856694348"
"11014","0.003987186856694348","0.003987186856694348","0.003987186856694348"
"11015","0.003987186856694348","0.003987186856694348","0.003987186856694348"
"11016","0.003987186856694348","0.003987186856694348","0.003987186856694348"
"11019","0.003987186856694348","0.003987186856694348","0.003987186856694348"
"11031","0.003987186856694348","0.003987186856694348","0.003987186856694348"
"11036","0.003987186856694348","0.003987186856694348","0.003987186856694348"
"11040","0.003987186856694348","0.003987186856694348","0.003987186856694348"
"11051","0.003987186856694348","0.003987186856694348","0.003987186856694348"
"11053","0.003987186856694348","0.003987186856694348","0.003987186856694348"
"11058","0.003987186856694348","0.003987186856694348","0.003987186856694348"
"11067","0.003987186856694348","0.003987186856694348","0.003987186856694348"
"11072","0.003987186856694348","0.003987186856694348","0.003987186856694348"
"11075","0.003987186856694348","0.003987186856694348","0.003987186856694348"
"11088","0.003987186856694348","0.003987186856694348","0.003987186856694348"
"11089","0.003987186856694348","0.003987186856694348","0.003987186856694348"
"11091","0.003987186856694348","0.003987186856694348","0.003987186856694348"
"11094","0.003987186856694348","0.003987186856694348","0.003987186856694348"
"11101","0.003985591365751107","0.003985591365751107","0.003985591365751107"
"11115","0.0039602371635264555","0.0039602371635264555","0.0039602371635264555"
"11118","0.0039602371635264555","0.0039602371635264555","0.0039602371635264555"
"11124","0.0039602371635264555","0.0039602371635264555","0.0039602371635264555"
"11127","0.0039602371635264555","0.0039602371635264555","0.0039602371635264555"
"11134","0.0039602371635264555","0.0039602371635264555","0.0039602371635264555"
"11147","0.0039602371635264555","0.0039602371635264555","0.0039602371635264555"
"11161","0.0039602371635264555","0.0039602371635264555","0.0039602371635264555"
"11162","0.0039602371635264555","0.0039602371635264555","0.0039602371635264555"
"11165","0.0039602371635264555","0.0039602371635264555","0.0039602371635264555"
"11176","0.0039602371635264555","0.0039602371635264555","0.0039602371635264555"
"11179","0.0039602371635264555","0.0039602371635264555","0.0039602371635264555"
"11180","0.0039602371635264555","0.0039602371635264555","0.0039602371635264555"
"11183","0.0039602371635264555","0.0039602371635264555","0.0039602371635264555"
"11195","0.0039602371635264555","0.0039602371635264555","0.0039602371635264555"
"11197","0.0039602371635264555","0.0039602371635264555","0.0039602371635264555"
"11204","0.0039602371635264555","0.0039602371635264555","0.0039602371635264555"
"11215","0.003944554569853736","0.003944554569853736","0.003944554569853736"
"11216","0.003941433002145697","0.003941433002145697","0.003941433002145697"
"11217","0.003941432955098508","0.003941432955098508","0.003941432955098508"
"11219","0.003935204722515392","0.003935204722515392","0.003935204722515392"
"11230","0.003932097986955636","0.003932097986955636","0.003932097986955636"
"11232","0.003932097986955636","0.003932097986955636","0.003932097986955636"
"11233","0.003932097986955636","0.003932097986955636","0.003932097986955636"
"11235","0.003932097986955636","0.003932097986955636","0.003932097986955636"
"11258","0.003932097986955636","0.003932097986955636","0.003932097986955636"
"11259","0.003932097986955636","0.003932097986955636","0.003932097986955636"
"11263","0.003932097986955636","0.003932097986955636","0.003932097986955636"
"11269","0.003932097986955636","0.003932097986955636","0.003932097986955636"
"11273","0.003932097986955636","0.003932097986955636","0.003932097986955636"
"11278","0.003932097986955636","0.003932097986955636","0.003932097986955636"
"11293","0.003932097986955636","0.003932097986955636","0.003932097986955636"
"11296","0.003932097986955636","0.003932097986955636","0.003932097986955636"
"11301","0.003932097986955636","0.003932097986955636","0.003932097986955636"
"11306","0.003932097986955636","0.003932097986955636","0.003932097986955636"
"11310","0.003932097986955636","0.003932097986955636","0.003932097986955636"
"11316","0.003932097986955636","0.003932097986955636","0.003932097986955636"
"11328","0.003913560494447115","0.003913560494447115","0.003913560494447115"
"11329","0.0039104879572691865","0.0039104879572691865","0.0039104879572691865"
"11330","0.003907420259266488","0.003907420259266488","0.003907420259266488"
"11340","0.003907420259266488","0.003907420259266488","0.003907420259266488"
"11346","0.003907420259266488","0.003907420259266488","0.003907420259266488"
"11348","0.003907420259266488","0.003907420259266488","0.003907420259266488"
"11350","0.003907420259266488","0.003907420259266488","0.003907420259266488"
"11354","0.003907420259266488","0.003907420259266488","0.003907420259266488"
"11355","0.003907420259266488","0.003907420259266488","0.003907420259266488"
"11359","0.003907420259266488","0.003907420259266488","0.003907420259266488"
"11364","0.003907420259266488","0.003907420259266488","0.003907420259266488"
"11365","0.003907420259266488","0.003907420259266488","0.003907420259266488"
"11366","0.003907420259266488","0.003907420259266488","0.003907420259266488"
"11368","0.003907420259266488","0.003907420259266488","0.003907420259266488"
"11374","0.003907420259266488","0.003907420259266488","0.003907420259266488"
"11385","0.003907420259266488","0.003907420259266488","0.003907420259266488"
"11392","0.003907420259266488","0.003907420259266488","0.003907420259266488"
"11397","0.003907420259266488","0.003907420259266488","0.003907420259266488"
"11406","0.003907420259266488","0.003907420259266488","0.003907420259266488"
"11410","0.003907420259266488","0.003907420259266488","0.003907420259266488"
"11413","0.003907420259266488","0.003907420259266488","0.003907420259266488"
"11414","0.003907420259266488","0.003907420259266488","0.003907420259266488"
"11416","0.003907420259266488","0.003907420259266488","0.003907420259266488"
"11431","0.0039074202146063336","0.0039074202146063336","0.0039074202146063336"
"11437","0.00388911505431981","0.00388911505431981","0.00388911505431981"
"11443","0.003880026860015531","0.003880026860015531","0.003880026860015531"
"11444","0.003880026860015531","0.003880026860015531","0.003880026860015531"
"11459","0.003880026860015531","0.003880026860015531","0.003880026860015531"
"11460","0.003880026860015531","0.003880026860015531","0.003880026860015531"
"11462","0.003880026860015531","0.003880026860015531","0.003880026860015531"
"11463","0.003880026860015531","0.003880026860015531","0.003880026860015531"
"11466","0.003880026860015531","0.003880026860015531","0.003880026860015531"
"11469","0.003880026860015531","0.003880026860015531","0.003880026860015531"
"11471","0.003880026860015531","0.003880026860015531","0.003880026860015531"
"11477","0.003880026860015531","0.003880026860015531","0.003880026860015531"
"11486","0.003880026860015531","0.003880026860015531","0.003880026860015531"
"11513","0.003880026860015531","0.003880026860015531","0.003880026860015531"
"11519","0.003880026860015531","0.003880026860015531","0.003880026860015531"
"11530","0.003880026860015531","0.003880026860015531","0.003880026860015531"
"11532","0.003880026860015531","0.003880026860015531","0.003880026860015531"
"11543","0.003873991713067189","0.003873991713067189","0.003873991713067189"
"11544","0.0038709812010404867","0.0038709812010404867","0.0038709812010404867"
"11551","0.003853016295768988","0.003853016295768988","0.003853016295768988"
"11552","0.003853016295768988","0.003853016295768988","0.003853016295768988"
"11557","0.003853016295768988","0.003853016295768988","0.003853016295768988"
"11560","0.003853016295768988","0.003853016295768988","0.003853016295768988"
"11565","0.003853016295768988","0.003853016295768988","0.003853016295768988"
"11568","0.003853016295768988","0.003853016295768988","0.003853016295768988"
"11570","0.003853016295768988","0.003853016295768988","0.003853016295768988"
"11584","0.003853016295768988","0.003853016295768988","0.003853016295768988"
"11587","0.003853016295768988","0.003853016295768988","0.003853016295768988"
"11588","0.003853016295768988","0.003853016295768988","0.003853016295768988"
"11591","0.003853016295768988","0.003853016295768988","0.003853016295768988"
"11594","0.003853016295768988","0.003853016295768988","0.003853016295768988"
"11595","0.003853016295768988","0.003853016295768988","0.003853016295768988"
"11606","0.003853016295768988","0.003853016295768988","0.003853016295768988"
"11607","0.003853016295768988","0.003853016295768988","0.003853016295768988"
"11608","0.003853016295768988","0.003853016295768988","0.003853016295768988"
"11616","0.003853016295768988","0.003853016295768988","0.003853016295768988"
"11617","0.003853016295768988","0.003853016295768988","0.003853016295768988"
"11620","0.003853016295768988","0.003853016295768988","0.003853016295768988"
"11624","0.003853016295768988","0.003853016295768988","0.003853016295768988"
"11626","0.003853016295768988","0.003853016295768988","0.003853016295768988"
"11630","0.003853016295768988","0.003853016295768988","0.003853016295768988"
"11633","0.003853016295768988","0.003853016295768988","0.003853016295768988"
"11635","0.003853016295768988","0.003853016295768988","0.003853016295768988"
"11639","0.003853016295768988","0.003853016295768988","0.003853016295768988"
"11642","0.003853016295768988","0.003853016295768988","0.003853016295768988"
"11648","0.003853016295768988","0.003853016295768988","0.003853016295768988"
"11652","0.0038500383632598437","0.0038500383632598437","0.0038500383632598437"
"11657","0.0038440964191669333","0.0038440964191669333","0.0038440964191669333"
"11660","0.0038366948467300757","0.0038366948467300757","0.0038366948467300757"
"11662","0.0038366948467300757","0.0038366948467300757","0.0038366948467300757"
"11667","0.0038366948467300757","0.0038366948467300757","0.0038366948467300757"
"11670","0.0038366948467300757","0.0038366948467300757","0.0038366948467300757"
"11673","0.0038366948467300757","0.0038366948467300757","0.0038366948467300757"
"11676","0.0038366948467300757","0.0038366948467300757","0.0038366948467300757"
"11706","0.0038366948467300757","0.0038366948467300757","0.0038366948467300757"
"11713","0.0038366948467300757","0.0038366948467300757","0.0038366948467300757"
"11718","0.0038366948467300757","0.0038366948467300757","0.0038366948467300757"
"11722","0.0038366948467300757","0.0038366948467300757","0.0038366948467300757"
"11733","0.0038366948467300757","0.0038366948467300757","0.0038366948467300757"
"11743","0.0038366948467300757","0.0038366948467300757","0.0038366948467300757"
"11745","0.0038366948467300757","0.0038366948467300757","0.0038366948467300757"
"11748","0.0038366948467300757","0.0038366948467300757","0.0038366948467300757"
"11754","0.0038366948467300757","0.0038366948467300757","0.0038366948467300757"
"11757","0.0038366948467300757","0.0038366948467300757","0.0038366948467300757"
"11783","0.0038161217781451265","0.0038161217781451265","0.0038161217781451265"
"11790","0.0038161217781451265","0.0038161217781451265","0.0038161217781451265"
"11795","0.0038161217781451265","0.0038161217781451265","0.0038161217781451265"
"11798","0.0038161217781451265","0.0038161217781451265","0.0038161217781451265"
"11800","0.0038161217781451265","0.0038161217781451265","0.0038161217781451265"
"11801","0.0038161217781451265","0.0038161217781451265","0.0038161217781451265"
"11810","0.0038161217781451265","0.0038161217781451265","0.0038161217781451265"
"11814","0.0038161217781451265","0.0038161217781451265","0.0038161217781451265"
"11816","0.0038161217781451265","0.0038161217781451265","0.0038161217781451265"
"11817","0.0038161217781451265","0.0038161217781451265","0.0038161217781451265"
"11839","0.0038161217781451265","0.0038161217781451265","0.0038161217781451265"
"11863","0.0038161217781451265","0.0038161217781451265","0.0038161217781451265"
"11864","0.0038161217781451265","0.0038161217781451265","0.0038161217781451265"
"11869","0.0038161217781451265","0.0038161217781451265","0.0038161217781451265"
"11875","0.0038073723713874788","0.0038073723713874788","0.0038073723713874788"
"11877","0.003801561769191243","0.003801561769191243","0.003801561769191243"
"11880","0.003792879163964635","0.003792879163964635","0.003792879163964635"
"11890","0.003792879163964635","0.003792879163964635","0.003792879163964635"
"11891","0.003792879163964635","0.003792879163964635","0.003792879163964635"
"11906","0.003792879163964635","0.003792879163964635","0.003792879163964635"
"11920","0.003792879163964635","0.003792879163964635","0.003792879163964635"
"11934","0.003792879163964635","0.003792879163964635","0.003792879163964635"
"11939","0.003792879163964635","0.003792879163964635","0.003792879163964635"
"11940","0.003792879163964635","0.003792879163964635","0.003792879163964635"
"11951","0.003792879163964635","0.003792879163964635","0.003792879163964635"
"11953","0.003792879163964635","0.003792879163964635","0.003792879163964635"
"11954","0.003792879163964635","0.003792879163964635","0.003792879163964635"
"11956","0.003792879163964635","0.003792879163964635","0.003792879163964635"
"11969","0.003792879163964635","0.003792879163964635","0.003792879163964635"
"11983","0.0037899937637042337","0.0037899937637042337","0.0037899937637042337"
"11986","0.0037842362718608817","0.0037842362718608817","0.0037842362718608817"
"11989","0.00377849627181383","0.00377849627181383","0.00377849627181383"
"11990","0.0037756328200709167","0.0037756328200709167","0.0037756328200709167"
"11991","0.0037756328200709167","0.0037756328200709167","0.0037756328200709167"
"11992","0.0037756328200709167","0.0037756328200709167","0.0037756328200709167"
"11993","0.0037756328200709167","0.0037756328200709167","0.0037756328200709167"
"11997","0.0037756328200709167","0.0037756328200709167","0.0037756328200709167"
"12018","0.0037756328200709167","0.0037756328200709167","0.0037756328200709167"
"12019","0.0037756328200709167","0.0037756328200709167","0.0037756328200709167"
"12025","0.0037756328200709167","0.0037756328200709167","0.0037756328200709167"
"12039","0.0037756328200709167","0.0037756328200709167","0.0037756328200709167"
"12047","0.0037756328200709167","0.0037756328200709167","0.0037756328200709167"
"12049","0.0037756328200709167","0.0037756328200709167","0.0037756328200709167"
"12057","0.0037756328200709167","0.0037756328200709167","0.0037756328200709167"
"12059","0.0037756328200709167","0.0037756328200709167","0.0037756328200709167"
"12065","0.0037756328200709167","0.0037756328200709167","0.0037756328200709167"
"12070","0.0037756328200709167","0.0037756328200709167","0.0037756328200709167"
"12079","0.0037756328200709167","0.0037756328200709167","0.0037756328200709167"
"12085","0.0037756328200709167","0.0037756328200709167","0.0037756328200709167"
"12086","0.0037756328200709167","0.0037756328200709167","0.0037756328200709167"
"12096","0.0037642224357713507","0.0037642224357713507","0.0037642224357713507"
"12102","0.003758543123301781","0.003758543123301781","0.003758543123301781"
"12112","0.003758543123301781","0.003758543123301781","0.003758543123301781"
"12115","0.003758543123301781","0.003758543123301781","0.003758543123301781"
"12120","0.003758543123301781","0.003758543123301781","0.003758543123301781"
"12124","0.003758543123301781","0.003758543123301781","0.003758543123301781"
"12132","0.003758543123301781","0.003758543123301781","0.003758543123301781"
"12140","0.003758543123301781","0.003758543123301781","0.003758543123301781"
"12141","0.003758543123301781","0.003758543123301781","0.003758543123301781"
"12144","0.003758543123301781","0.003758543123301781","0.003758543123301781"
"12145","0.003758543123301781","0.003758543123301781","0.003758543123301781"
"12152","0.003758543123301781","0.003758543123301781","0.003758543123301781"
"12157","0.003758543123301781","0.003758543123301781","0.003758543123301781"
"12161","0.003758543123301781","0.003758543123301781","0.003758543123301781"
"12171","0.003758543123301781","0.003758543123301781","0.003758543123301781"
"12172","0.003758543123301781","0.003758543123301781","0.003758543123301781"
"12173","0.003758543123301781","0.003758543123301781","0.003758543123301781"
"12177","0.003758543123301781","0.003758543123301781","0.003758543123301781"
"12187","0.003758543123301781","0.003758543123301781","0.003758543123301781"
"12189","0.003758543123301781","0.003758543123301781","0.003758543123301781"
"12190","0.003758543123301781","0.003758543123301781","0.003758543123301781"
"12197","0.003758543123301781","0.003758543123301781","0.003758543123301781"
"12215","0.003751468200923801","0.003751468200923801","0.003751468200923801"
"12239","0.003751468200923801","0.003751468200923801","0.003751468200923801"
"12240","0.003751468200923801","0.003751468200923801","0.003751468200923801"
"12241","0.003751468200923801","0.003751468200923801","0.003751468200923801"
"12243","0.003751468200923801","0.003751468200923801","0.003751468200923801"
"12257","0.003751468200923801","0.003751468200923801","0.003751468200923801"
"12275","0.003751468200923801","0.003751468200923801","0.003751468200923801"
"12277","0.003751468200923801","0.003751468200923801","0.003751468200923801"
"12279","0.003751468200923801","0.003751468200923801","0.003751468200923801"
"12293","0.003751468200923801","0.003751468200923801","0.003751468200923801"
"12295","0.003751468200923801","0.003751468200923801","0.003751468200923801"
"12297","0.003751468200923801","0.003751468200923801","0.003751468200923801"
"12305","0.003751468200923801","0.003751468200923801","0.003751468200923801"
"12312","0.00374582745092623","0.00374582745092623","0.00374582745092623"
"12313","0.0037458274162740744","0.0037458274162740744","0.0037458274162740744"
"12317","0.003737398170925189","0.003737398170925189","0.003737398170925189"
"12319","0.0037345968643955644","0.0037345968643955644","0.0037345968643955644"
"12329","0.003731799768958823","0.003731799768958823","0.003731799768958823"
"12330","0.003731799768958823","0.003731799768958823","0.003731799768958823"
"12331","0.003731799768958823","0.003731799768958823","0.003731799768958823"
"12337","0.003731799768958823","0.003731799768958823","0.003731799768958823"
"12342","0.003731799768958823","0.003731799768958823","0.003731799768958823"
"12345","0.003731799768958823","0.003731799768958823","0.003731799768958823"
"12346","0.003731799768958823","0.003731799768958823","0.003731799768958823"
"12349","0.003731799768958823","0.003731799768958823","0.003731799768958823"
"12353","0.003731799768958823","0.003731799768958823","0.003731799768958823"
"12367","0.003731799768958823","0.003731799768958823","0.003731799768958823"
"12373","0.003731799768958823","0.003731799768958823","0.003731799768958823"
"12378","0.003731799768958823","0.003731799768958823","0.003731799768958823"
"12380","0.003731799768958823","0.003731799768958823","0.003731799768958823"
"12389","0.003731799768958823","0.003731799768958823","0.003731799768958823"
"12397","0.003731799768958823","0.003731799768958823","0.003731799768958823"
"12411","0.003731799768958823","0.003731799768958823","0.003731799768958823"
"12415","0.003731799768958823","0.003731799768958823","0.003731799768958823"
"12435","0.003709573458774828","0.003709573458774828","0.003709573458774828"
"12437","0.003709573458774828","0.003709573458774828","0.003709573458774828"
"12466","0.003709573458774828","0.003709573458774828","0.003709573458774828"
"12472","0.003709573458774828","0.003709573458774828","0.003709573458774828"
"12477","0.003709573458774828","0.003709573458774828","0.003709573458774828"
"12479","0.003709573458774828","0.003709573458774828","0.003709573458774828"
"12498","0.003709573458774828","0.003709573458774828","0.003709573458774828"
"12499","0.003709573458774828","0.003709573458774828","0.003709573458774828"
"12502","0.003709573458774828","0.003709573458774828","0.003709573458774828"
"12503","0.003709573458774828","0.003709573458774828","0.003709573458774828"
"12512","0.003709573458774828","0.003709573458774828","0.003709573458774828"
"12514","0.003709573458774828","0.003709573458774828","0.003709573458774828"
"12524","0.003709573458774828","0.003709573458774828","0.003709573458774828"
"12526","0.003709573458774828","0.003709573458774828","0.003709573458774828"
"12527","0.003709573458774828","0.003709573458774828","0.003709573458774828"
"12533","0.0037040583301398327","0.0037040583301398327","0.0037040583301398327"
"12535","0.003698559632207815","0.003698559632207815","0.003698559632207815"
"12547","0.0036930772914139415","0.0036930772914139415","0.0036930772914139415"
"12550","0.0036930772914139415","0.0036930772914139415","0.0036930772914139415"
"12567","0.0036930772914139415","0.0036930772914139415","0.0036930772914139415"
"12573","0.0036930772914139415","0.0036930772914139415","0.0036930772914139415"
"12575","0.0036930772914139415","0.0036930772914139415","0.0036930772914139415"
"12587","0.0036930772914139415","0.0036930772914139415","0.0036930772914139415"
"12599","0.0036930772914139415","0.0036930772914139415","0.0036930772914139415"
"12602","0.0036930772914139415","0.0036930772914139415","0.0036930772914139415"
"12609","0.0036930772914139415","0.0036930772914139415","0.0036930772914139415"
"12617","0.0036930772914139415","0.0036930772914139415","0.0036930772914139415"
"12631","0.0036930772914139415","0.0036930772914139415","0.0036930772914139415"
"12633","0.0036930772914139415","0.0036930772914139415","0.0036930772914139415"
"12639","0.0036930772914139415","0.0036930772914139415","0.0036930772914139415"
"12642","0.003687611234958821","0.003687611234958821","0.003687611234958821"
"12643","0.0036848842904890836","0.0036848842904890836","0.0036848842904890836"
"12644","0.003682161389824442","0.003682161389824442","0.003682161389824442"
"12657","0.0036686071982885765","0.0036686071982885765","0.0036686071982885765"
"12663","0.0036686071982885765","0.0036686071982885765","0.0036686071982885765"
"12672","0.0036686071982885765","0.0036686071982885765","0.0036686071982885765"
"12676","0.0036686071982885765","0.0036686071982885765","0.0036686071982885765"
"12708","0.0036686071982885765","0.0036686071982885765","0.0036686071982885765"
"12713","0.0036686071982885765","0.0036686071982885765","0.0036686071982885765"
"12714","0.0036686071982885765","0.0036686071982885765","0.0036686071982885765"
"12723","0.0036686071982885765","0.0036686071982885765","0.0036686071982885765"
"12725","0.0036686071982885765","0.0036686071982885765","0.0036686071982885765"
"12731","0.0036686071982885765","0.0036686071982885765","0.0036686071982885765"
"12732","0.0036686071982885765","0.0036686071982885765","0.0036686071982885765"
"12735","0.0036686071982885765","0.0036686071982885765","0.0036686071982885765"
"12736","0.0036686071982885765","0.0036686071982885765","0.0036686071982885765"
"12737","0.0036686071982885765","0.0036686071982885765","0.0036686071982885765"
"12743","0.0036686071982885765","0.0036686071982885765","0.0036686071982885765"
"12749","0.0036686071982885765","0.0036686071982885765","0.0036686071982885765"
"12758","0.0036551528215932666","0.0036551528215932666","0.0036551528215932666"
"12759","0.0036524738134220353","0.0036524738134220353","0.0036524738134220353"
"12766","0.0036497987425852386","0.0036497987425852386","0.0036497987425852386"
"12767","0.0036497987425852386","0.0036497987425852386","0.0036497987425852386"
"12772","0.0036497987425852386","0.0036497987425852386","0.0036497987425852386"
"12773","0.0036497987425852386","0.0036497987425852386","0.0036497987425852386"
"12778","0.0036497987425852386","0.0036497987425852386","0.0036497987425852386"
"12790","0.0036497987425852386","0.0036497987425852386","0.0036497987425852386"
"12807","0.0036497987425852386","0.0036497987425852386","0.0036497987425852386"
"12809","0.0036497987425852386","0.0036497987425852386","0.0036497987425852386"
"12815","0.0036497987425852386","0.0036497987425852386","0.0036497987425852386"
"12816","0.0036497987425852386","0.0036497987425852386","0.0036497987425852386"
"12820","0.0036497987425852386","0.0036497987425852386","0.0036497987425852386"
"12826","0.0036497987425852386","0.0036497987425852386","0.0036497987425852386"
"12829","0.0036497987425852386","0.0036497987425852386","0.0036497987425852386"
"12833","0.0036497987425852386","0.0036497987425852386","0.0036497987425852386"
"12834","0.0036497987425852386","0.0036497987425852386","0.0036497987425852386"
"12842","0.0036497987425852386","0.0036497987425852386","0.0036497987425852386"
"12850","0.0036497987425852386","0.0036497987425852386","0.0036497987425852386"
"12851","0.0036497987425852386","0.0036497987425852386","0.0036497987425852386"
"12858","0.0036497987425852386","0.0036497987425852386","0.0036497987425852386"
"12865","0.0036417970671846944","0.0036417970671846944","0.0036417970671846944"
"12882","0.0036351558161974527","0.0036351558161974527","0.0036351558161974527"
"12883","0.0036351558161974527","0.0036351558161974527","0.0036351558161974527"
"12885","0.0036351558161974527","0.0036351558161974527","0.0036351558161974527"
"12889","0.0036351558161974527","0.0036351558161974527","0.0036351558161974527"
"12894","0.0036351558161974527","0.0036351558161974527","0.0036351558161974527"
"12898","0.0036351558161974527","0.0036351558161974527","0.0036351558161974527"
"12904","0.0036351558161974527","0.0036351558161974527","0.0036351558161974527"
"12924","0.0036351558161974527","0.0036351558161974527","0.0036351558161974527"
"12930","0.0036351558161974527","0.0036351558161974527","0.0036351558161974527"
"12931","0.0036351558161974527","0.0036351558161974527","0.0036351558161974527"
"12932","0.0036351558161974527","0.0036351558161974527","0.0036351558161974527"
"12935","0.0036351558161974527","0.0036351558161974527","0.0036351558161974527"
"12942","0.0036351558161974527","0.0036351558161974527","0.0036351558161974527"
"12957","0.0036351558161974527","0.0036351558161974527","0.0036351558161974527"
"12960","0.0036351558161974527","0.0036351558161974527","0.0036351558161974527"
"12966","0.0036351558161974527","0.0036351558161974527","0.0036351558161974527"
"12971","0.0036325061559950344","0.0036325061559950344","0.0036325061559950344"
"12972","0.0036298603396366074","0.0036298603396366074","0.0036298603396366074"
"12973","0.0036298603109496458","0.0036298603109496458","0.0036298603109496458"
"12976","0.0036272183587034925","0.0036272183587034925","0.0036272183587034925"
"12982","0.0036193156308396515","0.0036193156308396515","0.0036193156308396515"
"12998","0.0036193156308396515","0.0036193156308396515","0.0036193156308396515"
"12999","0.0036193156308396515","0.0036193156308396515","0.0036193156308396515"
"13002","0.0036193156308396515","0.0036193156308396515","0.0036193156308396515"
"13010","0.0036193156308396515","0.0036193156308396515","0.0036193156308396515"
"13012","0.0036193156308396515","0.0036193156308396515","0.0036193156308396515"
"13016","0.0036193156308396515","0.0036193156308396515","0.0036193156308396515"
"13021","0.0036193156308396515","0.0036193156308396515","0.0036193156308396515"
"13026","0.0036193156308396515","0.0036193156308396515","0.0036193156308396515"
"13035","0.0036193156308396515","0.0036193156308396515","0.0036193156308396515"
"13036","0.0036193156308396515","0.0036193156308396515","0.0036193156308396515"
"13039","0.0036193156308396515","0.0036193156308396515","0.0036193156308396515"
"13040","0.0036193156308396515","0.0036193156308396515","0.0036193156308396515"
"13043","0.0036193156308396515","0.0036193156308396515","0.0036193156308396515"
"13047","0.0036193156308396515","0.0036193156308396515","0.0036193156308396515"
"13057","0.0036193156308396515","0.0036193156308396515","0.0036193156308396515"
"13062","0.0036193156308396515","0.0036193156308396515","0.0036193156308396515"
"13066","0.0036193156308396515","0.0036193156308396515","0.0036193156308396515"
"13073","0.0036193156308396515","0.0036193156308396515","0.0036193156308396515"
"13082","0.003614066292443682","0.003614066292443682","0.003614066292443682"
"13091","0.003601009539324889","0.003601009539324889","0.003601009539324889"
"13098","0.003601009539324889","0.003601009539324889","0.003601009539324889"
"13101","0.003601009539324889","0.003601009539324889","0.003601009539324889"
"13105","0.003601009539324889","0.003601009539324889","0.003601009539324889"
"13110","0.003601009539324889","0.003601009539324889","0.003601009539324889"
"13112","0.003601009539324889","0.003601009539324889","0.003601009539324889"
"13114","0.003601009539324889","0.003601009539324889","0.003601009539324889"
"13116","0.003601009539324889","0.003601009539324889","0.003601009539324889"
"13130","0.003601009539324889","0.003601009539324889","0.003601009539324889"
"13137","0.003601009539324889","0.003601009539324889","0.003601009539324889"
"13139","0.003601009539324889","0.003601009539324889","0.003601009539324889"
"13143","0.003601009539324889","0.003601009539324889","0.003601009539324889"
"13150","0.003601009539324889","0.003601009539324889","0.003601009539324889"
"13159","0.003601009539324889","0.003601009539324889","0.003601009539324889"
"13173","0.003601009539324889","0.003601009539324889","0.003601009539324889"
"13175","0.003601009539324889","0.003601009539324889","0.003601009539324889"
"13177","0.003601009539324889","0.003601009539324889","0.003601009539324889"
"13183","0.003601009539324889","0.003601009539324889","0.003601009539324889"
"13186","0.003601009539324889","0.003601009539324889","0.003601009539324889"
"13191","0.0035984095383735097","0.0035984095383735097","0.0035984095383735097"
"13199","0.0035854658290123804","0.0035854658290123804","0.0035854658290123804"
"13205","0.0035828882892837404","0.0035828882892837404","0.0035828882892837404"
"13209","0.0035828882892837404","0.0035828882892837404","0.0035828882892837404"
"13210","0.0035828882892837404","0.0035828882892837404","0.0035828882892837404"
"13223","0.0035828882892837404","0.0035828882892837404","0.0035828882892837404"
"13233","0.0035828882892837404","0.0035828882892837404","0.0035828882892837404"
"13237","0.0035828882892837404","0.0035828882892837404","0.0035828882892837404"
"13238","0.0035828882892837404","0.0035828882892837404","0.0035828882892837404"
"13239","0.0035828882892837404","0.0035828882892837404","0.0035828882892837404"
"13254","0.0035828882892837404","0.0035828882892837404","0.0035828882892837404"
"13259","0.0035828882892837404","0.0035828882892837404","0.0035828882892837404"
"13268","0.0035828882892837404","0.0035828882892837404","0.0035828882892837404"
"13279","0.0035828882892837404","0.0035828882892837404","0.0035828882892837404"
"13290","0.0035828882892837404","0.0035828882892837404","0.0035828882892837404"
"13296","0.0035828882892837404","0.0035828882892837404","0.0035828882892837404"
"13300","0.0035828882892837404","0.0035828882892837404","0.0035828882892837404"
"13304","0.0035751779288103916","0.0035751779288103916","0.0035751779288103916"
"13305","0.003572615201461332","0.003572615201461332","0.003572615201461332"
"13311","0.0035624010433932115","0.0035624010433932115","0.0035624010433932115"
"13312","0.0035624010433932115","0.0035624010433932115","0.0035624010433932115"
"13319","0.0035624010433932115","0.0035624010433932115","0.0035624010433932115"
"13322","0.0035624010433932115","0.0035624010433932115","0.0035624010433932115"
"13324","0.0035624010433932115","0.0035624010433932115","0.0035624010433932115"
"13325","0.0035624010433932115","0.0035624010433932115","0.0035624010433932115"
"13329","0.0035624010433932115","0.0035624010433932115","0.0035624010433932115"
"13333","0.0035624010433932115","0.0035624010433932115","0.0035624010433932115"
"13336","0.0035624010433932115","0.0035624010433932115","0.0035624010433932115"
"13337","0.0035624010433932115","0.0035624010433932115","0.0035624010433932115"
"13339","0.0035624010433932115","0.0035624010433932115","0.0035624010433932115"
"13341","0.0035624010433932115","0.0035624010433932115","0.0035624010433932115"
"13348","0.0035624010433932115","0.0035624010433932115","0.0035624010433932115"
"13350","0.0035624010433932115","0.0035624010433932115","0.0035624010433932115"
"13353","0.0035624010433932115","0.0035624010433932115","0.0035624010433932115"
"13355","0.0035624010433932115","0.0035624010433932115","0.0035624010433932115"
"13358","0.0035624010433932115","0.0035624010433932115","0.0035624010433932115"
"13376","0.0035624010433932115","0.0035624010433932115","0.0035624010433932115"
"13382","0.0035624010433932115","0.0035624010433932115","0.0035624010433932115"
"13389","0.0035624010433932115","0.0035624010433932115","0.0035624010433932115"
"13394","0.0035624010433932115","0.0035624010433932115","0.0035624010433932115"
"13399","0.0035624010433932115","0.0035624010433932115","0.0035624010433932115"
"13401","0.0035624010433932115","0.0035624010433932115","0.0035624010433932115"
"13403","0.0035624010433932115","0.0035624010433932115","0.0035624010433932115"
"13423","0.0035446665442079657","0.0035446665442079657","0.0035446665442079657"
"13453","0.0035446665442079657","0.0035446665442079657","0.0035446665442079657"
"13454","0.0035446665442079657","0.0035446665442079657","0.0035446665442079657"
"13457","0.0035446665442079657","0.0035446665442079657","0.0035446665442079657"
"13466","0.0035446665442079657","0.0035446665442079657","0.0035446665442079657"
"13468","0.0035446665442079657","0.0035446665442079657","0.0035446665442079657"
"13470","0.0035446665442079657","0.0035446665442079657","0.0035446665442079657"
"13478","0.0035446665442079657","0.0035446665442079657","0.0035446665442079657"
"13489","0.0035446665442079657","0.0035446665442079657","0.0035446665442079657"
"13494","0.0035446665442079657","0.0035446665442079657","0.0035446665442079657"
"13497","0.0035446665442079657","0.0035446665442079657","0.0035446665442079657"
"13499","0.0035446665442079657","0.0035446665442079657","0.0035446665442079657"
"13501","0.0035446665442079657","0.0035446665442079657","0.0035446665442079657"
"13514","0.0035446665442079657","0.0035446665442079657","0.0035446665442079657"
"13515","0.0035446665442079657","0.0035446665442079657","0.0035446665442079657"
"13519","0.0035446665442079657","0.0035446665442079657","0.0035446665442079657"
"13520","0.0035446665442079657","0.0035446665442079657","0.0035446665442079657"
"13523","0.0035396320072533733","0.0035396320072533733","0.0035396320072533733"
"13533","0.003527108267383483","0.003527108267383483","0.003527108267383483"
"13543","0.003527108267383483","0.003527108267383483","0.003527108267383483"
"13547","0.003527108267383483","0.003527108267383483","0.003527108267383483"
"13548","0.003527108267383483","0.003527108267383483","0.003527108267383483"
"13554","0.003527108267383483","0.003527108267383483","0.003527108267383483"
"13563","0.003527108267383483","0.003527108267383483","0.003527108267383483"
"13564","0.003527108267383483","0.003527108267383483","0.003527108267383483"
"13567","0.003527108267383483","0.003527108267383483","0.003527108267383483"
"13569","0.003527108267383483","0.003527108267383483","0.003527108267383483"
"13570","0.003527108267383483","0.003527108267383483","0.003527108267383483"
"13587","0.003527108267383483","0.003527108267383483","0.003527108267383483"
"13591","0.003527108267383483","0.003527108267383483","0.003527108267383483"
"13594","0.003527108267383483","0.003527108267383483","0.003527108267383483"
"13597","0.003527108267383483","0.003527108267383483","0.003527108267383483"
"13598","0.003527108267383483","0.003527108267383483","0.003527108267383483"
"13604","0.003527108267383483","0.003527108267383483","0.003527108267383483"
"13605","0.003527108267383483","0.003527108267383483","0.003527108267383483"
"13615","0.003527108267383483","0.003527108267383483","0.003527108267383483"
"13617","0.003527108267383483","0.003527108267383483","0.003527108267383483"
"13618","0.003527108267383483","0.003527108267383483","0.003527108267383483"
"13621","0.003527108267383483","0.003527108267383483","0.003527108267383483"
"13625","0.003527108267383483","0.003527108267383483","0.003527108267383483"
"13627","0.003527108267383483","0.003527108267383483","0.003527108267383483"
"13632","0.003524614179580419","0.003524614179580419","0.003524614179580419"
"13637","0.0035221236274079132","0.0035221236274079132","0.0035221236274079132"
"13648","0.003517153123937638","0.003517153123937638","0.003517153123937638"
"13660","0.003517153123937638","0.003517153123937638","0.003517153123937638"
"13693","0.003517153123937638","0.003517153123937638","0.003517153123937638"
"13698","0.003517153123937638","0.003517153123937638","0.003517153123937638"
"13699","0.003517153123937638","0.003517153123937638","0.003517153123937638"
"13709","0.003517153123937638","0.003517153123937638","0.003517153123937638"
"13727","0.003517153123937638","0.003517153123937638","0.003517153123937638"
"13728","0.003517153123937638","0.003517153123937638","0.003517153123937638"
"13743","0.003513434453746922","0.003513434453746922","0.003513434453746922"
"13749","0.0035023256193182873","0.0035023256193182873","0.0035023256193182873"
"13768","0.0034998665518845974","0.0034998665518845974","0.0034998665518845974"
"13776","0.0034998665518845974","0.0034998665518845974","0.0034998665518845974"
"13783","0.0034998665518845974","0.0034998665518845974","0.0034998665518845974"
"13801","0.0034998665518845974","0.0034998665518845974","0.0034998665518845974"
"13803","0.0034998665518845974","0.0034998665518845974","0.0034998665518845974"
"13813","0.0034998665518845974","0.0034998665518845974","0.0034998665518845974"
"13817","0.0034998665518845974","0.0034998665518845974","0.0034998665518845974"
"13822","0.0034998665518845974","0.0034998665518845974","0.0034998665518845974"
"13843","0.0034998665518845974","0.0034998665518845974","0.0034998665518845974"
"13845","0.0034998665518845974","0.0034998665518845974","0.0034998665518845974"
"13849","0.0034998665518845974","0.0034998665518845974","0.0034998665518845974"
"13850","0.0034998665518845974","0.0034998665518845974","0.0034998665518845974"
"13854","0.0034925100880196756","0.0034925100880196756","0.0034925100880196756"
"13862","0.003482749587420593","0.003482749587420593","0.003482749587420593"
"13867","0.003482749587420593","0.003482749587420593","0.003482749587420593"
"13882","0.003482749587420593","0.003482749587420593","0.003482749587420593"
"13888","0.003482749587420593","0.003482749587420593","0.003482749587420593"
"13891","0.003482749587420593","0.003482749587420593","0.003482749587420593"
"13901","0.003482749587420593","0.003482749587420593","0.003482749587420593"
"13909","0.003482749587420593","0.003482749587420593","0.003482749587420593"
"13933","0.003482749587420593","0.003482749587420593","0.003482749587420593"
"13948","0.003482749587420593","0.003482749587420593","0.003482749587420593"
"13949","0.003482749587420593","0.003482749587420593","0.003482749587420593"
"13958","0.003482749587420593","0.003482749587420593","0.003482749587420593"
"13963","0.003477889828623315","0.003477889828623315","0.003477889828623315"
"13975","0.003470625621647597","0.003470625621647597","0.003470625621647597"
"13977","0.003470625621647597","0.003470625621647597","0.003470625621647597"
"13986","0.003470625621647597","0.003470625621647597","0.003470625621647597"
"13996","0.003470625621647597","0.003470625621647597","0.003470625621647597"
"14000","0.003470625621647597","0.003470625621647597","0.003470625621647597"
"14001","0.003470625621647597","0.003470625621647597","0.003470625621647597"
"14019","0.003470625621647597","0.003470625621647597","0.003470625621647597"
"14029","0.003470625621647597","0.003470625621647597","0.003470625621647597"
"14050","0.003470625621647597","0.003470625621647597","0.003470625621647597"
"14059","0.003470625621647597","0.003470625621647597","0.003470625621647597"
"14067","0.003470625621647597","0.003470625621647597","0.003470625621647597"
"14068","0.003470625621647597","0.003470625621647597","0.003470625621647597"
"14079","0.003460987255573061","0.003460987255573061","0.003460987255573061"
"14080","0.0034585860694435907","0.0034585860694435907","0.0034585860694435907"
"14081","0.0034585860694435907","0.0034585860694435907","0.0034585860694435907"
"14083","0.0034585860694435907","0.0034585860694435907","0.0034585860694435907"
"14091","0.0034585860694435907","0.0034585860694435907","0.0034585860694435907"
"14093","0.0034585860694435907","0.0034585860694435907","0.0034585860694435907"
"14094","0.0034585860694435907","0.0034585860694435907","0.0034585860694435907"
"14097","0.0034585860694435907","0.0034585860694435907","0.0034585860694435907"
"14112","0.0034585860694435907","0.0034585860694435907","0.0034585860694435907"
"14117","0.0034585860694435907","0.0034585860694435907","0.0034585860694435907"
"14131","0.0034585860694435907","0.0034585860694435907","0.0034585860694435907"
"14137","0.0034585860694435907","0.0034585860694435907","0.0034585860694435907"
"14138","0.0034585860694435907","0.0034585860694435907","0.0034585860694435907"
"14142","0.0034585860694435907","0.0034585860694435907","0.0034585860694435907"
"14149","0.0034585860694435907","0.0034585860694435907","0.0034585860694435907"
"14153","0.0034585860694435907","0.0034585860694435907","0.0034585860694435907"
"14154","0.0034585860694435907","0.0034585860694435907","0.0034585860694435907"
"14162","0.0034585860694435907","0.0034585860694435907","0.0034585860694435907"
"14170","0.0034585860694435907","0.0034585860694435907","0.0034585860694435907"
"14171","0.0034585860694435907","0.0034585860694435907","0.0034585860694435907"
"14178","0.0034585860694435907","0.0034585860694435907","0.0034585860694435907"
"14182","0.00345618820130469","0.00345618820130469","0.00345618820130469"
"14186","0.0034490145643891108","0.0034490145643891108","0.0034490145643891108"
"14192","0.0034442486890439617","0.0034442486890439617","0.0034442486890439617"
"14195","0.0034442486890439617","0.0034442486890439617","0.0034442486890439617"
"14207","0.0034442486890439617","0.0034442486890439617","0.0034442486890439617"
"14208","0.0034442486890439617","0.0034442486890439617","0.0034442486890439617"
"14214","0.0034442486890439617","0.0034442486890439617","0.0034442486890439617"
"14228","0.0034442486890439617","0.0034442486890439617","0.0034442486890439617"
"14230","0.0034442486890439617","0.0034442486890439617","0.0034442486890439617"
"14247","0.0034442486890439617","0.0034442486890439617","0.0034442486890439617"
"14251","0.0034442486890439617","0.0034442486890439617","0.0034442486890439617"
"14253","0.0034442486890439617","0.0034442486890439617","0.0034442486890439617"
"14254","0.0034442486890439617","0.0034442486890439617","0.0034442486890439617"
"14256","0.0034442486890439617","0.0034442486890439617","0.0034442486890439617"
"14276","0.0034442486890439617","0.0034442486890439617","0.0034442486890439617"
"14279","0.0034442486890439617","0.0034442486890439617","0.0034442486890439617"
"14281","0.0034442486890439617","0.0034442486890439617","0.0034442486890439617"
"14282","0.0034442486890439617","0.0034442486890439617","0.0034442486890439617"
"14292","0.0034442451628739893","0.0034442451628739893","0.0034442451628739893"
"14298","0.0034466264277169907","0.0034466264277169907","0.0034466264277169907"
"14299","0.003446626427778986","0.003446626427778986","0.003446626427778986"
"14307","0.003446626427779169","0.003446626427779169","0.003446626427779169"
"14319","0.003446626427779169","0.003446626427779169","0.003446626427779169"
"14322","0.003446626427779169","0.003446626427779169","0.003446626427779169"
"14337","0.003446626427779169","0.003446626427779169","0.003446626427779169"
"14338","0.003446626427779169","0.003446626427779169","0.003446626427779169"
"14344","0.003446626427779169","0.003446626427779169","0.003446626427779169"
"14345","0.003446626427779169","0.003446626427779169","0.003446626427779169"
"14349","0.003446626427779169","0.003446626427779169","0.003446626427779169"
"14359","0.003446626427779169","0.003446626427779169","0.003446626427779169"
"14367","0.003446626427779169","0.003446626427779169","0.003446626427779169"
"14378","0.003446626427779169","0.003446626427779169","0.003446626427779169"
"14380","0.003446626427779169","0.003446626427779169","0.003446626427779169"
"14383","0.003446626427779169","0.003446626427779169","0.003446626427779169"
"14390","0.003446626427779169","0.003446626427779169","0.003446626427779169"
"14392","0.003446626427779169","0.003446626427779169","0.003446626427779169"
"14419","0.003432391668000535","0.003432391668000535","0.003432391668000535"
"14423","0.003432391668000535","0.003432391668000535","0.003432391668000535"
"14437","0.003432391668000535","0.003432391668000535","0.003432391668000535"
"14440","0.003432391668000535","0.003432391668000535","0.003432391668000535"
"14443","0.003432391668000535","0.003432391668000535","0.003432391668000535"
"14449","0.003432391668000535","0.003432391668000535","0.003432391668000535"
"14452","0.003432391668000535","0.003432391668000535","0.003432391668000535"
"14458","0.003432391668000535","0.003432391668000535","0.003432391668000535"
"14462","0.003432391668000535","0.003432391668000535","0.003432391668000535"
"14479","0.003432391668000535","0.003432391668000535","0.003432391668000535"
"14482","0.003432391668000535","0.003432391668000535","0.003432391668000535"
"14483","0.003432391668000535","0.003432391668000535","0.003432391668000535"
"14484","0.003432391668000535","0.003432391668000535","0.003432391668000535"
"14485","0.003432391668000535","0.003432391668000535","0.003432391668000535"
"14495","0.003432391668000535","0.003432391668000535","0.003432391668000535"
"14508","0.003432391668000535","0.003432391668000535","0.003432391668000535"
"14510","0.003432391668000535","0.003432391668000535","0.003432391668000535"
"14512","0.00342767174538733","0.00342767174538733","0.00342767174538733"
"14513","0.0034253166628556973","0.0034253166628556973","0.0034253166628556973"
"14516","0.0034229648237960467","0.0034229648237960467","0.0034229648237960467"
"14518","0.0034229648036310967","0.0034229648036310967","0.0034229648036310967"
"14530","0.0034182708496046854","0.0034182708496046854","0.0034182708496046854"
"14540","0.0034182708496046854","0.0034182708496046854","0.0034182708496046854"
"14553","0.0034182708496046854","0.0034182708496046854","0.0034182708496046854"
"14568","0.0034182708496046854","0.0034182708496046854","0.0034182708496046854"
"14571","0.0034182708496046854","0.0034182708496046854","0.0034182708496046854"
"14576","0.0034182708496046854","0.0034182708496046854","0.0034182708496046854"
"14590","0.0034182708496046854","0.0034182708496046854","0.0034182708496046854"
"14594","0.0034182708496046854","0.0034182708496046854","0.0034182708496046854"
"14611","0.0034182708496046854","0.0034182708496046854","0.0034182708496046854"
"14612","0.0034182708496046854","0.0034182708496046854","0.0034182708496046854"
"14613","0.0034182708496046854","0.0034182708496046854","0.0034182708496046854"
"14627","0.003411254027670106","0.003411254027670106","0.003411254027670106"
"14630","0.003404266076986549","0.003404266076986549","0.003404266076986549"
"14631","0.003404266076986549","0.003404266076986549","0.003404266076986549"
"14635","0.003404266076986549","0.003404266076986549","0.003404266076986549"
"14641","0.003404266076986549","0.003404266076986549","0.003404266076986549"
"14647","0.003404266076986549","0.003404266076986549","0.003404266076986549"
"14653","0.003404266076986549","0.003404266076986549","0.003404266076986549"
"14654","0.003404266076986549","0.003404266076986549","0.003404266076986549"
"14656","0.003404266076986549","0.003404266076986549","0.003404266076986549"
"14664","0.003404266076986549","0.003404266076986549","0.003404266076986549"
"14666","0.003404266076986549","0.003404266076986549","0.003404266076986549"
"14668","0.003404266076986549","0.003404266076986549","0.003404266076986549"
"14672","0.003404266076986549","0.003404266076986549","0.003404266076986549"
"14673","0.003404266076986549","0.003404266076986549","0.003404266076986549"
"14678","0.003404266076986549","0.003404266076986549","0.003404266076986549"
"14688","0.003404266076986549","0.003404266076986549","0.003404266076986549"
"14690","0.003404266076986549","0.003404266076986549","0.003404266076986549"
"14693","0.003404266076986549","0.003404266076986549","0.003404266076986549"
"14698","0.003404266076986549","0.003404266076986549","0.003404266076986549"
"14709","0.003404266076986549","0.003404266076986549","0.003404266076986549"
"14711","0.003404266076986549","0.003404266076986549","0.003404266076986549"
"14716","0.003404266076986549","0.003404266076986549","0.003404266076986549"
"14718","0.003404266076986549","0.003404266076986549","0.003404266076986549"
"14719","0.003404266076986549","0.003404266076986549","0.003404266076986549"
"14724","0.003404266076986549","0.003404266076986549","0.003404266076986549"
"14725","0.003404266076986549","0.003404266076986549","0.003404266076986549"
"14734","0.003397306760440499","0.003397306760440499","0.003397306760440499"
"14737","0.0033949933252064206","0.0033949933252064206","0.0033949933252064206"
"14738","0.003392683047741801","0.003392683047741801","0.003392683047741801"
"14747","0.003388071939778988","0.003388071939778988","0.003388071939778988"
"14748","0.003388071939778988","0.003388071939778988","0.003388071939778988"
"14750","0.003388071939778988","0.003388071939778988","0.003388071939778988"
"14754","0.003388071939778988","0.003388071939778988","0.003388071939778988"
"14757","0.003388071939778988","0.003388071939778988","0.003388071939778988"
"14758","0.003388071939778988","0.003388071939778988","0.003388071939778988"
"14763","0.003388071939778988","0.003388071939778988","0.003388071939778988"
"14772","0.003388071939778988","0.003388071939778988","0.003388071939778988"
"14779","0.003388071939778988","0.003388071939778988","0.003388071939778988"
"14783","0.003388071939778988","0.003388071939778988","0.003388071939778988"
"14785","0.003388071939778988","0.003388071939778988","0.003388071939778988"
"14788","0.003388071939778988","0.003388071939778988","0.003388071939778988"
"14793","0.003388071939778988","0.003388071939778988","0.003388071939778988"
"14799","0.003388071939778988","0.003388071939778988","0.003388071939778988"
"14801","0.003388071939778988","0.003388071939778988","0.003388071939778988"
"14805","0.003388071939778988","0.003388071939778988","0.003388071939778988"
"14806","0.003388071939778988","0.003388071939778988","0.003388071939778988"
"14826","0.003388071939778988","0.003388071939778988","0.003388071939778988"
"14831","0.003388071939778988","0.003388071939778988","0.003388071939778988"
"14850","0.003374313711011263","0.003374313711011263","0.003374313711011263"
"14862","0.003374313711011263","0.003374313711011263","0.003374313711011263"
"14870","0.003374313711011263","0.003374313711011263","0.003374313711011263"
"14875","0.003374313711011263","0.003374313711011263","0.003374313711011263"
"14877","0.003374313711011263","0.003374313711011263","0.003374313711011263"
"14879","0.003374313711011263","0.003374313711011263","0.003374313711011263"
"14885","0.003374313711011263","0.003374313711011263","0.003374313711011263"
"14889","0.003374313711011263","0.003374313711011263","0.003374313711011263"
"14895","0.003374313711011263","0.003374313711011263","0.003374313711011263"
"14900","0.003374313711011263","0.003374313711011263","0.003374313711011263"
"14906","0.003374313711011263","0.003374313711011263","0.003374313711011263"
"14907","0.003374313711011263","0.003374313711011263","0.003374313711011263"
"14908","0.003374313711011263","0.003374313711011263","0.003374313711011263"
"14910","0.003374313711011263","0.003374313711011263","0.003374313711011263"
"14917","0.003374313711011263","0.003374313711011263","0.003374313711011263"
"14925","0.003374313711011263","0.003374313711011263","0.003374313711011263"
"14929","0.003374313711011263","0.003374313711011263","0.003374313711011263"
"14932","0.003374313711011263","0.003374313711011263","0.003374313711011263"
"14940","0.003374313711011263","0.003374313711011263","0.003374313711011263"
"14956","0.0033640683664164592","0.0033640683664164592","0.0033640683664164592"
"14960","0.003355013647890785","0.003355013647890785","0.003355013647890785"
"14968","0.003355013647890785","0.003355013647890785","0.003355013647890785"
"14978","0.003355013647890785","0.003355013647890785","0.003355013647890785"
"14981","0.003355013647890785","0.003355013647890785","0.003355013647890785"
"14983","0.003355013647890785","0.003355013647890785","0.003355013647890785"
"14989","0.003355013647890785","0.003355013647890785","0.003355013647890785"
"15004","0.003355013647890785","0.003355013647890785","0.003355013647890785"
"15012","0.003355013647890785","0.003355013647890785","0.003355013647890785"
"15014","0.003355013647890785","0.003355013647890785","0.003355013647890785"
"15017","0.003355013647890785","0.003355013647890785","0.003355013647890785"
"15021","0.003355013647890785","0.003355013647890785","0.003355013647890785"
"15033","0.003355013647890785","0.003355013647890785","0.003355013647890785"
"15034","0.003355013647890785","0.003355013647890785","0.003355013647890785"
"15042","0.003355013647890785","0.003355013647890785","0.003355013647890785"
"15048","0.003355013647890785","0.003355013647890785","0.003355013647890785"
"15055","0.003355013647890785","0.003355013647890785","0.003355013647890785"
"15064","0.0033482545908551345","0.0033482545908551345","0.0033482545908551345"
"15077","0.003337050010563161","0.003337050010563161","0.003337050010563161"
"15078","0.003337050010563161","0.003337050010563161","0.003337050010563161"
"15084","0.003337050010563161","0.003337050010563161","0.003337050010563161"
"15086","0.003337050010563161","0.003337050010563161","0.003337050010563161"
"15088","0.003337050010563161","0.003337050010563161","0.003337050010563161"
"15092","0.003337050010563161","0.003337050010563161","0.003337050010563161"
"15099","0.003337050010563161","0.003337050010563161","0.003337050010563161"
"15111","0.003337050010563161","0.003337050010563161","0.003337050010563161"
"15114","0.003337050010563161","0.003337050010563161","0.003337050010563161"
"15124","0.003337050010563161","0.003337050010563161","0.003337050010563161"
"15132","0.003337050010563161","0.003337050010563161","0.003337050010563161"
"15140","0.003337050010563161","0.003337050010563161","0.003337050010563161"
"15150","0.003337050010563161","0.003337050010563161","0.003337050010563161"
"15151","0.003337050010563161","0.003337050010563161","0.003337050010563161"
"15158","0.003337050010563161","0.003337050010563161","0.003337050010563161"
"15159","0.003337050010563161","0.003337050010563161","0.003337050010563161"
"15165","0.003337050010563161","0.003337050010563161","0.003337050010563161"
"15177","0.0033281403442961943","0.0033281403442961943","0.0033281403442961943"
"15179","0.003323703394756386","0.003323703394756386","0.003323703394756386"
"15183","0.0033214893571591295","0.0033214893571591295","0.0033214893571591295"
"15187","0.0033214893571591295","0.0033214893571591295","0.0033214893571591295"
"15198","0.0033214893571591295","0.0033214893571591295","0.0033214893571591295"
"15219","0.0033214893571591295","0.0033214893571591295","0.0033214893571591295"
"15223","0.0033214893571591295","0.0033214893571591295","0.0033214893571591295"
"15226","0.0033214893571591295","0.0033214893571591295","0.0033214893571591295"
"15228","0.0033214893571591295","0.0033214893571591295","0.0033214893571591295"
"15230","0.0033214893571591295","0.0033214893571591295","0.0033214893571591295"
"15234","0.0033214893571591295","0.0033214893571591295","0.0033214893571591295"
"15235","0.0033214893571591295","0.0033214893571591295","0.0033214893571591295"
"15240","0.0033214893571591295","0.0033214893571591295","0.0033214893571591295"
"15243","0.0033214893571591295","0.0033214893571591295","0.0033214893571591295"
"15245","0.0033214893571591295","0.0033214893571591295","0.0033214893571591295"
"15249","0.0033214893571591295","0.0033214893571591295","0.0033214893571591295"
"15261","0.0033214893571591295","0.0033214893571591295","0.0033214893571591295"
"15283","0.003325355153173986","0.003325355153173986","0.003325355153173986"
"15290","0.0033353791508737647","0.0033353791508737647","0.0033353791508737647"
"15303","0.0033353791508737647","0.0033353791508737647","0.0033353791508737647"
"15307","0.0033353791508737647","0.0033353791508737647","0.0033353791508737647"
"15308","0.0033353791508737647","0.0033353791508737647","0.0033353791508737647"
"15310","0.0033353791508737647","0.0033353791508737647","0.0033353791508737647"
"15330","0.0033353791508737647","0.0033353791508737647","0.0033353791508737647"
"15347","0.0033353791508737647","0.0033353791508737647","0.0033353791508737647"
"15350","0.0033353791508737647","0.0033353791508737647","0.0033353791508737647"
"15354","0.0033353791508737647","0.0033353791508737647","0.0033353791508737647"
"15363","0.0033353791508737647","0.0033353791508737647","0.0033353791508737647"
"15367","0.0033353791508737647","0.0033353791508737647","0.0033353791508737647"
"15386","0.0033353791508737647","0.0033353791508737647","0.0033353791508737647"
"15390","0.0033353791508737647","0.0033353791508737647","0.0033353791508737647"
"15405","0.0033121796639700106","0.0033121796639700106","0.0033121796639700106"
"15417","0.0033121796639700106","0.0033121796639700106","0.0033121796639700106"
"15422","0.0033121796639700106","0.0033121796639700106","0.0033121796639700106"
"15435","0.0033121796639700106","0.0033121796639700106","0.0033121796639700106"
"15442","0.0033121796639700106","0.0033121796639700106","0.0033121796639700106"
"15444","0.0033121796639700106","0.0033121796639700106","0.0033121796639700106"
"15445","0.0033121796639700106","0.0033121796639700106","0.0033121796639700106"
"15449","0.0033121796639700106","0.0033121796639700106","0.0033121796639700106"
"15451","0.0033121796639700106","0.0033121796639700106","0.0033121796639700106"
"15455","0.0033121796639700106","0.0033121796639700106","0.0033121796639700106"
"15460","0.0033121796639700106","0.0033121796639700106","0.0033121796639700106"
"15465","0.0033121796639700106","0.0033121796639700106","0.0033121796639700106"
"15468","0.0033121796639700106","0.0033121796639700106","0.0033121796639700106"
"15469","0.0033121796639700106","0.0033121796639700106","0.0033121796639700106"
"15475","0.0033121796639700106","0.0033121796639700106","0.0033121796639700106"
"15476","0.0033121796639700106","0.0033121796639700106","0.0033121796639700106"
"15477","0.0033121796639700106","0.0033121796639700106","0.0033121796639700106"
"15482","0.0033121796639700106","0.0033121796639700106","0.0033121796639700106"
"15491","0.0033121796639700106","0.0033121796639700106","0.0033121796639700106"
"15505","0.003301190058816578","0.003301190058816578","0.003301190058816578"
"15507","0.003296824807402588","0.003296824807402588","0.003296824807402588"
"15513","0.0032903925523002707","0.0032903925523002707","0.0032903925523002707"
"15517","0.0032903925523002707","0.0032903925523002707","0.0032903925523002707"
"15536","0.0032903925523002707","0.0032903925523002707","0.0032903925523002707"
"15546","0.0032903925523002707","0.0032903925523002707","0.0032903925523002707"
"15550","0.0032903925523002707","0.0032903925523002707","0.0032903925523002707"
"15553","0.0032903925523002707","0.0032903925523002707","0.0032903925523002707"
"15567","0.0032903925523002707","0.0032903925523002707","0.0032903925523002707"
"15568","0.0032903925523002707","0.0032903925523002707","0.0032903925523002707"
"15574","0.0032903925523002707","0.0032903925523002707","0.0032903925523002707"
"15582","0.0032903925523002707","0.0032903925523002707","0.0032903925523002707"
"15584","0.0032903925523002707","0.0032903925523002707","0.0032903925523002707"
"15594","0.0032903925523002707","0.0032903925523002707","0.0032903925523002707"
"15606","0.0032903925523002707","0.0032903925523002707","0.0032903925523002707"
"15607","0.0032903925523002707","0.0032903925523002707","0.0032903925523002707"
"15620","0.003294737761089908","0.003294737761089908","0.003294737761089908"
"15631","0.003294737761089908","0.003294737761089908","0.003294737761089908"
"15641","0.003294737761089908","0.003294737761089908","0.003294737761089908"
"15644","0.003294737761089908","0.003294737761089908","0.003294737761089908"
"15646","0.003294737761089908","0.003294737761089908","0.003294737761089908"
"15662","0.003294737761089908","0.003294737761089908","0.003294737761089908"
"15663","0.003294737761089908","0.003294737761089908","0.003294737761089908"
"15667","0.003294737761089908","0.003294737761089908","0.003294737761089908"
"15674","0.003294737761089908","0.003294737761089908","0.003294737761089908"
"15682","0.003294737761089908","0.003294737761089908","0.003294737761089908"
"15684","0.003294737761089908","0.003294737761089908","0.003294737761089908"
"15685","0.003294737761089908","0.003294737761089908","0.003294737761089908"
"15687","0.003294737761089908","0.003294737761089908","0.003294737761089908"
"15688","0.003294737761089908","0.003294737761089908","0.003294737761089908"
"15692","0.003294737761089908","0.003294737761089908","0.003294737761089908"
"15693","0.003294737761089908","0.003294737761089908","0.003294737761089908"
"15701","0.003294737761089908","0.003294737761089908","0.003294737761089908"
"15707","0.003294737761089908","0.003294737761089908","0.003294737761089908"
"15712","0.003294737761089908","0.003294737761089908","0.003294737761089908"
"15713","0.003294737761089908","0.003294737761089908","0.003294737761089908"
"15714","0.003294737761089908","0.003294737761089908","0.003294737761089908"
"15716","0.003294737761089908","0.003294737761089908","0.003294737761089908"
"15736","0.0032837898319280807","0.0032837898319280807","0.0032837898319280807"
"15741","0.0032837898319280807","0.0032837898319280807","0.0032837898319280807"
"15747","0.0032837898319280807","0.0032837898319280807","0.0032837898319280807"
"15748","0.0032837898319280807","0.0032837898319280807","0.0032837898319280807"
"15749","0.0032837898319280807","0.0032837898319280807","0.0032837898319280807"
"15750","0.0032837898319280807","0.0032837898319280807","0.0032837898319280807"
"15774","0.0032837898319280807","0.0032837898319280807","0.0032837898319280807"
"15777","0.0032837898319280807","0.0032837898319280807","0.0032837898319280807"
"15789","0.0032837898319280807","0.0032837898319280807","0.0032837898319280807"
"15801","0.0032837898319280807","0.0032837898319280807","0.0032837898319280807"
"15803","0.0032837898319280807","0.0032837898319280807","0.0032837898319280807"
"15805","0.0032837898319280807","0.0032837898319280807","0.0032837898319280807"
"15808","0.0032837898319280807","0.0032837898319280807","0.0032837898319280807"
"15816","0.0032837898319280807","0.0032837898319280807","0.0032837898319280807"
"15817","0.0032837898319280807","0.0032837898319280807","0.0032837898319280807"
"15819","0.0032837898319280807","0.0032837898319280807","0.0032837898319280807"
"15827","0.0032837898319280807","0.0032837898319280807","0.0032837898319280807"
"15829","0.0032837898319280807","0.0032837898319280807","0.0032837898319280807"
"15832","0.0032794705859672717","0.0032794705859672717","0.0032794705859672717"
"15838","0.0032730130132481343","0.0032730130132481343","0.0032730130132481343"
"15845","0.003269793772025019","0.003269793772025019","0.003269793772025019"
"15846","0.003269793772025019","0.003269793772025019","0.003269793772025019"
"15857","0.003269793772025019","0.003269793772025019","0.003269793772025019"
"15861","0.003269793772025019","0.003269793772025019","0.003269793772025019"
"15879","0.003269793772025019","0.003269793772025019","0.003269793772025019"
"15889","0.003269793772025019","0.003269793772025019","0.003269793772025019"
"15890","0.003269793772025019","0.003269793772025019","0.003269793772025019"
"15891","0.003269793772025019","0.003269793772025019","0.003269793772025019"
"15898","0.003269793772025019","0.003269793772025019","0.003269793772025019"
"15899","0.003269793772025019","0.003269793772025019","0.003269793772025019"
"15900","0.003269793772025019","0.003269793772025019","0.003269793772025019"
"15901","0.003269793772025019","0.003269793772025019","0.003269793772025019"
"15904","0.003269793772025019","0.003269793772025019","0.003269793772025019"
"15912","0.003269793772025019","0.003269793772025019","0.003269793772025019"
"15913","0.003269793772025019","0.003269793772025019","0.003269793772025019"
"15917","0.003269793772025019","0.003269793772025019","0.003269793772025019"
"15919","0.003269793772025019","0.003269793772025019","0.003269793772025019"
"15923","0.003269793772025019","0.003269793772025019","0.003269793772025019"
"15924","0.003269793772025019","0.003269793772025019","0.003269793772025019"
"15927","0.003269793772025019","0.003269793772025019","0.003269793772025019"
"15928","0.003269793772025019","0.003269793772025019","0.003269793772025019"
"15942","0.003265511332482192","0.003265511332482192","0.003265511332482192"
"15953","0.003254854245533648","0.003254854245533648","0.003254854245533648"
"15955","0.003254854245533648","0.003254854245533648","0.003254854245533648"
"15957","0.003254854245533648","0.003254854245533648","0.003254854245533648"
"15961","0.003254854245533648","0.003254854245533648","0.003254854245533648"
"15976","0.003254854245533648","0.003254854245533648","0.003254854245533648"
"15987","0.003254854245533648","0.003254854245533648","0.003254854245533648"
"15992","0.003254854245533648","0.003254854245533648","0.003254854245533648"
"15997","0.003254854245533648","0.003254854245533648","0.003254854245533648"
"16000","0.003254854245533648","0.003254854245533648","0.003254854245533648"
"16001","0.003254854245533648","0.003254854245533648","0.003254854245533648"
"16012","0.003254854245533648","0.003254854245533648","0.003254854245533648"
"16020","0.003254854245533648","0.003254854245533648","0.003254854245533648"
"16032","0.003254854245533648","0.003254854245533648","0.003254854245533648"
"16036","0.003254854245533648","0.003254854245533648","0.003254854245533648"
"16052","0.0032507153800017444","0.0032507153800017444","0.0032507153800017444"
"16056","0.0032422613772798603","0.0032422613772798603","0.0032422613772798603"
"16059","0.003235949750676773","0.003235949750676773","0.003235949750676773"
"16071","0.003233851346646538","0.003233851346646538","0.003233851346646538"
"16074","0.003233851346646538","0.003233851346646538","0.003233851346646538"
"16076","0.003233851346646538","0.003233851346646538","0.003233851346646538"
"16087","0.003233851346646538","0.003233851346646538","0.003233851346646538"
"16089","0.003233851346646538","0.003233851346646538","0.003233851346646538"
"16092","0.003233851346646538","0.003233851346646538","0.003233851346646538"
"16101","0.003233851346646538","0.003233851346646538","0.003233851346646538"
"16104","0.003233851346646538","0.003233851346646538","0.003233851346646538"
"16118","0.003233851346646538","0.003233851346646538","0.003233851346646538"
"16143","0.003233851346646538","0.003233851346646538","0.003233851346646538"
"16146","0.003233851346646538","0.003233851346646538","0.003233851346646538"
"16148","0.003233851346646538","0.003233851346646538","0.003233851346646538"
"16155","0.003233851346646538","0.003233851346646538","0.003233851346646538"
"16164","0.0032254849457501993","0.0032254849457501993","0.0032254849457501993"
"16165","0.0032234001228081803","0.0032234001228081803","0.0032234001228081803"
"16182","0.003215087782057756","0.003215087782057756","0.003215087782057756"
"16184","0.003215087782057756","0.003215087782057756","0.003215087782057756"
"16190","0.003215087782057756","0.003215087782057756","0.003215087782057756"
"16194","0.003215087782057756","0.003215087782057756","0.003215087782057756"
"16195","0.003215087782057756","0.003215087782057756","0.003215087782057756"
"16203","0.003215087782057756","0.003215087782057756","0.003215087782057756"
"16204","0.003215087782057756","0.003215087782057756","0.003215087782057756"
"16206","0.003215087782057756","0.003215087782057756","0.003215087782057756"
"16208","0.003215087782057756","0.003215087782057756","0.003215087782057756"
"16215","0.003215087782057756","0.003215087782057756","0.003215087782057756"
"16216","0.003215087782057756","0.003215087782057756","0.003215087782057756"
"16224","0.003215087782057756","0.003215087782057756","0.003215087782057756"
"16226","0.003215087782057756","0.003215087782057756","0.003215087782057756"
"16239","0.003215087782057756","0.003215087782057756","0.003215087782057756"
"16241","0.003215087782057756","0.003215087782057756","0.003215087782057756"
"16243","0.003215087782057756","0.003215087782057756","0.003215087782057756"
"16250","0.003215087782057756","0.003215087782057756","0.003215087782057756"
"16255","0.003215087782057756","0.003215087782057756","0.003215087782057756"
"16261","0.003215087782057756","0.003215087782057756","0.003215087782057756"
"16269","0.003215087782057756","0.003215087782057756","0.003215087782057756"
"16273","0.0032119817110267306","0.0032119817110267306","0.0032119817110267306"
"16274","0.0032119817109912932","0.0032119817109912932","0.0032119817109912932"
"16279","0.003203728232125254","0.003203728232125254","0.003203728232125254"
"16281","0.003201671516137785","0.003201671516137785","0.003201671516137785"
"16285","0.003201671516137785","0.003201671516137785","0.003201671516137785"
"16288","0.003201671516137785","0.003201671516137785","0.003201671516137785"
"16291","0.003201671516137785","0.003201671516137785","0.003201671516137785"
"16309","0.003201671516137785","0.003201671516137785","0.003201671516137785"
"16315","0.003201671516137785","0.003201671516137785","0.003201671516137785"
"16317","0.003201671516137785","0.003201671516137785","0.003201671516137785"
"16319","0.003201671516137785","0.003201671516137785","0.003201671516137785"
"16320","0.003201671516137785","0.003201671516137785","0.003201671516137785"
"16330","0.003201671516137785","0.003201671516137785","0.003201671516137785"
"16334","0.003201671516137785","0.003201671516137785","0.003201671516137785"
"16337","0.003201671516137785","0.003201671516137785","0.003201671516137785"
"16340","0.003201671516137785","0.003201671516137785","0.003201671516137785"
"16342","0.003201671516137785","0.003201671516137785","0.003201671516137785"
"16343","0.003201671516137785","0.003201671516137785","0.003201671516137785"
"16349","0.003201671516137785","0.003201671516137785","0.003201671516137785"
"16351","0.003201671516137785","0.003201671516137785","0.003201671516137785"
"16353","0.003201671516137785","0.003201671516137785","0.003201671516137785"
"16358","0.003201671516137785","0.003201671516137785","0.003201671516137785"
"16370","0.003201671516137785","0.003201671516137785","0.003201671516137785"
"16382","0.003199617432467194","0.003199617432467194","0.003199617432467194"
"16396","0.003185312502102712","0.003185312502102712","0.003185312502102712"
"16400","0.003185312502102712","0.003185312502102712","0.003185312502102712"
"16411","0.003185312502102712","0.003185312502102712","0.003185312502102712"
"16431","0.003185312502102712","0.003185312502102712","0.003185312502102712"
"16453","0.003185312502102712","0.003185312502102712","0.003185312502102712"
"16458","0.003185312502102712","0.003185312502102712","0.003185312502102712"
"16467","0.003185312502102712","0.003185312502102712","0.003185312502102712"
"16470","0.003185312502102712","0.003185312502102712","0.003185312502102712"
"16474","0.003185312502102712","0.003185312502102712","0.003185312502102712"
"16484","0.003185312502102712","0.003185312502102712","0.003185312502102712"
"16486","0.003185312502102712","0.003185312502102712","0.003185312502102712"
"16488","0.003185312502102712","0.003185312502102712","0.003185312502102712"
"16489","0.003185312502102712","0.003185312502102712","0.003185312502102712"
"16491","0.0031832794020495306","0.0031832794020495306","0.0031832794020495306"
"16492","0.0031812489022638624","0.0031812489022638624","0.0031812489022638624"
"16498","0.003173152793238276","0.003173152793238276","0.003173152793238276"
"16502","0.0031711352328383027","0.0031711352328383027","0.0031711352328383027"
"16503","0.0031711352328383027","0.0031711352328383027","0.0031711352328383027"
"16517","0.0031711352328383027","0.0031711352328383027","0.0031711352328383027"
"16519","0.0031711352328383027","0.0031711352328383027","0.0031711352328383027"
"16523","0.0031711352328383027","0.0031711352328383027","0.0031711352328383027"
"16528","0.0031711352328383027","0.0031711352328383027","0.0031711352328383027"
"16530","0.0031711352328383027","0.0031711352328383027","0.0031711352328383027"
"16531","0.0031711352328383027","0.0031711352328383027","0.0031711352328383027"
"16535","0.0031711352328383027","0.0031711352328383027","0.0031711352328383027"
"16541","0.0031711352328383027","0.0031711352328383027","0.0031711352328383027"
"16542","0.0031711352328383027","0.0031711352328383027","0.0031711352328383027"
"16545","0.0031711352328383027","0.0031711352328383027","0.0031711352328383027"
"16555","0.0031711352328383027","0.0031711352328383027","0.0031711352328383027"
"16557","0.0031711352328383027","0.0031711352328383027","0.0031711352328383027"
"16572","0.0031711352328383027","0.0031711352328383027","0.0031711352328383027"
"16586","0.0031711352328383027","0.0031711352328383027","0.0031711352328383027"
"16587","0.0031711352328383027","0.0031711352328383027","0.0031711352328383027"
"16588","0.0031711352328383027","0.0031711352328383027","0.0031711352328383027"
"16597","0.0031711352328383027","0.0031711352328383027","0.0031711352328383027"
"16614","0.0031610858133707246","0.0031610858133707246","0.0031610858133707246"
"16616","0.0031610858133707246","0.0031610858133707246","0.0031610858133707246"
"16617","0.0031610858133707246","0.0031610858133707246","0.0031610858133707246"
"16618","0.0031610858133707246","0.0031610858133707246","0.0031610858133707246"
"16622","0.0031610858133707246","0.0031610858133707246","0.0031610858133707246"
"16624","0.0031610858133707246","0.0031610858133707246","0.0031610858133707246"
"16626","0.0031610858133707246","0.0031610858133707246","0.0031610858133707246"
"16629","0.0031610858133707246","0.0031610858133707246","0.0031610858133707246"
"16631","0.0031610858133707246","0.0031610858133707246","0.0031610858133707246"
"16637","0.0031610858133707246","0.0031610858133707246","0.0031610858133707246"
"16640","0.0031610858133707246","0.0031610858133707246","0.0031610858133707246"
"16649","0.0031610858133707246","0.0031610858133707246","0.0031610858133707246"
"16650","0.0031610858133707246","0.0031610858133707246","0.0031610858133707246"
"16655","0.0031610858133707246","0.0031610858133707246","0.0031610858133707246"
"16656","0.0031610858133707246","0.0031610858133707246","0.0031610858133707246"
"16671","0.0031610858133707246","0.0031610858133707246","0.0031610858133707246"
"16673","0.0031610858133707246","0.0031610858133707246","0.0031610858133707246"
"16686","0.0031610858133707246","0.0031610858133707246","0.0031610858133707246"
"16687","0.0031610858133707246","0.0031610858133707246","0.0031610858133707246"
"16692","0.0031610858133707246","0.0031610858133707246","0.0031610858133707246"
"16694","0.0031610858133707246","0.0031610858133707246","0.0031610858133707246"
"16706","0.0031610858133707246","0.0031610858133707246","0.0031610858133707246"
"16725","0.0031431568859463304","0.0031431568859463304","0.0031431568859463304"
"16726","0.0031431568859463304","0.0031431568859463304","0.0031431568859463304"
"16732","0.0031431568859463304","0.0031431568859463304","0.0031431568859463304"
"16735","0.0031431568859463304","0.0031431568859463304","0.0031431568859463304"
"16737","0.0031431568859463304","0.0031431568859463304","0.0031431568859463304"
"16740","0.0031431568859463304","0.0031431568859463304","0.0031431568859463304"
"16746","0.0031431568859463304","0.0031431568859463304","0.0031431568859463304"
"16753","0.0031431568859463304","0.0031431568859463304","0.0031431568859463304"
"16759","0.0031431568859463304","0.0031431568859463304","0.0031431568859463304"
"16760","0.0031431568859463304","0.0031431568859463304","0.0031431568859463304"
"16763","0.0031431568859463304","0.0031431568859463304","0.0031431568859463304"
"16765","0.0031431568859463304","0.0031431568859463304","0.0031431568859463304"
"16768","0.0031431568859463304","0.0031431568859463304","0.0031431568859463304"
"16781","0.0031431568859463304","0.0031431568859463304","0.0031431568859463304"
"16784","0.0031431568859463304","0.0031431568859463304","0.0031431568859463304"
"16787","0.0031431568859463304","0.0031431568859463304","0.0031431568859463304"
"16793","0.0031431568859463304","0.0031431568859463304","0.0031431568859463304"
"16795","0.0031431568859463304","0.0031431568859463304","0.0031431568859463304"
"16796","0.0031431568859463304","0.0031431568859463304","0.0031431568859463304"
"16799","0.0031431568859463304","0.0031431568859463304","0.0031431568859463304"
"16802","0.0031431568859463304","0.0031431568859463304","0.0031431568859463304"
"16805","0.0031431568859463304","0.0031431568859463304","0.0031431568859463304"
"16815","0.0031431568859463304","0.0031431568859463304","0.0031431568859463304"
"16823","0.003141177346710862","0.003141177346710862","0.003141177346710862"
"16824","0.0031411773467107888","0.0031411773467107888","0.0031411773467107888"
"16826","0.00313920032953315","0.00313920032953315","0.00313920032953315"
"16833","0.0031352537460548574","0.0031352537460548574","0.0031352537460548574"
"16854","0.0031352537460548574","0.0031352537460548574","0.0031352537460548574"
"16862","0.0031352537460548574","0.0031352537460548574","0.0031352537460548574"
"16867","0.0031352537460548574","0.0031352537460548574","0.0031352537460548574"
"16877","0.0031352537460548574","0.0031352537460548574","0.0031352537460548574"
"16878","0.0031352537460548574","0.0031352537460548574","0.0031352537460548574"
"16881","0.0031352537460548574","0.0031352537460548574","0.0031352537460548574"
"16883","0.0031352537460548574","0.0031352537460548574","0.0031352537460548574"
"16885","0.0031352537460548574","0.0031352537460548574","0.0031352537460548574"
"16893","0.0031352537460548574","0.0031352537460548574","0.0031352537460548574"
"16894","0.0031352537460548574","0.0031352537460548574","0.0031352537460548574"
"16900","0.0031352537460548574","0.0031352537460548574","0.0031352537460548574"
"16902","0.0031352537460548574","0.0031352537460548574","0.0031352537460548574"
"16905","0.0031352537460548574","0.0031352537460548574","0.0031352537460548574"
"16909","0.0031352537460548574","0.0031352537460548574","0.0031352537460548574"
"16914","0.0031352537460548574","0.0031352537460548574","0.0031352537460548574"
"16917","0.0031352537460548574","0.0031352537460548574","0.0031352537460548574"
"16919","0.0031352537460548574","0.0031352537460548574","0.0031352537460548574"
"16924","0.0031352537460548574","0.0031352537460548574","0.0031352537460548574"
"16928","0.0031352537460548574","0.0031352537460548574","0.0031352537460548574"
"16932","0.0031332841704674696","0.0031332841704674696","0.0031332841704674696"
"16936","0.003125430671343038","0.003125430671343038","0.003125430671343038"
"16941","0.0031234734445614227","0.0031234734445614227","0.0031234734445614227"
"16952","0.0031234734445614227","0.0031234734445614227","0.0031234734445614227"
"16955","0.0031234734445614227","0.0031234734445614227","0.0031234734445614227"
"16971","0.0031234734445614227","0.0031234734445614227","0.0031234734445614227"
"16981","0.0031234734445614227","0.0031234734445614227","0.0031234734445614227"
"16982","0.0031234734445614227","0.0031234734445614227","0.0031234734445614227"
"16983","0.0031234734445614227","0.0031234734445614227","0.0031234734445614227"
"16991","0.0031234734445614227","0.0031234734445614227","0.0031234734445614227"
"16994","0.0031234734445614227","0.0031234734445614227","0.0031234734445614227"
"17007","0.0031234734445614227","0.0031234734445614227","0.0031234734445614227"
"17014","0.0031234734445614227","0.0031234734445614227","0.0031234734445614227"
"17026","0.0031234734445614227","0.0031234734445614227","0.0031234734445614227"
"17031","0.0031234734445614227","0.0031234734445614227","0.0031234734445614227"
"17034","0.0031234734445614227","0.0031234734445614227","0.0031234734445614227"
"17038","0.0031234734445614227","0.0031234734445614227","0.0031234734445614227"
"17042","0.003119566388610091","0.003119566388610091","0.003119566388610091"
"17064","0.003105968475692625","0.003105968475692625","0.003105968475692625"
"17065","0.003105968475692625","0.003105968475692625","0.003105968475692625"
"17068","0.003105968475692625","0.003105968475692625","0.003105968475692625"
"17078","0.003105968475692625","0.003105968475692625","0.003105968475692625"
"17102","0.003105968475692625","0.003105968475692625","0.003105968475692625"
"17104","0.003105968475692625","0.003105968475692625","0.003105968475692625"
"17112","0.003105968475692625","0.003105968475692625","0.003105968475692625"
"17113","0.003105968475692625","0.003105968475692625","0.003105968475692625"
"17114","0.003105968475692625","0.003105968475692625","0.003105968475692625"
"17133","0.003105968475692625","0.003105968475692625","0.003105968475692625"
"17140","0.003105968475692625","0.003105968475692625","0.003105968475692625"
"17143","0.003105968475692625","0.003105968475692625","0.003105968475692625"
"17161","0.0030963281962884596","0.0030963281962884596","0.0030963281962884596"
"17169","0.0030963281962884596","0.0030963281962884596","0.0030963281962884596"
"17179","0.0030963281962884596","0.0030963281962884596","0.0030963281962884596"
"17206","0.0030963281962884596","0.0030963281962884596","0.0030963281962884596"
"17207","0.0030963281962884596","0.0030963281962884596","0.0030963281962884596"
"17226","0.0030963281962884596","0.0030963281962884596","0.0030963281962884596"
"17230","0.0030963281962884596","0.0030963281962884596","0.0030963281962884596"
"17236","0.0030963281962884596","0.0030963281962884596","0.0030963281962884596"
"17248","0.0030963281962884596","0.0030963281962884596","0.0030963281962884596"
"17249","0.0030963281962884596","0.0030963281962884596","0.0030963281962884596"
"17257","0.0030963281962884596","0.0030963281962884596","0.0030963281962884596"
"17258","0.0030963281962884596","0.0030963281962884596","0.0030963281962884596"
"17260","0.0030963281962884596","0.0030963281962884596","0.0030963281962884596"
"17286","0.0030823939019146494","0.0030823939019146494","0.0030823939019146494"
"17292","0.0030823939019146494","0.0030823939019146494","0.0030823939019146494"
"17299","0.0030823939019146494","0.0030823939019146494","0.0030823939019146494"
"17307","0.0030823939019146494","0.0030823939019146494","0.0030823939019146494"
"17313","0.0030823939019146494","0.0030823939019146494","0.0030823939019146494"
"17317","0.0030823939019146494","0.0030823939019146494","0.0030823939019146494"
"17323","0.0030823939019146494","0.0030823939019146494","0.0030823939019146494"
"17324","0.0030823939019146494","0.0030823939019146494","0.0030823939019146494"
"17329","0.0030823939019146494","0.0030823939019146494","0.0030823939019146494"
"17332","0.0030823939019146494","0.0030823939019146494","0.0030823939019146494"
"17337","0.0030823939019146494","0.0030823939019146494","0.0030823939019146494"
"17346","0.0030823939019146494","0.0030823939019146494","0.0030823939019146494"
"17349","0.0030823939019146494","0.0030823939019146494","0.0030823939019146494"
"17354","0.0030823939019146494","0.0030823939019146494","0.0030823939019146494"
"17357","0.0030823939019146494","0.0030823939019146494","0.0030823939019146494"
"17358","0.0030823939019146494","0.0030823939019146494","0.0030823939019146494"
"17361","0.0030823939019146494","0.0030823939019146494","0.0030823939019146494"
"17364","0.0030823939019146494","0.0030823939019146494","0.0030823939019146494"
"17369","0.0030823939019146494","0.0030823939019146494","0.0030823939019146494"
"17370","0.0030823939019146494","0.0030823939019146494","0.0030823939019146494"
"17373","0.0030804903169308717","0.0030804903169308717","0.0030804903169308717"
"17382","0.0030691181902240466","0.0030691181902240466","0.0030691181902240466"
"17384","0.0030691181902240466","0.0030691181902240466","0.0030691181902240466"
"17387","0.0030691181902240466","0.0030691181902240466","0.0030691181902240466"
"17390","0.0030691181902240466","0.0030691181902240466","0.0030691181902240466"
"17400","0.0030691181902240466","0.0030691181902240466","0.0030691181902240466"
"17406","0.0030691181902240466","0.0030691181902240466","0.0030691181902240466"
"17409","0.0030691181902240466","0.0030691181902240466","0.0030691181902240466"
"17411","0.0030691181902240466","0.0030691181902240466","0.0030691181902240466"
"17418","0.0030691181902240466","0.0030691181902240466","0.0030691181902240466"
"17431","0.0030691181902240466","0.0030691181902240466","0.0030691181902240466"
"17449","0.0030691181902240466","0.0030691181902240466","0.0030691181902240466"
"17451","0.0030691181902240466","0.0030691181902240466","0.0030691181902240466"
"17459","0.0030691181902240466","0.0030691181902240466","0.0030691181902240466"
"17467","0.0030691181902240466","0.0030691181902240466","0.0030691181902240466"
"17475","0.0030691181902240466","0.0030691181902240466","0.0030691181902240466"
"17483","0.003067231011354174","0.003067231011354174","0.003067231011354174"
"17485","0.003063463623959652","0.003063463623959652","0.003063463623959652"
"17489","0.003057829904116063","0.003057829904116063","0.003057829904116063"
"17500","0.0030560848420706083","0.0030560848420706083","0.0030560848420706083"
"17515","0.0030560848420706083","0.0030560848420706083","0.0030560848420706083"
"17518","0.0030560848420706083","0.0030560848420706083","0.0030560848420706083"
"17522","0.0030560848420706083","0.0030560848420706083","0.0030560848420706083"
"17523","0.0030560848420706083","0.0030560848420706083","0.0030560848420706083"
"17528","0.0030560848420706083","0.0030560848420706083","0.0030560848420706083"
"17541","0.0030560848420706083","0.0030560848420706083","0.0030560848420706083"
"17544","0.0030560848420706083","0.0030560848420706083","0.0030560848420706083"
"17546","0.0030560848420706083","0.0030560848420706083","0.0030560848420706083"
"17549","0.0030560848420706083","0.0030560848420706083","0.0030560848420706083"
"17566","0.0030560848420706083","0.0030560848420706083","0.0030560848420706083"
"17568","0.0030560848420706083","0.0030560848420706083","0.0030560848420706083"
"17572","0.0030560848420706083","0.0030560848420706083","0.0030560848420706083"
"17582","0.0030560848420706083","0.0030560848420706083","0.0030560848420706083"
"17587","0.0030560848420706083","0.0030560848420706083","0.0030560848420706083"
"17595","0.0030510088535557226","0.0030510088535557226","0.0030510088535557226"
"17600","0.0030417070071684597","0.0030417070071684597","0.0030417070071684597"
"17609","0.0030417070071684597","0.0030417070071684597","0.0030417070071684597"
"17618","0.0030417070071684597","0.0030417070071684597","0.0030417070071684597"
"17621","0.0030417070071684597","0.0030417070071684597","0.0030417070071684597"
"17634","0.0030417070071684597","0.0030417070071684597","0.0030417070071684597"
"17639","0.0030417070071684597","0.0030417070071684597","0.0030417070071684597"
"17647","0.0030417070071684597","0.0030417070071684597","0.0030417070071684597"
"17650","0.0030417070071684597","0.0030417070071684597","0.0030417070071684597"
"17652","0.0030417070071684597","0.0030417070071684597","0.0030417070071684597"
"17658","0.0030417070071684597","0.0030417070071684597","0.0030417070071684597"
"17660","0.0030417070071684597","0.0030417070071684597","0.0030417070071684597"
"17662","0.0030417070071684597","0.0030417070071684597","0.0030417070071684597"
"17665","0.0030417070071684597","0.0030417070071684597","0.0030417070071684597"
"17673","0.0030417070071684597","0.0030417070071684597","0.0030417070071684597"
"17683","0.0030417070071684597","0.0030417070071684597","0.0030417070071684597"
"17685","0.0030417070071684597","0.0030417070071684597","0.0030417070071684597"
"17689","0.0030417070071684597","0.0030417070071684597","0.0030417070071684597"
"17690","0.0030417070071684597","0.0030417070071684597","0.0030417070071684597"
"17695","0.0030417070071684597","0.0030417070071684597","0.0030417070071684597"
"17699","0.0030417070071684597","0.0030417070071684597","0.0030417070071684597"
"17702","0.003038132600998095","0.003038132600998095","0.003038132600998095"
"17727","0.0030289091608326044","0.0030289091608326044","0.0030289091608326044"
"17734","0.0030289091608326044","0.0030289091608326044","0.0030289091608326044"
"17735","0.0030289091608326044","0.0030289091608326044","0.0030289091608326044"
"17742","0.0030289091608326044","0.0030289091608326044","0.0030289091608326044"
"17749","0.0030289091608326044","0.0030289091608326044","0.0030289091608326044"
"17750","0.0030289091608326044","0.0030289091608326044","0.0030289091608326044"
"17757","0.0030289091608326044","0.0030289091608326044","0.0030289091608326044"
"17761","0.0030289091608326044","0.0030289091608326044","0.0030289091608326044"
"17763","0.0030289091608326044","0.0030289091608326044","0.0030289091608326044"
"17766","0.0030289091608326044","0.0030289091608326044","0.0030289091608326044"
"17768","0.0030289091608326044","0.0030289091608326044","0.0030289091608326044"
"17777","0.0030289091608326044","0.0030289091608326044","0.0030289091608326044"
"17779","0.0030289091608326044","0.0030289091608326044","0.0030289091608326044"
"17782","0.0030289091608326044","0.0030289091608326044","0.0030289091608326044"
"17785","0.0030289091608326044","0.0030289091608326044","0.0030289091608326044"
"17786","0.0030289091608326044","0.0030289091608326044","0.0030289091608326044"
"17792","0.0030289091608326044","0.0030289091608326044","0.0030289091608326044"
"17796","0.0030289091608326044","0.0030289091608326044","0.0030289091608326044"
"17798","0.0030289091608326044","0.0030289091608326044","0.0030289091608326044"
"17799","0.0030289091608326044","0.0030289091608326044","0.0030289091608326044"
"17807","0.0030289091608326044","0.0030289091608326044","0.0030289091608326044"
"17810","0.0030289091608326044","0.0030289091608326044","0.0030289091608326044"
"17820","0.0030173930410023427","0.0030173930410023427","0.0030173930410023427"
"17825","0.0030173930410023427","0.0030173930410023427","0.0030173930410023427"
"17836","0.0030173930410023427","0.0030173930410023427","0.0030173930410023427"
"17841","0.0030173930410023427","0.0030173930410023427","0.0030173930410023427"
"17845","0.0030173930410023427","0.0030173930410023427","0.0030173930410023427"
"17855","0.0030173930410023427","0.0030173930410023427","0.0030173930410023427"
"17858","0.0030173930410023427","0.0030173930410023427","0.0030173930410023427"
"17862","0.0030173930410023427","0.0030173930410023427","0.0030173930410023427"
"17866","0.0030173930410023427","0.0030173930410023427","0.0030173930410023427"
"17874","0.0030173930410023427","0.0030173930410023427","0.0030173930410023427"
"17878","0.0030173930410023427","0.0030173930410023427","0.0030173930410023427"
"17884","0.0030173930410023427","0.0030173930410023427","0.0030173930410023427"
"17899","0.0030173930410023427","0.0030173930410023427","0.0030173930410023427"
"17916","0.0030173930410023427","0.0030173930410023427","0.0030173930410023427"
"17934","0.003008295201967614","0.003008295201967614","0.003008295201967614"
"17945","0.003008295201967614","0.003008295201967614","0.003008295201967614"
"17950","0.003008295201967614","0.003008295201967614","0.003008295201967614"
"17953","0.003008295201967614","0.003008295201967614","0.003008295201967614"
"17954","0.003008295201967614","0.003008295201967614","0.003008295201967614"
"17962","0.003008295201967614","0.003008295201967614","0.003008295201967614"
"17966","0.003008295201967614","0.003008295201967614","0.003008295201967614"
"17975","0.003008295201967614","0.003008295201967614","0.003008295201967614"
"17986","0.003008295201967614","0.003008295201967614","0.003008295201967614"
"17991","0.003008295201967614","0.003008295201967614","0.003008295201967614"
"17995","0.003008295201967614","0.003008295201967614","0.003008295201967614"
"18001","0.003008295201967614","0.003008295201967614","0.003008295201967614"
"18007","0.003008295201967614","0.003008295201967614","0.003008295201967614"
"18013","0.003008295201967614","0.003008295201967614","0.003008295201967614"
"18023","0.003008295201967614","0.003008295201967614","0.003008295201967614"
"18027","0.003008295201967614","0.003008295201967614","0.003008295201967614"
"18034","0.0030064822174478","0.0030064822174478","0.0030064822174478"
"18037","0.0030028628387127245","0.0030028628387127245","0.0030028628387127245"
"18046","0.003002862829506435","0.003002862829506435","0.003002862829506435"
"18054","0.003002862829506435","0.003002862829506435","0.003002862829506435"
"18055","0.003002862829506435","0.003002862829506435","0.003002862829506435"
"18062","0.003002862829506435","0.003002862829506435","0.003002862829506435"
"18068","0.003002862829506435","0.003002862829506435","0.003002862829506435"
"18069","0.003002862829506435","0.003002862829506435","0.003002862829506435"
"18086","0.003002862829506435","0.003002862829506435","0.003002862829506435"
"18091","0.003002862829506435","0.003002862829506435","0.003002862829506435"
"18094","0.003002862829506435","0.003002862829506435","0.003002862829506435"
"18102","0.003002862829506435","0.003002862829506435","0.003002862829506435"
"18108","0.003002862829506435","0.003002862829506435","0.003002862829506435"
"18109","0.003002862829506435","0.003002862829506435","0.003002862829506435"
"18117","0.003002862829506435","0.003002862829506435","0.003002862829506435"
"18118","0.003002862829506435","0.003002862829506435","0.003002862829506435"
"18119","0.003002862829506435","0.003002862829506435","0.003002862829506435"
"18121","0.003002862829506435","0.003002862829506435","0.003002862829506435"
"18122","0.003002862829506435","0.003002862829506435","0.003002862829506435"
"18136","0.003002862829506435","0.003002862829506435","0.003002862829506435"
"18137","0.003002862829506435","0.003002862829506435","0.003002862829506435"
"18145","0.0029956502019685897","0.0029956502019685897","0.0029956502019685897"
"18161","0.0029902634633783187","0.0029902634633783187","0.0029902634633783187"
"18171","0.0029902634633783187","0.0029902634633783187","0.0029902634633783187"
"18173","0.0029902634633783187","0.0029902634633783187","0.0029902634633783187"
"18177","0.0029902634633783187","0.0029902634633783187","0.0029902634633783187"
"18181","0.0029902634633783187","0.0029902634633783187","0.0029902634633783187"
"18182","0.0029902634633783187","0.0029902634633783187","0.0029902634633783187"
"18185","0.0029902634633783187","0.0029902634633783187","0.0029902634633783187"
"18192","0.0029902634633783187","0.0029902634633783187","0.0029902634633783187"
"18193","0.0029902634633783187","0.0029902634633783187","0.0029902634633783187"
"18203","0.0029902634633783187","0.0029902634633783187","0.0029902634633783187"
"18205","0.0029902634633783187","0.0029902634633783187","0.0029902634633783187"
"18217","0.0029902634633783187","0.0029902634633783187","0.0029902634633783187"
"18218","0.0029902634633783187","0.0029902634633783187","0.0029902634633783187"
"18236","0.0029902634633783187","0.0029902634633783187","0.0029902634633783187"
"18254","0.0029865522915633116","0.0029865522915633116","0.0029865522915633116"
"18260","0.0029829808083254345","0.0029829808083254345","0.0029829808083254345"
"18262","0.0029829808083254345","0.0029829808083254345","0.0029829808083254345"
"18265","0.0029829808083254345","0.0029829808083254345","0.0029829808083254345"
"18277","0.0029829808083254345","0.0029829808083254345","0.0029829808083254345"
"18308","0.0029829808083254345","0.0029829808083254345","0.0029829808083254345"
"18312","0.0029829808083254345","0.0029829808083254345","0.0029829808083254345"
"18319","0.0029829808083254345","0.0029829808083254345","0.0029829808083254345"
"18322","0.0029829808083254345","0.0029829808083254345","0.0029829808083254345"
"18330","0.0029829808083254345","0.0029829808083254345","0.0029829808083254345"
"18332","0.0029829808083254345","0.0029829808083254345","0.0029829808083254345"
"18334","0.0029829808083254345","0.0029829808083254345","0.0029829808083254345"
"18347","0.0029829808083254345","0.0029829808083254345","0.0029829808083254345"
"18363","0.0029794178845686274","0.0029794178845686274","0.0029794178845686274"
"18364","0.0029776396152035685","0.0029776396152035685","0.0029776396152035685"
"18365","0.0029758634719827992","0.0029758634719827992","0.0029758634719827992"
"18370","0.0029670145149779423","0.0029670145149779423","0.0029670145149779423"
"18373","0.0029670145149779423","0.0029670145149779423","0.0029670145149779423"
"18385","0.0029670145149779423","0.0029670145149779423","0.0029670145149779423"
"18391","0.0029670145149779423","0.0029670145149779423","0.0029670145149779423"
"18397","0.0029670145149779423","0.0029670145149779423","0.0029670145149779423"
"18405","0.0029670145149779423","0.0029670145149779423","0.0029670145149779423"
"18409","0.0029670145149779423","0.0029670145149779423","0.0029670145149779423"
"18413","0.0029670145149779423","0.0029670145149779423","0.0029670145149779423"
"18416","0.0029670145149779423","0.0029670145149779423","0.0029670145149779423"
"18431","0.0029670145149779423","0.0029670145149779423","0.0029670145149779423"
"18432","0.0029670145149779423","0.0029670145149779423","0.0029670145149779423"
"18436","0.0029670145149779423","0.0029670145149779423","0.0029670145149779423"
"18437","0.0029670145149779423","0.0029670145149779423","0.0029670145149779423"
"18442","0.0029670145149779423","0.0029670145149779423","0.0029670145149779423"
"18447","0.0029670145149779423","0.0029670145149779423","0.0029670145149779423"
"18450","0.0029670145149779423","0.0029670145149779423","0.0029670145149779423"
"18452","0.0029670145149779423","0.0029670145149779423","0.0029670145149779423"
"18453","0.0029670145149779423","0.0029670145149779423","0.0029670145149779423"
"18456","0.0029670145149779423","0.0029670145149779423","0.0029670145149779423"
"18471","0.0029670145064314354","0.0029670145064314354","0.0029670145064314354"
"18477","0.00296525104031843","0.00296525104031843","0.00296525104031843"
"18479","0.0029617304117076845","0.0029617304117076845","0.0029617304117076845"
"18483","0.0029599732331843714","0.0029599732331843714","0.0029599732331843714"
"18487","0.0029599732331843714","0.0029599732331843714","0.0029599732331843714"
"18489","0.0029599732331843714","0.0029599732331843714","0.0029599732331843714"
"18494","0.0029599732331843714","0.0029599732331843714","0.0029599732331843714"
"18500","0.0029599732331843714","0.0029599732331843714","0.0029599732331843714"
"18507","0.0029599732331843714","0.0029599732331843714","0.0029599732331843714"
"18522","0.0029599732331843714","0.0029599732331843714","0.0029599732331843714"
"18531","0.0029599732331843714","0.0029599732331843714","0.0029599732331843714"
"18533","0.0029599732331843714","0.0029599732331843714","0.0029599732331843714"
"18536","0.0029599732331843714","0.0029599732331843714","0.0029599732331843714"
"18542","0.0029599732331843714","0.0029599732331843714","0.0029599732331843714"
"18550","0.0029599732331843714","0.0029599732331843714","0.0029599732331843714"
"18551","0.0029599732331843714","0.0029599732331843714","0.0029599732331843714"
"18571","0.0029599732331843714","0.0029599732331843714","0.0029599732331843714"
"18577","0.0029599732331843714","0.0029599732331843714","0.0029599732331843714"
"18581","0.0029582181430405125","0.0029582181430405125","0.0029582181430405125"
"18584","0.0029564651291815215","0.0029564651291815215","0.0029564651291815215"
"18585","0.002954714212966241","0.002954714212966241","0.002954714212966241"
"18590","0.0029494738877939106","0.0029494738877939106","0.0029494738877939106"
"18594","0.0029494738877939106","0.0029494738877939106","0.0029494738877939106"
"18613","0.0029494738877939106","0.0029494738877939106","0.0029494738877939106"
"18620","0.0029494738877939106","0.0029494738877939106","0.0029494738877939106"
"18635","0.0029494738877939106","0.0029494738877939106","0.0029494738877939106"
"18637","0.0029494738877939106","0.0029494738877939106","0.0029494738877939106"
"18651","0.0029494738877939106","0.0029494738877939106","0.0029494738877939106"
"18664","0.0029494738877939106","0.0029494738877939106","0.0029494738877939106"
"18667","0.0029494738877939106","0.0029494738877939106","0.0029494738877939106"
"18668","0.0029494738877939106","0.0029494738877939106","0.0029494738877939106"
"18669","0.0029494738877939106","0.0029494738877939106","0.0029494738877939106"
"18670","0.0029494738877939106","0.0029494738877939106","0.0029494738877939106"
"18672","0.0029494738877939106","0.0029494738877939106","0.0029494738877939106"
"18673","0.0029494738877939106","0.0029494738877939106","0.0029494738877939106"
"18678","0.0029494738877939106","0.0029494738877939106","0.0029494738877939106"
"18685","0.0029494738877939106","0.0029494738877939106","0.0029494738877939106"
"18689","0.0029494738877939106","0.0029494738877939106","0.0029494738877939106"
"18692","0.0029520860179152314","0.0029520860179152314","0.0029520860179152314"
"18705","0.0029625809702812774","0.0029625809702812774","0.0029625809702812774"
"18711","0.0029625809702812774","0.0029625809702812774","0.0029625809702812774"
"18722","0.0029625809702812774","0.0029625809702812774","0.0029625809702812774"
"18740","0.0029625809702812774","0.0029625809702812774","0.0029625809702812774"
"18743","0.0029625809702812774","0.0029625809702812774","0.0029625809702812774"
"18755","0.0029625809702812774","0.0029625809702812774","0.0029625809702812774"
"18776","0.0029625809702812774","0.0029625809702812774","0.0029625809702812774"
"18780","0.0029625809702812774","0.0029625809702812774","0.0029625809702812774"
"18781","0.0029625809702812774","0.0029625809702812774","0.0029625809702812774"
"18793","0.0029625809702812774","0.0029625809702812774","0.0029625809702812774"
"18800","0.0029625809702812774","0.0029625809702812774","0.0029625809702812774"
"18803","0.002957761535980408","0.002957761535980408","0.002957761535980408"
"18806","0.002952957756423633","0.002952957756423633","0.002952957756423633"
"18818","0.0029477350343354563","0.0029477350343354563","0.0029477350343354563"
"18820","0.0029477350343354563","0.0029477350343354563","0.0029477350343354563"
"18821","0.0029477350343354563","0.0029477350343354563","0.0029477350343354563"
"18825","0.0029477350343354563","0.0029477350343354563","0.0029477350343354563"
"18826","0.0029477350343354563","0.0029477350343354563","0.0029477350343354563"
"18841","0.0029477350343354563","0.0029477350343354563","0.0029477350343354563"
"18844","0.0029477350343354563","0.0029477350343354563","0.0029477350343354563"
"18849","0.0029477350343354563","0.0029477350343354563","0.0029477350343354563"
"18864","0.0029477350343354563","0.0029477350343354563","0.0029477350343354563"
"18870","0.0029477350343354563","0.0029477350343354563","0.0029477350343354563"
"18872","0.0029477350343354563","0.0029477350343354563","0.0029477350343354563"
"18874","0.0029477350343354563","0.0029477350343354563","0.0029477350343354563"
"18876","0.0029477350343354563","0.0029477350343354563","0.0029477350343354563"
"18878","0.0029477350343354563","0.0029477350343354563","0.0029477350343354563"
"18879","0.0029477350343354563","0.0029477350343354563","0.0029477350343354563"
"18888","0.0029477350343354563","0.0029477350343354563","0.0029477350343354563"
"18891","0.0029477350343354563","0.0029477350343354563","0.0029477350343354563"
"18894","0.0029477350343354563","0.0029477350343354563","0.0029477350343354563"
"18898","0.0029477350343354563","0.0029477350343354563","0.0029477350343354563"
"18904","0.0029477350343354563","0.0029477350343354563","0.0029477350343354563"
"18913","0.0029442521579233637","0.0029442521579233637","0.0029442521579233637"
"18920","0.0029357210570088482","0.0029357210570088482","0.0029357210570088482"
"18923","0.0029357210570088482","0.0029357210570088482","0.0029357210570088482"
"18925","0.0029357210570088482","0.0029357210570088482","0.0029357210570088482"
"18934","0.0029357210570088482","0.0029357210570088482","0.0029357210570088482"
"18935","0.0029357210570088482","0.0029357210570088482","0.0029357210570088482"
"18938","0.0029357210570088482","0.0029357210570088482","0.0029357210570088482"
"18946","0.0029357210570088482","0.0029357210570088482","0.0029357210570088482"
"18949","0.0029357210570088482","0.0029357210570088482","0.0029357210570088482"
"18950","0.0029357210570088482","0.0029357210570088482","0.0029357210570088482"
"18951","0.0029357210570088482","0.0029357210570088482","0.0029357210570088482"
"18975","0.0029357210570088482","0.0029357210570088482","0.0029357210570088482"
"18976","0.0029357210570088482","0.0029357210570088482","0.0029357210570088482"
"18983","0.0029357210570088482","0.0029357210570088482","0.0029357210570088482"
"18985","0.0029357210570088482","0.0029357210570088482","0.0029357210570088482"
"18987","0.0029357210570088482","0.0029357210570088482","0.0029357210570088482"
"18990","0.0029357210570088482","0.0029357210570088482","0.0029357210570088482"
"18996","0.0029357210570088482","0.0029357210570088482","0.0029357210570088482"
"19003","0.0029357210570088482","0.0029357210570088482","0.0029357210570088482"
"19006","0.0029357210570088482","0.0029357210570088482","0.0029357210570088482"
"19007","0.0029357210570088482","0.0029357210570088482","0.0029357210570088482"
"19010","0.0029357210570088482","0.0029357210570088482","0.0029357210570088482"
"19027","0.0029409105969266107","0.0029409105969266107","0.0029409105969266107"
"19032","0.0029461204377264753","0.0029461204377264753","0.0029461204377264753"
"19040","0.0029461204377264753","0.0029461204377264753","0.0029461204377264753"
"19042","0.0029461204377264753","0.0029461204377264753","0.0029461204377264753"
"19044","0.0029461204377264753","0.0029461204377264753","0.0029461204377264753"
"19046","0.0029461204377264753","0.0029461204377264753","0.0029461204377264753"
"19062","0.0029461204377264753","0.0029461204377264753","0.0029461204377264753"
"19069","0.0029461204377264753","0.0029461204377264753","0.0029461204377264753"
"19073","0.0029461204377264753","0.0029461204377264753","0.0029461204377264753"
"19076","0.0029461204377264753","0.0029461204377264753","0.0029461204377264753"
"19093","0.0029461204377264753","0.0029461204377264753","0.0029461204377264753"
"19095","0.0029461204377264753","0.0029461204377264753","0.0029461204377264753"
"19109","0.0029461204377264753","0.0029461204377264753","0.0029461204377264753"
"19111","0.0029461204377264753","0.0029461204377264753","0.0029461204377264753"
"19116","0.0029461204377264753","0.0029461204377264753","0.0029461204377264753"
"19126","0.0029461204377264753","0.0029461204377264753","0.0029461204377264753"
"19136","0.0029391799611171647","0.0029391799611171647","0.0029391799611171647"
"19139","0.0029339946706247594","0.0029339946706247594","0.0029339946706247594"
"19140","0.002932270309861301","0.002932270309861301","0.002932270309861301"
"19148","0.002932270309861301","0.002932270309861301","0.002932270309861301"
"19167","0.002932270309861301","0.002932270309861301","0.002932270309861301"
"19168","0.002932270309861301","0.002932270309861301","0.002932270309861301"
"19170","0.002932270309861301","0.002932270309861301","0.002932270309861301"
"19177","0.002932270309861301","0.002932270309861301","0.002932270309861301"
"19180","0.002932270309861301","0.002932270309861301","0.002932270309861301"
"19197","0.002932270309861301","0.002932270309861301","0.002932270309861301"
"19199","0.002932270309861301","0.002932270309861301","0.002932270309861301"
"19201","0.002932270309861301","0.002932270309861301","0.002932270309861301"
"19208","0.002932270309861301","0.002932270309861301","0.002932270309861301"
"19210","0.002932270309861301","0.002932270309861301","0.002932270309861301"
"19216","0.002932270309861301","0.002932270309861301","0.002932270309861301"
"19222","0.002932270309861301","0.002932270309861301","0.002932270309861301"
"19225","0.002932270309861301","0.002932270309861301","0.002932270309861301"
"19236","0.002932270309861301","0.002932270309861301","0.002932270309861301"
"19251","0.0029231842812956","0.0029231842812956","0.0029231842812956"
"19256","0.0029231842812956","0.0029231842812956","0.0029231842812956"
"19258","0.0029231842812956","0.0029231842812956","0.0029231842812956"
"19261","0.0029231842812956","0.0029231842812956","0.0029231842812956"
"19263","0.0029231842812956","0.0029231842812956","0.0029231842812956"
"19266","0.0029231842812956","0.0029231842812956","0.0029231842812956"
"19281","0.0029231842812956","0.0029231842812956","0.0029231842812956"
"19290","0.0029231842812956","0.0029231842812956","0.0029231842812956"
"19296","0.0029231842812956","0.0029231842812956","0.0029231842812956"
"19297","0.0029231842812956","0.0029231842812956","0.0029231842812956"
"19320","0.0029231842812956","0.0029231842812956","0.0029231842812956"
"19326","0.0029231842812956","0.0029231842812956","0.0029231842812956"
"19350","0.0029231842812956","0.0029231842812956","0.0029231842812956"
"19359","0.0029326325583001033","0.0029326325583001033","0.0029326325583001033"
"19371","0.0029326325622847788","0.0029326325622847788","0.0029326325622847788"
"19377","0.0029326325622847788","0.0029326325622847788","0.0029326325622847788"
"19381","0.0029326325622847788","0.0029326325622847788","0.0029326325622847788"
"19388","0.0029326325622847788","0.0029326325622847788","0.0029326325622847788"
"19389","0.0029326325622847788","0.0029326325622847788","0.0029326325622847788"
"19396","0.0029326325622847788","0.0029326325622847788","0.0029326325622847788"
"19405","0.0029326325622847788","0.0029326325622847788","0.0029326325622847788"
"19408","0.0029326325622847788","0.0029326325622847788","0.0029326325622847788"
"19411","0.0029326325622847788","0.0029326325622847788","0.0029326325622847788"
"19414","0.0029326325622847788","0.0029326325622847788","0.0029326325622847788"
"19416","0.0029326325622847788","0.0029326325622847788","0.0029326325622847788"
"19435","0.0029326325622847788","0.0029326325622847788","0.0029326325622847788"
"19446","0.0029326325622847788","0.0029326325622847788","0.0029326325622847788"
"19450","0.0029326325622847788","0.0029326325622847788","0.0029326325622847788"
"19464","0.002925755534118595","0.002925755534118595","0.002925755534118595"
"19471","0.0029206175535910228","0.0029206175535910228","0.0029206175535910228"
"19478","0.0029206175535910228","0.0029206175535910228","0.0029206175535910228"
"19481","0.0029206175535910228","0.0029206175535910228","0.0029206175535910228"
"19486","0.0029206175535910228","0.0029206175535910228","0.0029206175535910228"
"19489","0.0029206175535910228","0.0029206175535910228","0.0029206175535910228"
"19494","0.0029206175535910228","0.0029206175535910228","0.0029206175535910228"
"19499","0.0029206175535910228","0.0029206175535910228","0.0029206175535910228"
"19507","0.0029206175535910228","0.0029206175535910228","0.0029206175535910228"
"19510","0.0029206175535910228","0.0029206175535910228","0.0029206175535910228"
"19511","0.0029206175535910228","0.0029206175535910228","0.0029206175535910228"
"19516","0.0029206175535910228","0.0029206175535910228","0.0029206175535910228"
"19518","0.0029206175535910228","0.0029206175535910228","0.0029206175535910228"
"19525","0.0029206175535910228","0.0029206175535910228","0.0029206175535910228"
"19529","0.0029206175535910228","0.0029206175535910228","0.0029206175535910228"
"19534","0.0029206175535910228","0.0029206175535910228","0.0029206175535910228"
"19545","0.0029206175535910228","0.0029206175535910228","0.0029206175535910228"
"19546","0.0029206175535910228","0.0029206175535910228","0.0029206175535910228"
"19548","0.0029206175535910228","0.0029206175535910228","0.0029206175535910228"
"19564","0.0029206175535910228","0.0029206175535910228","0.0029206175535910228"
"19567","0.0029206175535910228","0.0029206175535910228","0.0029206175535910228"
"19570","0.0029206175535910228","0.0029206175535910228","0.0029206175535910228"
"19572","0.002917696036691783","0.002917696036691783","0.002917696036691783"
"19581","0.002911736491843625","0.002911736491843625","0.002911736491843625"
"19582","0.002911736491843625","0.002911736491843625","0.002911736491843625"
"19585","0.002911736491843625","0.002911736491843625","0.002911736491843625"
"19592","0.002911736491843625","0.002911736491843625","0.002911736491843625"
"19595","0.002911736491843625","0.002911736491843625","0.002911736491843625"
"19603","0.002911736491843625","0.002911736491843625","0.002911736491843625"
"19604","0.002911736491843625","0.002911736491843625","0.002911736491843625"
"19618","0.002911736491843625","0.002911736491843625","0.002911736491843625"
"19620","0.002911736491843625","0.002911736491843625","0.002911736491843625"
"19627","0.002911736491843625","0.002911736491843625","0.002911736491843625"
"19634","0.002911736491843625","0.002911736491843625","0.002911736491843625"
"19653","0.002911736491843625","0.002911736491843625","0.002911736491843625"
"19654","0.002911736491843625","0.002911736491843625","0.002911736491843625"
"19659","0.002911736491843625","0.002911736491843625","0.002911736491843625"
"19660","0.002911736491843625","0.002911736491843625","0.002911736491843625"
"19673","0.002911736491843625","0.002911736491843625","0.002911736491843625"
"19676","0.002911736491843625","0.002911736491843625","0.002911736491843625"
"19680","0.002911736491843625","0.002911736491843625","0.002911736491843625"
"19681","0.002910038242594233","0.002910038242594233","0.002910038242594233"
"19683","0.0029100382349709444","0.0029100382349709444","0.0029100382349709444"
"19686","0.00290664769264738","0.00290664769264738","0.00290664769264738"
"19695","0.00290157668707834","0.00290157668707834","0.00290157668707834"
"19704","0.00290157668707834","0.00290157668707834","0.00290157668707834"
"19709","0.00290157668707834","0.00290157668707834","0.00290157668707834"
"19711","0.00290157668707834","0.00290157668707834","0.00290157668707834"
"19712","0.00290157668707834","0.00290157668707834","0.00290157668707834"
"19716","0.00290157668707834","0.00290157668707834","0.00290157668707834"
"19718","0.00290157668707834","0.00290157668707834","0.00290157668707834"
"19725","0.00290157668707834","0.00290157668707834","0.00290157668707834"
"19740","0.00290157668707834","0.00290157668707834","0.00290157668707834"
"19761","0.00290157668707834","0.00290157668707834","0.00290157668707834"
"19768","0.00290157668707834","0.00290157668707834","0.00290157668707834"
"19777","0.00290157668707834","0.00290157668707834","0.00290157668707834"
"19787","0.00290157668707834","0.00290157668707834","0.00290157668707834"
"19805","0.0028898130150507295","0.0028898130150507295","0.0028898130150507295"
"19809","0.0028898130150507295","0.0028898130150507295","0.0028898130150507295"
"19836","0.0028898130150507295","0.0028898130150507295","0.0028898130150507295"
"19839","0.0028898130150507295","0.0028898130150507295","0.0028898130150507295"
"19841","0.0028898130150507295","0.0028898130150507295","0.0028898130150507295"
"19843","0.0028898130150507295","0.0028898130150507295","0.0028898130150507295"
"19864","0.0028898130150507295","0.0028898130150507295","0.0028898130150507295"
"19878","0.0028898130150507295","0.0028898130150507295","0.0028898130150507295"
"19883","0.0028898130150507295","0.0028898130150507295","0.0028898130150507295"
"19891","0.0028898130150507295","0.0028898130150507295","0.0028898130150507295"
"19899","0.0028898130150507295","0.0028898130150507295","0.0028898130150507295"
"19900","0.0028898130150507295","0.0028898130150507295","0.0028898130150507295"
"19901","0.002891902279209129","0.002891902279209129","0.002891902279209129"
"19906","0.0028973485308044777","0.0028973485308044777","0.0028973485308044777"
"19911","0.002904079835790885","0.002904079835790885","0.002904079835790885"
"19912","0.002904079835790885","0.002904079835790885","0.002904079835790885"
"19916","0.002904079835790885","0.002904079835790885","0.002904079835790885"
"19918","0.002904079835790885","0.002904079835790885","0.002904079835790885"
"19924","0.002904079835790885","0.002904079835790885","0.002904079835790885"
"19929","0.002904079835790885","0.002904079835790885","0.002904079835790885"
"19931","0.002904079835790885","0.002904079835790885","0.002904079835790885"
"19934","0.002904079835790885","0.002904079835790885","0.002904079835790885"
"19935","0.002904079835790885","0.002904079835790885","0.002904079835790885"
"19937","0.002904079835790885","0.002904079835790885","0.002904079835790885"
"19938","0.002904079835790885","0.002904079835790885","0.002904079835790885"
"19939","0.002904079835790885","0.002904079835790885","0.002904079835790885"
"19946","0.002904079835790885","0.002904079835790885","0.002904079835790885"
"19950","0.002904079835790885","0.002904079835790885","0.002904079835790885"
"19981","0.002904079835790885","0.002904079835790885","0.002904079835790885"
"19986","0.002904079835790885","0.002904079835790885","0.002904079835790885"
"19992","0.002904079835790885","0.002904079835790885","0.002904079835790885"
"20001","0.002904079835790885","0.002904079835790885","0.002904079835790885"
"20010","0.002904079835790885","0.002904079835790885","0.002904079835790885"
"20011","0.0029019729455653028","0.0029019729455653028","0.0029019729455653028"
"20014","0.0028973485308044777","0.0028973485308044777","0.0028973485308044777"
"20018","0.0028889781544047407","0.0028889781544047407","0.0028889781544047407"
"20019","0.002886893111673981","0.002886893111673981","0.002886893111673981"
"20026","0.002885643530041105","0.002885643530041105","0.002885643530041105"
"20029","0.002885643530041105","0.002885643530041105","0.002885643530041105"
"20033","0.002885643530041105","0.002885643530041105","0.002885643530041105"
"20043","0.002885643530041105","0.002885643530041105","0.002885643530041105"
"20046","0.002885643530041105","0.002885643530041105","0.002885643530041105"
"20054","0.002885643530041105","0.002885643530041105","0.002885643530041105"
"20062","0.002885643530041105","0.002885643530041105","0.002885643530041105"
"20069","0.002885643530041105","0.002885643530041105","0.002885643530041105"
"20072","0.002885643530041105","0.002885643530041105","0.002885643530041105"
"20079","0.002885643530041105","0.002885643530041105","0.002885643530041105"
"20088","0.002885643530041105","0.002885643530041105","0.002885643530041105"
"20092","0.002885643530041105","0.002885643530041105","0.002885643530041105"
"20101","0.002885643530041105","0.002885643530041105","0.002885643530041105"
"20118","0.002885643530041105","0.002885643530041105","0.002885643530041105"
"20120","0.002885643530041105","0.002885643530041105","0.002885643530041105"
"20122","0.0028838302060860688","0.0028838302060860688","0.0028838302060860688"
"20129","0.0028755204712103263","0.0028755204712103263","0.0028755204712103263"
"20130","0.0028738642794734564","0.0028738642794734564","0.0028738642794734564"
"20131","0.0028738642794734564","0.0028738642794734564","0.0028738642794734564"
"20135","0.0028738642794734564","0.0028738642794734564","0.0028738642794734564"
"20137","0.0028738642794734564","0.0028738642794734564","0.0028738642794734564"
"20156","0.0028738642794734564","0.0028738642794734564","0.0028738642794734564"
"20166","0.0028738642794734564","0.0028738642794734564","0.0028738642794734564"
"20170","0.0028738642794734564","0.0028738642794734564","0.0028738642794734564"
"20178","0.0028738642794734564","0.0028738642794734564","0.0028738642794734564"
"20184","0.0028738642794734564","0.0028738642794734564","0.0028738642794734564"
"20192","0.0028738642794734564","0.0028738642794734564","0.0028738642794734564"
"20199","0.0028738642794734564","0.0028738642794734564","0.0028738642794734564"
"20205","0.0028738642794734564","0.0028738642794734564","0.0028738642794734564"
"20208","0.0028738642794734564","0.0028738642794734564","0.0028738642794734564"
"20209","0.0028738642794734564","0.0028738642794734564","0.0028738642794734564"
"20213","0.0028738642794734564","0.0028738642794734564","0.0028738642794734564"
"20231","0.0028738642724166438","0.0028738642724166438","0.0028738642724166438"
"20232","0.002873864272402077","0.002873864272402077","0.002873864272402077"
"20233","0.002873036896767632","0.002873036896767632","0.002873036896767632"
"20241","0.0028664350062554823","0.0028664350062554823","0.0028664350062554823"
"20249","0.0028664350062554823","0.0028664350062554823","0.0028664350062554823"
"20252","0.0028664350062554823","0.0028664350062554823","0.0028664350062554823"
"20253","0.0028664350062554823","0.0028664350062554823","0.0028664350062554823"
"20257","0.0028664350062554823","0.0028664350062554823","0.0028664350062554823"
"20259","0.0028664350062554823","0.0028664350062554823","0.0028664350062554823"
"20265","0.0028664350062554823","0.0028664350062554823","0.0028664350062554823"
"20266","0.0028664350062554823","0.0028664350062554823","0.0028664350062554823"
"20277","0.0028664350062554823","0.0028664350062554823","0.0028664350062554823"
"20278","0.0028664350062554823","0.0028664350062554823","0.0028664350062554823"
"20285","0.0028664350062554823","0.0028664350062554823","0.0028664350062554823"
"20290","0.0028664350062554823","0.0028664350062554823","0.0028664350062554823"
"20297","0.0028664350062554823","0.0028664350062554823","0.0028664350062554823"
"20302","0.0028664350062554823","0.0028664350062554823","0.0028664350062554823"
"20315","0.0028664350062554823","0.0028664350062554823","0.0028664350062554823"
"20317","0.0028664350062554823","0.0028664350062554823","0.0028664350062554823"
"20337","0.0028664350062554823","0.0028664350062554823","0.0028664350062554823"
"20338","0.0028664350062554823","0.0028664350062554823","0.0028664350062554823"
"20345","0.0028615035085557653","0.0028615035085557653","0.0028615035085557653"
"20350","0.002856588585298755","0.002856588585298755","0.002856588585298755"
"20355","0.002856588585298755","0.002856588585298755","0.002856588585298755"
"20372","0.002856588585298755","0.002856588585298755","0.002856588585298755"
"20381","0.002856588585298755","0.002856588585298755","0.002856588585298755"
"20384","0.002856588585298755","0.002856588585298755","0.002856588585298755"
"20386","0.002856588585298755","0.002856588585298755","0.002856588585298755"
"20387","0.002856588585298755","0.002856588585298755","0.002856588585298755"
"20390","0.002856588585298755","0.002856588585298755","0.002856588585298755"
"20392","0.002856588585298755","0.002856588585298755","0.002856588585298755"
"20393","0.002856588585298755","0.002856588585298755","0.002856588585298755"
"20397","0.002856588585298755","0.002856588585298755","0.002856588585298755"
"20399","0.002856588585298755","0.002856588585298755","0.002856588585298755"
"20401","0.002856588585298755","0.002856588585298755","0.002856588585298755"
"20407","0.002856588585298755","0.002856588585298755","0.002856588585298755"
"20411","0.002856588585298755","0.002856588585298755","0.002856588585298755"
"20421","0.002856588585298755","0.002856588585298755","0.002856588585298755"
"20423","0.002856588585298755","0.002856588585298755","0.002856588585298755"
"20425","0.002856588585298755","0.002856588585298755","0.002856588585298755"
"20434","0.002856588585298755","0.002856588585298755","0.002856588585298755"
"20435","0.002856588585298755","0.002856588585298755","0.002856588585298755"
"20437","0.002856588585298755","0.002856588585298755","0.002856588585298755"
"20442","0.002856588585298755","0.002856588585298755","0.002856588585298755"
"20462","0.0028641691339341187","0.0028641691339341187","0.0028641691339341187"
"20463","0.0028641691339341187","0.0028641691339341187","0.0028641691339341187"
"20484","0.0028641691339341187","0.0028641691339341187","0.0028641691339341187"
"20494","0.0028641691339341187","0.0028641691339341187","0.0028641691339341187"
"20525","0.0028641691339341187","0.0028641691339341187","0.0028641691339341187"
"20535","0.0028641691339341187","0.0028641691339341187","0.0028641691339341187"
"20548","0.0028641691339341187","0.0028641691339341187","0.0028641691339341187"
"20554","0.0028641691339341187","0.0028641691339341187","0.0028641691339341187"
"20557","0.0028641691339341187","0.0028641691339341187","0.0028641691339341187"
"20568","0.002852708516815942","0.002852708516815942","0.002852708516815942"
"20569","0.002851078551044454","0.002851078551044454","0.002851078551044454"
"20574","0.0028494504439290588","0.0028494504439290588","0.0028494504439290588"
"20577","0.0028494504439290588","0.0028494504439290588","0.0028494504439290588"
"20579","0.0028494504439290588","0.0028494504439290588","0.0028494504439290588"
"20587","0.0028494504439290588","0.0028494504439290588","0.0028494504439290588"
"20588","0.0028494504439290588","0.0028494504439290588","0.0028494504439290588"
"20596","0.0028494504439290588","0.0028494504439290588","0.0028494504439290588"
"20597","0.0028494504439290588","0.0028494504439290588","0.0028494504439290588"
"20602","0.0028494504439290588","0.0028494504439290588","0.0028494504439290588"
"20607","0.0028494504439290588","0.0028494504439290588","0.0028494504439290588"
"20609","0.0028494504439290588","0.0028494504439290588","0.0028494504439290588"
"20621","0.0028494504439290588","0.0028494504439290588","0.0028494504439290588"
"20628","0.0028494504439290588","0.0028494504439290588","0.0028494504439290588"
"20633","0.0028494504439290588","0.0028494504439290588","0.0028494504439290588"
"20652","0.0028494504439290588","0.0028494504439290588","0.0028494504439290588"
"20655","0.0028494504439290588","0.0028494504439290588","0.0028494504439290588"
"20659","0.0028494504439290588","0.0028494504439290588","0.0028494504439290588"
"20667","0.0028494504439290588","0.0028494504439290588","0.0028494504439290588"
"20668","0.0028494504439290588","0.0028494504439290588","0.0028494504439290588"
"20683","0.0028397207950387328","0.0028397207950387328","0.0028397207950387328"
"20695","0.0028397207950387328","0.0028397207950387328","0.0028397207950387328"
"20706","0.0028397207950387328","0.0028397207950387328","0.0028397207950387328"
"20713","0.0028397207950387328","0.0028397207950387328","0.0028397207950387328"
"20721","0.0028397207950387328","0.0028397207950387328","0.0028397207950387328"
"20723","0.0028397207950387328","0.0028397207950387328","0.0028397207950387328"
"20725","0.0028397207950387328","0.0028397207950387328","0.0028397207950387328"
"20731","0.0028397207950387328","0.0028397207950387328","0.0028397207950387328"
"20748","0.0028397207950387328","0.0028397207950387328","0.0028397207950387328"
"20756","0.0028397207950387328","0.0028397207950387328","0.0028397207950387328"
"20763","0.0028397207950387328","0.0028397207950387328","0.0028397207950387328"
"20766","0.0028397207950387328","0.0028397207950387328","0.0028397207950387328"
"20772","0.0028397207950387328","0.0028397207950387328","0.0028397207950387328"
"20774","0.0028397207950387328","0.0028397207950387328","0.0028397207950387328"
"20781","0.002838105656197643","0.002838105656197643","0.002838105656197643"
"20792","0.0028315231128392664","0.0028315231128392664","0.0028315231128392664"
"20795","0.0028315231128392664","0.0028315231128392664","0.0028315231128392664"
"20797","0.0028315231128392664","0.0028315231128392664","0.0028315231128392664"
"20814","0.0028315231128392664","0.0028315231128392664","0.0028315231128392664"
"20817","0.0028315231128392664","0.0028315231128392664","0.0028315231128392664"
"20820","0.0028315231128392664","0.0028315231128392664","0.0028315231128392664"
"20828","0.0028315231128392664","0.0028315231128392664","0.0028315231128392664"
"20833","0.0028315231128392664","0.0028315231128392664","0.0028315231128392664"
"20835","0.0028315231128392664","0.0028315231128392664","0.0028315231128392664"
"20847","0.0028315231128392664","0.0028315231128392664","0.0028315231128392664"
"20851","0.0028315231128392664","0.0028315231128392664","0.0028315231128392664"
"20853","0.0028315231128392664","0.0028315231128392664","0.0028315231128392664"
"20854","0.0028315231128392664","0.0028315231128392664","0.0028315231128392664"
"20855","0.0028315231128392664","0.0028315231128392664","0.0028315231128392664"
"20868","0.0028315231128392664","0.0028315231128392664","0.0028315231128392664"
"20872","0.0028315231128392664","0.0028315231128392664","0.0028315231128392664"
"20873","0.0028315231128392664","0.0028315231128392664","0.0028315231128392664"
"20891","0.002829917308129362","0.002829917308129362","0.002829917308129362"
"20893","0.002829917301696205","0.002829917301696205","0.002829917301696205"
"20895","0.002828313314565283","0.002828313314565283","0.002828313314565283"
"20926","0.002823512272312876","0.002823512272312876","0.002823512272312876"
"20930","0.002823512272312876","0.002823512272312876","0.002823512272312876"
"20944","0.002823512272312876","0.002823512272312876","0.002823512272312876"
"20971","0.002823512272312876","0.002823512272312876","0.002823512272312876"
"20973","0.002823512272312876","0.002823512272312876","0.002823512272312876"
"20978","0.002823512272312876","0.002823512272312876","0.002823512272312876"
"20982","0.002823512272312876","0.002823512272312876","0.002823512272312876"
"20984","0.002823512272312876","0.002823512272312876","0.002823512272312876"
"20987","0.002823512272312876","0.002823512272312876","0.002823512272312876"
"20993","0.002823512272312876","0.002823512272312876","0.002823512272312876"
"20995","0.002823512272312876","0.002823512272312876","0.002823512272312876"
"21001","0.0028219155500427053","0.0028219155500427053","0.0028219155500427053"
"21018","0.0028107889540592325","0.0028107889540592325","0.0028107889540592325"
"21022","0.0028107889540592325","0.0028107889540592325","0.0028107889540592325"
"21047","0.0028107889540592325","0.0028107889540592325","0.0028107889540592325"
"21048","0.0028107889540592325","0.0028107889540592325","0.0028107889540592325"
"21051","0.0028107889540592325","0.0028107889540592325","0.0028107889540592325"
"21056","0.0028107889540592325","0.0028107889540592325","0.0028107889540592325"
"21059","0.0028107889540592325","0.0028107889540592325","0.0028107889540592325"
"21069","0.0028107889540592325","0.0028107889540592325","0.0028107889540592325"
"21071","0.0028107889540592325","0.0028107889540592325","0.0028107889540592325"
"21075","0.0028107889540592325","0.0028107889540592325","0.0028107889540592325"
"21077","0.0028107889540592325","0.0028107889540592325","0.0028107889540592325"
"21079","0.0028107889540592325","0.0028107889540592325","0.0028107889540592325"
"21083","0.0028107889540592325","0.0028107889540592325","0.0028107889540592325"
"21084","0.0028107889540592325","0.0028107889540592325","0.0028107889540592325"
"21089","0.0028107889540592325","0.0028107889540592325","0.0028107889540592325"
"21092","0.0028107889540592325","0.0028107889540592325","0.0028107889540592325"
"21093","0.0028107889540592325","0.0028107889540592325","0.0028107889540592325"
"21096","0.0028107889540592325","0.0028107889540592325","0.0028107889540592325"
"21098","0.0028107889540592325","0.0028107889540592325","0.0028107889540592325"
"21102","0.0028107889540592325","0.0028107889540592325","0.0028107889540592325"
"21115","0.002813957428740662","0.002813957428740662","0.002813957428740662"
"21116","0.0028155451294321803","0.0028155451294321803","0.0028155451294321803"
"21118","0.0028155451356575447","0.0028155451356575447","0.0028155451356575447"
"21123","0.0028183390294161848","0.0028183390294161848","0.0028183390294161848"
"21128","0.0028183390294161848","0.0028183390294161848","0.0028183390294161848"
"21141","0.0028183390294161848","0.0028183390294161848","0.0028183390294161848"
"21144","0.0028183390294161848","0.0028183390294161848","0.0028183390294161848"
"21149","0.0028183390294161848","0.0028183390294161848","0.0028183390294161848"
"21157","0.0028183390294161848","0.0028183390294161848","0.0028183390294161848"
"21160","0.0028183390294161848","0.0028183390294161848","0.0028183390294161848"
"21164","0.0028183390294161848","0.0028183390294161848","0.0028183390294161848"
"21194","0.0028183390294161848","0.0028183390294161848","0.0028183390294161848"
"21201","0.0028183390294161848","0.0028183390294161848","0.0028183390294161848"
"21218","0.0028183390294161848","0.0028183390294161848","0.0028183390294161848"
"21226","0.0028207239562810953","0.0028207239562810953","0.0028207239562810953"
"21230","0.0028223161511968494","0.0028223161511968494","0.0028223161511968494"
"21243","0.0028223161511968494","0.0028223161511968494","0.0028223161511968494"
"21254","0.0028223161511968494","0.0028223161511968494","0.0028223161511968494"
"21268","0.0028223161511968494","0.0028223161511968494","0.0028223161511968494"
"21271","0.0028223161511968494","0.0028223161511968494","0.0028223161511968494"
"21276","0.0028223161511968494","0.0028223161511968494","0.0028223161511968494"
"21278","0.0028223161511968494","0.0028223161511968494","0.0028223161511968494"
"21279","0.0028223161511968494","0.0028223161511968494","0.0028223161511968494"
"21284","0.0028223161511968494","0.0028223161511968494","0.0028223161511968494"
"21290","0.0028223161511968494","0.0028223161511968494","0.0028223161511968494"
"21312","0.0028223161511968494","0.0028223161511968494","0.0028223161511968494"
"21314","0.0028223161511968494","0.0028223161511968494","0.0028223161511968494"
"21324","0.0028223161511968494","0.0028223161511968494","0.0028223161511968494"
"21327","0.0028223161511968494","0.0028223161511968494","0.0028223161511968494"
"21338","0.0028154891004738363","0.0028154891004738363","0.0028154891004738363"
"21341","0.0028119981224136643","0.0028119981224136643","0.0028119981224136643"
"21352","0.0028119981224136643","0.0028119981224136643","0.0028119981224136643"
"21355","0.0028119981224136643","0.0028119981224136643","0.0028119981224136643"
"21356","0.0028119981224136643","0.0028119981224136643","0.0028119981224136643"
"21357","0.0028119981224136643","0.0028119981224136643","0.0028119981224136643"
"21364","0.0028119981224136643","0.0028119981224136643","0.0028119981224136643"
"21370","0.0028119981224136643","0.0028119981224136643","0.0028119981224136643"
"21382","0.0028119981224136643","0.0028119981224136643","0.0028119981224136643"
"21383","0.0028119981224136643","0.0028119981224136643","0.0028119981224136643"
"21392","0.0028119981224136643","0.0028119981224136643","0.0028119981224136643"
"21404","0.0028119981224136643","0.0028119981224136643","0.0028119981224136643"
"21410","0.0028119981224136643","0.0028119981224136643","0.0028119981224136643"
"21435","0.0028119981224136643","0.0028119981224136643","0.0028119981224136643"
"21441","0.002810403479571882","0.002810403479571882","0.002810403479571882"
"21444","0.0028088215526062147","0.0028088215526062147","0.0028088215526062147"
"21447","0.002807241424510917","0.002807241424510917","0.002807241424510917"
"21449","0.0028040865246313743","0.0028040865246313743","0.0028040865246313743"
"21459","0.002802511734580388","0.002802511734580388","0.002802511734580388"
"21472","0.002802511734580388","0.002802511734580388","0.002802511734580388"
"21474","0.002802511734580388","0.002802511734580388","0.002802511734580388"
"21487","0.002802511734580388","0.002802511734580388","0.002802511734580388"
"21491","0.002802511734580388","0.002802511734580388","0.002802511734580388"
"21493","0.002802511734580388","0.002802511734580388","0.002802511734580388"
"21495","0.002802511734580388","0.002802511734580388","0.002802511734580388"
"21500","0.002802511734580388","0.002802511734580388","0.002802511734580388"
"21504","0.002802511734580388","0.002802511734580388","0.002802511734580388"
"21505","0.002802511734580388","0.002802511734580388","0.002802511734580388"
"21513","0.002802511734580388","0.002802511734580388","0.002802511734580388"
"21530","0.002802511734580388","0.002802511734580388","0.002802511734580388"
"21547","0.002802511734580388","0.002802511734580388","0.002802511734580388"
"21549","0.002802511734580388","0.002802511734580388","0.002802511734580388"
"21573","0.002803202123815014","0.002803202123815014","0.002803202123815014"
"21574","0.002803202123815014","0.002803202123815014","0.002803202123815014"
"21587","0.002803202123815014","0.002803202123815014","0.002803202123815014"
"21588","0.002803202123815014","0.002803202123815014","0.002803202123815014"
"21590","0.002803202123815014","0.002803202123815014","0.002803202123815014"
"21593","0.002803202123815014","0.002803202123815014","0.002803202123815014"
"21594","0.002803202123815014","0.002803202123815014","0.002803202123815014"
"21597","0.002803202123815014","0.002803202123815014","0.002803202123815014"
"21598","0.002803202123815014","0.002803202123815014","0.002803202123815014"
"21603","0.002803202123815014","0.002803202123815014","0.002803202123815014"
"21614","0.002803202123815014","0.002803202123815014","0.002803202123815014"
"21622","0.002803202123815014","0.002803202123815014","0.002803202123815014"
"21625","0.002803202123815014","0.002803202123815014","0.002803202123815014"
"21630","0.002803202123815014","0.002803202123815014","0.002803202123815014"
"21639","0.002803202123815014","0.002803202123815014","0.002803202123815014"
"21641","0.002803202123815014","0.002803202123815014","0.002803202123815014"
"21651","0.002803202123815014","0.002803202123815014","0.002803202123815014"
"21657","0.002803202123815014","0.002803202123815014","0.002803202123815014"
"21666","0.002795496089293922","0.002795496089293922","0.002795496089293922"
"21667","0.0027939309494642716","0.0027939309494642716","0.0027939309494642716"
"21684","0.002792367564640183","0.002792367564640183","0.002792367564640183"
"21693","0.002792367564640183","0.002792367564640183","0.002792367564640183"
"21703","0.002792367564640183","0.002792367564640183","0.002792367564640183"
"21708","0.002792367564640183","0.002792367564640183","0.002792367564640183"
"21714","0.002792367564640183","0.002792367564640183","0.002792367564640183"
"21716","0.002792367564640183","0.002792367564640183","0.002792367564640183"
"21723","0.002792367564640183","0.002792367564640183","0.002792367564640183"
"21729","0.002792367564640183","0.002792367564640183","0.002792367564640183"
"21730","0.002792367564640183","0.002792367564640183","0.002792367564640183"
"21737","0.002792367564640183","0.002792367564640183","0.002792367564640183"
"21740","0.002792367564640183","0.002792367564640183","0.002792367564640183"
"21747","0.002792367564640183","0.002792367564640183","0.002792367564640183"
"21757","0.002792367564640183","0.002792367564640183","0.002792367564640183"
"21765","0.002792367564640183","0.002792367564640183","0.002792367564640183"
"21770","0.002792367564640183","0.002792367564640183","0.002792367564640183"
"21778","0.002800186715000559","0.002800186715000559","0.002800186715000559"
"21784","0.0028009710391700437","0.0028009710391700437","0.0028009710391700437"
"21788","0.0028009710391700437","0.0028009710391700437","0.0028009710391700437"
"21801","0.0028009710391700437","0.0028009710391700437","0.0028009710391700437"
"21806","0.0028009710391700437","0.0028009710391700437","0.0028009710391700437"
"21809","0.0028009710391700437","0.0028009710391700437","0.0028009710391700437"
"21816","0.0028009710391700437","0.0028009710391700437","0.0028009710391700437"
"21829","0.0028009710391700437","0.0028009710391700437","0.0028009710391700437"
"21831","0.0028009710391700437","0.0028009710391700437","0.0028009710391700437"
"21853","0.0028009710391700437","0.0028009710391700437","0.0028009710391700437"
"21856","0.0028009710391700437","0.0028009710391700437","0.0028009710391700437"
"21866","0.0028009710391700437","0.0028009710391700437","0.0028009710391700437"
"21876","0.0028009710391700437","0.0028009710391700437","0.0028009710391700437"
"21881","0.002802933773201323","0.002802933773201323","0.002802933773201323"
"21887","0.0028092330483926965","0.0028092330483926965","0.0028092330483926965"
"21890","0.0028135802497248844","0.0028135802497248844","0.0028135802497248844"
"21892","0.0028135802497248844","0.0028135802497248844","0.0028135802497248844"
"21893","0.0028135802497248844","0.0028135802497248844","0.0028135802497248844"
"21898","0.0028135802497248844","0.0028135802497248844","0.0028135802497248844"
"21901","0.0028135802497248844","0.0028135802497248844","0.0028135802497248844"
"21907","0.0028135802497248844","0.0028135802497248844","0.0028135802497248844"
"21915","0.0028135802497248844","0.0028135802497248844","0.0028135802497248844"
"21920","0.0028135802497248844","0.0028135802497248844","0.0028135802497248844"
"21925","0.0028135802497248844","0.0028135802497248844","0.0028135802497248844"
"21947","0.0028135802497248844","0.0028135802497248844","0.0028135802497248844"
"21953","0.0028135802497248844","0.0028135802497248844","0.0028135802497248844"
"21955","0.0028135802497248844","0.0028135802497248844","0.0028135802497248844"
"21962","0.0028135802497248844","0.0028135802497248844","0.0028135802497248844"
"21970","0.0028135802497248844","0.0028135802497248844","0.0028135802497248844"
"21976","0.0028135802497248844","0.0028135802497248844","0.0028135802497248844"
"21985","0.0028135802497248844","0.0028135802497248844","0.0028135802497248844"
"21986","0.0028135802497248844","0.0028135802497248844","0.0028135802497248844"
"21988","0.0028135802497248844","0.0028135802497248844","0.0028135802497248844"
"22003","0.002800107088598006","0.002800107088598006","0.002800107088598006"
"22005","0.002800107088598006","0.002800107088598006","0.002800107088598006"
"22011","0.002800107088598006","0.002800107088598006","0.002800107088598006"
"22022","0.002800107088598006","0.002800107088598006","0.002800107088598006"
"22024","0.002800107088598006","0.002800107088598006","0.002800107088598006"
"22026","0.002800107088598006","0.002800107088598006","0.002800107088598006"
"22028","0.002800107088598006","0.002800107088598006","0.002800107088598006"
"22033","0.002800107088598006","0.002800107088598006","0.002800107088598006"
"22060","0.002800107088598006","0.002800107088598006","0.002800107088598006"
"22064","0.002800107088598006","0.002800107088598006","0.002800107088598006"
"22065","0.002800107088598006","0.002800107088598006","0.002800107088598006"
"22076","0.002800107088598006","0.002800107088598006","0.002800107088598006"
"22081","0.002800107088598006","0.002800107088598006","0.002800107088598006"
"22087","0.002800107088598006","0.002800107088598006","0.002800107088598006"
"22088","0.002800107088598006","0.002800107088598006","0.002800107088598006"
"22106","0.002805916286070462","0.002805916286070462","0.002805916286070462"
"22118","0.002809539486525818","0.002809539486525818","0.002809539486525818"
"22133","0.002809539486525818","0.002809539486525818","0.002809539486525818"
"22134","0.002809539486525818","0.002809539486525818","0.002809539486525818"
"22141","0.002809539486525818","0.002809539486525818","0.002809539486525818"
"22152","0.002809539486525818","0.002809539486525818","0.002809539486525818"
"22153","0.002809539486525818","0.002809539486525818","0.002809539486525818"
"22173","0.002809539486525818","0.002809539486525818","0.002809539486525818"
"22195","0.002809539486525818","0.002809539486525818","0.002809539486525818"
"22197","0.002809539486525818","0.002809539486525818","0.002809539486525818"
"22205","0.002809539486525818","0.002809539486525818","0.002809539486525818"
"22218","0.002810682655472028","0.002810682655472028","0.002810682655472028"
"22228","0.002813059334554454","0.002813059334554454","0.002813059334554454"
"22229","0.002813059334554454","0.002813059334554454","0.002813059334554454"
"22245","0.002813059334554454","0.002813059334554454","0.002813059334554454"
"22272","0.002813059334554454","0.002813059334554454","0.002813059334554454"
"22284","0.002813059334554454","0.002813059334554454","0.002813059334554454"
"22285","0.002813059334554454","0.002813059334554454","0.002813059334554454"
"22288","0.002813059334554454","0.002813059334554454","0.002813059334554454"
"22289","0.002813059334554454","0.002813059334554454","0.002813059334554454"
"22291","0.002813059334554454","0.002813059334554454","0.002813059334554454"
"22301","0.002813059334554454","0.002813059334554454","0.002813059334554454"
"22309","0.002813059334554454","0.002813059334554454","0.002813059334554454"
"22312","0.002813059334554454","0.002813059334554454","0.002813059334554454"
"22317","0.002813059334554454","0.002813059334554454","0.002813059334554454"
"22318","0.002813059334554454","0.002813059334554454","0.002813059334554454"
"22321","0.0028140865331933713","0.0028140865331933713","0.0028140865331933713"
"22335","0.002825311117415745","0.002825311117415745","0.002825311117415745"
"22337","0.002825311117415745","0.002825311117415745","0.002825311117415745"
"22340","0.002825311117415745","0.002825311117415745","0.002825311117415745"
"22345","0.002825311117415745","0.002825311117415745","0.002825311117415745"
"22352","0.002825311117415745","0.002825311117415745","0.002825311117415745"
"22358","0.002825311117415745","0.002825311117415745","0.002825311117415745"
"22361","0.002825311117415745","0.002825311117415745","0.002825311117415745"
"22365","0.002825311117415745","0.002825311117415745","0.002825311117415745"
"22375","0.002825311117415745","0.002825311117415745","0.002825311117415745"
"22379","0.002825311117415745","0.002825311117415745","0.002825311117415745"
"22384","0.002825311117415745","0.002825311117415745","0.002825311117415745"
"22387","0.002825311117415745","0.002825311117415745","0.002825311117415745"
"22392","0.002825311117415745","0.002825311117415745","0.002825311117415745"
"22393","0.002825311117415745","0.002825311117415745","0.002825311117415745"
"22401","0.002825311117415745","0.002825311117415745","0.002825311117415745"
"22406","0.002825311117415745","0.002825311117415745","0.002825311117415745"
"22427","0.002825311117415745","0.002825311117415745","0.002825311117415745"
"22429","0.002825311117415745","0.002825311117415745","0.002825311117415745"
"22452","0.0028132402907778417","0.0028132402907778417","0.0028132402907778417"
"22467","0.0028132402907778417","0.0028132402907778417","0.0028132402907778417"
"22481","0.0028132402907778417","0.0028132402907778417","0.0028132402907778417"
"22486","0.0028132402907778417","0.0028132402907778417","0.0028132402907778417"
"22487","0.0028132402907778417","0.0028132402907778417","0.0028132402907778417"
"22493","0.0028132402907778417","0.0028132402907778417","0.0028132402907778417"
"22502","0.0028132402907778417","0.0028132402907778417","0.0028132402907778417"
"22524","0.0028132402907778417","0.0028132402907778417","0.0028132402907778417"
"22527","0.0028132402907778417","0.0028132402907778417","0.0028132402907778417"
"22531","0.0028132402907778417","0.0028132402907778417","0.0028132402907778417"
"22535","0.0028132402907778417","0.0028132402907778417","0.0028132402907778417"
"22536","0.0028132402907778417","0.0028132402907778417","0.0028132402907778417"
"22538","0.0028132402907778417","0.0028132402907778417","0.0028132402907778417"
"22544","0.0028100710904716453","0.0028100710904716453","0.0028100710904716453"
"22552","0.00280375565858736","0.00280375565858736","0.00280375565858736"
"22566","0.00280375565858736","0.00280375565858736","0.00280375565858736"
"22574","0.00280375565858736","0.00280375565858736","0.00280375565858736"
"22578","0.00280375565858736","0.00280375565858736","0.00280375565858736"
"22581","0.00280375565858736","0.00280375565858736","0.00280375565858736"
"22594","0.00280375565858736","0.00280375565858736","0.00280375565858736"
"22598","0.00280375565858736","0.00280375565858736","0.00280375565858736"
"22599","0.00280375565858736","0.00280375565858736","0.00280375565858736"
"22600","0.00280375565858736","0.00280375565858736","0.00280375565858736"
"22608","0.00280375565858736","0.00280375565858736","0.00280375565858736"
"22615","0.00280375565858736","0.00280375565858736","0.00280375565858736"
"22618","0.00280375565858736","0.00280375565858736","0.00280375565858736"
"22632","0.00280375565858736","0.00280375565858736","0.00280375565858736"
"22635","0.00280375565858736","0.00280375565858736","0.00280375565858736"
"22644","0.00280375565858736","0.00280375565858736","0.00280375565858736"
"22645","0.00280375565858736","0.00280375565858736","0.00280375565858736"
"22647","0.00280375565858736","0.00280375565858736","0.00280375565858736"
"22649","0.00280375565858736","0.00280375565858736","0.00280375565858736"
"22651","0.0028053302903757217","0.0028053302903757217","0.0028053302903757217"
"22661","0.0028073785850061144","0.0028073785850061144","0.0028073785850061144"
"22667","0.0028073785850061144","0.0028073785850061144","0.0028073785850061144"
"22670","0.0028073785850061144","0.0028073785850061144","0.0028073785850061144"
"22689","0.0028073785850061144","0.0028073785850061144","0.0028073785850061144"
"22694","0.0028073785850061144","0.0028073785850061144","0.0028073785850061144"
"22705","0.0028073785850061144","0.0028073785850061144","0.0028073785850061144"
"22712","0.0028073785850061144","0.0028073785850061144","0.0028073785850061144"
"22714","0.0028073785850061144","0.0028073785850061144","0.0028073785850061144"
"22716","0.0028073785850061144","0.0028073785850061144","0.0028073785850061144"
"22718","0.0028073785850061144","0.0028073785850061144","0.0028073785850061144"
"22724","0.0028073785850061144","0.0028073785850061144","0.0028073785850061144"
"22730","0.0028073785850061144","0.0028073785850061144","0.0028073785850061144"
"22736","0.0028073785850061144","0.0028073785850061144","0.0028073785850061144"
"22747","0.0028073785850061144","0.0028073785850061144","0.0028073785850061144"
"22759","0.0028073785850061144","0.0028073785850061144","0.0028073785850061144"
"22781","0.0027940193670723764","0.0027940193670723764","0.0027940193670723764"
"22790","0.0027940193670723764","0.0027940193670723764","0.0027940193670723764"
"22807","0.0027940193670723764","0.0027940193670723764","0.0027940193670723764"
"22814","0.0027940193670723764","0.0027940193670723764","0.0027940193670723764"
"22815","0.0027940193670723764","0.0027940193670723764","0.0027940193670723764"
"22820","0.0027940193670723764","0.0027940193670723764","0.0027940193670723764"
"22821","0.0027940193670723764","0.0027940193670723764","0.0027940193670723764"
"22827","0.0027940193670723764","0.0027940193670723764","0.0027940193670723764"
"22833","0.0027940193670723764","0.0027940193670723764","0.0027940193670723764"
"22836","0.0027940193670723764","0.0027940193670723764","0.0027940193670723764"
"22838","0.0027940193670723764","0.0027940193670723764","0.0027940193670723764"
"22844","0.0027940193670723764","0.0027940193670723764","0.0027940193670723764"
"22847","0.0027940193670723764","0.0027940193670723764","0.0027940193670723764"
"22849","0.0027940193670723764","0.0027940193670723764","0.0027940193670723764"
"22853","0.0027940193670723764","0.0027940193670723764","0.0027940193670723764"
"22862","0.0027940193670723764","0.0027940193670723764","0.0027940193670723764"
"22866","0.0027940193670723764","0.0027940193670723764","0.0027940193670723764"
"22867","0.0027940193670723764","0.0027940193670723764","0.0027940193670723764"
"22869","0.0027940193670723764","0.0027940193670723764","0.0027940193670723764"
"22870","0.0027940193670723764","0.0027940193670723764","0.0027940193670723764"
"22880","0.0028041261647820657","0.0028041261647820657","0.0028041261647820657"
"22893","0.0028041261647820657","0.0028041261647820657","0.0028041261647820657"
"22900","0.0028041261647820657","0.0028041261647820657","0.0028041261647820657"
"22901","0.0028041261647820657","0.0028041261647820657","0.0028041261647820657"
"22917","0.0028041261647820657","0.0028041261647820657","0.0028041261647820657"
"22924","0.0028041261647820657","0.0028041261647820657","0.0028041261647820657"
"22931","0.0028041261647820657","0.0028041261647820657","0.0028041261647820657"
"22936","0.0028041261647820657","0.0028041261647820657","0.0028041261647820657"
"22957","0.0028041261647820657","0.0028041261647820657","0.0028041261647820657"
"22959","0.0028041261647820657","0.0028041261647820657","0.0028041261647820657"
"22960","0.0028041261647820657","0.0028041261647820657","0.0028041261647820657"
"22961","0.0028041261647820657","0.0028041261647820657","0.0028041261647820657"
"22966","0.0028041261647820657","0.0028041261647820657","0.0028041261647820657"
"22967","0.0028041261647820657","0.0028041261647820657","0.0028041261647820657"
"22972","0.0028041261647820657","0.0028041261647820657","0.0028041261647820657"
"22974","0.0028041261647820657","0.0028041261647820657","0.0028041261647820657"
"22976","0.0028041261647820657","0.0028041261647820657","0.0028041261647820657"
"22978","0.0028041261647820657","0.0028041261647820657","0.0028041261647820657"
"22994","0.002794569536922287","0.002794569536922287","0.002794569536922287"
"23000","0.002794569536922287","0.002794569536922287","0.002794569536922287"
"23001","0.002794569536922287","0.002794569536922287","0.002794569536922287"
"23003","0.002794569536922287","0.002794569536922287","0.002794569536922287"
"23005","0.002794569536922287","0.002794569536922287","0.002794569536922287"
"23006","0.002794569536922287","0.002794569536922287","0.002794569536922287"
"23010","0.002794569536922287","0.002794569536922287","0.002794569536922287"
"23012","0.002794569536922287","0.002794569536922287","0.002794569536922287"
"23014","0.002794569536922287","0.002794569536922287","0.002794569536922287"
"23018","0.002794569536922287","0.002794569536922287","0.002794569536922287"
"23020","0.002794569536922287","0.002794569536922287","0.002794569536922287"
"23021","0.002794569536922287","0.002794569536922287","0.002794569536922287"
"23024","0.002794569536922287","0.002794569536922287","0.002794569536922287"
"23031","0.002794569536922287","0.002794569536922287","0.002794569536922287"
"23034","0.002794569536922287","0.002794569536922287","0.002794569536922287"
"23036","0.002794569536922287","0.002794569536922287","0.002794569536922287"
"23048","0.002794569536922287","0.002794569536922287","0.002794569536922287"
"23056","0.002794569536922287","0.002794569536922287","0.002794569536922287"
"23067","0.002794569536922287","0.002794569536922287","0.002794569536922287"
"23084","0.002794569536922287","0.002794569536922287","0.002794569536922287"
"23087","0.002794569536922287","0.002794569536922287","0.002794569536922287"
"23090","0.002794569536922287","0.002794569536922287","0.002794569536922287"
"23091","0.0027945687782184587","0.0027945687782184587","0.0027945687782184587"
"23120","0.0027844333939465974","0.0027844333939465974","0.0027844333939465974"
"23125","0.0027844333939465974","0.0027844333939465974","0.0027844333939465974"
"23132","0.0027844333939465974","0.0027844333939465974","0.0027844333939465974"
"23136","0.0027844333939465974","0.0027844333939465974","0.0027844333939465974"
"23139","0.0027844333939465974","0.0027844333939465974","0.0027844333939465974"
"23142","0.0027844333939465974","0.0027844333939465974","0.0027844333939465974"
"23143","0.0027844333939465974","0.0027844333939465974","0.0027844333939465974"
"23150","0.0027844333939465974","0.0027844333939465974","0.0027844333939465974"
"23154","0.0027844333939465974","0.0027844333939465974","0.0027844333939465974"
"23159","0.0027844333939465974","0.0027844333939465974","0.0027844333939465974"
"23163","0.0027844333939465974","0.0027844333939465974","0.0027844333939465974"
"23165","0.0027844333939465974","0.0027844333939465974","0.0027844333939465974"
"23171","0.0027844333939465974","0.0027844333939465974","0.0027844333939465974"
"23176","0.0027844333939465974","0.0027844333939465974","0.0027844333939465974"
"23179","0.0027844333939465974","0.0027844333939465974","0.0027844333939465974"
"23182","0.0027844333939465974","0.0027844333939465974","0.0027844333939465974"
"23195","0.0027844333939465974","0.0027844333939465974","0.0027844333939465974"
"23215","0.0027774596226844226","0.0027774596226844226","0.0027774596226844226"
"23224","0.0027774596226844226","0.0027774596226844226","0.0027774596226844226"
"23226","0.0027774596226844226","0.0027774596226844226","0.0027774596226844226"
"23227","0.0027774596226844226","0.0027774596226844226","0.0027774596226844226"
"23231","0.0027774596226844226","0.0027774596226844226","0.0027774596226844226"
"23232","0.0027774596226844226","0.0027774596226844226","0.0027774596226844226"
"23236","0.0027774596226844226","0.0027774596226844226","0.0027774596226844226"
"23246","0.0027774596226844226","0.0027774596226844226","0.0027774596226844226"
"23277","0.0027774596226844226","0.0027774596226844226","0.0027774596226844226"
"23278","0.0027774596226844226","0.0027774596226844226","0.0027774596226844226"
"23285","0.0027774596226844226","0.0027774596226844226","0.0027774596226844226"
"23286","0.0027774596226844226","0.0027774596226844226","0.0027774596226844226"
"23295","0.0027774596226844226","0.0027774596226844226","0.0027774596226844226"
"23300","0.0027774596226844226","0.0027774596226844226","0.0027774596226844226"
"23303","0.0027774596226844226","0.0027774596226844226","0.0027774596226844226"
"23304","0.0027774596226844226","0.0027774596226844226","0.0027774596226844226"
"23308","0.0027774596226844226","0.0027774596226844226","0.0027774596226844226"
"23323","0.002768982376178133","0.002768982376178133","0.002768982376178133"
"23325","0.002768982376178133","0.002768982376178133","0.002768982376178133"
"23326","0.002768982376178133","0.002768982376178133","0.002768982376178133"
"23329","0.002768982376178133","0.002768982376178133","0.002768982376178133"
"23332","0.002768982376178133","0.002768982376178133","0.002768982376178133"
"23335","0.002768982376178133","0.002768982376178133","0.002768982376178133"
"23342","0.002768982376178133","0.002768982376178133","0.002768982376178133"
"23346","0.002768982376178133","0.002768982376178133","0.002768982376178133"
"23348","0.002768982376178133","0.002768982376178133","0.002768982376178133"
"23364","0.002768982376178133","0.002768982376178133","0.002768982376178133"
"23376","0.002768982376178133","0.002768982376178133","0.002768982376178133"
"23385","0.002768982376178133","0.002768982376178133","0.002768982376178133"
"23402","0.002768982376178133","0.002768982376178133","0.002768982376178133"
"23410","0.002768982376178133","0.002768982376178133","0.002768982376178133"
"23411","0.002768982376178133","0.002768982376178133","0.002768982376178133"
"23414","0.002768982376178133","0.002768982376178133","0.002768982376178133"
"23419","0.002768982376178133","0.002768982376178133","0.002768982376178133"
"23425","0.002772436949163948","0.002772436949163948","0.002772436949163948"
"23430","0.0027774421331136123","0.0027774421331136123","0.0027774421331136123"
"23435","0.0027774421331136123","0.0027774421331136123","0.0027774421331136123"
"23437","0.0027774421331136123","0.0027774421331136123","0.0027774421331136123"
"23442","0.0027774421331136123","0.0027774421331136123","0.0027774421331136123"
"23443","0.0027774421331136123","0.0027774421331136123","0.0027774421331136123"
"23450","0.0027774421331136123","0.0027774421331136123","0.0027774421331136123"
"23455","0.0027774421331136123","0.0027774421331136123","0.0027774421331136123"
"23462","0.0027774421331136123","0.0027774421331136123","0.0027774421331136123"
"23463","0.0027774421331136123","0.0027774421331136123","0.0027774421331136123"
"23468","0.0027774421331136123","0.0027774421331136123","0.0027774421331136123"
"23474","0.0027774421331136123","0.0027774421331136123","0.0027774421331136123"
"23477","0.0027774421331136123","0.0027774421331136123","0.0027774421331136123"
"23479","0.0027774421331136123","0.0027774421331136123","0.0027774421331136123"
"23482","0.0027774421331136123","0.0027774421331136123","0.0027774421331136123"
"23498","0.0027774421331136123","0.0027774421331136123","0.0027774421331136123"
"23509","0.0027774421331136123","0.0027774421331136123","0.0027774421331136123"
"23514","0.0027774421331136123","0.0027774421331136123","0.0027774421331136123"
"23521","0.0027774421331136123","0.0027774421331136123","0.0027774421331136123"
"23527","0.0027774421331136123","0.0027774421331136123","0.0027774421331136123"
"23533","0.002773821527074531","0.002773821527074531","0.002773821527074531"
"23543","0.0027657661983671454","0.0027657661983671454","0.0027657661983671454"
"23549","0.0027657661983671454","0.0027657661983671454","0.0027657661983671454"
"23554","0.0027657661983671454","0.0027657661983671454","0.0027657661983671454"
"23561","0.0027657661983671454","0.0027657661983671454","0.0027657661983671454"
"23580","0.0027657661983671454","0.0027657661983671454","0.0027657661983671454"
"23586","0.0027657661983671454","0.0027657661983671454","0.0027657661983671454"
"23589","0.0027657661983671454","0.0027657661983671454","0.0027657661983671454"
"23590","0.0027657661983671454","0.0027657661983671454","0.0027657661983671454"
"23597","0.0027657661983671454","0.0027657661983671454","0.0027657661983671454"
"23598","0.0027657661983671454","0.0027657661983671454","0.0027657661983671454"
"23602","0.0027657661983671454","0.0027657661983671454","0.0027657661983671454"
"23606","0.0027657661983671454","0.0027657661983671454","0.0027657661983671454"
"23610","0.0027657661983671454","0.0027657661983671454","0.0027657661983671454"
"23611","0.0027657661983671454","0.0027657661983671454","0.0027657661983671454"
"23617","0.0027657661983671454","0.0027657661983671454","0.0027657661983671454"
"23619","0.0027657661983671454","0.0027657661983671454","0.0027657661983671454"
"23620","0.0027657661983671454","0.0027657661983671454","0.0027657661983671454"
"23625","0.0027657661983671454","0.0027657661983671454","0.0027657661983671454"
"23636","0.0027657661983671454","0.0027657661983671454","0.0027657661983671454"
"23645","0.0027642280778709585","0.0027642280778709585","0.0027642280778709585"
"23652","0.0027607107101361122","0.0027607107101361122","0.0027607107101361122"
"23654","0.0027607107101361122","0.0027607107101361122","0.0027607107101361122"
"23660","0.0027607107101361122","0.0027607107101361122","0.0027607107101361122"
"23662","0.0027607107101361122","0.0027607107101361122","0.0027607107101361122"
"23664","0.0027607107101361122","0.0027607107101361122","0.0027607107101361122"
"23670","0.0027607107101361122","0.0027607107101361122","0.0027607107101361122"
"23699","0.0027607107101361122","0.0027607107101361122","0.0027607107101361122"
"23708","0.0027607107101361122","0.0027607107101361122","0.0027607107101361122"
"23713","0.0027607107101361122","0.0027607107101361122","0.0027607107101361122"
"23725","0.0027607107101361122","0.0027607107101361122","0.0027607107101361122"
"23727","0.0027607107101361122","0.0027607107101361122","0.0027607107101361122"
"23737","0.0027607107101361122","0.0027607107101361122","0.0027607107101361122"
"23744","0.0027607107101361122","0.0027607107101361122","0.0027607107101361122"
"23748","0.0027607107101361122","0.0027607107101361122","0.0027607107101361122"
"23753","0.0027649089225513274","0.0027649089225513274","0.0027649089225513274"
"23755","0.0027687365746844024","0.0027687365746844024","0.0027687365746844024"
"23764","0.0027758065724128493","0.0027758065724128493","0.0027758065724128493"
"23766","0.0027758065724128493","0.0027758065724128493","0.0027758065724128493"
"23774","0.0027758065724128493","0.0027758065724128493","0.0027758065724128493"
"23784","0.0027758065724128493","0.0027758065724128493","0.0027758065724128493"
"23796","0.0027758065724128493","0.0027758065724128493","0.0027758065724128493"
"23797","0.0027758065724128493","0.0027758065724128493","0.0027758065724128493"
"23801","0.0027758065724128493","0.0027758065724128493","0.0027758065724128493"
"23803","0.0027758065724128493","0.0027758065724128493","0.0027758065724128493"
"23814","0.0027758065724128493","0.0027758065724128493","0.0027758065724128493"
"23815","0.0027758065724128493","0.0027758065724128493","0.0027758065724128493"
"23819","0.0027758065724128493","0.0027758065724128493","0.0027758065724128493"
"23824","0.0027758065724128493","0.0027758065724128493","0.0027758065724128493"
"23829","0.0027758065724128493","0.0027758065724128493","0.0027758065724128493"
"23844","0.0027758065724128493","0.0027758065724128493","0.0027758065724128493"
"23850","0.0027758065724128493","0.0027758065724128493","0.0027758065724128493"
"23852","0.0027758065724128493","0.0027758065724128493","0.0027758065724128493"
"23857","0.0027758065724128493","0.0027758065724128493","0.0027758065724128493"
"23858","0.0027758065724128493","0.0027758065724128493","0.0027758065724128493"
"23859","0.0027758065724128493","0.0027758065724128493","0.0027758065724128493"
"23865","0.0027824455769116666","0.0027824455769116666","0.0027824455769116666"
"23873","0.002790598499580405","0.002790598499580405","0.002790598499580405"
"23876","0.002790598499580405","0.002790598499580405","0.002790598499580405"
"23877","0.002790598499580405","0.002790598499580405","0.002790598499580405"
"23880","0.002790598499580405","0.002790598499580405","0.002790598499580405"
"23883","0.002790598499580405","0.002790598499580405","0.002790598499580405"
"23894","0.002790598499580405","0.002790598499580405","0.002790598499580405"
"23895","0.002790598499580405","0.002790598499580405","0.002790598499580405"
"23903","0.002790598499580405","0.002790598499580405","0.002790598499580405"
"23910","0.002790598499580405","0.002790598499580405","0.002790598499580405"
"23913","0.002790598499580405","0.002790598499580405","0.002790598499580405"
"23919","0.002790598499580405","0.002790598499580405","0.002790598499580405"
"23921","0.002790598499580405","0.002790598499580405","0.002790598499580405"
"23922","0.002790598499580405","0.002790598499580405","0.002790598499580405"
"23936","0.002790598499580405","0.002790598499580405","0.002790598499580405"
"23942","0.002790598499580405","0.002790598499580405","0.002790598499580405"
"23945","0.002790598499580405","0.002790598499580405","0.002790598499580405"
"23946","0.002790598499580405","0.002790598499580405","0.002790598499580405"
"23952","0.002790598499580405","0.002790598499580405","0.002790598499580405"
"23961","0.002790598499580405","0.002790598499580405","0.002790598499580405"
"23963","0.002790598499580405","0.002790598499580405","0.002790598499580405"
"23974","0.002784382425003458","0.002784382425003458","0.002784382425003458"
"23985","0.0027758802732599955","0.0027758802732599955","0.0027758802732599955"
"24000","0.0027758802732599955","0.0027758802732599955","0.0027758802732599955"
"24003","0.0027758802732599955","0.0027758802732599955","0.0027758802732599955"
"24031","0.0027758802732599955","0.0027758802732599955","0.0027758802732599955"
"24032","0.0027758802732599955","0.0027758802732599955","0.0027758802732599955"
"24033","0.0027758802732599955","0.0027758802732599955","0.0027758802732599955"
"24037","0.0027758802732599955","0.0027758802732599955","0.0027758802732599955"
"24045","0.0027758802732599955","0.0027758802732599955","0.0027758802732599955"
"24047","0.0027758802732599955","0.0027758802732599955","0.0027758802732599955"
"24055","0.0027758802732599955","0.0027758802732599955","0.0027758802732599955"
"24079","0.0027758802732599955","0.0027758802732599955","0.0027758802732599955"
"24082","0.002772032857693939","0.002772032857693939","0.002772032857693939"
"24087","0.0027664352545053806","0.0027664352545053806","0.0027664352545053806"
"24096","0.0027607079856468873","0.0027607079856468873","0.0027607079856468873"
"24100","0.0027607079856468873","0.0027607079856468873","0.0027607079856468873"
"24103","0.0027607079856468873","0.0027607079856468873","0.0027607079856468873"
"24119","0.0027607079856468873","0.0027607079856468873","0.0027607079856468873"
"24120","0.0027607079856468873","0.0027607079856468873","0.0027607079856468873"
"24129","0.0027607079856468873","0.0027607079856468873","0.0027607079856468873"
"24130","0.0027607079856468873","0.0027607079856468873","0.0027607079856468873"
"24132","0.0027607079856468873","0.0027607079856468873","0.0027607079856468873"
"24139","0.0027607079856468873","0.0027607079856468873","0.0027607079856468873"
"24140","0.0027607079856468873","0.0027607079856468873","0.0027607079856468873"
"24165","0.0027607079856468873","0.0027607079856468873","0.0027607079856468873"
"24166","0.0027607079856468873","0.0027607079856468873","0.0027607079856468873"
"24167","0.0027607079856468873","0.0027607079856468873","0.0027607079856468873"
"24171","0.0027607079856468873","0.0027607079856468873","0.0027607079856468873"
"24180","0.0027607079856468873","0.0027607079856468873","0.0027607079856468873"
"24181","0.0027607079856468873","0.0027607079856468873","0.0027607079856468873"
"24182","0.0027607079856468873","0.0027607079856468873","0.0027607079856468873"
"24190","0.0027607079856468873","0.0027607079856468873","0.0027607079856468873"
"24194","0.002755752243103582","0.002755752243103582","0.002755752243103582"
"24197","0.0027527121622990705","0.0027527121622990705","0.0027527121622990705"
"24199","0.0027511946351640986","0.0027511946351640986","0.0027511946351640986"
"24209","0.002751194635153825","0.002751194635153825","0.002751194635153825"
"24217","0.002751194635153825","0.002751194635153825","0.002751194635153825"
"24224","0.002751194635153825","0.002751194635153825","0.002751194635153825"
"24231","0.002751194635153825","0.002751194635153825","0.002751194635153825"
"24240","0.002751194635153825","0.002751194635153825","0.002751194635153825"
"24246","0.002751194635153825","0.002751194635153825","0.002751194635153825"
"24252","0.002751194635153825","0.002751194635153825","0.002751194635153825"
"24255","0.002751194635153825","0.002751194635153825","0.002751194635153825"
"24267","0.002751194635153825","0.002751194635153825","0.002751194635153825"
"24275","0.002751194635153825","0.002751194635153825","0.002751194635153825"
"24284","0.002751194635153825","0.002751194635153825","0.002751194635153825"
"24291","0.002751194635153825","0.002751194635153825","0.002751194635153825"
"24298","0.002751194635153825","0.002751194635153825","0.002751194635153825"
"24299","0.002751194635153825","0.002751194635153825","0.002751194635153825"
"24312","0.00274559506952941","0.00274559506952941","0.00274559506952941"
"24315","0.00274559506952941","0.00274559506952941","0.00274559506952941"
"24334","0.00274559506952941","0.00274559506952941","0.00274559506952941"
"24349","0.00274559506952941","0.00274559506952941","0.00274559506952941"
"24366","0.00274559506952941","0.00274559506952941","0.00274559506952941"
"24372","0.00274559506952941","0.00274559506952941","0.00274559506952941"
"24380","0.00274559506952941","0.00274559506952941","0.00274559506952941"
"24382","0.00274559506952941","0.00274559506952941","0.00274559506952941"
"24384","0.00274559506952941","0.00274559506952941","0.00274559506952941"
"24388","0.00274559506952941","0.00274559506952941","0.00274559506952941"
"24389","0.00274559506952941","0.00274559506952941","0.00274559506952941"
"24391","0.00274559506952941","0.00274559506952941","0.00274559506952941"
"24392","0.00274559506952941","0.00274559506952941","0.00274559506952941"
"24396","0.00274559506952941","0.00274559506952941","0.00274559506952941"
"24397","0.00274559506952941","0.00274559506952941","0.00274559506952941"
"24402","0.00274559506952941","0.00274559506952941","0.00274559506952941"
"24411","0.0027459720358840264","0.0027459720358840264","0.0027459720358840264"
"24416","0.002751449294569832","0.002751449294569832","0.002751449294569832"
"24417","0.0027518278703028945","0.0027518278703028945","0.0027518278703028945"
"24425","0.0027544808202171265","0.0027544808202171265","0.0027544808202171265"
"24428","0.0027544808202171265","0.0027544808202171265","0.0027544808202171265"
"24429","0.0027544808202171265","0.0027544808202171265","0.0027544808202171265"
"24431","0.0027544808202171265","0.0027544808202171265","0.0027544808202171265"
"24434","0.0027544808202171265","0.0027544808202171265","0.0027544808202171265"
"24439","0.0027544808202171265","0.0027544808202171265","0.0027544808202171265"
"24443","0.0027544808202171265","0.0027544808202171265","0.0027544808202171265"
"24450","0.0027544808202171265","0.0027544808202171265","0.0027544808202171265"
"24456","0.0027544808202171265","0.0027544808202171265","0.0027544808202171265"
"24461","0.0027544808202171265","0.0027544808202171265","0.0027544808202171265"
"24463","0.0027544808202171265","0.0027544808202171265","0.0027544808202171265"
"24465","0.0027544808202171265","0.0027544808202171265","0.0027544808202171265"
"24471","0.0027544808202171265","0.0027544808202171265","0.0027544808202171265"
"24480","0.0027544808202171265","0.0027544808202171265","0.0027544808202171265"
"24481","0.0027544808202171265","0.0027544808202171265","0.0027544808202171265"
"24486","0.0027544808202171265","0.0027544808202171265","0.0027544808202171265"
"24487","0.0027544808202171265","0.0027544808202171265","0.0027544808202171265"
"24488","0.0027544808202171265","0.0027544808202171265","0.0027544808202171265"
"24499","0.0027544808202171265","0.0027544808202171265","0.0027544808202171265"
"24501","0.0027544808202171265","0.0027544808202171265","0.0027544808202171265"
"24504","0.0027544808202171265","0.0027544808202171265","0.0027544808202171265"
"24509","0.0027544808202171265","0.0027544808202171265","0.0027544808202171265"
"24512","0.0027544808202171265","0.0027544808202171265","0.0027544808202171265"
"24518","0.0027544808202171265","0.0027544808202171265","0.0027544808202171265"
"24522","0.0027522065502278157","0.0027522065502278157","0.0027522065502278157"
"24523","0.002750314192091956","0.002750314192091956","0.002750314192091956"
"24538","0.002741944727124254","0.002741944727124254","0.002741944727124254"
"24544","0.002741944727124254","0.002741944727124254","0.002741944727124254"
"24554","0.002741944727124254","0.002741944727124254","0.002741944727124254"
"24556","0.002741944727124254","0.002741944727124254","0.002741944727124254"
"24558","0.002741944727124254","0.002741944727124254","0.002741944727124254"
"24561","0.002741944727124254","0.002741944727124254","0.002741944727124254"
"24566","0.002741944727124254","0.002741944727124254","0.002741944727124254"
"24573","0.002741944727124254","0.002741944727124254","0.002741944727124254"
"24577","0.002741944727124254","0.002741944727124254","0.002741944727124254"
"24584","0.002741944727124254","0.002741944727124254","0.002741944727124254"
"24585","0.002741944727124254","0.002741944727124254","0.002741944727124254"
"24589","0.002741944727124254","0.002741944727124254","0.002741944727124254"
"24590","0.002741944727124254","0.002741944727124254","0.002741944727124254"
"24592","0.002741944727124254","0.002741944727124254","0.002741944727124254"
"24595","0.002741944727124254","0.002741944727124254","0.002741944727124254"
"24621","0.002741944727124254","0.002741944727124254","0.002741944727124254"
"24628","0.002741944727124254","0.002741944727124254","0.002741944727124254"
"24645","0.0027491497974080764","0.0027491497974080764","0.0027491497974080764"
"24653","0.0027491497974080764","0.0027491497974080764","0.0027491497974080764"
"24654","0.0027491497974080764","0.0027491497974080764","0.0027491497974080764"
"24662","0.0027491497974080764","0.0027491497974080764","0.0027491497974080764"
"24673","0.0027491497974080764","0.0027491497974080764","0.0027491497974080764"
"24678","0.0027491497974080764","0.0027491497974080764","0.0027491497974080764"
"24682","0.0027491497974080764","0.0027491497974080764","0.0027491497974080764"
"24685","0.0027491497974080764","0.0027491497974080764","0.0027491497974080764"
"24690","0.0027491497974080764","0.0027491497974080764","0.0027491497974080764"
"24695","0.0027491497974080764","0.0027491497974080764","0.0027491497974080764"
"24715","0.0027491497974080764","0.0027491497974080764","0.0027491497974080764"
"24719","0.0027491497974080764","0.0027491497974080764","0.0027491497974080764"
"24723","0.0027491497974080764","0.0027491497974080764","0.0027491497974080764"
"24735","0.0027491497974080764","0.0027491497974080764","0.0027491497974080764"
"24737","0.0027491497974080764","0.0027491497974080764","0.0027491497974080764"
"24738","0.0027491497974080764","0.0027491497974080764","0.0027491497974080764"
"24740","0.0027491497974080764","0.0027491497974080764","0.0027491497974080764"
"24756","0.002760533477194853","0.002760533477194853","0.002760533477194853"
"24759","0.002760533477194853","0.002760533477194853","0.002760533477194853"
"24776","0.002760533477194853","0.002760533477194853","0.002760533477194853"
"24777","0.002760533477194853","0.002760533477194853","0.002760533477194853"
"24779","0.002760533477194853","0.002760533477194853","0.002760533477194853"
"24795","0.002760533477194853","0.002760533477194853","0.002760533477194853"
"24796","0.002760533477194853","0.002760533477194853","0.002760533477194853"
"24802","0.002760533477194853","0.002760533477194853","0.002760533477194853"
"24803","0.002760533477194853","0.002760533477194853","0.002760533477194853"
"24810","0.002760533477194853","0.002760533477194853","0.002760533477194853"
"24811","0.002760533477194853","0.002760533477194853","0.002760533477194853"
"24812","0.002760533477194853","0.002760533477194853","0.002760533477194853"
"24817","0.002760533477194853","0.002760533477194853","0.002760533477194853"
"24820","0.002760533477194853","0.002760533477194853","0.002760533477194853"
"24831","0.002760533477194853","0.002760533477194853","0.002760533477194853"
"24834","0.002760533477194853","0.002760533477194853","0.002760533477194853"
"24842","0.002760533477194853","0.002760533477194853","0.002760533477194853"
"24843","0.002760533477194853","0.002760533477194853","0.002760533477194853"
"24844","0.002760533477194853","0.002760533477194853","0.002760533477194853"
"24852","0.0027612957421092495","0.0027612957421092495","0.0027612957421092495"
"24859","0.0027721640932752457","0.0027721640932752457","0.0027721640932752457"
"24868","0.002774086649076729","0.002774086649076729","0.002774086649076729"
"24875","0.002774086649076729","0.002774086649076729","0.002774086649076729"
"24876","0.002774086649076729","0.002774086649076729","0.002774086649076729"
"24887","0.002774086649076729","0.002774086649076729","0.002774086649076729"
"24890","0.002774086649076729","0.002774086649076729","0.002774086649076729"
"24894","0.002774086649076729","0.002774086649076729","0.002774086649076729"
"24896","0.002774086649076729","0.002774086649076729","0.002774086649076729"
"24897","0.002774086649076729","0.002774086649076729","0.002774086649076729"
"24899","0.002774086649076729","0.002774086649076729","0.002774086649076729"
"24904","0.002774086649076729","0.002774086649076729","0.002774086649076729"
"24907","0.002774086649076729","0.002774086649076729","0.002774086649076729"
"24914","0.002774086649076729","0.002774086649076729","0.002774086649076729"
"24920","0.002774086649076729","0.002774086649076729","0.002774086649076729"
"24926","0.002774086649076729","0.002774086649076729","0.002774086649076729"
"24927","0.002774086649076729","0.002774086649076729","0.002774086649076729"
"24932","0.002774086649076729","0.002774086649076729","0.002774086649076729"
"24934","0.002774086649076729","0.002774086649076729","0.002774086649076729"
"24935","0.002774086649076729","0.002774086649076729","0.002774086649076729"
"24942","0.002774086649076729","0.002774086649076729","0.002774086649076729"
"24960","0.002774086649076729","0.002774086649076729","0.002774086649076729"
"24964","0.002768863263743296","0.002768863263743296","0.002768863263743296"
"24967","0.002764269813393225","0.002764269813393225","0.002764269813393225"
"24970","0.002759577224243217","0.002759577224243217","0.002759577224243217"
"24975","0.002759577224243217","0.002759577224243217","0.002759577224243217"
"24977","0.002759577224243217","0.002759577224243217","0.002759577224243217"
"24988","0.002759577224243217","0.002759577224243217","0.002759577224243217"
"25005","0.002759577224243217","0.002759577224243217","0.002759577224243217"
"25006","0.002759577224243217","0.002759577224243217","0.002759577224243217"
"25008","0.002759577224243217","0.002759577224243217","0.002759577224243217"
"25009","0.002759577224243217","0.002759577224243217","0.002759577224243217"
"25016","0.002759577224243217","0.002759577224243217","0.002759577224243217"
"25026","0.002759577224243217","0.002759577224243217","0.002759577224243217"
"25027","0.002759577224243217","0.002759577224243217","0.002759577224243217"
"25032","0.002759577224243217","0.002759577224243217","0.002759577224243217"
"25033","0.002759577224243217","0.002759577224243217","0.002759577224243217"
"25035","0.002759577224243217","0.002759577224243217","0.002759577224243217"
"25038","0.002759577224243217","0.002759577224243217","0.002759577224243217"
"25053","0.002759577224243217","0.002759577224243217","0.002759577224243217"
"25055","0.002759577224243217","0.002759577224243217","0.002759577224243217"
"25056","0.002759577224243217","0.002759577224243217","0.002759577224243217"
"25060","0.002759577224243217","0.002759577224243217","0.002759577224243217"
"25062","0.002759577224243217","0.002759577224243217","0.002759577224243217"
"25067","0.002759577224243217","0.002759577224243217","0.002759577224243217"
"25077","0.002766449383540656","0.002766449383540656","0.002766449383540656"
"25092","0.0027694398628442317","0.0027694398628442317","0.0027694398628442317"
"25105","0.0027694398628442317","0.0027694398628442317","0.0027694398628442317"
"25106","0.0027694398628442317","0.0027694398628442317","0.0027694398628442317"
"25114","0.0027694398628442317","0.0027694398628442317","0.0027694398628442317"
"25126","0.0027694398628442317","0.0027694398628442317","0.0027694398628442317"
"25137","0.0027694398628442317","0.0027694398628442317","0.0027694398628442317"
"25140","0.0027694398628442317","0.0027694398628442317","0.0027694398628442317"
"25141","0.0027694398628442317","0.0027694398628442317","0.0027694398628442317"
"25142","0.0027694398628442317","0.0027694398628442317","0.0027694398628442317"
"25145","0.0027694398628442317","0.0027694398628442317","0.0027694398628442317"
"25161","0.0027694398628442317","0.0027694398628442317","0.0027694398628442317"
"25162","0.0027694398628442317","0.0027694398628442317","0.0027694398628442317"
"25168","0.0027694398628442317","0.0027694398628442317","0.0027694398628442317"
"25172","0.0027694398628442317","0.0027694398628442317","0.0027694398628442317"
"25179","0.0027694398628442317","0.0027694398628442317","0.0027694398628442317"
"25180","0.0027694398628442317","0.0027694398628442317","0.0027694398628442317"
"25181","0.002767908981606781","0.002767908981606781","0.002767908981606781"
"25182","0.0027659949760707966","0.0027659949760707966","0.0027659949760707966"
"25190","0.0027541151526943794","0.0027541151526943794","0.0027541151526943794"
"25196","0.0027541151526943794","0.0027541151526943794","0.0027541151526943794"
"25203","0.0027541151526943794","0.0027541151526943794","0.0027541151526943794"
"25206","0.0027541151526943794","0.0027541151526943794","0.0027541151526943794"
"25213","0.0027541151526943794","0.0027541151526943794","0.0027541151526943794"
"25217","0.0027541151526943794","0.0027541151526943794","0.0027541151526943794"
"25228","0.0027541151526943794","0.0027541151526943794","0.0027541151526943794"
"25230","0.0027541151526943794","0.0027541151526943794","0.0027541151526943794"
"25231","0.0027541151526943794","0.0027541151526943794","0.0027541151526943794"
"25238","0.0027541151526943794","0.0027541151526943794","0.0027541151526943794"
"25239","0.0027541151526943794","0.0027541151526943794","0.0027541151526943794"
"25252","0.0027541151526943794","0.0027541151526943794","0.0027541151526943794"
"25258","0.0027541151526943794","0.0027541151526943794","0.0027541151526943794"
"25262","0.0027541151526943794","0.0027541151526943794","0.0027541151526943794"
"25265","0.0027541151526943794","0.0027541151526943794","0.0027541151526943794"
"25277","0.0027541151526943794","0.0027541151526943794","0.0027541151526943794"
"25289","0.0027541151526943794","0.0027541151526943794","0.0027541151526943794"
"25300","0.0027461839287210347","0.0027461839287210347","0.0027461839287210347"
"25302","0.0027461839287210347","0.0027461839287210347","0.0027461839287210347"
"25304","0.0027461839287210347","0.0027461839287210347","0.0027461839287210347"
"25310","0.0027461839287210347","0.0027461839287210347","0.0027461839287210347"
"25330","0.0027461839287210347","0.0027461839287210347","0.0027461839287210347"
"25335","0.0027461839287210347","0.0027461839287210347","0.0027461839287210347"
"25339","0.0027461839287210347","0.0027461839287210347","0.0027461839287210347"
"25340","0.0027461839287210347","0.0027461839287210347","0.0027461839287210347"
"25346","0.0027461839287210347","0.0027461839287210347","0.0027461839287210347"
"25347","0.0027461839287210347","0.0027461839287210347","0.0027461839287210347"
"25349","0.0027461839287210347","0.0027461839287210347","0.0027461839287210347"
"25352","0.0027461839287210347","0.0027461839287210347","0.0027461839287210347"
"25358","0.0027461839287210347","0.0027461839287210347","0.0027461839287210347"
"25371","0.0027461839287210347","0.0027461839287210347","0.0027461839287210347"
"25381","0.0027461839287210347","0.0027461839287210347","0.0027461839287210347"
"25386","0.0027461839287210347","0.0027461839287210347","0.0027461839287210347"
"25388","0.0027461839287210347","0.0027461839287210347","0.0027461839287210347"
"25391","0.0027461839287210347","0.0027461839287210347","0.0027461839287210347"
"25401","0.0027461839260493385","0.0027461839260493385","0.0027461839260493385"
"25409","0.0027401526178090704","0.0027401526178090704","0.0027401526178090704"
"25423","0.0027401526125177818","0.0027401526125177818","0.0027401526125177818"
"25437","0.0027401526125177818","0.0027401526125177818","0.0027401526125177818"
"25440","0.0027401526125177818","0.0027401526125177818","0.0027401526125177818"
"25447","0.0027401526125177818","0.0027401526125177818","0.0027401526125177818"
"25457","0.0027401526125177818","0.0027401526125177818","0.0027401526125177818"
"25468","0.0027401526125177818","0.0027401526125177818","0.0027401526125177818"
"25469","0.0027401526125177818","0.0027401526125177818","0.0027401526125177818"
"25474","0.0027401526125177818","0.0027401526125177818","0.0027401526125177818"
"25479","0.0027401526125177818","0.0027401526125177818","0.0027401526125177818"
"25494","0.0027401526125177818","0.0027401526125177818","0.0027401526125177818"
"25500","0.0027401526125177818","0.0027401526125177818","0.0027401526125177818"
"25503","0.0027401526125177818","0.0027401526125177818","0.0027401526125177818"
"25523","0.002732496014871699","0.002732496014871699","0.002732496014871699"
"25539","0.002732496014871699","0.002732496014871699","0.002732496014871699"
"25540","0.002732496014871699","0.002732496014871699","0.002732496014871699"
"25543","0.002732496014871699","0.002732496014871699","0.002732496014871699"
"25566","0.002732496014871699","0.002732496014871699","0.002732496014871699"
"25567","0.002732496014871699","0.002732496014871699","0.002732496014871699"
"25575","0.002732496014871699","0.002732496014871699","0.002732496014871699"
"25581","0.002732496014871699","0.002732496014871699","0.002732496014871699"
"25591","0.002732496014871699","0.002732496014871699","0.002732496014871699"
"25592","0.002732496014871699","0.002732496014871699","0.002732496014871699"
"25596","0.002732496014871699","0.002732496014871699","0.002732496014871699"
"25597","0.002732496014871699","0.002732496014871699","0.002732496014871699"
"25607","0.002732496014871699","0.002732496014871699","0.002732496014871699"
"25617","0.002732496014871699","0.002732496014871699","0.002732496014871699"
"25621","0.002731600036066718","0.002731600036066718","0.002731600036066718"
"25626","0.0027260195583258214","0.0027260195583258214","0.0027260195583258214"
"25628","0.00272601955318081","0.00272601955318081","0.00272601955318081"
"25640","0.0027245236246098703","0.0027245236246098703","0.0027245236246098703"
"25646","0.0027245236246098703","0.0027245236246098703","0.0027245236246098703"
"25653","0.0027245236246098703","0.0027245236246098703","0.0027245236246098703"
"25662","0.0027245236246098703","0.0027245236246098703","0.0027245236246098703"
"25670","0.0027245236246098703","0.0027245236246098703","0.0027245236246098703"
"25675","0.0027245236246098703","0.0027245236246098703","0.0027245236246098703"
"25679","0.0027245236246098703","0.0027245236246098703","0.0027245236246098703"
"25683","0.0027245236246098703","0.0027245236246098703","0.0027245236246098703"
"25693","0.0027245236246098703","0.0027245236246098703","0.0027245236246098703"
"25695","0.0027245236246098703","0.0027245236246098703","0.0027245236246098703"
"25706","0.0027245236246098703","0.0027245236246098703","0.0027245236246098703"
"25710","0.0027245236246098703","0.0027245236246098703","0.0027245236246098703"
"25722","0.0027245236246098703","0.0027245236246098703","0.0027245236246098703"
"25725","0.0027245236246098703","0.0027245236246098703","0.0027245236246098703"
"25730","0.0027245236246098703","0.0027245236246098703","0.0027245236246098703"
"25733","0.002721632414163591","0.002721632414163591","0.002721632414163591"
"25740","0.0027176557051581045","0.0027176557051581045","0.0027176557051581045"
"25751","0.0027176557051581045","0.0027176557051581045","0.0027176557051581045"
"25758","0.0027176557051581045","0.0027176557051581045","0.0027176557051581045"
"25759","0.0027176557051581045","0.0027176557051581045","0.0027176557051581045"
"25764","0.0027176557051581045","0.0027176557051581045","0.0027176557051581045"
"25765","0.0027176557051581045","0.0027176557051581045","0.0027176557051581045"
"25771","0.0027176557051581045","0.0027176557051581045","0.0027176557051581045"
"25774","0.0027176557051581045","0.0027176557051581045","0.0027176557051581045"
"25775","0.0027176557051581045","0.0027176557051581045","0.0027176557051581045"
"25779","0.0027176557051581045","0.0027176557051581045","0.0027176557051581045"
"25781","0.0027176557051581045","0.0027176557051581045","0.0027176557051581045"
"25785","0.0027176557051581045","0.0027176557051581045","0.0027176557051581045"
"25791","0.0027176557051581045","0.0027176557051581045","0.0027176557051581045"
"25805","0.0027176557051581045","0.0027176557051581045","0.0027176557051581045"
"25815","0.0027176557051581045","0.0027176557051581045","0.0027176557051581045"
"25822","0.0027176557051581045","0.0027176557051581045","0.0027176557051581045"
"25829","0.0027176557051581045","0.0027176557051581045","0.0027176557051581045"
"25836","0.0027176557051581045","0.0027176557051581045","0.0027176557051581045"
"25839","0.0027176557051581045","0.0027176557051581045","0.0027176557051581045"
"25846","0.002724760200091564","0.002724760200091564","0.002724760200091564"
"25850","0.0027277331675249973","0.0027277331675249973","0.0027277331675249973"
"25858","0.0027277331675249973","0.0027277331675249973","0.0027277331675249973"
"25871","0.0027277331675249973","0.0027277331675249973","0.0027277331675249973"
"25897","0.0027277331675249973","0.0027277331675249973","0.0027277331675249973"
"25899","0.0027277331675249973","0.0027277331675249973","0.0027277331675249973"
"25906","0.0027277331675249973","0.0027277331675249973","0.0027277331675249973"
"25912","0.0027277331675249973","0.0027277331675249973","0.0027277331675249973"
"25914","0.0027277331675249973","0.0027277331675249973","0.0027277331675249973"
"25925","0.0027277331675249973","0.0027277331675249973","0.0027277331675249973"
"25926","0.0027277331675249973","0.0027277331675249973","0.0027277331675249973"
"25932","0.0027277331675249973","0.0027277331675249973","0.0027277331675249973"
"25934","0.0027277331675249973","0.0027277331675249973","0.0027277331675249973"
"25938","0.0027277331675249973","0.0027277331675249973","0.0027277331675249973"
"25940","0.0027277331675249973","0.0027277331675249973","0.0027277331675249973"
"25941","0.0027277331675249973","0.0027277331675249973","0.0027277331675249973"
"25943","0.0027277331675249973","0.0027277331675249973","0.0027277331675249973"
"25951","0.0027281052446736175","0.0027281052446736175","0.0027281052446736175"
"25958","0.002736108605223891","0.002736108605223891","0.002736108605223891"
"25961","0.002737577763643722","0.002737577763643722","0.002737577763643722"
"25964","0.002737577763643722","0.002737577763643722","0.002737577763643722"
"25965","0.002737577763643722","0.002737577763643722","0.002737577763643722"
"25966","0.002737577763643722","0.002737577763643722","0.002737577763643722"
"25971","0.002737577763643722","0.002737577763643722","0.002737577763643722"
"25985","0.002737577763643722","0.002737577763643722","0.002737577763643722"
"26016","0.002737577763643722","0.002737577763643722","0.002737577763643722"
"26019","0.002737577763643722","0.002737577763643722","0.002737577763643722"
"26029","0.002737577763643722","0.002737577763643722","0.002737577763643722"
"26032","0.002737577763643722","0.002737577763643722","0.002737577763643722"
"26042","0.002737577763643722","0.002737577763643722","0.002737577763643722"
"26044","0.002737577763643722","0.002737577763643722","0.002737577763643722"
"26046","0.002737577763643722","0.002737577763643722","0.002737577763643722"
"26050","0.002737577763643722","0.002737577763643722","0.002737577763643722"
"26068","0.0027446371720320807","0.0027446371720320807","0.0027446371720320807"
"26071","0.002748408864503529","0.002748408864503529","0.002748408864503529"
"26075","0.002748408864503529","0.002748408864503529","0.002748408864503529"
"26079","0.002748408864503529","0.002748408864503529","0.002748408864503529"
"26082","0.002748408864503529","0.002748408864503529","0.002748408864503529"
"26085","0.002748408864503529","0.002748408864503529","0.002748408864503529"
"26090","0.002748408864503529","0.002748408864503529","0.002748408864503529"
"26094","0.002748408864503529","0.002748408864503529","0.002748408864503529"
"26106","0.002748408864503529","0.002748408864503529","0.002748408864503529"
"26113","0.002748408864503529","0.002748408864503529","0.002748408864503529"
"26115","0.002748408864503529","0.002748408864503529","0.002748408864503529"
"26121","0.002748408864503529","0.002748408864503529","0.002748408864503529"
"26132","0.002748408864503529","0.002748408864503529","0.002748408864503529"
"26154","0.002748408864503529","0.002748408864503529","0.002748408864503529"
"26155","0.002748408864503529","0.002748408864503529","0.002748408864503529"
"26159","0.002748408864503529","0.002748408864503529","0.002748408864503529"
"26164","0.002748408864503529","0.002748408864503529","0.002748408864503529"
"26167","0.002748408864503529","0.002748408864503529","0.002748408864503529"
"26169","0.002748408864503529","0.002748408864503529","0.002748408864503529"
"26210","0.0027360709924561548","0.0027360709924561548","0.0027360709924561548"
"26217","0.0027360709924561548","0.0027360709924561548","0.0027360709924561548"
"26227","0.0027360709924561548","0.0027360709924561548","0.0027360709924561548"
"26235","0.0027360709924561548","0.0027360709924561548","0.0027360709924561548"
"26239","0.0027360709924561548","0.0027360709924561548","0.0027360709924561548"
"26240","0.0027360709924561548","0.0027360709924561548","0.0027360709924561548"
"26253","0.0027360709924561548","0.0027360709924561548","0.0027360709924561548"
"26260","0.0027360709924561548","0.0027360709924561548","0.0027360709924561548"
"26264","0.0027360709924561548","0.0027360709924561548","0.0027360709924561548"
"26266","0.0027360709924561548","0.0027360709924561548","0.0027360709924561548"
"26267","0.0027360709924561548","0.0027360709924561548","0.0027360709924561548"
"26295","0.002721920991582842","0.002721920991582842","0.002721920991582842"
"26298","0.002721920991582842","0.002721920991582842","0.002721920991582842"
"26307","0.002721920991582842","0.002721920991582842","0.002721920991582842"
"26311","0.002721920991582842","0.002721920991582842","0.002721920991582842"
"26320","0.002721920991582842","0.002721920991582842","0.002721920991582842"
"26332","0.002721920991582842","0.002721920991582842","0.002721920991582842"
"26333","0.002721920991582842","0.002721920991582842","0.002721920991582842"
"26343","0.002721920991582842","0.002721920991582842","0.002721920991582842"
"26348","0.002721920991582842","0.002721920991582842","0.002721920991582842"
"26357","0.002721920991582842","0.002721920991582842","0.002721920991582842"
"26365","0.002721920991582842","0.002721920991582842","0.002721920991582842"
"26366","0.002721920991582842","0.002721920991582842","0.002721920991582842"
"26370","0.002721920991582842","0.002721920991582842","0.002721920991582842"
"26377","0.002721920991582842","0.002721920991582842","0.002721920991582842"
"26383","0.002721920991582842","0.002721920991582842","0.002721920991582842"
"26387","0.002721920991582842","0.002721920991582842","0.002721920991582842"
"26393","0.002723032773564826","0.002723032773564826","0.002723032773564826"
"26398","0.0027263735755500723","0.0027263735755500723","0.0027263735755500723"
"26411","0.00272713152752759","0.00272713152752759","0.00272713152752759"
"26423","0.00272713152752759","0.00272713152752759","0.00272713152752759"
"26431","0.00272713152752759","0.00272713152752759","0.00272713152752759"
"26444","0.00272713152752759","0.00272713152752759","0.00272713152752759"
"26453","0.00272713152752759","0.00272713152752759","0.00272713152752759"
"26464","0.00272713152752759","0.00272713152752759","0.00272713152752759"
"26481","0.00272713152752759","0.00272713152752759","0.00272713152752759"
"26482","0.00272713152752759","0.00272713152752759","0.00272713152752759"
"26483","0.00272713152752759","0.00272713152752759","0.00272713152752759"
"26484","0.00272713152752759","0.00272713152752759","0.00272713152752759"
"26502","0.002724902177592526","0.002724902177592526","0.002724902177592526"
"26507","0.0027180269323869416","0.0027180269323869416","0.0027180269323869416"
"26510","0.0027124974516808537","0.0027124974516808537","0.0027124974516808537"
"26511","0.0027124974516808537","0.0027124974516808537","0.0027124974516808537"
"26529","0.0027124974516808537","0.0027124974516808537","0.0027124974516808537"
"26546","0.0027124974516808537","0.0027124974516808537","0.0027124974516808537"
"26547","0.0027124974516808537","0.0027124974516808537","0.0027124974516808537"
"26557","0.0027124974516808537","0.0027124974516808537","0.0027124974516808537"
"26565","0.0027124974516808537","0.0027124974516808537","0.0027124974516808537"
"26569","0.0027124974516808537","0.0027124974516808537","0.0027124974516808537"
"26572","0.0027124974516808537","0.0027124974516808537","0.0027124974516808537"
"26578","0.0027124974516808537","0.0027124974516808537","0.0027124974516808537"
"26589","0.0027124974516808537","0.0027124974516808537","0.0027124974516808537"
"26591","0.0027124974516808537","0.0027124974516808537","0.0027124974516808537"
"26598","0.0027124974516808537","0.0027124974516808537","0.0027124974516808537"
"26602","0.0027124974516808537","0.0027124974516808537","0.0027124974516808537"
"26625","0.0027155467644867756","0.0027155467644867756","0.0027155467644867756"
"26626","0.0027155467644867756","0.0027155467644867756","0.0027155467644867756"
"26628","0.0027155467644867756","0.0027155467644867756","0.0027155467644867756"
"26629","0.0027155467644867756","0.0027155467644867756","0.0027155467644867756"
"26635","0.0027155467644867756","0.0027155467644867756","0.0027155467644867756"
"26660","0.0027155467644867756","0.0027155467644867756","0.0027155467644867756"
"26663","0.0027155467644867756","0.0027155467644867756","0.0027155467644867756"
"26669","0.0027155467644867756","0.0027155467644867756","0.0027155467644867756"
"26674","0.0027155467644867756","0.0027155467644867756","0.0027155467644867756"
"26686","0.0027155467644867756","0.0027155467644867756","0.0027155467644867756"
"26691","0.0027155467644867756","0.0027155467644867756","0.0027155467644867756"
"26694","0.0027155467644867756","0.0027155467644867756","0.0027155467644867756"
"26701","0.0027155467644867756","0.0027155467644867756","0.0027155467644867756"
"26708","0.0027155467644867756","0.0027155467644867756","0.0027155467644867756"
"26709","0.0027155467644867756","0.0027155467644867756","0.0027155467644867756"
"26737","0.0027212334533072706","0.0027212334533072706","0.0027212334533072706"
"26738","0.0027212334533072706","0.0027212334533072706","0.0027212334533072706"
"26741","0.0027212334533072706","0.0027212334533072706","0.0027212334533072706"
"26752","0.0027212334533072706","0.0027212334533072706","0.0027212334533072706"
"26753","0.0027212334533072706","0.0027212334533072706","0.0027212334533072706"
"26759","0.0027212334533072706","0.0027212334533072706","0.0027212334533072706"
"26762","0.0027212334533072706","0.0027212334533072706","0.0027212334533072706"
"26763","0.0027212334533072706","0.0027212334533072706","0.0027212334533072706"
"26767","0.0027212334533072706","0.0027212334533072706","0.0027212334533072706"
"26768","0.0027212334533072706","0.0027212334533072706","0.0027212334533072706"
"26777","0.0027212334533072706","0.0027212334533072706","0.0027212334533072706"
"26782","0.0027212334533072706","0.0027212334533072706","0.0027212334533072706"
"26790","0.0027212334533072706","0.0027212334533072706","0.0027212334533072706"
"26798","0.0027212334533072706","0.0027212334533072706","0.0027212334533072706"
"26799","0.0027212334533072706","0.0027212334533072706","0.0027212334533072706"
"26809","0.0027212334533072706","0.0027212334533072706","0.0027212334533072706"
"26819","0.0027212334533072706","0.0027212334533072706","0.0027212334533072706"
"26821","0.0027212334533072706","0.0027212334533072706","0.0027212334533072706"
"26834","0.002726191192966418","0.002726191192966418","0.002726191192966418"
"26835","0.0027280504897242114","0.0027280504897242114","0.0027280504897242114"
"26837","0.0027301396898644797","0.0027301396898644797","0.0027301396898644797"
"26847","0.002733261157520531","0.002733261157520531","0.002733261157520531"
"26862","0.002733261157520531","0.002733261157520531","0.002733261157520531"
"26868","0.002733261157520531","0.002733261157520531","0.002733261157520531"
"26877","0.002733261157520531","0.002733261157520531","0.002733261157520531"
"26888","0.002733261157520531","0.002733261157520531","0.002733261157520531"
"26891","0.002733261157520531","0.002733261157520531","0.002733261157520531"
"26925","0.002733261157520531","0.002733261157520531","0.002733261157520531"
"26929","0.002733261157520531","0.002733261157520531","0.002733261157520531"
"26934","0.002733261157520531","0.002733261157520531","0.002733261157520531"
"26938","0.002733261157520531","0.002733261157520531","0.002733261157520531"
"26945","0.0027388024806123943","0.0027388024806123943","0.0027388024806123943"
"26951","0.0027437601294395225","0.0027437601294395225","0.0027437601294395225"
"26952","0.0027437601294395225","0.0027437601294395225","0.0027437601294395225"
"26959","0.0027437601294395225","0.0027437601294395225","0.0027437601294395225"
"26960","0.0027437601294395225","0.0027437601294395225","0.0027437601294395225"
"26969","0.0027437601294395225","0.0027437601294395225","0.0027437601294395225"
"26973","0.0027437601294395225","0.0027437601294395225","0.0027437601294395225"
"26980","0.0027437601294395225","0.0027437601294395225","0.0027437601294395225"
"26981","0.0027437601294395225","0.0027437601294395225","0.0027437601294395225"
"26990","0.0027437601294395225","0.0027437601294395225","0.0027437601294395225"
"26993","0.0027437601294395225","0.0027437601294395225","0.0027437601294395225"
"27004","0.0027437601294395225","0.0027437601294395225","0.0027437601294395225"
"27014","0.0027437601294395225","0.0027437601294395225","0.0027437601294395225"
"27015","0.0027437601294395225","0.0027437601294395225","0.0027437601294395225"
"27033","0.0027437601294395225","0.0027437601294395225","0.0027437601294395225"
"27041","0.0027437601294395225","0.0027437601294395225","0.0027437601294395225"
"27046","0.0027437601294395225","0.0027437601294395225","0.0027437601294395225"
"27067","0.002754053330201318","0.002754053330201318","0.002754053330201318"
"27070","0.002754053330201318","0.002754053330201318","0.002754053330201318"
"27085","0.002754053330201318","0.002754053330201318","0.002754053330201318"
"27087","0.002754053330201318","0.002754053330201318","0.002754053330201318"
"27093","0.002754053330201318","0.002754053330201318","0.002754053330201318"
"27104","0.002754053330201318","0.002754053330201318","0.002754053330201318"
"27128","0.002754053330201318","0.002754053330201318","0.002754053330201318"
"27132","0.002754053330201318","0.002754053330201318","0.002754053330201318"
"27139","0.002754053330201318","0.002754053330201318","0.002754053330201318"
"27140","0.002754053330201318","0.002754053330201318","0.002754053330201318"
"27142","0.002754053330201318","0.002754053330201318","0.002754053330201318"
"27170","0.0027447425718809177","0.0027447425718809177","0.0027447425718809177"
"27180","0.0027447425718809177","0.0027447425718809177","0.0027447425718809177"
"27181","0.0027447425718809177","0.0027447425718809177","0.0027447425718809177"
"27185","0.0027447425718809177","0.0027447425718809177","0.0027447425718809177"
"27188","0.0027447425718809177","0.0027447425718809177","0.0027447425718809177"
"27190","0.0027447425718809177","0.0027447425718809177","0.0027447425718809177"
"27192","0.0027447425718809177","0.0027447425718809177","0.0027447425718809177"
"27200","0.0027447425718809177","0.0027447425718809177","0.0027447425718809177"
"27201","0.0027447425718809177","0.0027447425718809177","0.0027447425718809177"
"27204","0.0027447425718809177","0.0027447425718809177","0.0027447425718809177"
"27209","0.0027447425718809177","0.0027447425718809177","0.0027447425718809177"
"27214","0.0027447425718809177","0.0027447425718809177","0.0027447425718809177"
"27217","0.0027447425718809177","0.0027447425718809177","0.0027447425718809177"
"27225","0.0027447425718809177","0.0027447425718809177","0.0027447425718809177"
"27236","0.0027447425718809177","0.0027447425718809177","0.0027447425718809177"
"27240","0.0027447425718809177","0.0027447425718809177","0.0027447425718809177"
"27248","0.0027447425718809177","0.0027447425718809177","0.0027447425718809177"
"27252","0.0027447425718809177","0.0027447425718809177","0.0027447425718809177"
"27255","0.0027447425718809177","0.0027447425718809177","0.0027447425718809177"
"27263","0.0027447425718809177","0.0027447425718809177","0.0027447425718809177"
"27273","0.002741172829026707","0.002741172829026707","0.002741172829026707"
"27278","0.0027348189702545286","0.0027348189702545286","0.0027348189702545286"
"27286","0.0027316122952102373","0.0027316122952102373","0.0027316122952102373"
"27287","0.0027316122952102373","0.0027316122952102373","0.0027316122952102373"
"27305","0.0027316122952102373","0.0027316122952102373","0.0027316122952102373"
"27316","0.0027316122952102373","0.0027316122952102373","0.0027316122952102373"
"27318","0.0027316122952102373","0.0027316122952102373","0.0027316122952102373"
"27327","0.0027316122952102373","0.0027316122952102373","0.0027316122952102373"
"27337","0.0027316122952102373","0.0027316122952102373","0.0027316122952102373"
"27351","0.0027316122952102373","0.0027316122952102373","0.0027316122952102373"
"27367","0.0027316122952102373","0.0027316122952102373","0.0027316122952102373"
"27373","0.0027316122952102373","0.0027316122952102373","0.0027316122952102373"
"27380","0.0027316122952102373","0.0027316122952102373","0.0027316122952102373"
"27392","0.0027205024533563595","0.0027205024533563595","0.0027205024533563595"
"27396","0.0027205024533563595","0.0027205024533563595","0.0027205024533563595"
"27401","0.0027205024533563595","0.0027205024533563595","0.0027205024533563595"
"27402","0.0027205024533563595","0.0027205024533563595","0.0027205024533563595"
"27409","0.0027205024533563595","0.0027205024533563595","0.0027205024533563595"
"27415","0.0027205024533563595","0.0027205024533563595","0.0027205024533563595"
"27433","0.0027205024533563595","0.0027205024533563595","0.0027205024533563595"
"27436","0.0027205024533563595","0.0027205024533563595","0.0027205024533563595"
"27443","0.0027205024533563595","0.0027205024533563595","0.0027205024533563595"
"27446","0.0027205024533563595","0.0027205024533563595","0.0027205024533563595"
"27454","0.0027205024533563595","0.0027205024533563595","0.0027205024533563595"
"27458","0.0027205024533563595","0.0027205024533563595","0.0027205024533563595"
"27464","0.0027205024533563595","0.0027205024533563595","0.0027205024533563595"
"27467","0.0027205024533563595","0.0027205024533563595","0.0027205024533563595"
"27470","0.0027205024533563595","0.0027205024533563595","0.0027205024533563595"
"27473","0.0027205024533563595","0.0027205024533563595","0.0027205024533563595"
"27476","0.0027205024533563595","0.0027205024533563595","0.0027205024533563595"
"27477","0.0027205024533563595","0.0027205024533563595","0.0027205024533563595"
"27480","0.0027205024533563595","0.0027205024533563595","0.0027205024533563595"
"27481","0.0027205024533563595","0.0027205024533563595","0.0027205024533563595"
"27494","0.002717772818066484","0.002717772818066484","0.002717772818066484"
"27506","0.002713303724400682","0.002713303724400682","0.002713303724400682"
"27509","0.002713303724400682","0.002713303724400682","0.002713303724400682"
"27511","0.002713303724400682","0.002713303724400682","0.002713303724400682"
"27513","0.002713303724400682","0.002713303724400682","0.002713303724400682"
"27515","0.002713303724400682","0.002713303724400682","0.002713303724400682"
"27517","0.002713303724400682","0.002713303724400682","0.002713303724400682"
"27526","0.002713303724400682","0.002713303724400682","0.002713303724400682"
"27528","0.002713303724400682","0.002713303724400682","0.002713303724400682"
"27531","0.002713303724400682","0.002713303724400682","0.002713303724400682"
"27542","0.002713303724400682","0.002713303724400682","0.002713303724400682"
"27545","0.002713303724400682","0.002713303724400682","0.002713303724400682"
"27549","0.002713303724400682","0.002713303724400682","0.002713303724400682"
"27554","0.002713303724400682","0.002713303724400682","0.002713303724400682"
"27556","0.002713303724400682","0.002713303724400682","0.002713303724400682"
"27567","0.002713303724400682","0.002713303724400682","0.002713303724400682"
"27570","0.002713303724400682","0.002713303724400682","0.002713303724400682"
"27590","0.002713303724400682","0.002713303724400682","0.002713303724400682"
"27591","0.002713303724400682","0.002713303724400682","0.002713303724400682"
"27592","0.002713303724400682","0.002713303724400682","0.002713303724400682"
"27595","0.002713303724400682","0.002713303724400682","0.002713303724400682"
"27596","0.002713303724400682","0.002713303724400682","0.002713303724400682"
"27601","0.0027140134580308476","0.0027140134580308476","0.0027140134580308476"
"27614","0.0027253876505874144","0.0027253876505874144","0.0027253876505874144"
"27618","0.0027253876505874144","0.0027253876505874144","0.0027253876505874144"
"27630","0.0027253876505874144","0.0027253876505874144","0.0027253876505874144"
"27631","0.0027253876505874144","0.0027253876505874144","0.0027253876505874144"
"27634","0.0027253876505874144","0.0027253876505874144","0.0027253876505874144"
"27650","0.0027253876505874144","0.0027253876505874144","0.0027253876505874144"
"27651","0.0027253876505874144","0.0027253876505874144","0.0027253876505874144"
"27652","0.0027253876505874144","0.0027253876505874144","0.0027253876505874144"
"27658","0.0027253876505874144","0.0027253876505874144","0.0027253876505874144"
"27661","0.0027253876505874144","0.0027253876505874144","0.0027253876505874144"
"27663","0.0027253876505874144","0.0027253876505874144","0.0027253876505874144"
"27680","0.0027253876505874144","0.0027253876505874144","0.0027253876505874144"
"27681","0.0027253876505874144","0.0027253876505874144","0.0027253876505874144"
"27683","0.0027253876505874144","0.0027253876505874144","0.0027253876505874144"
"27685","0.0027253876505874144","0.0027253876505874144","0.0027253876505874144"
"27702","0.0027253876505874144","0.0027253876505874144","0.0027253876505874144"
"27712","0.0027235045010261653","0.0027235045010261653","0.0027235045010261653"
"27717","0.002721164484312227","0.002721164484312227","0.002721164484312227"
"27728","0.0027174314106329705","0.0027174314106329705","0.0027174314106329705"
"27732","0.0027174314106329705","0.0027174314106329705","0.0027174314106329705"
"27744","0.0027174314106329705","0.0027174314106329705","0.0027174314106329705"
"27753","0.0027174314106329705","0.0027174314106329705","0.0027174314106329705"
"27761","0.0027174314106329705","0.0027174314106329705","0.0027174314106329705"
"27765","0.0027174314106329705","0.0027174314106329705","0.0027174314106329705"
"27770","0.0027174314106329705","0.0027174314106329705","0.0027174314106329705"
"27775","0.0027174314106329705","0.0027174314106329705","0.0027174314106329705"
"27782","0.0027174314106329705","0.0027174314106329705","0.0027174314106329705"
"27791","0.0027174314106329705","0.0027174314106329705","0.0027174314106329705"
"27794","0.0027174314106329705","0.0027174314106329705","0.0027174314106329705"
"27800","0.0027174314106329705","0.0027174314106329705","0.0027174314106329705"
"27815","0.0027174314106329705","0.0027174314106329705","0.0027174314106329705"
"27821","0.002718350488331041","0.002718350488331041","0.002718350488331041"
"27833","0.0027240329419564568","0.0027240329419564568","0.0027240329419564568"
"27834","0.0027240329419564568","0.0027240329419564568","0.0027240329419564568"
"27849","0.0027240329419564568","0.0027240329419564568","0.0027240329419564568"
"27864","0.0027240329419564568","0.0027240329419564568","0.0027240329419564568"
"27868","0.0027240329419564568","0.0027240329419564568","0.0027240329419564568"
"27870","0.0027240329419564568","0.0027240329419564568","0.0027240329419564568"
"27889","0.0027240329419564568","0.0027240329419564568","0.0027240329419564568"
"27900","0.0027240329419564568","0.0027240329419564568","0.0027240329419564568"
"27908","0.0027240329419564568","0.0027240329419564568","0.0027240329419564568"
"27913","0.0027240329419564568","0.0027240329419564568","0.0027240329419564568"
"27918","0.0027240329419564568","0.0027240329419564568","0.0027240329419564568"
"27919","0.0027240329419564568","0.0027240329419564568","0.0027240329419564568"
"27921","0.0027240329419564568","0.0027240329419564568","0.0027240329419564568"
"27926","0.0027240329419564568","0.0027240329419564568","0.0027240329419564568"
"27929","0.0027240329419564568","0.0027240329419564568","0.0027240329419564568"
"27931","0.002724034322103346","0.002724034322103346","0.002724034322103346"
"27936","0.00272104842067196","0.00272104842067196","0.00272104842067196"
"27938","0.0027196173776915127","0.0027196173776915127","0.0027196173776915127"
"27946","0.002717468587932898","0.002717468587932898","0.002717468587932898"
"27949","0.002717468587932898","0.002717468587932898","0.002717468587932898"
"27956","0.002717468587932898","0.002717468587932898","0.002717468587932898"
"27969","0.002717468587932898","0.002717468587932898","0.002717468587932898"
"27970","0.002717468587932898","0.002717468587932898","0.002717468587932898"
"27974","0.002717468587932898","0.002717468587932898","0.002717468587932898"
"27989","0.002717468587932898","0.002717468587932898","0.002717468587932898"
"27993","0.002717468587932898","0.002717468587932898","0.002717468587932898"
"27995","0.002717468587932898","0.002717468587932898","0.002717468587932898"
"28001","0.002717468587932898","0.002717468587932898","0.002717468587932898"
"28007","0.002717468587932898","0.002717468587932898","0.002717468587932898"
"28011","0.002717468587932898","0.002717468587932898","0.002717468587932898"
"28015","0.002717468587932898","0.002717468587932898","0.002717468587932898"
"28016","0.002717468587932898","0.002717468587932898","0.002717468587932898"
"28025","0.002717468587932898","0.002717468587932898","0.002717468587932898"
"28030","0.002717468587932898","0.002717468587932898","0.002717468587932898"
"28048","0.002726706883846134","0.002726706883846134","0.002726706883846134"
"28070","0.0027304294241053766","0.0027304294241053766","0.0027304294241053766"
"28077","0.0027304294241053766","0.0027304294241053766","0.0027304294241053766"
"28078","0.0027304294241053766","0.0027304294241053766","0.0027304294241053766"
"28079","0.0027304294241053766","0.0027304294241053766","0.0027304294241053766"
"28083","0.0027304294241053766","0.0027304294241053766","0.0027304294241053766"
"28084","0.0027304294241053766","0.0027304294241053766","0.0027304294241053766"
"28093","0.0027304294241053766","0.0027304294241053766","0.0027304294241053766"
"28099","0.0027304294241053766","0.0027304294241053766","0.0027304294241053766"
"28108","0.0027304294241053766","0.0027304294241053766","0.0027304294241053766"
"28113","0.0027304294241053766","0.0027304294241053766","0.0027304294241053766"
"28116","0.0027304294241053766","0.0027304294241053766","0.0027304294241053766"
"28118","0.0027304294241053766","0.0027304294241053766","0.0027304294241053766"
"28127","0.0027304294241053766","0.0027304294241053766","0.0027304294241053766"
"28133","0.0027304294241053766","0.0027304294241053766","0.0027304294241053766"
"28134","0.0027304294241053766","0.0027304294241053766","0.0027304294241053766"
"28157","0.002738114405530552","0.002738114405530552","0.002738114405530552"
"28166","0.0027402657779270288","0.0027402657779270288","0.0027402657779270288"
"28167","0.0027402657779270288","0.0027402657779270288","0.0027402657779270288"
"28173","0.0027402657779270288","0.0027402657779270288","0.0027402657779270288"
"28174","0.0027402657779270288","0.0027402657779270288","0.0027402657779270288"
"28188","0.0027402657779270288","0.0027402657779270288","0.0027402657779270288"
"28194","0.0027402657779270288","0.0027402657779270288","0.0027402657779270288"
"28195","0.0027402657779270288","0.0027402657779270288","0.0027402657779270288"
"28198","0.0027402657779270288","0.0027402657779270288","0.0027402657779270288"
"28199","0.0027402657779270288","0.0027402657779270288","0.0027402657779270288"
"28215","0.0027402657779270288","0.0027402657779270288","0.0027402657779270288"
"28229","0.0027402657779270288","0.0027402657779270288","0.0027402657779270288"
"28232","0.0027402657779270288","0.0027402657779270288","0.0027402657779270288"
"28236","0.0027402657779270288","0.0027402657779270288","0.0027402657779270288"
"28242","0.0027402657779270288","0.0027402657779270288","0.0027402657779270288"
"28244","0.0027402657779270288","0.0027402657779270288","0.0027402657779270288"
"28248","0.0027402657779270288","0.0027402657779270288","0.0027402657779270288"
"28250","0.0027402657779270288","0.0027402657779270288","0.0027402657779270288"
"28251","0.0027402657779270288","0.0027402657779270288","0.0027402657779270288"
"28260","0.0027402657779270288","0.0027402657779270288","0.0027402657779270288"
"28268","0.0027270497571349477","0.0027270497571349477","0.0027270497571349477"
"28274","0.00272579863509227","0.00272579863509227","0.00272579863509227"
"28286","0.00272579863509227","0.00272579863509227","0.00272579863509227"
"28309","0.00272579863509227","0.00272579863509227","0.00272579863509227"
"28332","0.00272579863509227","0.00272579863509227","0.00272579863509227"
"28337","0.00272579863509227","0.00272579863509227","0.00272579863509227"
"28340","0.00272579863509227","0.00272579863509227","0.00272579863509227"
"28345","0.00272579863509227","0.00272579863509227","0.00272579863509227"
"28361","0.00272579863509227","0.00272579863509227","0.00272579863509227"
"28363","0.00272579863509227","0.00272579863509227","0.00272579863509227"
"28371","0.0027271132165132593","0.0027271132165132593","0.0027271132165132593"
"28372","0.0027289737715762534","0.0027289737715762534","0.0027289737715762534"
"28373","0.002730255174535119","0.002730255174535119","0.002730255174535119"
"28375","0.0027327669274723825","0.0027327669274723825","0.0027327669274723825"
"28378","0.002734870412699068","0.002734870412699068","0.002734870412699068"
"28387","0.0027376824361677256","0.0027376824361677256","0.0027376824361677256"
"28394","0.0027376824361677256","0.0027376824361677256","0.0027376824361677256"
"28395","0.0027376824361677256","0.0027376824361677256","0.0027376824361677256"
"28399","0.0027376824361677256","0.0027376824361677256","0.0027376824361677256"
"28404","0.0027376824361677256","0.0027376824361677256","0.0027376824361677256"
"28409","0.0027376824361677256","0.0027376824361677256","0.0027376824361677256"
"28410","0.0027376824361677256","0.0027376824361677256","0.0027376824361677256"
"28414","0.0027376824361677256","0.0027376824361677256","0.0027376824361677256"
"28417","0.0027376824361677256","0.0027376824361677256","0.0027376824361677256"
"28449","0.0027376824361677256","0.0027376824361677256","0.0027376824361677256"
"28453","0.0027376824361677256","0.0027376824361677256","0.0027376824361677256"
"28458","0.0027376824361677256","0.0027376824361677256","0.0027376824361677256"
"28460","0.0027376824361677256","0.0027376824361677256","0.0027376824361677256"
"28464","0.0027376824361677256","0.0027376824361677256","0.0027376824361677256"
"28470","0.0027376824361677256","0.0027376824361677256","0.0027376824361677256"
"28472","0.0027376824361677256","0.0027376824361677256","0.0027376824361677256"
"28488","0.0027443324562105276","0.0027443324562105276","0.0027443324562105276"
"28505","0.0027470722692372234","0.0027470722692372234","0.0027470722692372234"
"28506","0.0027470722692372234","0.0027470722692372234","0.0027470722692372234"
"28514","0.0027470722692372234","0.0027470722692372234","0.0027470722692372234"
"28517","0.0027470722692372234","0.0027470722692372234","0.0027470722692372234"
"28519","0.0027470722692372234","0.0027470722692372234","0.0027470722692372234"
"28527","0.0027470722692372234","0.0027470722692372234","0.0027470722692372234"
"28541","0.0027470722692372234","0.0027470722692372234","0.0027470722692372234"
"28543","0.0027470722692372234","0.0027470722692372234","0.0027470722692372234"
"28545","0.0027470722692372234","0.0027470722692372234","0.0027470722692372234"
"28548","0.0027470722692372234","0.0027470722692372234","0.0027470722692372234"
"28559","0.0027470722692372234","0.0027470722692372234","0.0027470722692372234"
"28574","0.0027470722692372234","0.0027470722692372234","0.0027470722692372234"
"28585","0.0027470722692372234","0.0027470722692372234","0.0027470722692372234"
"28586","0.0027470722692372234","0.0027470722692372234","0.0027470722692372234"
"28591","0.0027480390023920226","0.0027480390023920226","0.0027480390023920226"
"28592","0.0027499282298516494","0.0027499282298516494","0.0027499282298516494"
"28601","0.002755750338468618","0.002755750338468618","0.002755750338468618"
"28606","0.002755750338468618","0.002755750338468618","0.002755750338468618"
"28610","0.002755750338468618","0.002755750338468618","0.002755750338468618"
"28616","0.002755750338468618","0.002755750338468618","0.002755750338468618"
"28618","0.002755750338468618","0.002755750338468618","0.002755750338468618"
"28620","0.002755750338468618","0.002755750338468618","0.002755750338468618"
"28621","0.002755750338468618","0.002755750338468618","0.002755750338468618"
"28628","0.002755750338468618","0.002755750338468618","0.002755750338468618"
"28644","0.002755750338468618","0.002755750338468618","0.002755750338468618"
"28660","0.002755750338468618","0.002755750338468618","0.002755750338468618"
"28661","0.002755750338468618","0.002755750338468618","0.002755750338468618"
"28665","0.002755750338468618","0.002755750338468618","0.002755750338468618"
"28667","0.002755750338468618","0.002755750338468618","0.002755750338468618"
"28672","0.002755750338468618","0.002755750338468618","0.002755750338468618"
"28674","0.002755750338468618","0.002755750338468618","0.002755750338468618"
"28681","0.002755750338468618","0.002755750338468618","0.002755750338468618"
"28692","0.002755750338468618","0.002755750338468618","0.002755750338468618"
"28694","0.002755750338468618","0.002755750338468618","0.002755750338468618"
"28700","0.002755750338468618","0.002755750338468618","0.002755750338468618"
"28706","0.002748821559148453","0.002748821559148453","0.002748821559148453"
"28711","0.002743748289565166","0.002743748289565166","0.002743748289565166"
"28717","0.002743748289565166","0.002743748289565166","0.002743748289565166"
"28721","0.002743748289565166","0.002743748289565166","0.002743748289565166"
"28731","0.002743748289565166","0.002743748289565166","0.002743748289565166"
"28736","0.002743748289565166","0.002743748289565166","0.002743748289565166"
"28748","0.002743748289565166","0.002743748289565166","0.002743748289565166"
"28755","0.002743748289565166","0.002743748289565166","0.002743748289565166"
"28760","0.002743748289565166","0.002743748289565166","0.002743748289565166"
"28772","0.002743748289565166","0.002743748289565166","0.002743748289565166"
"28773","0.002743748289565166","0.002743748289565166","0.002743748289565166"
"28804","0.002743748289565166","0.002743748289565166","0.002743748289565166"
"28805","0.002743748289565166","0.002743748289565166","0.002743748289565166"
"28806","0.002743748289565166","0.002743748289565166","0.002743748289565166"
"28808","0.002743748289565166","0.002743748289565166","0.002743748289565166"
"28811","0.0027430126676325833","0.0027430126676325833","0.0027430126676325833"
"28812","0.0027411329270943985","0.0027411329270943985","0.0027411329270943985"
"28815","0.0027375464073523437","0.0027375464073523437","0.0027375464073523437"
"28821","0.002733303891778254","0.002733303891778254","0.002733303891778254"
"28825","0.002733303891778254","0.002733303891778254","0.002733303891778254"
"28843","0.002733303891778254","0.002733303891778254","0.002733303891778254"
"28850","0.002733303891778254","0.002733303891778254","0.002733303891778254"
"28851","0.002733303891778254","0.002733303891778254","0.002733303891778254"
"28860","0.002733303891778254","0.002733303891778254","0.002733303891778254"
"28861","0.002733303891778254","0.002733303891778254","0.002733303891778254"
"28865","0.002733303891778254","0.002733303891778254","0.002733303891778254"
"28866","0.002733303891778254","0.002733303891778254","0.002733303891778254"
"28871","0.002733303891778254","0.002733303891778254","0.002733303891778254"
"28875","0.002733303891778254","0.002733303891778254","0.002733303891778254"
"28879","0.002733303891778254","0.002733303891778254","0.002733303891778254"
"28882","0.002733303891778254","0.002733303891778254","0.002733303891778254"
"28885","0.002733303891778254","0.002733303891778254","0.002733303891778254"
"28892","0.002733303891778254","0.002733303891778254","0.002733303891778254"
"28896","0.002733303891778254","0.002733303891778254","0.002733303891778254"
"28898","0.002733303891778254","0.002733303891778254","0.002733303891778254"
"28916","0.002733303891778254","0.002733303891778254","0.002733303891778254"
"28917","0.002733303891778254","0.002733303891778254","0.002733303891778254"
"28922","0.0027370444788467597","0.0027370444788467597","0.0027370444788467597"
"28927","0.002743427028216116","0.002743427028216116","0.002743427028216116"
"28932","0.0027486781824011455","0.0027486781824011455","0.0027486781824011455"
"28938","0.0027486781824011455","0.0027486781824011455","0.0027486781824011455"
"28939","0.0027486781824011455","0.0027486781824011455","0.0027486781824011455"
"28941","0.0027486781824011455","0.0027486781824011455","0.0027486781824011455"
"28944","0.0027486781824011455","0.0027486781824011455","0.0027486781824011455"
"28953","0.0027486781824011455","0.0027486781824011455","0.0027486781824011455"
"28965","0.0027486781824011455","0.0027486781824011455","0.0027486781824011455"
"28976","0.0027486781824011455","0.0027486781824011455","0.0027486781824011455"
"28981","0.0027486781824011455","0.0027486781824011455","0.0027486781824011455"
"28988","0.0027486781824011455","0.0027486781824011455","0.0027486781824011455"
"28993","0.0027486781824011455","0.0027486781824011455","0.0027486781824011455"
"29001","0.0027486781824011455","0.0027486781824011455","0.0027486781824011455"
"29004","0.0027486781824011455","0.0027486781824011455","0.0027486781824011455"
"29007","0.0027486781824011455","0.0027486781824011455","0.0027486781824011455"
"29011","0.0027486781824011455","0.0027486781824011455","0.0027486781824011455"
"29021","0.0027486781824011455","0.0027486781824011455","0.0027486781824011455"
"29022","0.0027486781824011455","0.0027486781824011455","0.0027486781824011455"
"29026","0.0027486781824011455","0.0027486781824011455","0.0027486781824011455"
"29034","0.002743729610165682","0.002743729610165682","0.002743729610165682"
"29036","0.0027414730519862256","0.0027414730519862256","0.0027414730519862256"
"29058","0.002735327408650218","0.002735327408650218","0.002735327408650218"
"29059","0.002735327408650218","0.002735327408650218","0.002735327408650218"
"29062","0.002735327408650218","0.002735327408650218","0.002735327408650218"
"29065","0.002735327408650218","0.002735327408650218","0.002735327408650218"
"29067","0.002735327408650218","0.002735327408650218","0.002735327408650218"
"29076","0.002735327408650218","0.002735327408650218","0.002735327408650218"
"29077","0.002735327408650218","0.002735327408650218","0.002735327408650218"
"29090","0.002735327408650218","0.002735327408650218","0.002735327408650218"
"29096","0.002735327408650218","0.002735327408650218","0.002735327408650218"
"29104","0.002735327408650218","0.002735327408650218","0.002735327408650218"
"29105","0.002735327408650218","0.002735327408650218","0.002735327408650218"
"29110","0.002735327408650218","0.002735327408650218","0.002735327408650218"
"29112","0.002735327408650218","0.002735327408650218","0.002735327408650218"
"29117","0.002735327408650218","0.002735327408650218","0.002735327408650218"
"29123","0.002735327408650218","0.002735327408650218","0.002735327408650218"
"29132","0.002735327408650218","0.002735327408650218","0.002735327408650218"
"29139","0.002735327408650218","0.002735327408650218","0.002735327408650218"
"29152","0.002745479222289769","0.002745479222289769","0.002745479222289769"
"29157","0.002745479222289769","0.002745479222289769","0.002745479222289769"
"29162","0.002745479222289769","0.002745479222289769","0.002745479222289769"
"29171","0.002745479222289769","0.002745479222289769","0.002745479222289769"
"29172","0.002745479222289769","0.002745479222289769","0.002745479222289769"
"29175","0.002745479222289769","0.002745479222289769","0.002745479222289769"
"29179","0.002745479222289769","0.002745479222289769","0.002745479222289769"
"29183","0.002745479222289769","0.002745479222289769","0.002745479222289769"
"29197","0.002745479222289769","0.002745479222289769","0.002745479222289769"
"29221","0.002745479222289769","0.002745479222289769","0.002745479222289769"
"29224","0.002745479222289769","0.002745479222289769","0.002745479222289769"
"29239","0.002745479222289769","0.002745479222289769","0.002745479222289769"
"29241","0.002745479222289769","0.002745479222289769","0.002745479222289769"
"29264","0.0027572962948337666","0.0027572962948337666","0.0027572962948337666"
"29269","0.0027572962948337666","0.0027572962948337666","0.0027572962948337666"
"29272","0.0027572962948337666","0.0027572962948337666","0.0027572962948337666"
"29274","0.0027572962948337666","0.0027572962948337666","0.0027572962948337666"
"29277","0.0027572962948337666","0.0027572962948337666","0.0027572962948337666"
"29279","0.0027572962948337666","0.0027572962948337666","0.0027572962948337666"
"29281","0.0027572962948337666","0.0027572962948337666","0.0027572962948337666"
"29287","0.0027572962948337666","0.0027572962948337666","0.0027572962948337666"
"29293","0.0027572962948337666","0.0027572962948337666","0.0027572962948337666"
"29306","0.0027572962948337666","0.0027572962948337666","0.0027572962948337666"
"29308","0.0027572962948337666","0.0027572962948337666","0.0027572962948337666"
"29321","0.0027572962948337666","0.0027572962948337666","0.0027572962948337666"
"29325","0.0027572962948337666","0.0027572962948337666","0.0027572962948337666"
"29345","0.0027572962948337666","0.0027572962948337666","0.0027572962948337666"
"29347","0.0027572962948337666","0.0027572962948337666","0.0027572962948337666"
"29349","0.0027572962948337666","0.0027572962948337666","0.0027572962948337666"
"29360","0.0027572962948337666","0.0027572962948337666","0.0027572962948337666"
"29382","0.0027437334810621657","0.0027437334810621657","0.0027437334810621657"
"29393","0.0027437334810621657","0.0027437334810621657","0.0027437334810621657"
"29399","0.0027437334810621657","0.0027437334810621657","0.0027437334810621657"
"29401","0.0027437334810621657","0.0027437334810621657","0.0027437334810621657"
"29409","0.0027437334810621657","0.0027437334810621657","0.0027437334810621657"
"29412","0.0027437334810621657","0.0027437334810621657","0.0027437334810621657"
"29413","0.0027437334810621657","0.0027437334810621657","0.0027437334810621657"
"29417","0.0027437334810621657","0.0027437334810621657","0.0027437334810621657"
"29418","0.0027437334810621657","0.0027437334810621657","0.0027437334810621657"
"29423","0.0027437334810621657","0.0027437334810621657","0.0027437334810621657"
"29424","0.0027437334810621657","0.0027437334810621657","0.0027437334810621657"
"29427","0.0027437334810621657","0.0027437334810621657","0.0027437334810621657"
"29428","0.0027437334810621657","0.0027437334810621657","0.0027437334810621657"
"29432","0.0027437334810621657","0.0027437334810621657","0.0027437334810621657"
"29455","0.0027437334810621657","0.0027437334810621657","0.0027437334810621657"
"29460","0.0027437334810621657","0.0027437334810621657","0.0027437334810621657"
"29461","0.0027437334810621657","0.0027437334810621657","0.0027437334810621657"
"29467","0.0027437334810621657","0.0027437334810621657","0.0027437334810621657"
"29469","0.0027437334810621657","0.0027437334810621657","0.0027437334810621657"
"29472","0.002742207918775933","0.002742207918775933","0.002742207918775933"
"29473","0.0027418319851163528","0.0027418319851163528","0.0027418319851163528"
"29475","0.0027397080331330445","0.0027397080331330445","0.0027397080331330445"
"29483","0.0027336181869870462","0.0027336181869870462","0.0027336181869870462"
"29501","0.0027336181869870462","0.0027336181869870462","0.0027336181869870462"
"29508","0.0027336181869870462","0.0027336181869870462","0.0027336181869870462"
"29516","0.0027336181869870462","0.0027336181869870462","0.0027336181869870462"
"29517","0.0027336181869870462","0.0027336181869870462","0.0027336181869870462"
"29523","0.0027336181869870462","0.0027336181869870462","0.0027336181869870462"
"29545","0.0027336181869870462","0.0027336181869870462","0.0027336181869870462"
"29574","0.0027336181869870462","0.0027336181869870462","0.0027336181869870462"
"29581","0.00273249774618512","0.00273249774618512","0.00273249774618512"
"29582","0.00273108088578667","0.00273108088578667","0.00273108088578667"
"29583","0.0027302502969918036","0.0027302502969918036","0.0027302502969918036"
"29584","0.002729913855375408","0.002729913855375408","0.002729913855375408"
"29585","0.0027297735572207973","0.0027297735572207973","0.0027297735572207973"
"29586","0.002729401024892968","0.002729401024892968","0.002729401024892968"
"29591","0.0027262697456067364","0.0027262697456067364","0.0027262697456067364"
"29593","0.0027262697456067364","0.0027262697456067364","0.0027262697456067364"
"29595","0.0027262697456067364","0.0027262697456067364","0.0027262697456067364"
"29596","0.0027262697456067364","0.0027262697456067364","0.0027262697456067364"
"29598","0.0027262697456067364","0.0027262697456067364","0.0027262697456067364"
"29603","0.0027262697456067364","0.0027262697456067364","0.0027262697456067364"
"29604","0.0027262697456067364","0.0027262697456067364","0.0027262697456067364"
"29605","0.0027262697456067364","0.0027262697456067364","0.0027262697456067364"
"29608","0.0027262697456067364","0.0027262697456067364","0.0027262697456067364"
"29609","0.0027262697456067364","0.0027262697456067364","0.0027262697456067364"
"29610","0.0027262697456067364","0.0027262697456067364","0.0027262697456067364"
"29611","0.0027262697456067364","0.0027262697456067364","0.0027262697456067364"
"29621","0.0027262697456067364","0.0027262697456067364","0.0027262697456067364"
"29625","0.0027262697456067364","0.0027262697456067364","0.0027262697456067364"
"29626","0.0027262697456067364","0.0027262697456067364","0.0027262697456067364"
"29629","0.0027262697456067364","0.0027262697456067364","0.0027262697456067364"
"29640","0.0027262697456067364","0.0027262697456067364","0.0027262697456067364"
"29646","0.0027262697456067364","0.0027262697456067364","0.0027262697456067364"
"29654","0.0027262697456067364","0.0027262697456067364","0.0027262697456067364"
"29661","0.0027262697456067364","0.0027262697456067364","0.0027262697456067364"
"29669","0.0027262697456067364","0.0027262697456067364","0.0027262697456067364"
"29681","0.0027262697456067364","0.0027262697456067364","0.0027262697456067364"
"29682","0.0027262697456067364","0.0027262697456067364","0.0027262697456067364"
"29689","0.0027262697456067364","0.0027262697456067364","0.0027262697456067364"
"29693","0.002728342009404929","0.002728342009404929","0.002728342009404929"
"29696","0.002730268753323883","0.002730268753323883","0.002730268753323883"
"29709","0.0027325340585719064","0.0027325340585719064","0.0027325340585719064"
"29712","0.0027325340585719064","0.0027325340585719064","0.0027325340585719064"
"29713","0.0027325340585719064","0.0027325340585719064","0.0027325340585719064"
"29714","0.0027325340585719064","0.0027325340585719064","0.0027325340585719064"
"29715","0.0027325340585719064","0.0027325340585719064","0.0027325340585719064"
"29725","0.0027325340585719064","0.0027325340585719064","0.0027325340585719064"
"29729","0.0027325340585719064","0.0027325340585719064","0.0027325340585719064"
"29731","0.0027325340585719064","0.0027325340585719064","0.0027325340585719064"
"29738","0.0027325340585719064","0.0027325340585719064","0.0027325340585719064"
"29750","0.0027325340585719064","0.0027325340585719064","0.0027325340585719064"
"29762","0.0027325340585719064","0.0027325340585719064","0.0027325340585719064"
"29782","0.0027325340585719064","0.0027325340585719064","0.0027325340585719064"
"29784","0.0027325340585719064","0.0027325340585719064","0.0027325340585719064"
"29787","0.0027325340585719064","0.0027325340585719064","0.0027325340585719064"
"29788","0.0027325340585719064","0.0027325340585719064","0.0027325340585719064"
"29796","0.0027325340585719064","0.0027325340585719064","0.0027325340585719064"
"29797","0.0027325340585719064","0.0027325340585719064","0.0027325340585719064"
"29799","0.0027325340585719064","0.0027325340585719064","0.0027325340585719064"
"29807","0.0027279505410722003","0.0027279505410722003","0.0027279505410722003"
"29809","0.002726460242980727","0.002726460242980727","0.002726460242980727"
"29821","0.0027254992657352664","0.0027254992657352664","0.0027254992657352664"
"29822","0.0027254992657352664","0.0027254992657352664","0.0027254992657352664"
"29828","0.0027254992657352664","0.0027254992657352664","0.0027254992657352664"
"29831","0.0027254992657352664","0.0027254992657352664","0.0027254992657352664"
"29833","0.0027254992657352664","0.0027254992657352664","0.0027254992657352664"
"29839","0.0027254992657352664","0.0027254992657352664","0.0027254992657352664"
"29855","0.0027254992657352664","0.0027254992657352664","0.0027254992657352664"
"29889","0.0027254992657352664","0.0027254992657352664","0.0027254992657352664"
"29890","0.0027254992657352664","0.0027254992657352664","0.0027254992657352664"
"29891","0.0027254992657352664","0.0027254992657352664","0.0027254992657352664"
"29894","0.0027254992657352664","0.0027254992657352664","0.0027254992657352664"
"29904","0.0027254992657352664","0.0027254992657352664","0.0027254992657352664"
"29905","0.0027254992657352664","0.0027254992657352664","0.0027254992657352664"
"29907","0.0027254992657352664","0.0027254992657352664","0.0027254992657352664"
"29919","0.002735626039737491","0.002735626039737491","0.002735626039737491"
"29926","0.002736749048003113","0.002736749048003113","0.002736749048003113"
"29931","0.002736749048003113","0.002736749048003113","0.002736749048003113"
"29933","0.002736749048003113","0.002736749048003113","0.002736749048003113"
"29948","0.002736749048003113","0.002736749048003113","0.002736749048003113"
"29956","0.002736749048003113","0.002736749048003113","0.002736749048003113"
"29963","0.002736749048003113","0.002736749048003113","0.002736749048003113"
"29966","0.002736749048003113","0.002736749048003113","0.002736749048003113"
"29969","0.002736749048003113","0.002736749048003113","0.002736749048003113"
"29971","0.002736749048003113","0.002736749048003113","0.002736749048003113"
"29981","0.002736749048003113","0.002736749048003113","0.002736749048003113"
"29992","0.002736749048003113","0.002736749048003113","0.002736749048003113"
"29996","0.002736749048003113","0.002736749048003113","0.002736749048003113"
"29999","0.002736749048003113","0.002736749048003113","0.002736749048003113"
"30009","0.002736749048003113","0.002736749048003113","0.002736749048003113"
"30038","0.002747306703176016","0.002747306703176016","0.002747306703176016"
"30040","0.002747306703176016","0.002747306703176016","0.002747306703176016"
"30052","0.002747306703176016","0.002747306703176016","0.002747306703176016"
"30053","0.002747306703176016","0.002747306703176016","0.002747306703176016"
"30065","0.002747306703176016","0.002747306703176016","0.002747306703176016"
"30069","0.002747306703176016","0.002747306703176016","0.002747306703176016"
"30072","0.002747306703176016","0.002747306703176016","0.002747306703176016"
"30075","0.002747306703176016","0.002747306703176016","0.002747306703176016"
"30099","0.002747306703176016","0.002747306703176016","0.002747306703176016"
"30103","0.002747306703176016","0.002747306703176016","0.002747306703176016"
"30104","0.002747306703176016","0.002747306703176016","0.002747306703176016"
"30106","0.002747306703176016","0.002747306703176016","0.002747306703176016"
"30110","0.002747306703176016","0.002747306703176016","0.002747306703176016"
"30115","0.002747306703176016","0.002747306703176016","0.002747306703176016"
"30120","0.002747306703176016","0.002747306703176016","0.002747306703176016"
"30124","0.002747306703176016","0.002747306703176016","0.002747306703176016"
"30126","0.002747306703176016","0.002747306703176016","0.002747306703176016"
"30130","0.002747306703176016","0.002747306703176016","0.002747306703176016"
"30134","0.0027495545725617298","0.0027495545725617298","0.0027495545725617298"
"30138","0.0027562403523784212","0.0027562403523784212","0.0027562403523784212"
"30141","0.002758460449013314","0.002758460449013314","0.002758460449013314"
"30147","0.002758460449013314","0.002758460449013314","0.002758460449013314"
"30160","0.002758460449013314","0.002758460449013314","0.002758460449013314"
"30163","0.002758460449013314","0.002758460449013314","0.002758460449013314"
"30176","0.002758460449013314","0.002758460449013314","0.002758460449013314"
"30184","0.002758460449013314","0.002758460449013314","0.002758460449013314"
"30189","0.002758460449013314","0.002758460449013314","0.002758460449013314"
"30191","0.002758460449013314","0.002758460449013314","0.002758460449013314"
"30197","0.002758460449013314","0.002758460449013314","0.002758460449013314"
"30208","0.002758460449013314","0.002758460449013314","0.002758460449013314"
"30218","0.002758460449013314","0.002758460449013314","0.002758460449013314"
"30226","0.002758460449013314","0.002758460449013314","0.002758460449013314"
"30227","0.002758460449013314","0.002758460449013314","0.002758460449013314"
"30232","0.002758460449013314","0.002758460449013314","0.002758460449013314"
"30234","0.002758460449013314","0.002758460449013314","0.002758460449013314"
"30250","0.0027720006961141374","0.0027720006961141374","0.0027720006961141374"
"30253","0.0027720006961141374","0.0027720006961141374","0.0027720006961141374"
"30254","0.0027720006961141374","0.0027720006961141374","0.0027720006961141374"
"30274","0.0027720006961141374","0.0027720006961141374","0.0027720006961141374"
"30308","0.0027720006961141374","0.0027720006961141374","0.0027720006961141374"
"30312","0.0027720006961141374","0.0027720006961141374","0.0027720006961141374"
"30318","0.0027720006961141374","0.0027720006961141374","0.0027720006961141374"
"30320","0.0027720006961141374","0.0027720006961141374","0.0027720006961141374"
"30325","0.0027720006961141374","0.0027720006961141374","0.0027720006961141374"
"30326","0.0027720006961141374","0.0027720006961141374","0.0027720006961141374"
"30330","0.0027720006961141374","0.0027720006961141374","0.0027720006961141374"
"30332","0.0027720006961141374","0.0027720006961141374","0.0027720006961141374"
"30340","0.0027720006961141374","0.0027720006961141374","0.0027720006961141374"
"30342","0.0027720006961141374","0.0027720006961141374","0.0027720006961141374"
"30350","0.0027720006961141374","0.0027720006961141374","0.0027720006961141374"
"30354","0.0027762587894379492","0.0027762587894379492","0.0027762587894379492"
"30362","0.002781256807901795","0.002781256807901795","0.002781256807901795"
"30368","0.002781256807901795","0.002781256807901795","0.002781256807901795"
"30371","0.002781256807901795","0.002781256807901795","0.002781256807901795"
"30378","0.002781256807901795","0.002781256807901795","0.002781256807901795"
"30379","0.002781256807901795","0.002781256807901795","0.002781256807901795"
"30384","0.002781256807901795","0.002781256807901795","0.002781256807901795"
"30390","0.002781256807901795","0.002781256807901795","0.002781256807901795"
"30395","0.002781256807901795","0.002781256807901795","0.002781256807901795"
"30401","0.002781256807901795","0.002781256807901795","0.002781256807901795"
"30414","0.002781256807901795","0.002781256807901795","0.002781256807901795"
"30418","0.002781256807901795","0.002781256807901795","0.002781256807901795"
"30428","0.002781256807901795","0.002781256807901795","0.002781256807901795"
"30437","0.002781256807901795","0.002781256807901795","0.002781256807901795"
"30456","0.002781256807901795","0.002781256807901795","0.002781256807901795"
"30457","0.002781256807901795","0.002781256807901795","0.002781256807901795"
"30459","0.002781256807901795","0.002781256807901795","0.002781256807901795"
"30462","0.002778938125786046","0.002778938125786046","0.002778938125786046"
"30469","0.0027716946836109594","0.0027716946836109594","0.0027716946836109594"
"30477","0.0027713106222747416","0.0027713106222747416","0.0027713106222747416"
"30479","0.0027713106222747416","0.0027713106222747416","0.0027713106222747416"
"30480","0.0027713106222747416","0.0027713106222747416","0.0027713106222747416"
"30492","0.0027713106222747416","0.0027713106222747416","0.0027713106222747416"
"30494","0.0027713106222747416","0.0027713106222747416","0.0027713106222747416"
"30501","0.0027713106222747416","0.0027713106222747416","0.0027713106222747416"
"30504","0.0027713106222747416","0.0027713106222747416","0.0027713106222747416"
"30507","0.0027713106222747416","0.0027713106222747416","0.0027713106222747416"
"30511","0.0027713106222747416","0.0027713106222747416","0.0027713106222747416"
"30515","0.0027713106222747416","0.0027713106222747416","0.0027713106222747416"
"30519","0.0027713106222747416","0.0027713106222747416","0.0027713106222747416"
"30523","0.0027713106222747416","0.0027713106222747416","0.0027713106222747416"
"30530","0.0027713106222747416","0.0027713106222747416","0.0027713106222747416"
"30533","0.0027713106222747416","0.0027713106222747416","0.0027713106222747416"
"30535","0.0027713106222747416","0.0027713106222747416","0.0027713106222747416"
"30536","0.0027713106222747416","0.0027713106222747416","0.0027713106222747416"
"30553","0.0027713106222747416","0.0027713106222747416","0.0027713106222747416"
"30558","0.0027713106222747416","0.0027713106222747416","0.0027713106222747416"
"30563","0.0027713106222747416","0.0027713106222747416","0.0027713106222747416"
"30565","0.0027713106222747416","0.0027713106222747416","0.0027713106222747416"
"30568","0.0027713106222747416","0.0027713106222747416","0.0027713106222747416"
"30573","0.002768272288593066","0.002768272288593066","0.002768272288593066"
"30575","0.0027649461773221464","0.0027649461773221464","0.0027649461773221464"
"30580","0.002760784590284521","0.002760784590284521","0.002760784590284521"
"30582","0.002760784590284521","0.002760784590284521","0.002760784590284521"
"30586","0.002760784590284521","0.002760784590284521","0.002760784590284521"
"30591","0.002760784590284521","0.002760784590284521","0.002760784590284521"
"30595","0.002760784590284521","0.002760784590284521","0.002760784590284521"
"30598","0.002760784590284521","0.002760784590284521","0.002760784590284521"
"30604","0.002760784590284521","0.002760784590284521","0.002760784590284521"
"30606","0.002760784590284521","0.002760784590284521","0.002760784590284521"
"30607","0.002760784590284521","0.002760784590284521","0.002760784590284521"
"30620","0.002760784590284521","0.002760784590284521","0.002760784590284521"
"30624","0.002760784590284521","0.002760784590284521","0.002760784590284521"
"30625","0.002760784590284521","0.002760784590284521","0.002760784590284521"
"30635","0.002760784590284521","0.002760784590284521","0.002760784590284521"
"30640","0.002760784590284521","0.002760784590284521","0.002760784590284521"
"30667","0.002760784590284521","0.002760784590284521","0.002760784590284521"
"30669","0.002760784590284521","0.002760784590284521","0.002760784590284521"
"30671","0.002760784590284521","0.002760784590284521","0.002760784590284521"
"30684","0.0027664882185983643","0.0027664882185983643","0.0027664882185983643"
"30692","0.0027739899893782323","0.0027739899893782323","0.0027739899893782323"
"30693","0.0027739899893782323","0.0027739899893782323","0.0027739899893782323"
"30698","0.0027739899893782323","0.0027739899893782323","0.0027739899893782323"
"30699","0.0027739899893782323","0.0027739899893782323","0.0027739899893782323"
"30704","0.0027739899893782323","0.0027739899893782323","0.0027739899893782323"
"30711","0.0027739899893782323","0.0027739899893782323","0.0027739899893782323"
"30715","0.0027739899893782323","0.0027739899893782323","0.0027739899893782323"
"30718","0.0027739899893782323","0.0027739899893782323","0.0027739899893782323"
"30720","0.0027739899893782323","0.0027739899893782323","0.0027739899893782323"
"30721","0.0027739899893782323","0.0027739899893782323","0.0027739899893782323"
"30725","0.0027739899893782323","0.0027739899893782323","0.0027739899893782323"
"30727","0.0027739899893782323","0.0027739899893782323","0.0027739899893782323"
"30744","0.0027739899893782323","0.0027739899893782323","0.0027739899893782323"
"30746","0.0027739899893782323","0.0027739899893782323","0.0027739899893782323"
"30751","0.0027739899893782323","0.0027739899893782323","0.0027739899893782323"
"30753","0.0027739899893782323","0.0027739899893782323","0.0027739899893782323"
"30761","0.0027739899893782323","0.0027739899893782323","0.0027739899893782323"
"30773","0.0027739899893782323","0.0027739899893782323","0.0027739899893782323"
"30779","0.0027739899893782323","0.0027739899893782323","0.0027739899893782323"
"30780","0.0027739899893782323","0.0027739899893782323","0.0027739899893782323"
"30788","0.0027739899893782323","0.0027739899893782323","0.0027739899893782323"
"30793","0.0027780378246332633","0.0027780378246332633","0.0027780378246332633"
"30803","0.0027846915405967247","0.0027846915405967247","0.0027846915405967247"
"30807","0.0027846915405967247","0.0027846915405967247","0.0027846915405967247"
"30816","0.0027846915405967247","0.0027846915405967247","0.0027846915405967247"
"30826","0.0027846915405967247","0.0027846915405967247","0.0027846915405967247"
"30827","0.0027846915405967247","0.0027846915405967247","0.0027846915405967247"
"30830","0.0027846915405967247","0.0027846915405967247","0.0027846915405967247"
"30832","0.0027846915405967247","0.0027846915405967247","0.0027846915405967247"
"30833","0.0027846915405967247","0.0027846915405967247","0.0027846915405967247"
"30834","0.0027846915405967247","0.0027846915405967247","0.0027846915405967247"
"30836","0.0027846915405967247","0.0027846915405967247","0.0027846915405967247"
"30840","0.0027846915405967247","0.0027846915405967247","0.0027846915405967247"
"30846","0.0027846915405967247","0.0027846915405967247","0.0027846915405967247"
"30850","0.0027846915405967247","0.0027846915405967247","0.0027846915405967247"
"30853","0.0027846915405967247","0.0027846915405967247","0.0027846915405967247"
"30866","0.0027846915405967247","0.0027846915405967247","0.0027846915405967247"
"30869","0.0027846915405967247","0.0027846915405967247","0.0027846915405967247"
"30870","0.0027846915405967247","0.0027846915405967247","0.0027846915405967247"
"30876","0.0027846915405967247","0.0027846915405967247","0.0027846915405967247"
"30880","0.0027846915405967247","0.0027846915405967247","0.0027846915405967247"
"30884","0.0027846915405967247","0.0027846915405967247","0.0027846915405967247"
"30886","0.0027846915405967247","0.0027846915405967247","0.0027846915405967247"
"30888","0.0027846915405967247","0.0027846915405967247","0.0027846915405967247"
"30896","0.0027846915405967247","0.0027846915405967247","0.0027846915405967247"
"30898","0.0027846915405967247","0.0027846915405967247","0.0027846915405967247"
"30915","0.0027973805169864037","0.0027973805169864037","0.0027973805169864037"
"30918","0.0027973805169864037","0.0027973805169864037","0.0027973805169864037"
"30922","0.0027973805169864037","0.0027973805169864037","0.0027973805169864037"
"30928","0.0027973805169864037","0.0027973805169864037","0.0027973805169864037"
"30929","0.0027973805169864037","0.0027973805169864037","0.0027973805169864037"
"30937","0.0027973805169864037","0.0027973805169864037","0.0027973805169864037"
"30962","0.0027973805169864037","0.0027973805169864037","0.0027973805169864037"
"30980","0.0027973805169864037","0.0027973805169864037","0.0027973805169864037"
"30989","0.0027973805169864037","0.0027973805169864037","0.0027973805169864037"
"30995","0.0027973805169864037","0.0027973805169864037","0.0027973805169864037"
"30996","0.0027973805169864037","0.0027973805169864037","0.0027973805169864037"
"31003","0.0027973805169864037","0.0027973805169864037","0.0027973805169864037"
"31006","0.0027973805169864037","0.0027973805169864037","0.0027973805169864037"
"31007","0.0027973805169864037","0.0027973805169864037","0.0027973805169864037"
"31017","0.0027874053160872082","0.0027874053160872082","0.0027874053160872082"
"31019","0.0027850898969022453","0.0027850898969022453","0.0027850898969022453"
"31038","0.002784566324190291","0.002784566324190291","0.002784566324190291"
"31053","0.002784566324190291","0.002784566324190291","0.002784566324190291"
"31067","0.002784566324190291","0.002784566324190291","0.002784566324190291"
"31070","0.002784566324190291","0.002784566324190291","0.002784566324190291"
"31079","0.002784566324190291","0.002784566324190291","0.002784566324190291"
"31081","0.002784566324190291","0.002784566324190291","0.002784566324190291"
"31083","0.002784566324190291","0.002784566324190291","0.002784566324190291"
"31090","0.002784566324190291","0.002784566324190291","0.002784566324190291"
"31091","0.002784566324190291","0.002784566324190291","0.002784566324190291"
"31098","0.002784566324190291","0.002784566324190291","0.002784566324190291"
"31100","0.002784566324190291","0.002784566324190291","0.002784566324190291"
"31102","0.002784566324190291","0.002784566324190291","0.002784566324190291"
"31109","0.002784566324190291","0.002784566324190291","0.002784566324190291"
"31126","0.002792212796373913","0.002792212796373913","0.002792212796373913"
"31131","0.002795835135999459","0.002795835135999459","0.002795835135999459"
"31135","0.002795835135999459","0.002795835135999459","0.002795835135999459"
"31139","0.002795835135999459","0.002795835135999459","0.002795835135999459"
"31141","0.002795835135999459","0.002795835135999459","0.002795835135999459"
"31142","0.002795835135999459","0.002795835135999459","0.002795835135999459"
"31148","0.002795835135999459","0.002795835135999459","0.002795835135999459"
"31153","0.002795835135999459","0.002795835135999459","0.002795835135999459"
"31159","0.002795835135999459","0.002795835135999459","0.002795835135999459"
"31166","0.002795835135999459","0.002795835135999459","0.002795835135999459"
"31182","0.002795835135999459","0.002795835135999459","0.002795835135999459"
"31192","0.002795835135999459","0.002795835135999459","0.002795835135999459"
"31193","0.002795835135999459","0.002795835135999459","0.002795835135999459"
"31200","0.002795835135999459","0.002795835135999459","0.002795835135999459"
"31215","0.002795835135999459","0.002795835135999459","0.002795835135999459"
"31220","0.002795835135999459","0.002795835135999459","0.002795835135999459"
"31221","0.002795835135999459","0.002795835135999459","0.002795835135999459"
"31236","0.002800251817276069","0.002800251817276069","0.002800251817276069"
"31245","0.002804089123353372","0.002804089123353372","0.002804089123353372"
"31250","0.002804089123353372","0.002804089123353372","0.002804089123353372"
"31253","0.002804089123353372","0.002804089123353372","0.002804089123353372"
"31259","0.002804089123353372","0.002804089123353372","0.002804089123353372"
"31260","0.002804089123353372","0.002804089123353372","0.002804089123353372"
"31264","0.002804089123353372","0.002804089123353372","0.002804089123353372"
"31283","0.002804089123353372","0.002804089123353372","0.002804089123353372"
"31294","0.002804089123353372","0.002804089123353372","0.002804089123353372"
"31296","0.002804089123353372","0.002804089123353372","0.002804089123353372"
"31297","0.002804089123353372","0.002804089123353372","0.002804089123353372"
"31301","0.002804089123353372","0.002804089123353372","0.002804089123353372"
"31303","0.002804089123353372","0.002804089123353372","0.002804089123353372"
"31306","0.002804089123353372","0.002804089123353372","0.002804089123353372"
"31311","0.002804089123353372","0.002804089123353372","0.002804089123353372"
"31315","0.002804089123353372","0.002804089123353372","0.002804089123353372"
"31351","0.002812839372250094","0.002812839372250094","0.002812839372250094"
"31360","0.002812839372250094","0.002812839372250094","0.002812839372250094"
"31366","0.002812839372250094","0.002812839372250094","0.002812839372250094"
"31379","0.002812839372250094","0.002812839372250094","0.002812839372250094"
"31387","0.002812839372250094","0.002812839372250094","0.002812839372250094"
"31390","0.002812839372250094","0.002812839372250094","0.002812839372250094"
"31397","0.002812839372250094","0.002812839372250094","0.002812839372250094"
"31399","0.002812839372250094","0.002812839372250094","0.002812839372250094"
"31403","0.002812839372250094","0.002812839372250094","0.002812839372250094"
"31404","0.002812839372250094","0.002812839372250094","0.002812839372250094"
"31410","0.002812839372250094","0.002812839372250094","0.002812839372250094"
"31415","0.002812839372250094","0.002812839372250094","0.002812839372250094"
"31427","0.002812839372250094","0.002812839372250094","0.002812839372250094"
"31438","0.002812839372250094","0.002812839372250094","0.002812839372250094"
"31454","0.002818188534675098","0.002818188534675098","0.002818188534675098"
"31460","0.0028260535197219398","0.0028260535197219398","0.0028260535197219398"
"31469","0.0028260535197219398","0.0028260535197219398","0.0028260535197219398"
"31472","0.0028260535197219398","0.0028260535197219398","0.0028260535197219398"
"31490","0.0028260535197219398","0.0028260535197219398","0.0028260535197219398"
"31495","0.0028260535197219398","0.0028260535197219398","0.0028260535197219398"
"31500","0.0028260535197219398","0.0028260535197219398","0.0028260535197219398"
"31501","0.0028260535197219398","0.0028260535197219398","0.0028260535197219398"
"31505","0.0028260535197219398","0.0028260535197219398","0.0028260535197219398"
"31507","0.0028260535197219398","0.0028260535197219398","0.0028260535197219398"
"31510","0.0028260535197219398","0.0028260535197219398","0.0028260535197219398"
"31517","0.0028260535197219398","0.0028260535197219398","0.0028260535197219398"
"31522","0.0028260535197219398","0.0028260535197219398","0.0028260535197219398"
"31525","0.0028260535197219398","0.0028260535197219398","0.0028260535197219398"
"31540","0.0028260535197219398","0.0028260535197219398","0.0028260535197219398"
"31542","0.0028260535197219398","0.0028260535197219398","0.0028260535197219398"
"31559","0.0028260535197219398","0.0028260535197219398","0.0028260535197219398"
"31561","0.002824058284808423","0.002824058284808423","0.002824058284808423"
"31567","0.0028149300788857332","0.0028149300788857332","0.0028149300788857332"
"31581","0.0028110639091706593","0.0028110639091706593","0.0028110639091706593"
"31584","0.0028110639091706593","0.0028110639091706593","0.0028110639091706593"
"31599","0.0028110639091706593","0.0028110639091706593","0.0028110639091706593"
"31603","0.0028110639091706593","0.0028110639091706593","0.0028110639091706593"
"31614","0.0028110639091706593","0.0028110639091706593","0.0028110639091706593"
"31615","0.0028110639091706593","0.0028110639091706593","0.0028110639091706593"
"31627","0.0028110639091706593","0.0028110639091706593","0.0028110639091706593"
"31629","0.0028110639091706593","0.0028110639091706593","0.0028110639091706593"
"31630","0.0028110639091706593","0.0028110639091706593","0.0028110639091706593"
"31634","0.0028110639091706593","0.0028110639091706593","0.0028110639091706593"
"31637","0.0028110639091706593","0.0028110639091706593","0.0028110639091706593"
"31641","0.0028110639091706593","0.0028110639091706593","0.0028110639091706593"
"31644","0.0028110639091706593","0.0028110639091706593","0.0028110639091706593"
"31648","0.0028110639091706593","0.0028110639091706593","0.0028110639091706593"
"31658","0.0028110639091706593","0.0028110639091706593","0.0028110639091706593"
"31663","0.0028110639091706593","0.0028110639091706593","0.0028110639091706593"
"31672","0.0028105101488994904","0.0028105101488994904","0.0028105101488994904"
"31689","0.0028100851432459003","0.0028100851432459003","0.0028100851432459003"
"31693","0.0028100851432459003","0.0028100851432459003","0.0028100851432459003"
"31711","0.0028100851432459003","0.0028100851432459003","0.0028100851432459003"
"31719","0.0028100851432459003","0.0028100851432459003","0.0028100851432459003"
"31725","0.0028100851432459003","0.0028100851432459003","0.0028100851432459003"
"31728","0.0028100851432459003","0.0028100851432459003","0.0028100851432459003"
"31734","0.0028100851432459003","0.0028100851432459003","0.0028100851432459003"
"31735","0.0028100851432459003","0.0028100851432459003","0.0028100851432459003"
"31736","0.0028100851432459003","0.0028100851432459003","0.0028100851432459003"
"31737","0.0028100851432459003","0.0028100851432459003","0.0028100851432459003"
"31743","0.0028100851432459003","0.0028100851432459003","0.0028100851432459003"
"31744","0.0028100851432459003","0.0028100851432459003","0.0028100851432459003"
"31749","0.0028100851432459003","0.0028100851432459003","0.0028100851432459003"
"31751","0.0028100851432459003","0.0028100851432459003","0.0028100851432459003"
"31757","0.0028100851432459003","0.0028100851432459003","0.0028100851432459003"
"31768","0.0028100851432459003","0.0028100851432459003","0.0028100851432459003"
"31770","0.0028100851432459003","0.0028100851432459003","0.0028100851432459003"
"31772","0.0028100851432459003","0.0028100851432459003","0.0028100851432459003"
"31774","0.0028100851432459003","0.0028100851432459003","0.0028100851432459003"
"31775","0.0028100851432459003","0.0028100851432459003","0.0028100851432459003"
"31778","0.0028100851432459003","0.0028100851432459003","0.0028100851432459003"
"31780","0.0028100851432459003","0.0028100851432459003","0.0028100851432459003"
"31785","0.002815867258640308","0.002815867258640308","0.002815867258640308"
"31787","0.0028186981897914865","0.0028186981897914865","0.0028186981897914865"
"31788","0.002819095498750409","0.002819095498750409","0.002819095498750409"
"31790","0.0028212986699033744","0.0028212986699033744","0.0028212986699033744"
"31798","0.0028212986699033744","0.0028212986699033744","0.0028212986699033744"
"31803","0.0028212986699033744","0.0028212986699033744","0.0028212986699033744"
"31804","0.0028212986699033744","0.0028212986699033744","0.0028212986699033744"
"31810","0.0028212986699033744","0.0028212986699033744","0.0028212986699033744"
"31831","0.0028212986699033744","0.0028212986699033744","0.0028212986699033744"
"31832","0.0028212986699033744","0.0028212986699033744","0.0028212986699033744"
"31833","0.0028212986699033744","0.0028212986699033744","0.0028212986699033744"
"31839","0.0028212986699033744","0.0028212986699033744","0.0028212986699033744"
"31843","0.0028212986699033744","0.0028212986699033744","0.0028212986699033744"
"31844","0.0028212986699033744","0.0028212986699033744","0.0028212986699033744"
"31845","0.0028212986699033744","0.0028212986699033744","0.0028212986699033744"
"31846","0.0028212986699033744","0.0028212986699033744","0.0028212986699033744"
"31852","0.0028212986699033744","0.0028212986699033744","0.0028212986699033744"
"31860","0.0028212986699033744","0.0028212986699033744","0.0028212986699033744"
"31863","0.0028212986699033744","0.0028212986699033744","0.0028212986699033744"
"31865","0.0028212986699033744","0.0028212986699033744","0.0028212986699033744"
"31870","0.0028212986699033744","0.0028212986699033744","0.0028212986699033744"
"31874","0.0028212986699033744","0.0028212986699033744","0.0028212986699033744"
"31877","0.0028212986699033744","0.0028212986699033744","0.0028212986699033744"
"31886","0.0028212986699033744","0.0028212986699033744","0.0028212986699033744"
"31890","0.0028212986699033744","0.0028212986699033744","0.0028212986699033744"
"31891","0.0028228765448724924","0.0028228765448724924","0.0028228765448724924"
"31896","0.0028314225890613614","0.0028314225890613614","0.0028314225890613614"
"31902","0.00283436145843632","0.00283436145843632","0.00283436145843632"
"31904","0.00283436145843632","0.00283436145843632","0.00283436145843632"
"31905","0.00283436145843632","0.00283436145843632","0.00283436145843632"
"31913","0.00283436145843632","0.00283436145843632","0.00283436145843632"
"31916","0.00283436145843632","0.00283436145843632","0.00283436145843632"
"31918","0.00283436145843632","0.00283436145843632","0.00283436145843632"
"31924","0.00283436145843632","0.00283436145843632","0.00283436145843632"
"31930","0.00283436145843632","0.00283436145843632","0.00283436145843632"
"31935","0.00283436145843632","0.00283436145843632","0.00283436145843632"
"31943","0.00283436145843632","0.00283436145843632","0.00283436145843632"
"31950","0.00283436145843632","0.00283436145843632","0.00283436145843632"
"31953","0.00283436145843632","0.00283436145843632","0.00283436145843632"
"31958","0.00283436145843632","0.00283436145843632","0.00283436145843632"
"31959","0.00283436145843632","0.00283436145843632","0.00283436145843632"
"31963","0.00283436145843632","0.00283436145843632","0.00283436145843632"
"31964","0.00283436145843632","0.00283436145843632","0.00283436145843632"
"31969","0.00283436145843632","0.00283436145843632","0.00283436145843632"
"31971","0.00283436145843632","0.00283436145843632","0.00283436145843632"
"31972","0.00283436145843632","0.00283436145843632","0.00283436145843632"
"31975","0.00283436145843632","0.00283436145843632","0.00283436145843632"
"31983","0.00283436145843632","0.00283436145843632","0.00283436145843632"
"31986","0.00283436145843632","0.00283436145843632","0.00283436145843632"
"31998","0.00283436145843632","0.00283436145843632","0.00283436145843632"
"31999","0.00283436145843632","0.00283436145843632","0.00283436145843632"
"32002","0.0028304183409280457","0.0028304183409280457","0.0028304183409280457"
"32017","0.002820902618730871","0.002820902618730871","0.002820902618730871"
"32022","0.002820902618730871","0.002820902618730871","0.002820902618730871"
"32024","0.002820902618730871","0.002820902618730871","0.002820902618730871"
"32028","0.002820902618730871","0.002820902618730871","0.002820902618730871"
"32035","0.002820902618730871","0.002820902618730871","0.002820902618730871"
"32039","0.002820902618730871","0.002820902618730871","0.002820902618730871"
"32041","0.002820902618730871","0.002820902618730871","0.002820902618730871"
"32043","0.002820902618730871","0.002820902618730871","0.002820902618730871"
"32047","0.002820902618730871","0.002820902618730871","0.002820902618730871"
"32049","0.002820902618730871","0.002820902618730871","0.002820902618730871"
"32052","0.002820902618730871","0.002820902618730871","0.002820902618730871"
"32054","0.002820902618730871","0.002820902618730871","0.002820902618730871"
"32055","0.002820902618730871","0.002820902618730871","0.002820902618730871"
"32057","0.002820902618730871","0.002820902618730871","0.002820902618730871"
"32067","0.002820902618730871","0.002820902618730871","0.002820902618730871"
"32068","0.002820902618730871","0.002820902618730871","0.002820902618730871"
"32081","0.002820902618730871","0.002820902618730871","0.002820902618730871"
"32082","0.002820902618730871","0.002820902618730871","0.002820902618730871"
"32083","0.002820902618730871","0.002820902618730871","0.002820902618730871"
"32087","0.002820902618730871","0.002820902618730871","0.002820902618730871"
"32091","0.002820902618730871","0.002820902618730871","0.002820902618730871"
"32103","0.002820902618730871","0.002820902618730871","0.002820902618730871"
"32107","0.002820902618730871","0.002820902618730871","0.002820902618730871"
"32108","0.002820902618730871","0.002820902618730871","0.002820902618730871"
"32123","0.002836731577422782","0.002836731577422782","0.002836731577422782"
"32126","0.002836731577422782","0.002836731577422782","0.002836731577422782"
"32137","0.002836731577422782","0.002836731577422782","0.002836731577422782"
"32141","0.002836731577422782","0.002836731577422782","0.002836731577422782"
"32159","0.002836731577422782","0.002836731577422782","0.002836731577422782"
"32160","0.002836731577422782","0.002836731577422782","0.002836731577422782"
"32168","0.002836731577422782","0.002836731577422782","0.002836731577422782"
"32176","0.002836731577422782","0.002836731577422782","0.002836731577422782"
"32180","0.002836731577422782","0.002836731577422782","0.002836731577422782"
"32183","0.002836731577422782","0.002836731577422782","0.002836731577422782"
"32188","0.002836731577422782","0.002836731577422782","0.002836731577422782"
"32192","0.002836731577422782","0.002836731577422782","0.002836731577422782"
"32201","0.002836731577422782","0.002836731577422782","0.002836731577422782"
"32203","0.002836731577422782","0.002836731577422782","0.002836731577422782"
"32208","0.002836731577422782","0.002836731577422782","0.002836731577422782"
"32211","0.002836731577422782","0.002836731577422782","0.002836731577422782"
"32217","0.002836731577422782","0.002836731577422782","0.002836731577422782"
"32232","0.002849053835461911","0.002849053835461911","0.002849053835461911"
"32248","0.002849053835461911","0.002849053835461911","0.002849053835461911"
"32250","0.002849053835461911","0.002849053835461911","0.002849053835461911"
"32253","0.002849053835461911","0.002849053835461911","0.002849053835461911"
"32264","0.002849053835461911","0.002849053835461911","0.002849053835461911"
"32267","0.002849053835461911","0.002849053835461911","0.002849053835461911"
"32274","0.002849053835461911","0.002849053835461911","0.002849053835461911"
"32284","0.002849053835461911","0.002849053835461911","0.002849053835461911"
"32286","0.002849053835461911","0.002849053835461911","0.002849053835461911"
"32296","0.002849053835461911","0.002849053835461911","0.002849053835461911"
"32303","0.002849053835461911","0.002849053835461911","0.002849053835461911"
"32309","0.002849053835461911","0.002849053835461911","0.002849053835461911"
"32317","0.002849053835461911","0.002849053835461911","0.002849053835461911"
"32323","0.002849053835461911","0.002849053835461911","0.002849053835461911"
"32326","0.002849053835461911","0.002849053835461911","0.002849053835461911"
"32329","0.002849053835461911","0.002849053835461911","0.002849053835461911"
"32332","0.002847842299711689","0.002847842299711689","0.002847842299711689"
"32333","0.0028474564337135134","0.0028474564337135134","0.0028474564337135134"
"32337","0.002842003141620518","0.002842003141620518","0.002842003141620518"
"32340","0.002838923070683942","0.002838923070683942","0.002838923070683942"
"32349","0.002838923070683942","0.002838923070683942","0.002838923070683942"
"32351","0.002838923070683942","0.002838923070683942","0.002838923070683942"
"32362","0.002838923070683942","0.002838923070683942","0.002838923070683942"
"32390","0.002838923070683942","0.002838923070683942","0.002838923070683942"
"32411","0.002838923070683942","0.002838923070683942","0.002838923070683942"
"32412","0.002838923070683942","0.002838923070683942","0.002838923070683942"
"32413","0.002838923070683942","0.002838923070683942","0.002838923070683942"
"32415","0.002838923070683942","0.002838923070683942","0.002838923070683942"
"32428","0.002838923070683942","0.002838923070683942","0.002838923070683942"
"32433","0.002838923070683942","0.002838923070683942","0.002838923070683942"
"32436","0.002838923070683942","0.002838923070683942","0.002838923070683942"
"32437","0.002838923070683942","0.002838923070683942","0.002838923070683942"
"32438","0.002838923070683942","0.002838923070683942","0.002838923070683942"
"32466","0.0028518654682822718","0.0028518654682822718","0.0028518654682822718"
"32467","0.0028518654682822718","0.0028518654682822718","0.0028518654682822718"
"32470","0.0028518654682822718","0.0028518654682822718","0.0028518654682822718"
"32471","0.0028518654682822718","0.0028518654682822718","0.0028518654682822718"
"32474","0.0028518654682822718","0.0028518654682822718","0.0028518654682822718"
"32494","0.0028518654682822718","0.0028518654682822718","0.0028518654682822718"
"32496","0.0028518654682822718","0.0028518654682822718","0.0028518654682822718"
"32499","0.0028518654682822718","0.0028518654682822718","0.0028518654682822718"
"32501","0.0028518654682822718","0.0028518654682822718","0.0028518654682822718"
"32511","0.0028518654682822718","0.0028518654682822718","0.0028518654682822718"
"32515","0.0028518654682822718","0.0028518654682822718","0.0028518654682822718"
"32528","0.0028518654682822718","0.0028518654682822718","0.0028518654682822718"
"32530","0.0028518654682822718","0.0028518654682822718","0.0028518654682822718"
"32531","0.0028518654682822718","0.0028518654682822718","0.0028518654682822718"
"32540","0.0028518654682822718","0.0028518654682822718","0.0028518654682822718"
"32552","0.0028484494644280237","0.0028484494644280237","0.0028484494644280237"
"32559","0.00283960416524173","0.00283960416524173","0.00283960416524173"
"32572","0.0028382397005370943","0.0028382397005370943","0.0028382397005370943"
"32573","0.0028382397005370943","0.0028382397005370943","0.0028382397005370943"
"32574","0.0028382397005370943","0.0028382397005370943","0.0028382397005370943"
"32576","0.0028382397005370943","0.0028382397005370943","0.0028382397005370943"
"32579","0.0028382397005370943","0.0028382397005370943","0.0028382397005370943"
"32586","0.0028382397005370943","0.0028382397005370943","0.0028382397005370943"
"32587","0.0028382397005370943","0.0028382397005370943","0.0028382397005370943"
"32590","0.0028382397005370943","0.0028382397005370943","0.0028382397005370943"
"32593","0.0028382397005370943","0.0028382397005370943","0.0028382397005370943"
"32603","0.0028382397005370943","0.0028382397005370943","0.0028382397005370943"
"32605","0.0028382397005370943","0.0028382397005370943","0.0028382397005370943"
"32613","0.0028382397005370943","0.0028382397005370943","0.0028382397005370943"
"32614","0.0028382397005370943","0.0028382397005370943","0.0028382397005370943"
"32628","0.0028382397005370943","0.0028382397005370943","0.0028382397005370943"
"32636","0.0028382397005370943","0.0028382397005370943","0.0028382397005370943"
"32639","0.0028382397005370943","0.0028382397005370943","0.0028382397005370943"
"32641","0.0028382397005370943","0.0028382397005370943","0.0028382397005370943"
"32642","0.0028382397005370943","0.0028382397005370943","0.0028382397005370943"
"32651","0.0028382397005370943","0.0028382397005370943","0.0028382397005370943"
"32665","0.0028349095991146004","0.0028349095991146004","0.0028349095991146004"
"32676","0.0028280946360415313","0.0028280946360415313","0.0028280946360415313"
"32678","0.0028280946360415313","0.0028280946360415313","0.0028280946360415313"
"32680","0.0028280946360415313","0.0028280946360415313","0.0028280946360415313"
"32691","0.0028280946360415313","0.0028280946360415313","0.0028280946360415313"
"32693","0.0028280946360415313","0.0028280946360415313","0.0028280946360415313"
"32696","0.0028280946360415313","0.0028280946360415313","0.0028280946360415313"
"32698","0.0028280946360415313","0.0028280946360415313","0.0028280946360415313"
"32703","0.0028280946360415313","0.0028280946360415313","0.0028280946360415313"
"32716","0.0028280946360415313","0.0028280946360415313","0.0028280946360415313"
"32723","0.0028280946360415313","0.0028280946360415313","0.0028280946360415313"
"32726","0.0028280946360415313","0.0028280946360415313","0.0028280946360415313"
"32744","0.0028280946360415313","0.0028280946360415313","0.0028280946360415313"
"32746","0.0028280946360415313","0.0028280946360415313","0.0028280946360415313"
"32747","0.0028280946360415313","0.0028280946360415313","0.0028280946360415313"
"32752","0.0028280946360415313","0.0028280946360415313","0.0028280946360415313"
"32766","0.0028280946360415313","0.0028280946360415313","0.0028280946360415313"
"32771","0.002829681697043053","0.002829681697043053","0.002829681697043053"
"32772","0.0028300821086101307","0.0028300821086101307","0.0028300821086101307"
"32795","0.0028375983560177402","0.0028375983560177402","0.0028375983560177402"
"32796","0.0028375983560177402","0.0028375983560177402","0.0028375983560177402"
"32797","0.0028375983560177402","0.0028375983560177402","0.0028375983560177402"
"32804","0.0028375983560177402","0.0028375983560177402","0.0028375983560177402"
"32806","0.0028375983560177402","0.0028375983560177402","0.0028375983560177402"
"32814","0.0028375983560177402","0.0028375983560177402","0.0028375983560177402"
"32823","0.0028375983560177402","0.0028375983560177402","0.0028375983560177402"
"32827","0.0028375983560177402","0.0028375983560177402","0.0028375983560177402"
"32843","0.0028375983560177402","0.0028375983560177402","0.0028375983560177402"
"32845","0.0028375983560177402","0.0028375983560177402","0.0028375983560177402"
"32850","0.0028375983560177402","0.0028375983560177402","0.0028375983560177402"
"32852","0.0028375983560177402","0.0028375983560177402","0.0028375983560177402"
"32865","0.0028375983560177402","0.0028375983560177402","0.0028375983560177402"
"32867","0.0028375983560177402","0.0028375983560177402","0.0028375983560177402"
"32869","0.0028375983560177402","0.0028375983560177402","0.0028375983560177402"
"32875","0.0028375983560177402","0.0028375983560177402","0.0028375983560177402"
"32878","0.0028375983560177402","0.0028375983560177402","0.0028375983560177402"
"32880","0.0028375983560177402","0.0028375983560177402","0.0028375983560177402"
"32883","0.0028405259239684694","0.0028405259239684694","0.0028405259239684694"
"32893","0.0028488765371563426","0.0028488765371563426","0.0028488765371563426"
"32900","0.0028488765371563426","0.0028488765371563426","0.0028488765371563426"
"32903","0.0028488765371563426","0.0028488765371563426","0.0028488765371563426"
"32905","0.0028488765371563426","0.0028488765371563426","0.0028488765371563426"
"32910","0.0028488765371563426","0.0028488765371563426","0.0028488765371563426"
"32913","0.0028488765371563426","0.0028488765371563426","0.0028488765371563426"
"32917","0.0028488765371563426","0.0028488765371563426","0.0028488765371563426"
"32927","0.0028488765371563426","0.0028488765371563426","0.0028488765371563426"
"32930","0.0028488765371563426","0.0028488765371563426","0.0028488765371563426"
"32940","0.0028488765371563426","0.0028488765371563426","0.0028488765371563426"
"32950","0.0028488765371563426","0.0028488765371563426","0.0028488765371563426"
"32951","0.0028488765371563426","0.0028488765371563426","0.0028488765371563426"
"32952","0.0028488765371563426","0.0028488765371563426","0.0028488765371563426"
"32958","0.0028488765371563426","0.0028488765371563426","0.0028488765371563426"
"32963","0.0028488765371563426","0.0028488765371563426","0.0028488765371563426"
"32972","0.0028488765371563426","0.0028488765371563426","0.0028488765371563426"
"32974","0.0028488765371563426","0.0028488765371563426","0.0028488765371563426"
"32978","0.0028488765371563426","0.0028488765371563426","0.0028488765371563426"
"32987","0.0028488765371563426","0.0028488765371563426","0.0028488765371563426"
"32996","0.00285597307595288","0.00285597307595288","0.00285597307595288"
"33000","0.002860126321371216","0.002860126321371216","0.002860126321371216"
"33003","0.002860126321371216","0.002860126321371216","0.002860126321371216"
"33006","0.002860126321371216","0.002860126321371216","0.002860126321371216"
"33016","0.002860126321371216","0.002860126321371216","0.002860126321371216"
"33017","0.002860126321371216","0.002860126321371216","0.002860126321371216"
"33021","0.002860126321371216","0.002860126321371216","0.002860126321371216"
"33023","0.002860126321371216","0.002860126321371216","0.002860126321371216"
"33025","0.002860126321371216","0.002860126321371216","0.002860126321371216"
"33027","0.002860126321371216","0.002860126321371216","0.002860126321371216"
"33029","0.002860126321371216","0.002860126321371216","0.002860126321371216"
"33033","0.002860126321371216","0.002860126321371216","0.002860126321371216"
"33035","0.002860126321371216","0.002860126321371216","0.002860126321371216"
"33045","0.002860126321371216","0.002860126321371216","0.002860126321371216"
"33052","0.002860126321371216","0.002860126321371216","0.002860126321371216"
"33066","0.002860126321371216","0.002860126321371216","0.002860126321371216"
"33073","0.002860126321371216","0.002860126321371216","0.002860126321371216"
"33080","0.002860126321371216","0.002860126321371216","0.002860126321371216"
"33084","0.002860126321371216","0.002860126321371216","0.002860126321371216"
"33092","0.002860126321371216","0.002860126321371216","0.002860126321371216"
"33098","0.002860126321371216","0.002860126321371216","0.002860126321371216"
"33110","0.002871157694021978","0.002871157694021978","0.002871157694021978"
"33125","0.002871157694021978","0.002871157694021978","0.002871157694021978"
"33126","0.002871157694021978","0.002871157694021978","0.002871157694021978"
"33128","0.002871157694021978","0.002871157694021978","0.002871157694021978"
"33129","0.002871157694021978","0.002871157694021978","0.002871157694021978"
"33132","0.002871157694021978","0.002871157694021978","0.002871157694021978"
"33135","0.002871157694021978","0.002871157694021978","0.002871157694021978"
"33138","0.002871157694021978","0.002871157694021978","0.002871157694021978"
"33146","0.002871157694021978","0.002871157694021978","0.002871157694021978"
"33156","0.002871157694021978","0.002871157694021978","0.002871157694021978"
"33164","0.002871157694021978","0.002871157694021978","0.002871157694021978"
"33166","0.002871157694021978","0.002871157694021978","0.002871157694021978"
"33174","0.002871157694021978","0.002871157694021978","0.002871157694021978"
"33177","0.002871157694021978","0.002871157694021978","0.002871157694021978"
"33182","0.002871157694021978","0.002871157694021978","0.002871157694021978"
"33188","0.002871157694021978","0.002871157694021978","0.002871157694021978"
"33206","0.002871157694021978","0.002871157694021978","0.002871157694021978"
"33208","0.002871157694021978","0.002871157694021978","0.002871157694021978"
"33222","0.002858794192034359","0.002858794192034359","0.002858794192034359"
"33224","0.002858794192034359","0.002858794192034359","0.002858794192034359"
"33232","0.002858794192034359","0.002858794192034359","0.002858794192034359"
"33235","0.002858794192034359","0.002858794192034359","0.002858794192034359"
"33239","0.002858794192034359","0.002858794192034359","0.002858794192034359"
"33241","0.002858794192034359","0.002858794192034359","0.002858794192034359"
"33244","0.002858794192034359","0.002858794192034359","0.002858794192034359"
"33267","0.002858794192034359","0.002858794192034359","0.002858794192034359"
"33270","0.002858794192034359","0.002858794192034359","0.002858794192034359"
"33281","0.002858794192034359","0.002858794192034359","0.002858794192034359"
"33291","0.002858794192034359","0.002858794192034359","0.002858794192034359"
"33292","0.002858794192034359","0.002858794192034359","0.002858794192034359"
"33293","0.002858794192034359","0.002858794192034359","0.002858794192034359"
"33301","0.002858794192034359","0.002858794192034359","0.002858794192034359"
"33306","0.002858794192034359","0.002858794192034359","0.002858794192034359"
"33307","0.002858794192034359","0.002858794192034359","0.002858794192034359"
"33324","0.00285861841106185","0.00285861841106185","0.00285861841106185"
"33329","0.002859975238005068","0.002859975238005068","0.002859975238005068"
"33330","0.0028602698737968746","0.0028602698737968746","0.0028602698737968746"
"33336","0.0028602698737968746","0.0028602698737968746","0.0028602698737968746"
"33338","0.0028602698737968746","0.0028602698737968746","0.0028602698737968746"
"33357","0.0028602698737968746","0.0028602698737968746","0.0028602698737968746"
"33361","0.0028602698737968746","0.0028602698737968746","0.0028602698737968746"
"33371","0.0028602698737968746","0.0028602698737968746","0.0028602698737968746"
"33374","0.0028602698737968746","0.0028602698737968746","0.0028602698737968746"
"33381","0.0028602698737968746","0.0028602698737968746","0.0028602698737968746"
"33385","0.0028602698737968746","0.0028602698737968746","0.0028602698737968746"
"33386","0.0028602698737968746","0.0028602698737968746","0.0028602698737968746"
"33389","0.0028602698737968746","0.0028602698737968746","0.0028602698737968746"
"33398","0.0028602698737968746","0.0028602698737968746","0.0028602698737968746"
"33406","0.0028602698737968746","0.0028602698737968746","0.0028602698737968746"
"33413","0.0028602698737968746","0.0028602698737968746","0.0028602698737968746"
"33423","0.0028602698737968746","0.0028602698737968746","0.0028602698737968746"
"33432","0.002862869514577991","0.002862869514577991","0.002862869514577991"
"33433","0.00286372386510081","0.00286372386510081","0.00286372386510081"
"33434","0.00286562212015958","0.00286562212015958","0.00286562212015958"
"33436","0.0028673394970655957","0.0028673394970655957","0.0028673394970655957"
"33444","0.002873832369440576","0.002873832369440576","0.002873832369440576"
"33449","0.002873832369440576","0.002873832369440576","0.002873832369440576"
"33452","0.002873832369440576","0.002873832369440576","0.002873832369440576"
"33456","0.002873832369440576","0.002873832369440576","0.002873832369440576"
"33460","0.002873832369440576","0.002873832369440576","0.002873832369440576"
"33464","0.002873832369440576","0.002873832369440576","0.002873832369440576"
"33465","0.002873832369440576","0.002873832369440576","0.002873832369440576"
"33469","0.002873832369440576","0.002873832369440576","0.002873832369440576"
"33484","0.002873832369440576","0.002873832369440576","0.002873832369440576"
"33492","0.002873832369440576","0.002873832369440576","0.002873832369440576"
"33496","0.002873832369440576","0.002873832369440576","0.002873832369440576"
"33514","0.002873832369440576","0.002873832369440576","0.002873832369440576"
"33517","0.002873832369440576","0.002873832369440576","0.002873832369440576"
"33525","0.002873832369440576","0.002873832369440576","0.002873832369440576"
"33529","0.002873832369440576","0.002873832369440576","0.002873832369440576"
"33546","0.0028787157288449193","0.0028787157288449193","0.0028787157288449193"
"33559","0.0028830301792679217","0.0028830301792679217","0.0028830301792679217"
"33569","0.0028830301792679217","0.0028830301792679217","0.0028830301792679217"
"33577","0.0028830301792679217","0.0028830301792679217","0.0028830301792679217"
"33586","0.0028830301792679217","0.0028830301792679217","0.0028830301792679217"
"33587","0.0028830301792679217","0.0028830301792679217","0.0028830301792679217"
"33588","0.0028830301792679217","0.0028830301792679217","0.0028830301792679217"
"33589","0.0028830301792679217","0.0028830301792679217","0.0028830301792679217"
"33599","0.0028830301792679217","0.0028830301792679217","0.0028830301792679217"
"33608","0.0028830301792679217","0.0028830301792679217","0.0028830301792679217"
"33610","0.0028830301792679217","0.0028830301792679217","0.0028830301792679217"
"33628","0.0028830301792679217","0.0028830301792679217","0.0028830301792679217"
"33633","0.0028830301792679217","0.0028830301792679217","0.0028830301792679217"
"33635","0.0028830301792679217","0.0028830301792679217","0.0028830301792679217"
"33639","0.0028830301792679217","0.0028830301792679217","0.0028830301792679217"
"33652","0.002885947957649096","0.002885947957649096","0.002885947957649096"
"33661","0.0028948469630173854","0.0028948469630173854","0.0028948469630173854"
"33662","0.0028948469630173854","0.0028948469630173854","0.0028948469630173854"
"33663","0.0028948469630173854","0.0028948469630173854","0.0028948469630173854"
"33668","0.0028948469630173854","0.0028948469630173854","0.0028948469630173854"
"33681","0.0028948469630173854","0.0028948469630173854","0.0028948469630173854"
"33689","0.0028948469630173854","0.0028948469630173854","0.0028948469630173854"
"33707","0.0028948469630173854","0.0028948469630173854","0.0028948469630173854"
"33717","0.0028948469630173854","0.0028948469630173854","0.0028948469630173854"
"33724","0.0028948469630173854","0.0028948469630173854","0.0028948469630173854"
"33728","0.0028948469630173854","0.0028948469630173854","0.0028948469630173854"
"33733","0.0028948469630173854","0.0028948469630173854","0.0028948469630173854"
"33738","0.0028948469630173854","0.0028948469630173854","0.0028948469630173854"
"33755","0.0028948469630173854","0.0028948469630173854","0.0028948469630173854"
"33765","0.002903297730764103","0.002903297730764103","0.002903297730764103"
"33774","0.0029081204143254088","0.0029081204143254088","0.0029081204143254088"
"33786","0.0029081204143254088","0.0029081204143254088","0.0029081204143254088"
"33790","0.0029081204143254088","0.0029081204143254088","0.0029081204143254088"
"33793","0.0029081204143254088","0.0029081204143254088","0.0029081204143254088"
"33799","0.0029081204143254088","0.0029081204143254088","0.0029081204143254088"
"33813","0.0029081204143254088","0.0029081204143254088","0.0029081204143254088"
"33821","0.0029081204143254088","0.0029081204143254088","0.0029081204143254088"
"33822","0.0029081204143254088","0.0029081204143254088","0.0029081204143254088"
"33825","0.0029081204143254088","0.0029081204143254088","0.0029081204143254088"
"33826","0.0029081204143254088","0.0029081204143254088","0.0029081204143254088"
"33827","0.0029081204143254088","0.0029081204143254088","0.0029081204143254088"
"33828","0.0029081204143254088","0.0029081204143254088","0.0029081204143254088"
"33831","0.0029081204143254088","0.0029081204143254088","0.0029081204143254088"
"33835","0.0029081204143254088","0.0029081204143254088","0.0029081204143254088"
"33842","0.0029081204143254088","0.0029081204143254088","0.0029081204143254088"
"33844","0.0029081204143254088","0.0029081204143254088","0.0029081204143254088"
"33851","0.0029081204143254088","0.0029081204143254088","0.0029081204143254088"
"33863","0.0029081204143254088","0.0029081204143254088","0.0029081204143254088"
"33871","0.0029070564227153648","0.0029070564227153648","0.0029070564227153648"
"33879","0.002893959843510334","0.002893959843510334","0.002893959843510334"
"33883","0.002892301015383789","0.002892301015383789","0.002892301015383789"
"33887","0.002892301015383789","0.002892301015383789","0.002892301015383789"
"33888","0.002892301015383789","0.002892301015383789","0.002892301015383789"
"33889","0.002892301015383789","0.002892301015383789","0.002892301015383789"
"33893","0.002892301015383789","0.002892301015383789","0.002892301015383789"
"33896","0.002892301015383789","0.002892301015383789","0.002892301015383789"
"33901","0.002892301015383789","0.002892301015383789","0.002892301015383789"
"33904","0.002892301015383789","0.002892301015383789","0.002892301015383789"
"33909","0.002892301015383789","0.002892301015383789","0.002892301015383789"
"33924","0.002892301015383789","0.002892301015383789","0.002892301015383789"
"33926","0.002892301015383789","0.002892301015383789","0.002892301015383789"
"33938","0.002892301015383789","0.002892301015383789","0.002892301015383789"
"33948","0.002892301015383789","0.002892301015383789","0.002892301015383789"
"33949","0.002892301015383789","0.002892301015383789","0.002892301015383789"
"33952","0.002892301015383789","0.002892301015383789","0.002892301015383789"
"33960","0.002892301015383789","0.002892301015383789","0.002892301015383789"
"33973","0.002892301015383789","0.002892301015383789","0.002892301015383789"
"33986","0.002899717322436607","0.002899717322436607","0.002899717322436607"
"33993","0.002904415030277928","0.002904415030277928","0.002904415030277928"
"34000","0.002904415030277928","0.002904415030277928","0.002904415030277928"
"34008","0.002904415030277928","0.002904415030277928","0.002904415030277928"
"34010","0.002904415030277928","0.002904415030277928","0.002904415030277928"
"34017","0.002904415030277928","0.002904415030277928","0.002904415030277928"
"34023","0.002904415030277928","0.002904415030277928","0.002904415030277928"
"34027","0.002904415030277928","0.002904415030277928","0.002904415030277928"
"34028","0.002904415030277928","0.002904415030277928","0.002904415030277928"
"34032","0.002904415030277928","0.002904415030277928","0.002904415030277928"
"34044","0.002904415030277928","0.002904415030277928","0.002904415030277928"
"34047","0.002904415030277928","0.002904415030277928","0.002904415030277928"
"34062","0.002904415030277928","0.002904415030277928","0.002904415030277928"
"34064","0.002904415030277928","0.002904415030277928","0.002904415030277928"
"34079","0.002904415030277928","0.002904415030277928","0.002904415030277928"
"34088","0.002904415030277928","0.002904415030277928","0.002904415030277928"
"34089","0.002904415030277928","0.002904415030277928","0.002904415030277928"
"34091","0.0029048368728609737","0.0029048368728609737","0.0029048368728609737"
"34099","0.002914732023177409","0.002914732023177409","0.002914732023177409"
"34101","0.002916857487605257","0.002916857487605257","0.002916857487605257"
"34105","0.002916857487605257","0.002916857487605257","0.002916857487605257"
"34109","0.002916857487605257","0.002916857487605257","0.002916857487605257"
"34110","0.002916857487605257","0.002916857487605257","0.002916857487605257"
"34119","0.002916857487605257","0.002916857487605257","0.002916857487605257"
"34130","0.002916857487605257","0.002916857487605257","0.002916857487605257"
"34138","0.002916857487605257","0.002916857487605257","0.002916857487605257"
"34144","0.002916857487605257","0.002916857487605257","0.002916857487605257"
"34147","0.002916857487605257","0.002916857487605257","0.002916857487605257"
"34149","0.002916857487605257","0.002916857487605257","0.002916857487605257"
"34159","0.002916857487605257","0.002916857487605257","0.002916857487605257"
"34166","0.002916857487605257","0.002916857487605257","0.002916857487605257"
"34175","0.002916857487605257","0.002916857487605257","0.002916857487605257"
"34184","0.002916857487605257","0.002916857487605257","0.002916857487605257"
"34187","0.002916857487605257","0.002916857487605257","0.002916857487605257"
"34203","0.002919305282950514","0.002919305282950514","0.002919305282950514"
"34204","0.002921425291944806","0.002921425291944806","0.002921425291944806"
"34208","0.0029280924214645193","0.0029280924214645193","0.0029280924214645193"
"34230","0.0029312154560154824","0.0029312154560154824","0.0029312154560154824"
"34231","0.0029312154560154824","0.0029312154560154824","0.0029312154560154824"
"34233","0.0029312154560154824","0.0029312154560154824","0.0029312154560154824"
"34241","0.0029312154560154824","0.0029312154560154824","0.0029312154560154824"
"34242","0.0029312154560154824","0.0029312154560154824","0.0029312154560154824"
"34249","0.0029312154560154824","0.0029312154560154824","0.0029312154560154824"
"34255","0.0029312154560154824","0.0029312154560154824","0.0029312154560154824"
"34260","0.0029312154560154824","0.0029312154560154824","0.0029312154560154824"
"34265","0.0029312154560154824","0.0029312154560154824","0.0029312154560154824"
"34266","0.0029312154560154824","0.0029312154560154824","0.0029312154560154824"
"34277","0.0029312154560154824","0.0029312154560154824","0.0029312154560154824"
"34280","0.0029312154560154824","0.0029312154560154824","0.0029312154560154824"
"34291","0.0029312154560154824","0.0029312154560154824","0.0029312154560154824"
"34293","0.0029312154560154824","0.0029312154560154824","0.0029312154560154824"
"34295","0.0029312154560154824","0.0029312154560154824","0.0029312154560154824"
"34301","0.0029312154560154824","0.0029312154560154824","0.0029312154560154824"
"34303","0.0029312154560154824","0.0029312154560154824","0.0029312154560154824"
"34309","0.0029312154560154824","0.0029312154560154824","0.0029312154560154824"
"34312","0.0029302714590805283","0.0029302714590805283","0.0029302714590805283"
"34316","0.0029289817325634637","0.0029289817325634637","0.0029289817325634637"
"34344","0.0029252333431863207","0.0029252333431863207","0.0029252333431863207"
"34350","0.0029252333431863207","0.0029252333431863207","0.0029252333431863207"
"34352","0.0029252333431863207","0.0029252333431863207","0.0029252333431863207"
"34366","0.0029252333431863207","0.0029252333431863207","0.0029252333431863207"
"34394","0.0029252333431863207","0.0029252333431863207","0.0029252333431863207"
"34407","0.0029252333431863207","0.0029252333431863207","0.0029252333431863207"
"34409","0.0029252333431863207","0.0029252333431863207","0.0029252333431863207"
"34440","0.0029337647397406183","0.0029337647397406183","0.0029337647397406183"
"34443","0.0029337647397406183","0.0029337647397406183","0.0029337647397406183"
"34446","0.0029337647397406183","0.0029337647397406183","0.0029337647397406183"
"34449","0.0029337647397406183","0.0029337647397406183","0.0029337647397406183"
"34486","0.0029337647397406183","0.0029337647397406183","0.0029337647397406183"
"34495","0.0029337647397406183","0.0029337647397406183","0.0029337647397406183"
"34500","0.0029337647397406183","0.0029337647397406183","0.0029337647397406183"
"34504","0.0029337647397406183","0.0029337647397406183","0.0029337647397406183"
"34505","0.0029337647397406183","0.0029337647397406183","0.0029337647397406183"
"34507","0.0029337647397406183","0.0029337647397406183","0.0029337647397406183"
"34508","0.0029337647397406183","0.0029337647397406183","0.0029337647397406183"
"34509","0.0029337647397406183","0.0029337647397406183","0.0029337647397406183"
"34510","0.0029337647397406183","0.0029337647397406183","0.0029337647397406183"
"34511","0.0029337647397406183","0.0029337647397406183","0.0029337647397406183"
"34518","0.0029337647397406183","0.0029337647397406183","0.0029337647397406183"
"34526","0.0029337647397406183","0.0029337647397406183","0.0029337647397406183"
"34530","0.0029337647397406183","0.0029337647397406183","0.0029337647397406183"
"34534","0.0029283209832057923","0.0029283209832057923","0.0029283209832057923"
"34541","0.0029203439188185357","0.0029203439188185357","0.0029203439188185357"
"34545","0.0029203439188185357","0.0029203439188185357","0.0029203439188185357"
"34550","0.0029203439188185357","0.0029203439188185357","0.0029203439188185357"
"34562","0.0029203439188185357","0.0029203439188185357","0.0029203439188185357"
"34563","0.0029203439188185357","0.0029203439188185357","0.0029203439188185357"
"34566","0.0029203439188185357","0.0029203439188185357","0.0029203439188185357"
"34578","0.0029203439188185357","0.0029203439188185357","0.0029203439188185357"
"34584","0.0029203439188185357","0.0029203439188185357","0.0029203439188185357"
"34591","0.0029203439188185357","0.0029203439188185357","0.0029203439188185357"
"34606","0.0029203439188185357","0.0029203439188185357","0.0029203439188185357"
"34616","0.0029203439188185357","0.0029203439188185357","0.0029203439188185357"
"34631","0.0029203439188185357","0.0029203439188185357","0.0029203439188185357"
"34644","0.0029264957484525615","0.0029264957484525615","0.0029264957484525615"
"34645","0.002928105618073808","0.002928105618073808","0.002928105618073808"
"34647","0.002930829788418349","0.002930829788418349","0.002930829788418349"
"34655","0.0029351974874336864","0.0029351974874336864","0.0029351974874336864"
"34660","0.0029351974874336864","0.0029351974874336864","0.0029351974874336864"
"34666","0.0029351974874336864","0.0029351974874336864","0.0029351974874336864"
"34671","0.0029351974874336864","0.0029351974874336864","0.0029351974874336864"
"34674","0.0029351974874336864","0.0029351974874336864","0.0029351974874336864"
"34693","0.0029351974874336864","0.0029351974874336864","0.0029351974874336864"
"34695","0.0029351974874336864","0.0029351974874336864","0.0029351974874336864"
"34701","0.0029351974874336864","0.0029351974874336864","0.0029351974874336864"
"34704","0.0029351974874336864","0.0029351974874336864","0.0029351974874336864"
"34705","0.0029351974874336864","0.0029351974874336864","0.0029351974874336864"
"34713","0.0029351974874336864","0.0029351974874336864","0.0029351974874336864"
"34715","0.0029351974874336864","0.0029351974874336864","0.0029351974874336864"
"34717","0.0029351974874336864","0.0029351974874336864","0.0029351974874336864"
"34723","0.0029351974874336864","0.0029351974874336864","0.0029351974874336864"
"34724","0.0029351974874336864","0.0029351974874336864","0.0029351974874336864"
"34730","0.0029351974874336864","0.0029351974874336864","0.0029351974874336864"
"34737","0.0029351974874336864","0.0029351974874336864","0.0029351974874336864"
"34746","0.0029351974874336864","0.0029351974874336864","0.0029351974874336864"
"34777","0.0029176575556687594","0.0029176575556687594","0.0029176575556687594"
"34778","0.0029176575556687594","0.0029176575556687594","0.0029176575556687594"
"34794","0.0029176575556687594","0.0029176575556687594","0.0029176575556687594"
"34799","0.0029176575556687594","0.0029176575556687594","0.0029176575556687594"
"34802","0.0029176575556687594","0.0029176575556687594","0.0029176575556687594"
"34818","0.0029176575556687594","0.0029176575556687594","0.0029176575556687594"
"34820","0.0029176575556687594","0.0029176575556687594","0.0029176575556687594"
"34843","0.0029176575556687594","0.0029176575556687594","0.0029176575556687594"
"34845","0.0029176575556687594","0.0029176575556687594","0.0029176575556687594"
"34850","0.0029176575556687594","0.0029176575556687594","0.0029176575556687594"
"34873","0.002913461723819208","0.002913461723819208","0.002913461723819208"
"34881","0.002913461723819208","0.002913461723819208","0.002913461723819208"
"34884","0.002913461723819208","0.002913461723819208","0.002913461723819208"
"34888","0.002913461723819208","0.002913461723819208","0.002913461723819208"
"34894","0.002913461723819208","0.002913461723819208","0.002913461723819208"
"34899","0.002913461723819208","0.002913461723819208","0.002913461723819208"
"34901","0.002913461723819208","0.002913461723819208","0.002913461723819208"
"34904","0.002913461723819208","0.002913461723819208","0.002913461723819208"
"34919","0.002913461723819208","0.002913461723819208","0.002913461723819208"
"34921","0.002913461723819208","0.002913461723819208","0.002913461723819208"
"34922","0.002913461723819208","0.002913461723819208","0.002913461723819208"
"34925","0.002913461723819208","0.002913461723819208","0.002913461723819208"
"34927","0.002913461723819208","0.002913461723819208","0.002913461723819208"
"34929","0.002913461723819208","0.002913461723819208","0.002913461723819208"
"34933","0.002913461723819208","0.002913461723819208","0.002913461723819208"
"34935","0.002913461723819208","0.002913461723819208","0.002913461723819208"
"34955","0.002913461723819208","0.002913461723819208","0.002913461723819208"
"34961","0.002913461723819208","0.002913461723819208","0.002913461723819208"
"34968","0.002913461723819208","0.002913461723819208","0.002913461723819208"
"34969","0.002913461723819208","0.002913461723819208","0.002913461723819208"
"34970","0.002913461723819208","0.002913461723819208","0.002913461723819208"
"34976","0.00292170875032041","0.00292170875032041","0.00292170875032041"
"34977","0.0029231228444777362","0.0029231228444777362","0.0029231228444777362"
"34983","0.0029249683587756403","0.0029249683587756403","0.0029249683587756403"
"34990","0.0029249683587756403","0.0029249683587756403","0.0029249683587756403"
"35003","0.0029249683587756403","0.0029249683587756403","0.0029249683587756403"
"35005","0.0029249683587756403","0.0029249683587756403","0.0029249683587756403"
"35010","0.0029249683587756403","0.0029249683587756403","0.0029249683587756403"
"35012","0.0029249683587756403","0.0029249683587756403","0.0029249683587756403"
"35032","0.0029249683587756403","0.0029249683587756403","0.0029249683587756403"
"35033","0.0029249683587756403","0.0029249683587756403","0.0029249683587756403"
"35046","0.0029249683587756403","0.0029249683587756403","0.0029249683587756403"
"35054","0.0029249683587756403","0.0029249683587756403","0.0029249683587756403"
"35067","0.0029249683587756403","0.0029249683587756403","0.0029249683587756403"
"35070","0.0029249683587756403","0.0029249683587756403","0.0029249683587756403"
"35072","0.0029249683587756403","0.0029249683587756403","0.0029249683587756403"
"35078","0.0029249683587756403","0.0029249683587756403","0.0029249683587756403"
"35091","0.002930874815368191","0.002930874815368191","0.002930874815368191"
"35104","0.002930874815368191","0.002930874815368191","0.002930874815368191"
"35108","0.002930874815368191","0.002930874815368191","0.002930874815368191"
"35113","0.002930874815368191","0.002930874815368191","0.002930874815368191"
"35117","0.002930874815368191","0.002930874815368191","0.002930874815368191"
"35118","0.002930874815368191","0.002930874815368191","0.002930874815368191"
"35121","0.002930874815368191","0.002930874815368191","0.002930874815368191"
"35122","0.002930874815368191","0.002930874815368191","0.002930874815368191"
"35123","0.002930874815368191","0.002930874815368191","0.002930874815368191"
"35154","0.002930874815368191","0.002930874815368191","0.002930874815368191"
"35175","0.002930874815368191","0.002930874815368191","0.002930874815368191"
"35176","0.002930874815368191","0.002930874815368191","0.002930874815368191"
"35190","0.002930874815368191","0.002930874815368191","0.002930874815368191"
"35194","0.0029367173078289808","0.0029367173078289808","0.0029367173078289808"
"35199","0.002943769074792375","0.002943769074792375","0.002943769074792375"
"35203","0.0029452353566654394","0.0029452353566654394","0.0029452353566654394"
"35215","0.0029452353566654394","0.0029452353566654394","0.0029452353566654394"
"35222","0.0029452353566654394","0.0029452353566654394","0.0029452353566654394"
"35229","0.0029452353566654394","0.0029452353566654394","0.0029452353566654394"
"35230","0.0029452353566654394","0.0029452353566654394","0.0029452353566654394"
"35231","0.0029452353566654394","0.0029452353566654394","0.0029452353566654394"
"35234","0.0029452353566654394","0.0029452353566654394","0.0029452353566654394"
"35243","0.0029452353566654394","0.0029452353566654394","0.0029452353566654394"
"35248","0.0029452353566654394","0.0029452353566654394","0.0029452353566654394"
"35255","0.0029452353566654394","0.0029452353566654394","0.0029452353566654394"
"35257","0.0029452353566654394","0.0029452353566654394","0.0029452353566654394"
"35259","0.0029452353566654394","0.0029452353566654394","0.0029452353566654394"
"35261","0.0029452353566654394","0.0029452353566654394","0.0029452353566654394"
"35265","0.0029452353566654394","0.0029452353566654394","0.0029452353566654394"
"35266","0.0029452353566654394","0.0029452353566654394","0.0029452353566654394"
"35274","0.0029452353566654394","0.0029452353566654394","0.0029452353566654394"
"35277","0.0029452353566654394","0.0029452353566654394","0.0029452353566654394"
"35278","0.0029452353566654394","0.0029452353566654394","0.0029452353566654394"
"35297","0.0029452353566654394","0.0029452353566654394","0.0029452353566654394"
"35299","0.0029452353566654394","0.0029452353566654394","0.0029452353566654394"
"35300","0.0029452353566654394","0.0029452353566654394","0.0029452353566654394"
"35307","0.0029560254159916215","0.0029560254159916215","0.0029560254159916215"
"35309","0.0029583558681402925","0.0029583558681402925","0.0029583558681402925"
"35333","0.002960214268483106","0.002960214268483106","0.002960214268483106"
"35341","0.002960214268483106","0.002960214268483106","0.002960214268483106"
"35350","0.002960214268483106","0.002960214268483106","0.002960214268483106"
"35358","0.002960214268483106","0.002960214268483106","0.002960214268483106"
"35360","0.002960214268483106","0.002960214268483106","0.002960214268483106"
"35362","0.002960214268483106","0.002960214268483106","0.002960214268483106"
"35369","0.002960214268483106","0.002960214268483106","0.002960214268483106"
"35378","0.002960214268483106","0.002960214268483106","0.002960214268483106"
"35379","0.002960214268483106","0.002960214268483106","0.002960214268483106"
"35395","0.002960214268483106","0.002960214268483106","0.002960214268483106"
"35406","0.002960214268483106","0.002960214268483106","0.002960214268483106"
"35407","0.002960214268483106","0.002960214268483106","0.002960214268483106"
"35413","0.0029644572909439094","0.0029644572909439094","0.0029644572909439094"
"35415","0.002965336352218646","0.002965336352218646","0.002965336352218646"
"35420","0.002972181253980559","0.002972181253980559","0.002972181253980559"
"35428","0.002972181253980559","0.002972181253980559","0.002972181253980559"
"35461","0.002972181253980559","0.002972181253980559","0.002972181253980559"
"35469","0.002972181253980559","0.002972181253980559","0.002972181253980559"
"35476","0.002972181253980559","0.002972181253980559","0.002972181253980559"
"35485","0.002972181253980559","0.002972181253980559","0.002972181253980559"
"35494","0.002972181253980559","0.002972181253980559","0.002972181253980559"
"35507","0.002972181253980559","0.002972181253980559","0.002972181253980559"
"35514","0.002972181253980559","0.002972181253980559","0.002972181253980559"
"35516","0.002972181253980559","0.002972181253980559","0.002972181253980559"
"35529","0.0029602351169712364","0.0029602351169712364","0.0029602351169712364"
"35531","0.002959612325865445","0.002959612325865445","0.002959612325865445"
"35532","0.002959612325865445","0.002959612325865445","0.002959612325865445"
"35534","0.002959612325865445","0.002959612325865445","0.002959612325865445"
"35552","0.002959612325865445","0.002959612325865445","0.002959612325865445"
"35553","0.002959612325865445","0.002959612325865445","0.002959612325865445"
"35573","0.002959612325865445","0.002959612325865445","0.002959612325865445"
"35576","0.002959612325865445","0.002959612325865445","0.002959612325865445"
"35592","0.002959612325865445","0.002959612325865445","0.002959612325865445"
"35599","0.002959612325865445","0.002959612325865445","0.002959612325865445"
"35609","0.002959612325865445","0.002959612325865445","0.002959612325865445"
"35619","0.002959612325865445","0.002959612325865445","0.002959612325865445"
"35620","0.002959612325865445","0.002959612325865445","0.002959612325865445"
"35628","0.002959612325865445","0.002959612325865445","0.002959612325865445"
"35631","0.0029591744254213142","0.0029591744254213142","0.0029591744254213142"
"35632","0.0029587366545403893","0.0029587366545403893","0.0029587366545403893"
"35641","0.002948393811283081","0.002948393811283081","0.002948393811283081"
"35648","0.002948393811283081","0.002948393811283081","0.002948393811283081"
"35650","0.002948393811283081","0.002948393811283081","0.002948393811283081"
"35652","0.002948393811283081","0.002948393811283081","0.002948393811283081"
"35660","0.002948393811283081","0.002948393811283081","0.002948393811283081"
"35668","0.002948393811283081","0.002948393811283081","0.002948393811283081"
"35672","0.002948393811283081","0.002948393811283081","0.002948393811283081"
"35677","0.002948393811283081","0.002948393811283081","0.002948393811283081"
"35680","0.002948393811283081","0.002948393811283081","0.002948393811283081"
"35682","0.002948393811283081","0.002948393811283081","0.002948393811283081"
"35683","0.002948393811283081","0.002948393811283081","0.002948393811283081"
"35693","0.002948393811283081","0.002948393811283081","0.002948393811283081"
"35695","0.002948393811283081","0.002948393811283081","0.002948393811283081"
"35702","0.002948393811283081","0.002948393811283081","0.002948393811283081"
"35722","0.002948393811283081","0.002948393811283081","0.002948393811283081"
"35726","0.002948393811283081","0.002948393811283081","0.002948393811283081"
"35728","0.002948393811283081","0.002948393811283081","0.002948393811283081"
"35729","0.002948393811283081","0.002948393811283081","0.002948393811283081"
"35730","0.002948393811283081","0.002948393811283081","0.002948393811283081"
"35736","0.002948393811283081","0.002948393811283081","0.002948393811283081"
"35738","0.002948393811283081","0.002948393811283081","0.002948393811283081"
"35742","0.002950967418080225","0.002950967418080225","0.002950967418080225"
"35748","0.002959759079524867","0.002959759079524867","0.002959759079524867"
"35754","0.002961501637950779","0.002961501637950779","0.002961501637950779"
"35760","0.002961501637950779","0.002961501637950779","0.002961501637950779"
"35761","0.002961501637950779","0.002961501637950779","0.002961501637950779"
"35768","0.002961501637950779","0.002961501637950779","0.002961501637950779"
"35775","0.002961501637950779","0.002961501637950779","0.002961501637950779"
"35778","0.002961501637950779","0.002961501637950779","0.002961501637950779"
"35781","0.002961501637950779","0.002961501637950779","0.002961501637950779"
"35784","0.002961501637950779","0.002961501637950779","0.002961501637950779"
"35785","0.002961501637950779","0.002961501637950779","0.002961501637950779"
"35789","0.002961501637950779","0.002961501637950779","0.002961501637950779"
"35800","0.002961501637950779","0.002961501637950779","0.002961501637950779"
"35806","0.002961501637950779","0.002961501637950779","0.002961501637950779"
"35809","0.002961501637950779","0.002961501637950779","0.002961501637950779"
"35822","0.002961501637950779","0.002961501637950779","0.002961501637950779"
"35824","0.002961501637950779","0.002961501637950779","0.002961501637950779"
"35828","0.002961501637950779","0.002961501637950779","0.002961501637950779"
"35829","0.002961501637950779","0.002961501637950779","0.002961501637950779"
"35847","0.002961501637950779","0.002961501637950779","0.002961501637950779"
"35849","0.002961501637950779","0.002961501637950779","0.002961501637950779"
"35857","0.002969745951213604","0.002969745951213604","0.002969745951213604"
"35872","0.002973640171371333","0.002973640171371333","0.002973640171371333"
"35876","0.002973640171371333","0.002973640171371333","0.002973640171371333"
"35882","0.002973640171371333","0.002973640171371333","0.002973640171371333"
"35883","0.002973640171371333","0.002973640171371333","0.002973640171371333"
"35891","0.002973640171371333","0.002973640171371333","0.002973640171371333"
"35898","0.002973640171371333","0.002973640171371333","0.002973640171371333"
"35903","0.002973640171371333","0.002973640171371333","0.002973640171371333"
"35905","0.002973640171371333","0.002973640171371333","0.002973640171371333"
"35908","0.002973640171371333","0.002973640171371333","0.002973640171371333"
"35914","0.002973640171371333","0.002973640171371333","0.002973640171371333"
"35916","0.002973640171371333","0.002973640171371333","0.002973640171371333"
"35917","0.002973640171371333","0.002973640171371333","0.002973640171371333"
"35919","0.002973640171371333","0.002973640171371333","0.002973640171371333"
"35922","0.002973640171371333","0.002973640171371333","0.002973640171371333"
"35923","0.002973640171371333","0.002973640171371333","0.002973640171371333"
"35925","0.002973640171371333","0.002973640171371333","0.002973640171371333"
"35928","0.002973640171371333","0.002973640171371333","0.002973640171371333"
"35952","0.002973640171371333","0.002973640171371333","0.002973640171371333"
"35964","0.002979427920104077","0.002979427920104077","0.002979427920104077"
"35974","0.0029875106402466804","0.0029875106402466804","0.0029875106402466804"
"35978","0.0029875106402466804","0.0029875106402466804","0.0029875106402466804"
"35995","0.0029875106402466804","0.0029875106402466804","0.0029875106402466804"
"36015","0.0029875106402466804","0.0029875106402466804","0.0029875106402466804"
"36017","0.0029875106402466804","0.0029875106402466804","0.0029875106402466804"
"36021","0.0029875106402466804","0.0029875106402466804","0.0029875106402466804"
"36025","0.0029875106402466804","0.0029875106402466804","0.0029875106402466804"
"36032","0.0029875106402466804","0.0029875106402466804","0.0029875106402466804"
"36058","0.0029875106402466804","0.0029875106402466804","0.0029875106402466804"
"36064","0.0029875106402466804","0.0029875106402466804","0.0029875106402466804"
"36070","0.0029875106402466804","0.0029875106402466804","0.0029875106402466804"
"36074","0.0029914493193846712","0.0029914493193846712","0.0029914493193846712"
"36077","0.002995503161595961","0.002995503161595961","0.002995503161595961"
"36091","0.0030007689458800917","0.0030007689458800917","0.0030007689458800917"
"36092","0.0030007689458800917","0.0030007689458800917","0.0030007689458800917"
"36095","0.0030007689458800917","0.0030007689458800917","0.0030007689458800917"
"36108","0.0030007689458800917","0.0030007689458800917","0.0030007689458800917"
"36119","0.0030007689458800917","0.0030007689458800917","0.0030007689458800917"
"36128","0.0030007689458800917","0.0030007689458800917","0.0030007689458800917"
"36130","0.0030007689458800917","0.0030007689458800917","0.0030007689458800917"
"36145","0.0030007689458800917","0.0030007689458800917","0.0030007689458800917"
"36151","0.0030007689458800917","0.0030007689458800917","0.0030007689458800917"
"36156","0.0030007689458800917","0.0030007689458800917","0.0030007689458800917"
"36160","0.0030007689458800917","0.0030007689458800917","0.0030007689458800917"
"36176","0.0030007689458800917","0.0030007689458800917","0.0030007689458800917"
"36193","0.0029859651041358186","0.0029859651041358186","0.0029859651041358186"
"36203","0.0029859651041358186","0.0029859651041358186","0.0029859651041358186"
"36205","0.0029859651041358186","0.0029859651041358186","0.0029859651041358186"
"36206","0.0029859651041358186","0.0029859651041358186","0.0029859651041358186"
"36240","0.0029859651041358186","0.0029859651041358186","0.0029859651041358186"
"36243","0.0029859651041358186","0.0029859651041358186","0.0029859651041358186"
"36260","0.0029859651041358186","0.0029859651041358186","0.0029859651041358186"
"36268","0.0029859651041358186","0.0029859651041358186","0.0029859651041358186"
"36270","0.0029859651041358186","0.0029859651041358186","0.0029859651041358186"
"36275","0.0029859651041358186","0.0029859651041358186","0.0029859651041358186"
"36282","0.0029859651041358186","0.0029859651041358186","0.0029859651041358186"
"36295","0.0029927739632596866","0.0029927739632596866","0.0029927739632596866"
"36298","0.0029967883616764776","0.0029967883616764776","0.0029967883616764776"
"36299","0.0029979532942867753","0.0029979532942867753","0.0029979532942867753"
"36303","0.0029995172667512467","0.0029995172667512467","0.0029995172667512467"
"36308","0.0029995172667512467","0.0029995172667512467","0.0029995172667512467"
"36314","0.0029995172667512467","0.0029995172667512467","0.0029995172667512467"
"36315","0.0029995172667512467","0.0029995172667512467","0.0029995172667512467"
"36326","0.0029995172667512467","0.0029995172667512467","0.0029995172667512467"
"36334","0.0029995172667512467","0.0029995172667512467","0.0029995172667512467"
"36354","0.0029995172667512467","0.0029995172667512467","0.0029995172667512467"
"36362","0.0029995172667512467","0.0029995172667512467","0.0029995172667512467"
"36363","0.0029995172667512467","0.0029995172667512467","0.0029995172667512467"
"36369","0.0029995172667512467","0.0029995172667512467","0.0029995172667512467"
"36370","0.0029995172667512467","0.0029995172667512467","0.0029995172667512467"
"36374","0.0029995172667512467","0.0029995172667512467","0.0029995172667512467"
"36382","0.0029995172667512467","0.0029995172667512467","0.0029995172667512467"
"36383","0.0029995172667512467","0.0029995172667512467","0.0029995172667512467"
"36385","0.0029995172667512467","0.0029995172667512467","0.0029995172667512467"
"36386","0.0029995172667512467","0.0029995172667512467","0.0029995172667512467"
"36392","0.0029995172667512467","0.0029995172667512467","0.0029995172667512467"
"36396","0.0029995172667512467","0.0029995172667512467","0.0029995172667512467"
"36410","0.0029861908782641815","0.0029861908782641815","0.0029861908782641815"
"36412","0.0029861908782641815","0.0029861908782641815","0.0029861908782641815"
"36414","0.0029861908782641815","0.0029861908782641815","0.0029861908782641815"
"36417","0.0029861908782641815","0.0029861908782641815","0.0029861908782641815"
"36419","0.0029861908782641815","0.0029861908782641815","0.0029861908782641815"
"36423","0.0029861908782641815","0.0029861908782641815","0.0029861908782641815"
"36430","0.0029861908782641815","0.0029861908782641815","0.0029861908782641815"
"36435","0.0029861908782641815","0.0029861908782641815","0.0029861908782641815"
"36436","0.0029861908782641815","0.0029861908782641815","0.0029861908782641815"
"36446","0.0029861908782641815","0.0029861908782641815","0.0029861908782641815"
"36465","0.0029861908782641815","0.0029861908782641815","0.0029861908782641815"
"36466","0.0029861908782641815","0.0029861908782641815","0.0029861908782641815"
"36467","0.0029861908782641815","0.0029861908782641815","0.0029861908782641815"
"36468","0.0029861908782641815","0.0029861908782641815","0.0029861908782641815"
"36475","0.0029861908782641815","0.0029861908782641815","0.0029861908782641815"
"36485","0.0029861908782641815","0.0029861908782641815","0.0029861908782641815"
"36488","0.0029861908782641815","0.0029861908782641815","0.0029861908782641815"
"36489","0.0029861908782641815","0.0029861908782641815","0.0029861908782641815"
"36502","0.0029861908782641815","0.0029861908782641815","0.0029861908782641815"
"36517","0.002977658499199586","0.002977658499199586","0.002977658499199586"
"36518","0.0029760746654734524","0.0029760746654734524","0.0029760746654734524"
"36549","0.0029737962267978343","0.0029737962267978343","0.0029737962267978343"
"36567","0.0029737962267978343","0.0029737962267978343","0.0029737962267978343"
"36576","0.0029737962267978343","0.0029737962267978343","0.0029737962267978343"
"36581","0.0029737962267978343","0.0029737962267978343","0.0029737962267978343"
"36588","0.0029737962267978343","0.0029737962267978343","0.0029737962267978343"
"36591","0.0029737962267978343","0.0029737962267978343","0.0029737962267978343"
"36594","0.0029737962267978343","0.0029737962267978343","0.0029737962267978343"
"36598","0.0029737962267978343","0.0029737962267978343","0.0029737962267978343"
"36599","0.0029737962267978343","0.0029737962267978343","0.0029737962267978343"
"36600","0.0029737962267978343","0.0029737962267978343","0.0029737962267978343"
"36607","0.0029737962267978343","0.0029737962267978343","0.0029737962267978343"
"36610","0.0029737962267978343","0.0029737962267978343","0.0029737962267978343"
"36616","0.0029737962267978343","0.0029737962267978343","0.0029737962267978343"
"36637","0.002956456460431554","0.002956456460431554","0.002956456460431554"
"36639","0.002956456460431554","0.002956456460431554","0.002956456460431554"
"36640","0.002956456460431554","0.002956456460431554","0.002956456460431554"
"36645","0.002956456460431554","0.002956456460431554","0.002956456460431554"
"36656","0.002956456460431554","0.002956456460431554","0.002956456460431554"
"36658","0.002956456460431554","0.002956456460431554","0.002956456460431554"
"36662","0.002956456460431554","0.002956456460431554","0.002956456460431554"
"36670","0.002956456460431554","0.002956456460431554","0.002956456460431554"
"36683","0.002956456460431554","0.002956456460431554","0.002956456460431554"
"36686","0.002956456460431554","0.002956456460431554","0.002956456460431554"
"36689","0.002956456460431554","0.002956456460431554","0.002956456460431554"
"36691","0.002956456460431554","0.002956456460431554","0.002956456460431554"
"36697","0.002956456460431554","0.002956456460431554","0.002956456460431554"
"36706","0.002956456460431554","0.002956456460431554","0.002956456460431554"
"36707","0.002956456460431554","0.002956456460431554","0.002956456460431554"
"36709","0.002956456460431554","0.002956456460431554","0.002956456460431554"
"36710","0.002956456460431554","0.002956456460431554","0.002956456460431554"
"36714","0.002956456460431554","0.002956456460431554","0.002956456460431554"
"36717","0.002956456460431554","0.002956456460431554","0.002956456460431554"
"36720","0.002956456460431554","0.002956456460431554","0.002956456460431554"
"36742","0.002971770167101665","0.002971770167101665","0.002971770167101665"
"36743","0.002971770167101665","0.002971770167101665","0.002971770167101665"
"36757","0.002971770167101665","0.002971770167101665","0.002971770167101665"
"36762","0.002971770167101665","0.002971770167101665","0.002971770167101665"
"36766","0.002971770167101665","0.002971770167101665","0.002971770167101665"
"36767","0.002971770167101665","0.002971770167101665","0.002971770167101665"
"36769","0.002971770167101665","0.002971770167101665","0.002971770167101665"
"36783","0.002971770167101665","0.002971770167101665","0.002971770167101665"
"36786","0.002971770167101665","0.002971770167101665","0.002971770167101665"
"36801","0.002971770167101665","0.002971770167101665","0.002971770167101665"
"36802","0.002971770167101665","0.002971770167101665","0.002971770167101665"
"36804","0.002971770167101665","0.002971770167101665","0.002971770167101665"
"36808","0.002971770167101665","0.002971770167101665","0.002971770167101665"
"36810","0.002971770167101665","0.002971770167101665","0.002971770167101665"
"36819","0.002971770167101665","0.002971770167101665","0.002971770167101665"
"36822","0.002971770167101665","0.002971770167101665","0.002971770167101665"
"36838","0.002971770167101665","0.002971770167101665","0.002971770167101665"
"36840","0.002971770167101665","0.002971770167101665","0.002971770167101665"
"36841","0.0029699293522161044","0.0029699293522161044","0.0029699293522161044"
"36842","0.0029681015407852116","0.0029681015407852116","0.0029681015407852116"
"36845","0.002965239016388508","0.002965239016388508","0.002965239016388508"
"36846","0.002964508873707616","0.002964508873707616","0.002964508873707616"
"36851","0.002959622219800961","0.002959622219800961","0.002959622219800961"
"36855","0.002959622219800961","0.002959622219800961","0.002959622219800961"
"36858","0.002959622219800961","0.002959622219800961","0.002959622219800961"
"36863","0.002959622219800961","0.002959622219800961","0.002959622219800961"
"36866","0.002959622219800961","0.002959622219800961","0.002959622219800961"
"36867","0.002959622219800961","0.002959622219800961","0.002959622219800961"
"36868","0.002959622219800961","0.002959622219800961","0.002959622219800961"
"36871","0.002959622219800961","0.002959622219800961","0.002959622219800961"
"36874","0.002959622219800961","0.002959622219800961","0.002959622219800961"
"36881","0.002959622219800961","0.002959622219800961","0.002959622219800961"
"36891","0.002959622219800961","0.002959622219800961","0.002959622219800961"
"36897","0.002959622219800961","0.002959622219800961","0.002959622219800961"
"36902","0.002959622219800961","0.002959622219800961","0.002959622219800961"
"36907","0.002959622219800961","0.002959622219800961","0.002959622219800961"
"36910","0.002959622219800961","0.002959622219800961","0.002959622219800961"
"36933","0.002959622219800961","0.002959622219800961","0.002959622219800961"
"36940","0.002959622219800961","0.002959622219800961","0.002959622219800961"
"36946","0.002959622219800961","0.002959622219800961","0.002959622219800961"
"36954","0.0029644663592992295","0.0029644663592992295","0.0029644663592992295"
"36955","0.0029656168697848725","0.0029656168697848725","0.0029656168697848725"
"36957","0.0029680259139359872","0.0029680259139359872","0.0029680259139359872"
"36962","0.002970500141917492","0.002970500141917492","0.002970500141917492"
"36965","0.002970500141917492","0.002970500141917492","0.002970500141917492"
"36975","0.002970500141917492","0.002970500141917492","0.002970500141917492"
"36982","0.002970500141917492","0.002970500141917492","0.002970500141917492"
"36989","0.002970500141917492","0.002970500141917492","0.002970500141917492"
"36992","0.002970500141917492","0.002970500141917492","0.002970500141917492"
"36994","0.002970500141917492","0.002970500141917492","0.002970500141917492"
"36999","0.002970500141917492","0.002970500141917492","0.002970500141917492"
"37014","0.002970500141917492","0.002970500141917492","0.002970500141917492"
"37017","0.002970500141917492","0.002970500141917492","0.002970500141917492"
"37025","0.002970500141917492","0.002970500141917492","0.002970500141917492"
"37027","0.002970500141917492","0.002970500141917492","0.002970500141917492"
"37031","0.002970500141917492","0.002970500141917492","0.002970500141917492"
"37039","0.002970500141917492","0.002970500141917492","0.002970500141917492"
"37048","0.002970500141917492","0.002970500141917492","0.002970500141917492"
"37050","0.002970500141917492","0.002970500141917492","0.002970500141917492"
"37056","0.002970500141917492","0.002970500141917492","0.002970500141917492"
"37057","0.002970500141917492","0.002970500141917492","0.002970500141917492"
"37058","0.002970500141917492","0.002970500141917492","0.002970500141917492"
"37059","0.002970500141917492","0.002970500141917492","0.002970500141917492"
"37065","0.002977206546464099","0.002977206546464099","0.002977206546464099"
"37074","0.0029834438876608295","0.0029834438876608295","0.0029834438876608295"
"37084","0.0029834438876608295","0.0029834438876608295","0.0029834438876608295"
"37087","0.0029834438876608295","0.0029834438876608295","0.0029834438876608295"
"37096","0.0029834438876608295","0.0029834438876608295","0.0029834438876608295"
"37099","0.0029834438876608295","0.0029834438876608295","0.0029834438876608295"
"37100","0.0029834438876608295","0.0029834438876608295","0.0029834438876608295"
"37104","0.0029834438876608295","0.0029834438876608295","0.0029834438876608295"
"37107","0.0029834438876608295","0.0029834438876608295","0.0029834438876608295"
"37109","0.0029834438876608295","0.0029834438876608295","0.0029834438876608295"
"37121","0.0029834438876608295","0.0029834438876608295","0.0029834438876608295"
"37122","0.0029834438876608295","0.0029834438876608295","0.0029834438876608295"
"37127","0.0029834438876608295","0.0029834438876608295","0.0029834438876608295"
"37129","0.0029834438876608295","0.0029834438876608295","0.0029834438876608295"
"37131","0.0029834438876608295","0.0029834438876608295","0.0029834438876608295"
"37138","0.0029834438876608295","0.0029834438876608295","0.0029834438876608295"
"37151","0.0029834438876608295","0.0029834438876608295","0.0029834438876608295"
"37156","0.0029834438876608295","0.0029834438876608295","0.0029834438876608295"
"37184","0.0029699875150145973","0.0029699875150145973","0.0029699875150145973"
"37185","0.0029699875150145973","0.0029699875150145973","0.0029699875150145973"
"37204","0.0029699875150145973","0.0029699875150145973","0.0029699875150145973"
"37212","0.0029699875150145973","0.0029699875150145973","0.0029699875150145973"
"37215","0.0029699875150145973","0.0029699875150145973","0.0029699875150145973"
"37216","0.0029699875150145973","0.0029699875150145973","0.0029699875150145973"
"37228","0.0029699875150145973","0.0029699875150145973","0.0029699875150145973"
"37230","0.0029699875150145973","0.0029699875150145973","0.0029699875150145973"
"37232","0.0029699875150145973","0.0029699875150145973","0.0029699875150145973"
"37240","0.0029699875150145973","0.0029699875150145973","0.0029699875150145973"
"37242","0.0029699875150145973","0.0029699875150145973","0.0029699875150145973"
"37246","0.0029699875150145973","0.0029699875150145973","0.0029699875150145973"
"37248","0.0029699875150145973","0.0029699875150145973","0.0029699875150145973"
"37253","0.0029699875150145973","0.0029699875150145973","0.0029699875150145973"
"37263","0.0029699875150145973","0.0029699875150145973","0.0029699875150145973"
"37267","0.0029699875150145973","0.0029699875150145973","0.0029699875150145973"
"37279","0.0029699875150145973","0.0029699875150145973","0.0029699875150145973"
"37281","0.0029680759787464994","0.0029680759787464994","0.0029680759787464994"
"37282","0.002966293136768694","0.002966293136768694","0.002966293136768694"
"37289","0.0029579576759040235","0.0029579576759040235","0.0029579576759040235"
"37304","0.002956395444857894","0.002956395444857894","0.002956395444857894"
"37314","0.002956395444857894","0.002956395444857894","0.002956395444857894"
"37323","0.002956395444857894","0.002956395444857894","0.002956395444857894"
"37326","0.002956395444857894","0.002956395444857894","0.002956395444857894"
"37347","0.002956395444857894","0.002956395444857894","0.002956395444857894"
"37357","0.002956395444857894","0.002956395444857894","0.002956395444857894"
"37361","0.002956395444857894","0.002956395444857894","0.002956395444857894"
"37385","0.002956395444857894","0.002956395444857894","0.002956395444857894"
"37399","0.0029681630809849395","0.0029681630809849395","0.0029681630809849395"
"37400","0.0029690117604137594","0.0029690117604137594","0.0029690117604137594"
"37412","0.0029690117604137594","0.0029690117604137594","0.0029690117604137594"
"37421","0.0029690117604137594","0.0029690117604137594","0.0029690117604137594"
"37428","0.0029690117604137594","0.0029690117604137594","0.0029690117604137594"
"37432","0.0029690117604137594","0.0029690117604137594","0.0029690117604137594"
"37439","0.0029690117604137594","0.0029690117604137594","0.0029690117604137594"
"37443","0.0029690117604137594","0.0029690117604137594","0.0029690117604137594"
"37448","0.0029690117604137594","0.0029690117604137594","0.0029690117604137594"
"37455","0.0029690117604137594","0.0029690117604137594","0.0029690117604137594"
"37464","0.0029690117604137594","0.0029690117604137594","0.0029690117604137594"
"37466","0.0029690117604137594","0.0029690117604137594","0.0029690117604137594"
"37472","0.0029690117604137594","0.0029690117604137594","0.0029690117604137594"
"37485","0.0029690117604137594","0.0029690117604137594","0.0029690117604137594"
"37490","0.0029690117604137594","0.0029690117604137594","0.0029690117604137594"
"37496","0.0029690117604137594","0.0029690117604137594","0.0029690117604137594"
"37499","0.0029690117604137594","0.0029690117604137594","0.0029690117604137594"
"37502","0.002969581293247624","0.002969581293247624","0.002969581293247624"
"37508","0.00297094122680808","0.00297094122680808","0.00297094122680808"
"37520","0.0029730630012098865","0.0029730630012098865","0.0029730630012098865"
"37530","0.0029730630012098865","0.0029730630012098865","0.0029730630012098865"
"37532","0.0029730630012098865","0.0029730630012098865","0.0029730630012098865"
"37533","0.0029730630012098865","0.0029730630012098865","0.0029730630012098865"
"37535","0.0029730630012098865","0.0029730630012098865","0.0029730630012098865"
"37537","0.0029730630012098865","0.0029730630012098865","0.0029730630012098865"
"37557","0.0029730630012098865","0.0029730630012098865","0.0029730630012098865"
"37558","0.0029730630012098865","0.0029730630012098865","0.0029730630012098865"
"37560","0.0029730630012098865","0.0029730630012098865","0.0029730630012098865"
"37563","0.0029730630012098865","0.0029730630012098865","0.0029730630012098865"
"37569","0.0029730630012098865","0.0029730630012098865","0.0029730630012098865"
"37575","0.0029730630012098865","0.0029730630012098865","0.0029730630012098865"
"37577","0.0029730630012098865","0.0029730630012098865","0.0029730630012098865"
"37578","0.0029730630012098865","0.0029730630012098865","0.0029730630012098865"
"37586","0.0029730630012098865","0.0029730630012098865","0.0029730630012098865"
"37591","0.0029730630012098865","0.0029730630012098865","0.0029730630012098865"
"37592","0.0029730630012098865","0.0029730630012098865","0.0029730630012098865"
"37596","0.0029730630012098865","0.0029730630012098865","0.0029730630012098865"
"37610","0.0029730630012098865","0.0029730630012098865","0.0029730630012098865"
"37616","0.0029670351835352883","0.0029670351835352883","0.0029670351835352883"
"37621","0.002959402784347095","0.002959402784347095","0.002959402784347095"
"37624","0.002959402784347095","0.002959402784347095","0.002959402784347095"
"37630","0.002959402784347095","0.002959402784347095","0.002959402784347095"
"37633","0.002959402784347095","0.002959402784347095","0.002959402784347095"
"37651","0.002959402784347095","0.002959402784347095","0.002959402784347095"
"37655","0.002959402784347095","0.002959402784347095","0.002959402784347095"
"37659","0.002959402784347095","0.002959402784347095","0.002959402784347095"
"37662","0.002959402784347095","0.002959402784347095","0.002959402784347095"
"37665","0.002959402784347095","0.002959402784347095","0.002959402784347095"
"37670","0.002959402784347095","0.002959402784347095","0.002959402784347095"
"37672","0.002959402784347095","0.002959402784347095","0.002959402784347095"
"37674","0.002959402784347095","0.002959402784347095","0.002959402784347095"
"37678","0.002959402784347095","0.002959402784347095","0.002959402784347095"
"37684","0.002959402784347095","0.002959402784347095","0.002959402784347095"
"37685","0.002959402784347095","0.002959402784347095","0.002959402784347095"
"37688","0.002959402784347095","0.002959402784347095","0.002959402784347095"
"37711","0.002959402784347095","0.002959402784347095","0.002959402784347095"
"37720","0.002959402784347095","0.002959402784347095","0.002959402784347095"
"37727","0.0029602609353999746","0.0029602609353999746","0.0029602609353999746"
"37728","0.002958947047130136","0.002958947047130136","0.002958947047130136"
"37732","0.0029568211907764937","0.0029568211907764937","0.0029568211907764937"
"37745","0.0029568211907764937","0.0029568211907764937","0.0029568211907764937"
"37773","0.0029568211907764937","0.0029568211907764937","0.0029568211907764937"
"37782","0.0029568211907764937","0.0029568211907764937","0.0029568211907764937"
"37794","0.0029568211907764937","0.0029568211907764937","0.0029568211907764937"
"37803","0.0029568211907764937","0.0029568211907764937","0.0029568211907764937"
"37827","0.0029568211907764937","0.0029568211907764937","0.0029568211907764937"
"37829","0.0029568211907764937","0.0029568211907764937","0.0029568211907764937"
"37831","0.00295571874906963","0.00295571874906963","0.00295571874906963"
"37833","0.0029513570584833366","0.0029513570584833366","0.0029513570584833366"
"37834","0.002949387618343508","0.002949387618343508","0.002949387618343508"
"37835","0.0029480833622914683","0.0029480833622914683","0.0029480833622914683"
"37844","0.002938369157896684","0.002938369157896684","0.002938369157896684"
"37847","0.002938369157896684","0.002938369157896684","0.002938369157896684"
"37849","0.002938369157896684","0.002938369157896684","0.002938369157896684"
"37854","0.002938369157896684","0.002938369157896684","0.002938369157896684"
"37855","0.002938369157896684","0.002938369157896684","0.002938369157896684"
"37856","0.002938369157896684","0.002938369157896684","0.002938369157896684"
"37857","0.002938369157896684","0.002938369157896684","0.002938369157896684"
"37860","0.002938369157896684","0.002938369157896684","0.002938369157896684"
"37874","0.002938369157896684","0.002938369157896684","0.002938369157896684"
"37881","0.002938369157896684","0.002938369157896684","0.002938369157896684"
"37885","0.002938369157896684","0.002938369157896684","0.002938369157896684"
"37891","0.002938369157896684","0.002938369157896684","0.002938369157896684"
"37893","0.002938369157896684","0.002938369157896684","0.002938369157896684"
"37900","0.002938369157896684","0.002938369157896684","0.002938369157896684"
"37903","0.002938369157896684","0.002938369157896684","0.002938369157896684"
"37904","0.002938369157896684","0.002938369157896684","0.002938369157896684"
"37914","0.002938369157896684","0.002938369157896684","0.002938369157896684"
"37915","0.002938369157896684","0.002938369157896684","0.002938369157896684"
"37930","0.002938369157896684","0.002938369157896684","0.002938369157896684"
"37934","0.002938369157896684","0.002938369157896684","0.002938369157896684"
"37940","0.002938369157896684","0.002938369157896684","0.002938369157896684"
"37945","0.0029459751501238213","0.0029459751501238213","0.0029459751501238213"
"37950","0.002953868248315515","0.002953868248315515","0.002953868248315515"
"37956","0.002953868248315515","0.002953868248315515","0.002953868248315515"
"37974","0.002953868248315515","0.002953868248315515","0.002953868248315515"
"37981","0.002953868248315515","0.002953868248315515","0.002953868248315515"
"37997","0.002953868248315515","0.002953868248315515","0.002953868248315515"
"37998","0.002953868248315515","0.002953868248315515","0.002953868248315515"
"37999","0.002953868248315515","0.002953868248315515","0.002953868248315515"
"38008","0.002953868248315515","0.002953868248315515","0.002953868248315515"
"38009","0.002953868248315515","0.002953868248315515","0.002953868248315515"
"38016","0.002953868248315515","0.002953868248315515","0.002953868248315515"
"38020","0.002953868248315515","0.002953868248315515","0.002953868248315515"
"38021","0.002953868248315515","0.002953868248315515","0.002953868248315515"
"38033","0.002953868248315515","0.002953868248315515","0.002953868248315515"
"38036","0.002953868248315515","0.002953868248315515","0.002953868248315515"
"38041","0.002953868248315515","0.002953868248315515","0.002953868248315515"
"38045","0.002953868248315515","0.002953868248315515","0.002953868248315515"
"38053","0.0029482076474350344","0.0029482076474350344","0.0029482076474350344"
"38055","0.002944818912766353","0.002944818912766353","0.002944818912766353"
"38056","0.002942652518123813","0.002942652518123813","0.002942652518123813"
"38057","0.002940489308611335","0.002940489308611335","0.002940489308611335"
"38058","0.002938414218378764","0.002938414218378764","0.002938414218378764"
"38061","0.002936562251781033","0.002936562251781033","0.002936562251781033"
"38062","0.002936562251781033","0.002936562251781033","0.002936562251781033"
"38067","0.002936562251781033","0.002936562251781033","0.002936562251781033"
"38075","0.002936562251781033","0.002936562251781033","0.002936562251781033"
"38087","0.002936562251781033","0.002936562251781033","0.002936562251781033"
"38108","0.002936562251781033","0.002936562251781033","0.002936562251781033"
"38116","0.002936562251781033","0.002936562251781033","0.002936562251781033"
"38118","0.002936562251781033","0.002936562251781033","0.002936562251781033"
"38123","0.002936562251781033","0.002936562251781033","0.002936562251781033"
"38126","0.002936562251781033","0.002936562251781033","0.002936562251781033"
"38128","0.002936562251781033","0.002936562251781033","0.002936562251781033"
"38131","0.002936562251781033","0.002936562251781033","0.002936562251781033"
"38160","0.002936562251781033","0.002936562251781033","0.002936562251781033"
"38162","0.0029346415189933643","0.0029346415189933643","0.0029346415189933643"
"38167","0.002929612232189389","0.002929612232189389","0.002929612232189389"
"38170","0.0029243200598115574","0.0029243200598115574","0.0029243200598115574"
"38183","0.0029243200598115574","0.0029243200598115574","0.0029243200598115574"
"38187","0.0029243200598115574","0.0029243200598115574","0.0029243200598115574"
"38197","0.0029243200598115574","0.0029243200598115574","0.0029243200598115574"
"38200","0.0029243200598115574","0.0029243200598115574","0.0029243200598115574"
"38208","0.0029243200598115574","0.0029243200598115574","0.0029243200598115574"
"38209","0.0029243200598115574","0.0029243200598115574","0.0029243200598115574"
"38214","0.0029243200598115574","0.0029243200598115574","0.0029243200598115574"
"38216","0.0029243200598115574","0.0029243200598115574","0.0029243200598115574"
"38222","0.0029243200598115574","0.0029243200598115574","0.0029243200598115574"
"38228","0.0029243200598115574","0.0029243200598115574","0.0029243200598115574"
"38240","0.0029243200598115574","0.0029243200598115574","0.0029243200598115574"
"38241","0.0029243200598115574","0.0029243200598115574","0.0029243200598115574"
"38250","0.0029243200598115574","0.0029243200598115574","0.0029243200598115574"
"38251","0.0029243200598115574","0.0029243200598115574","0.0029243200598115574"
"38275","0.0029301060119668004","0.0029301060119668004","0.0029301060119668004"
"38284","0.0029357920933347804","0.0029357920933347804","0.0029357920933347804"
"38302","0.0029357920933347804","0.0029357920933347804","0.0029357920933347804"
"38305","0.0029357920933347804","0.0029357920933347804","0.0029357920933347804"
"38310","0.0029357920933347804","0.0029357920933347804","0.0029357920933347804"
"38311","0.0029357920933347804","0.0029357920933347804","0.0029357920933347804"
"38314","0.0029357920933347804","0.0029357920933347804","0.0029357920933347804"
"38319","0.0029357920933347804","0.0029357920933347804","0.0029357920933347804"
"38322","0.0029357920933347804","0.0029357920933347804","0.0029357920933347804"
"38326","0.0029357920933347804","0.0029357920933347804","0.0029357920933347804"
"38327","0.0029357920933347804","0.0029357920933347804","0.0029357920933347804"
"38331","0.0029357920933347804","0.0029357920933347804","0.0029357920933347804"
"38346","0.0029357920933347804","0.0029357920933347804","0.0029357920933347804"
"38355","0.0029357920933347804","0.0029357920933347804","0.0029357920933347804"
"38367","0.0029357920933347804","0.0029357920933347804","0.0029357920933347804"
"38368","0.0029357920933347804","0.0029357920933347804","0.0029357920933347804"
"38381","0.002936223100352006","0.002936223100352006","0.002936223100352006"
"38385","0.0029372113448529378","0.0029372113448529378","0.0029372113448529378"
"38388","0.002937765644288024","0.002937765644288024","0.002937765644288024"
"38389","0.0029364716444938203","0.0029364716444938203","0.0029364716444938203"
"38405","0.002936902851080169","0.002936902851080169","0.002936902851080169"
"38409","0.002936902851080169","0.002936902851080169","0.002936902851080169"
"38419","0.002936902851080169","0.002936902851080169","0.002936902851080169"
"38421","0.002936902851080169","0.002936902851080169","0.002936902851080169"
"38447","0.002936902851080169","0.002936902851080169","0.002936902851080169"
"38455","0.002936902851080169","0.002936902851080169","0.002936902851080169"
"38491","0.0029364716444938203","0.0029364716444938203","0.0029364716444938203"
"38509","0.0029235150456170225","0.0029235150456170225","0.0029235150456170225"
"38516","0.0029235150456170225","0.0029235150456170225","0.0029235150456170225"
"38523","0.0029235150456170225","0.0029235150456170225","0.0029235150456170225"
"38524","0.0029235150456170225","0.0029235150456170225","0.0029235150456170225"
"38533","0.0029235150456170225","0.0029235150456170225","0.0029235150456170225"
"38538","0.0029235150456170225","0.0029235150456170225","0.0029235150456170225"
"38545","0.0029235150456170225","0.0029235150456170225","0.0029235150456170225"
"38549","0.0029235150456170225","0.0029235150456170225","0.0029235150456170225"
"38551","0.0029235150456170225","0.0029235150456170225","0.0029235150456170225"
"38568","0.0029235150456170225","0.0029235150456170225","0.0029235150456170225"
"38583","0.0029235150456170225","0.0029235150456170225","0.0029235150456170225"
"38598","0.0029235150456170225","0.0029235150456170225","0.0029235150456170225"
"38602","0.002921064593296887","0.002921064593296887","0.002921064593296887"
"38615","0.002910829989054366","0.002910829989054366","0.002910829989054366"
"38617","0.002910829989054366","0.002910829989054366","0.002910829989054366"
"38625","0.002910829989054366","0.002910829989054366","0.002910829989054366"
"38628","0.002910829989054366","0.002910829989054366","0.002910829989054366"
"38629","0.002910829989054366","0.002910829989054366","0.002910829989054366"
"38633","0.002910829989054366","0.002910829989054366","0.002910829989054366"
"38645","0.002910829989054366","0.002910829989054366","0.002910829989054366"
"38646","0.002910829989054366","0.002910829989054366","0.002910829989054366"
"38663","0.002910829989054366","0.002910829989054366","0.002910829989054366"
"38666","0.002910829989054366","0.002910829989054366","0.002910829989054366"
"38668","0.002910829989054366","0.002910829989054366","0.002910829989054366"
"38669","0.002910829989054366","0.002910829989054366","0.002910829989054366"
"38670","0.002910829989054366","0.002910829989054366","0.002910829989054366"
"38681","0.002910829989054366","0.002910829989054366","0.002910829989054366"
"38685","0.002910829989054366","0.002910829989054366","0.002910829989054366"
"38688","0.002910829989054366","0.002910829989054366","0.002910829989054366"
"38689","0.002910829989054366","0.002910829989054366","0.002910829989054366"
"38690","0.002910829989054366","0.002910829989054366","0.002910829989054366"
"38691","0.002910829989054366","0.002910829989054366","0.002910829989054366"
"38694","0.002910829989054366","0.002910829989054366","0.002910829989054366"
"38698","0.002910829989054366","0.002910829989054366","0.002910829989054366"
"38700","0.002910829989054366","0.002910829989054366","0.002910829989054366"
"38718","0.0029224825452451946","0.0029224825452451946","0.0029224825452451946"
"38734","0.00292539257579372","0.00292539257579372","0.00292539257579372"
"38740","0.00292539257579372","0.00292539257579372","0.00292539257579372"
"38749","0.00292539257579372","0.00292539257579372","0.00292539257579372"
"38753","0.00292539257579372","0.00292539257579372","0.00292539257579372"
"38754","0.00292539257579372","0.00292539257579372","0.00292539257579372"
"38772","0.00292539257579372","0.00292539257579372","0.00292539257579372"
"38787","0.00292539257579372","0.00292539257579372","0.00292539257579372"
"38790","0.00292539257579372","0.00292539257579372","0.00292539257579372"
"38792","0.00292539257579372","0.00292539257579372","0.00292539257579372"
"38802","0.00292539257579372","0.00292539257579372","0.00292539257579372"
"38803","0.00292539257579372","0.00292539257579372","0.00292539257579372"
"38825","0.0029324394995257188","0.0029324394995257188","0.0029324394995257188"
"38826","0.002933607131964385","0.002933607131964385","0.002933607131964385"
"38828","0.002936683282993907","0.002936683282993907","0.002936683282993907"
"38829","0.002937648943750134","0.002937648943750134","0.002937648943750134"
"38830","0.0029395193134629954","0.0029395193134629954","0.0029395193134629954"
"38835","0.0029395193134629954","0.0029395193134629954","0.0029395193134629954"
"38847","0.0029395193134629954","0.0029395193134629954","0.0029395193134629954"
"38850","0.0029395193134629954","0.0029395193134629954","0.0029395193134629954"
"38852","0.0029395193134629954","0.0029395193134629954","0.0029395193134629954"
"38859","0.0029395193134629954","0.0029395193134629954","0.0029395193134629954"
"38860","0.0029395193134629954","0.0029395193134629954","0.0029395193134629954"
"38878","0.0029395193134629954","0.0029395193134629954","0.0029395193134629954"
"38880","0.0029395193134629954","0.0029395193134629954","0.0029395193134629954"
"38881","0.0029395193134629954","0.0029395193134629954","0.0029395193134629954"
"38886","0.0029395193134629954","0.0029395193134629954","0.0029395193134629954"
"38892","0.0029395193134629954","0.0029395193134629954","0.0029395193134629954"
"38900","0.0029395193134629954","0.0029395193134629954","0.0029395193134629954"
"38902","0.0029395193134629954","0.0029395193134629954","0.0029395193134629954"
"38910","0.0029395193134629954","0.0029395193134629954","0.0029395193134629954"
"38915","0.0029395193134629954","0.0029395193134629954","0.0029395193134629954"
"38916","0.0029395193134629954","0.0029395193134629954","0.0029395193134629954"
"38917","0.0029395193134629954","0.0029395193134629954","0.0029395193134629954"
"38919","0.0029395193134629954","0.0029395193134629954","0.0029395193134629954"
"38921","0.0029395193134629954","0.0029395193134629954","0.0029395193134629954"
"38931","0.0029390873382741673","0.0029390873382741673","0.0029390873382741673"
"38934","0.0029355537455217776","0.0029355537455217776","0.0029355537455217776"
"38936","0.0029316706968895902","0.0029316706968895902","0.0029316706968895902"
"38941","0.002925423269036215","0.002925423269036215","0.002925423269036215"
"38952","0.002925423269036215","0.002925423269036215","0.002925423269036215"
"38956","0.002925423269036215","0.002925423269036215","0.002925423269036215"
"38957","0.002925423269036215","0.002925423269036215","0.002925423269036215"
"38959","0.002925423269036215","0.002925423269036215","0.002925423269036215"
"38960","0.002925423269036215","0.002925423269036215","0.002925423269036215"
"38963","0.002925423269036215","0.002925423269036215","0.002925423269036215"
"38965","0.002925423269036215","0.002925423269036215","0.002925423269036215"
"38970","0.002925423269036215","0.002925423269036215","0.002925423269036215"
"38976","0.002925423269036215","0.002925423269036215","0.002925423269036215"
"38982","0.002925423269036215","0.002925423269036215","0.002925423269036215"
"38991","0.002925423269036215","0.002925423269036215","0.002925423269036215"
"38995","0.002925423269036215","0.002925423269036215","0.002925423269036215"
"38999","0.002925423269036215","0.002925423269036215","0.002925423269036215"
"39014","0.002925423269036215","0.002925423269036215","0.002925423269036215"
"39017","0.002925423269036215","0.002925423269036215","0.002925423269036215"
"39026","0.002925423269036215","0.002925423269036215","0.002925423269036215"
"39028","0.002925423269036215","0.002925423269036215","0.002925423269036215"
"39046","0.0029213231750646676","0.0029213231750646676","0.0029213231750646676"
"39047","0.0029216571140731496","0.0029216571140731496","0.0029216571140731496"
"39048","0.0029207962520336026","0.0029207962520336026","0.0029207962520336026"
"39064","0.0029197546923610913","0.0029197546923610913","0.0029197546923610913"
"39089","0.0029197546923610913","0.0029197546923610913","0.0029197546923610913"
"39090","0.0029197546923610913","0.0029197546923610913","0.0029197546923610913"
"39093","0.0029197546923610913","0.0029197546923610913","0.0029197546923610913"
"39102","0.0029197546923610913","0.0029197546923610913","0.0029197546923610913"
"39110","0.0029197546923610913","0.0029197546923610913","0.0029197546923610913"
"39111","0.0029197546923610913","0.0029197546923610913","0.0029197546923610913"
"39112","0.0029197546923610913","0.0029197546923610913","0.0029197546923610913"
"39115","0.0029197546923610913","0.0029197546923610913","0.0029197546923610913"
"39119","0.0029197546923610913","0.0029197546923610913","0.0029197546923610913"
"39120","0.0029197546923610913","0.0029197546923610913","0.0029197546923610913"
"39123","0.0029197546923610913","0.0029197546923610913","0.0029197546923610913"
"39134","0.0029197546923610913","0.0029197546923610913","0.0029197546923610913"
"39147","0.0029197546923610913","0.0029197546923610913","0.0029197546923610913"
"39148","0.0029197546923610913","0.0029197546923610913","0.0029197546923610913"
"39154","0.0029141209220321478","0.0029141209220321478","0.0029141209220321478"
"39156","0.0029106108983780704","0.0029106108983780704","0.0029106108983780704"
"39163","0.0029049237889430066","0.0029049237889430066","0.0029049237889430066"
"39167","0.0029049237889430066","0.0029049237889430066","0.0029049237889430066"
"39191","0.0029049237889430066","0.0029049237889430066","0.0029049237889430066"
"39195","0.0029049237889430066","0.0029049237889430066","0.0029049237889430066"
"39197","0.0029049237889430066","0.0029049237889430066","0.0029049237889430066"
"39203","0.0029049237889430066","0.0029049237889430066","0.0029049237889430066"
"39204","0.0029049237889430066","0.0029049237889430066","0.0029049237889430066"
"39207","0.0029049237889430066","0.0029049237889430066","0.0029049237889430066"
"39210","0.0029049237889430066","0.0029049237889430066","0.0029049237889430066"
"39212","0.0029049237889430066","0.0029049237889430066","0.0029049237889430066"
"39215","0.0029049237889430066","0.0029049237889430066","0.0029049237889430066"
"39217","0.0029049237889430066","0.0029049237889430066","0.0029049237889430066"
"39219","0.0029049237889430066","0.0029049237889430066","0.0029049237889430066"
"39244","0.0029049237889430066","0.0029049237889430066","0.0029049237889430066"
"39249","0.0029049237889430066","0.0029049237889430066","0.0029049237889430066"
"39252","0.0029049237889430066","0.0029049237889430066","0.0029049237889430066"
"39255","0.0029049237889430066","0.0029049237889430066","0.0029049237889430066"
"39264","0.0029023088743949646","0.0029023088743949646","0.0029023088743949646"
"39265","0.002902308872064304","0.002902308872064304","0.002902308872064304"
"39274","0.0028971333056060805","0.0028971333056060805","0.0028971333056060805"
"39280","0.0028971333056060805","0.0028971333056060805","0.0028971333056060805"
"39285","0.0028971333056060805","0.0028971333056060805","0.0028971333056060805"
"39287","0.0028971333056060805","0.0028971333056060805","0.0028971333056060805"
"39291","0.0028971333056060805","0.0028971333056060805","0.0028971333056060805"
"39292","0.0028971333056060805","0.0028971333056060805","0.0028971333056060805"
"39293","0.0028971333056060805","0.0028971333056060805","0.0028971333056060805"
"39295","0.0028971333056060805","0.0028971333056060805","0.0028971333056060805"
"39299","0.0028971333056060805","0.0028971333056060805","0.0028971333056060805"
"39300","0.0028971333056060805","0.0028971333056060805","0.0028971333056060805"
"39306","0.0028971333056060805","0.0028971333056060805","0.0028971333056060805"
"39310","0.0028971333056060805","0.0028971333056060805","0.0028971333056060805"
"39313","0.0028971333056060805","0.0028971333056060805","0.0028971333056060805"
"39317","0.0028971333056060805","0.0028971333056060805","0.0028971333056060805"
"39322","0.0028971333056060805","0.0028971333056060805","0.0028971333056060805"
"39323","0.0028971333056060805","0.0028971333056060805","0.0028971333056060805"
"39325","0.0028971333056060805","0.0028971333056060805","0.0028971333056060805"
"39328","0.0028971333056060805","0.0028971333056060805","0.0028971333056060805"
"39331","0.0028971333056060805","0.0028971333056060805","0.0028971333056060805"
"39336","0.0028971333056060805","0.0028971333056060805","0.0028971333056060805"
"39347","0.0028971333056060805","0.0028971333056060805","0.0028971333056060805"
"39371","0.0028975530354656675","0.0028975530354656675","0.0028975530354656675"
"39376","0.0029030249329429895","0.0029030249329429895","0.0029030249329429895"
"39387","0.002907850248728156","0.002907850248728156","0.002907850248728156"
"39388","0.002907850248728156","0.002907850248728156","0.002907850248728156"
"39412","0.002907850248728156","0.002907850248728156","0.002907850248728156"
"39417","0.002907850248728156","0.002907850248728156","0.002907850248728156"
"39424","0.002907850248728156","0.002907850248728156","0.002907850248728156"
"39425","0.002907850248728156","0.002907850248728156","0.002907850248728156"
"39432","0.002907850248728156","0.002907850248728156","0.002907850248728156"
"39437","0.002907850248728156","0.002907850248728156","0.002907850248728156"
"39438","0.002907850248728156","0.002907850248728156","0.002907850248728156"
"39460","0.002907850248728156","0.002907850248728156","0.002907850248728156"
"39473","0.002907850248728156","0.002907850248728156","0.002907850248728156"
"39477","0.002907850248728156","0.002907850248728156","0.002907850248728156"
"39479","0.002907850248728156","0.002907850248728156","0.002907850248728156"
"39483","0.002911248698593093","0.002911248698593093","0.002911248698593093"
"39502","0.0029192014275944834","0.0029192014275944834","0.0029192014275944834"
"39507","0.0029192014275944834","0.0029192014275944834","0.0029192014275944834"
"39508","0.0029192014275944834","0.0029192014275944834","0.0029192014275944834"
"39511","0.0029192014275944834","0.0029192014275944834","0.0029192014275944834"
"39515","0.0029192014275944834","0.0029192014275944834","0.0029192014275944834"
"39520","0.0029192014275944834","0.0029192014275944834","0.0029192014275944834"
"39539","0.0029192014275944834","0.0029192014275944834","0.0029192014275944834"
"39543","0.0029192014275944834","0.0029192014275944834","0.0029192014275944834"
"39546","0.0029192014275944834","0.0029192014275944834","0.0029192014275944834"
"39554","0.0029192014275944834","0.0029192014275944834","0.0029192014275944834"
"39564","0.0029192014275944834","0.0029192014275944834","0.0029192014275944834"
"39566","0.0029192014275944834","0.0029192014275944834","0.0029192014275944834"
"39575","0.0029192014275944834","0.0029192014275944834","0.0029192014275944834"
"39583","0.0029192014275944834","0.0029192014275944834","0.0029192014275944834"
"39593","0.0029133115082282447","0.0029133115082282447","0.0029133115082282447"
"39596","0.0029092901847310544","0.0029092901847310544","0.0029092901847310544"
"39602","0.0029046982236395286","0.0029046982236395286","0.0029046982236395286"
"39603","0.0029046982236395286","0.0029046982236395286","0.0029046982236395286"
"39614","0.0029046982236395286","0.0029046982236395286","0.0029046982236395286"
"39622","0.0029046982236395286","0.0029046982236395286","0.0029046982236395286"
"39635","0.0029046982236395286","0.0029046982236395286","0.0029046982236395286"
"39636","0.0029046982236395286","0.0029046982236395286","0.0029046982236395286"
"39639","0.0029046982236395286","0.0029046982236395286","0.0029046982236395286"
"39640","0.0029046982236395286","0.0029046982236395286","0.0029046982236395286"
"39644","0.0029046982236395286","0.0029046982236395286","0.0029046982236395286"
"39648","0.0029046982236395286","0.0029046982236395286","0.0029046982236395286"
"39650","0.0029046982236395286","0.0029046982236395286","0.0029046982236395286"
"39654","0.0029046982236395286","0.0029046982236395286","0.0029046982236395286"
"39668","0.0029046982236395286","0.0029046982236395286","0.0029046982236395286"
"39670","0.0029046982236395286","0.0029046982236395286","0.0029046982236395286"
"39672","0.0029046982236395286","0.0029046982236395286","0.0029046982236395286"
"39675","0.0029046982236395286","0.0029046982236395286","0.0029046982236395286"
"39681","0.0029046982236395286","0.0029046982236395286","0.0029046982236395286"
"39684","0.0029046982236395286","0.0029046982236395286","0.0029046982236395286"
"39685","0.0029046982236395286","0.0029046982236395286","0.0029046982236395286"
"39686","0.0029046982236395286","0.0029046982236395286","0.0029046982236395286"
"39701","0.0029042764213220856","0.0029042764213220856","0.0029042764213220856"
"39706","0.002900764167404297","0.002900764167404297","0.002900764167404297"
"39708","0.0028997395968074734","0.0028997395968074734","0.0028997395968074734"
"39715","0.0028970405762908987","0.0028970405762908987","0.0028970405762908987"
"39717","0.0028970405762908987","0.0028970405762908987","0.0028970405762908987"
"39732","0.0028970405762908987","0.0028970405762908987","0.0028970405762908987"
"39734","0.0028970405762908987","0.0028970405762908987","0.0028970405762908987"
"39737","0.0028970405762908987","0.0028970405762908987","0.0028970405762908987"
"39743","0.0028970405762908987","0.0028970405762908987","0.0028970405762908987"
"39746","0.0028970405762908987","0.0028970405762908987","0.0028970405762908987"
"39747","0.0028970405762908987","0.0028970405762908987","0.0028970405762908987"
"39751","0.0028970405762908987","0.0028970405762908987","0.0028970405762908987"
"39765","0.0028970405762908987","0.0028970405762908987","0.0028970405762908987"
"39788","0.0028970405762908987","0.0028970405762908987","0.0028970405762908987"
"39794","0.0028970405762908987","0.0028970405762908987","0.0028970405762908987"
"39795","0.0028970405762908987","0.0028970405762908987","0.0028970405762908987"
"39806","0.0028970405762908987","0.0028970405762908987","0.0028970405762908987"
"39819","0.002889976167769605","0.002889976167769605","0.002889976167769605"
"39826","0.0028890402973399255","0.0028890402973399255","0.0028890402973399255"
"39829","0.0028890402973399255","0.0028890402973399255","0.0028890402973399255"
"39842","0.0028890402973399255","0.0028890402973399255","0.0028890402973399255"
"39862","0.0028890402973399255","0.0028890402973399255","0.0028890402973399255"
"39867","0.0028890402973399255","0.0028890402973399255","0.0028890402973399255"
"39868","0.0028890402973399255","0.0028890402973399255","0.0028890402973399255"
"39870","0.0028890402973399255","0.0028890402973399255","0.0028890402973399255"
"39876","0.0028890402973399255","0.0028890402973399255","0.0028890402973399255"
"39877","0.0028890402973399255","0.0028890402973399255","0.0028890402973399255"
"39882","0.0028890402973399255","0.0028890402973399255","0.0028890402973399255"
"39891","0.0028890402973399255","0.0028890402973399255","0.0028890402973399255"
"39930","0.0028773347746817767","0.0028773347746817767","0.0028773347746817767"
"39954","0.0028773347746817767","0.0028773347746817767","0.0028773347746817767"
"39969","0.0028773347746817767","0.0028773347746817767","0.0028773347746817767"
"39971","0.0028773347746817767","0.0028773347746817767","0.0028773347746817767"
"39973","0.0028773347746817767","0.0028773347746817767","0.0028773347746817767"
"39978","0.0028773347746817767","0.0028773347746817767","0.0028773347746817767"
"39985","0.0028773347746817767","0.0028773347746817767","0.0028773347746817767"
"39986","0.0028773347746817767","0.0028773347746817767","0.0028773347746817767"
"39988","0.0028773347746817767","0.0028773347746817767","0.0028773347746817767"
"39992","0.0028773347746817767","0.0028773347746817767","0.0028773347746817767"
"40003","0.0028773347746817767","0.0028773347746817767","0.0028773347746817767"
"40004","0.0028773347746817767","0.0028773347746817767","0.0028773347746817767"
"40010","0.0028773347746817767","0.0028773347746817767","0.0028773347746817767"
"40013","0.0028773347746817767","0.0028773347746817767","0.0028773347746817767"
"40032","0.0028752395637754295","0.0028752395637754295","0.0028752395637754295"
"40037","0.0028701665337510836","0.0028701665337510836","0.0028701665337510836"
"40044","0.0028681594543771686","0.0028681594543771686","0.0028681594543771686"
"40045","0.0028681594543771686","0.0028681594543771686","0.0028681594543771686"
"40051","0.0028681594543771686","0.0028681594543771686","0.0028681594543771686"
"40060","0.0028681594543771686","0.0028681594543771686","0.0028681594543771686"
"40067","0.0028681594543771686","0.0028681594543771686","0.0028681594543771686"
"40076","0.0028681594543771686","0.0028681594543771686","0.0028681594543771686"
"40077","0.0028681594543771686","0.0028681594543771686","0.0028681594543771686"
"40081","0.0028681594543771686","0.0028681594543771686","0.0028681594543771686"
"40087","0.0028681594543771686","0.0028681594543771686","0.0028681594543771686"
"40093","0.0028681594543771686","0.0028681594543771686","0.0028681594543771686"
"40096","0.0028681594543771686","0.0028681594543771686","0.0028681594543771686"
"40114","0.0028681594543771686","0.0028681594543771686","0.0028681594543771686"
"40126","0.0028681594543771686","0.0028681594543771686","0.0028681594543771686"
"40131","0.0028681594543771686","0.0028681594543771686","0.0028681594543771686"
"40135","0.0028681594543771686","0.0028681594543771686","0.0028681594543771686"
"40143","0.002870053746018424","0.002870053746018424","0.002870053746018424"
"40144","0.0028698276540466408","0.0028698276540466408","0.0028698276540466408"
"40145","0.0028696447014261474","0.0028696447014261474","0.0028696447014261474"
"40146","0.0028704529183585024","0.0028704529183585024","0.0028704529183585024"
"40150","0.0028716898178210624","0.0028716898178210624","0.0028716898178210624"
"40153","0.0028716898178210624","0.0028716898178210624","0.0028716898178210624"
"40159","0.0028716898178210624","0.0028716898178210624","0.0028716898178210624"
"40165","0.0028716898178210624","0.0028716898178210624","0.0028716898178210624"
"40169","0.0028716898178210624","0.0028716898178210624","0.0028716898178210624"
"40171","0.0028716898178210624","0.0028716898178210624","0.0028716898178210624"
"40185","0.0028716898178210624","0.0028716898178210624","0.0028716898178210624"
"40189","0.0028716898178210624","0.0028716898178210624","0.0028716898178210624"
"40194","0.0028716898178210624","0.0028716898178210624","0.0028716898178210624"
"40204","0.0028716898178210624","0.0028716898178210624","0.0028716898178210624"
"40205","0.0028716898178210624","0.0028716898178210624","0.0028716898178210624"
"40208","0.0028716898178210624","0.0028716898178210624","0.0028716898178210624"
"40224","0.0028716898178210624","0.0028716898178210624","0.0028716898178210624"
"40231","0.0028716898178210624","0.0028716898178210624","0.0028716898178210624"
"40235","0.0028716898178210624","0.0028716898178210624","0.0028716898178210624"
"40236","0.0028716898178210624","0.0028716898178210624","0.0028716898178210624"
"40240","0.0028716898178210624","0.0028716898178210624","0.0028716898178210624"
"40249","0.0028716898178210624","0.0028716898178210624","0.0028716898178210624"
"40252","0.0028726557228485414","0.0028726557228485414","0.0028726557228485414"
"40264","0.002880577516893845","0.002880577516893845","0.002880577516893845"
"40267","0.002880577516893845","0.002880577516893845","0.002880577516893845"
"40269","0.002880577516893845","0.002880577516893845","0.002880577516893845"
"40278","0.002880577516893845","0.002880577516893845","0.002880577516893845"
"40279","0.002880577516893845","0.002880577516893845","0.002880577516893845"
"40294","0.002880577516893845","0.002880577516893845","0.002880577516893845"
"40295","0.002880577516893845","0.002880577516893845","0.002880577516893845"
"40297","0.002880577516893845","0.002880577516893845","0.002880577516893845"
"40301","0.002880577516893845","0.002880577516893845","0.002880577516893845"
"40309","0.002880577516893845","0.002880577516893845","0.002880577516893845"
"40316","0.002880577516893845","0.002880577516893845","0.002880577516893845"
"40325","0.002880577516893845","0.002880577516893845","0.002880577516893845"
"40328","0.002880577516893845","0.002880577516893845","0.002880577516893845"
"40340","0.002880577516893845","0.002880577516893845","0.002880577516893845"
"40348","0.002880577516893845","0.002880577516893845","0.002880577516893845"
"40349","0.002880577516893845","0.002880577516893845","0.002880577516893845"
"40352","0.002880577516893845","0.002880577516893845","0.002880577516893845"
"40368","0.0028737987163556062","0.0028737987163556062","0.0028737987163556062"
"40370","0.0028722540171827846","0.0028722540171827846","0.0028722540171827846"
"40371","0.0028722540171827846","0.0028722540171827846","0.0028722540171827846"
"40393","0.0028722540171827846","0.0028722540171827846","0.0028722540171827846"
"40394","0.0028722540171827846","0.0028722540171827846","0.0028722540171827846"
"40395","0.0028722540171827846","0.0028722540171827846","0.0028722540171827846"
"40397","0.0028722540171827846","0.0028722540171827846","0.0028722540171827846"
"40408","0.0028722540171827846","0.0028722540171827846","0.0028722540171827846"
"40418","0.0028722540171827846","0.0028722540171827846","0.0028722540171827846"
"40422","0.0028722540171827846","0.0028722540171827846","0.0028722540171827846"
"40438","0.0028722540171827846","0.0028722540171827846","0.0028722540171827846"
"40443","0.0028722540171827846","0.0028722540171827846","0.0028722540171827846"
"40444","0.0028722540171827846","0.0028722540171827846","0.0028722540171827846"
"40446","0.0028722540171827846","0.0028722540171827846","0.0028722540171827846"
"40452","0.0028722540171827846","0.0028722540171827846","0.0028722540171827846"
"40456","0.0028722540171827846","0.0028722540171827846","0.0028722540171827846"
"40463","0.0028722540171827846","0.0028722540171827846","0.0028722540171827846"
"40465","0.0028722540171827846","0.0028722540171827846","0.0028722540171827846"
"40470","0.0028722540171827846","0.0028722540171827846","0.0028722540171827846"
"40474","0.0028689510766258856","0.0028689510766258856","0.0028689510766258856"
"40481","0.0028638081075106295","0.0028638081075106295","0.0028638081075106295"
"40482","0.0028638081075106295","0.0028638081075106295","0.0028638081075106295"
"40489","0.0028638081075106295","0.0028638081075106295","0.0028638081075106295"
"40492","0.0028638081075106295","0.0028638081075106295","0.0028638081075106295"
"40494","0.0028638081075106295","0.0028638081075106295","0.0028638081075106295"
"40507","0.0028638081075106295","0.0028638081075106295","0.0028638081075106295"
"40509","0.0028638081075106295","0.0028638081075106295","0.0028638081075106295"
"40515","0.0028638081075106295","0.0028638081075106295","0.0028638081075106295"
"40520","0.0028638081075106295","0.0028638081075106295","0.0028638081075106295"
"40521","0.0028638081075106295","0.0028638081075106295","0.0028638081075106295"
"40524","0.0028638081075106295","0.0028638081075106295","0.0028638081075106295"
"40531","0.0028638081075106295","0.0028638081075106295","0.0028638081075106295"
"40538","0.0028638081075106295","0.0028638081075106295","0.0028638081075106295"
"40543","0.0028638081075106295","0.0028638081075106295","0.0028638081075106295"
"40553","0.0028638081075106295","0.0028638081075106295","0.0028638081075106295"
"40559","0.0028638081075106295","0.0028638081075106295","0.0028638081075106295"
"40561","0.0028638081075106295","0.0028638081075106295","0.0028638081075106295"
"40568","0.0028638081075106295","0.0028638081075106295","0.0028638081075106295"
"40571","0.0028638081075106295","0.0028638081075106295","0.0028638081075106295"
"40577","0.0028638081075106295","0.0028638081075106295","0.0028638081075106295"
"40578","0.0028638081075106295","0.0028638081075106295","0.0028638081075106295"
"40581","0.0028624063386665237","0.0028624063386665237","0.0028624063386665237"
"40590","0.0028553432164236075","0.0028553432164236075","0.0028553432164236075"
"40591","0.0028553432164236075","0.0028553432164236075","0.0028553432164236075"
"40595","0.0028553432164236075","0.0028553432164236075","0.0028553432164236075"
"40599","0.0028553432164236075","0.0028553432164236075","0.0028553432164236075"
"40601","0.0028553432164236075","0.0028553432164236075","0.0028553432164236075"
"40608","0.0028553432164236075","0.0028553432164236075","0.0028553432164236075"
"40615","0.0028553432164236075","0.0028553432164236075","0.0028553432164236075"
"40625","0.0028553432164236075","0.0028553432164236075","0.0028553432164236075"
"40632","0.0028553432164236075","0.0028553432164236075","0.0028553432164236075"
"40638","0.0028553432164236075","0.0028553432164236075","0.0028553432164236075"
"40655","0.0028553432164236075","0.0028553432164236075","0.0028553432164236075"
"40658","0.0028553432164236075","0.0028553432164236075","0.0028553432164236075"
"40667","0.0028553432164236075","0.0028553432164236075","0.0028553432164236075"
"40679","0.0028553432164236075","0.0028553432164236075","0.0028553432164236075"
"40680","0.0028553432164236075","0.0028553432164236075","0.0028553432164236075"
"40684","0.0028553432164236075","0.0028553432164236075","0.0028553432164236075"
"40700","0.0028672566923720138","0.0028672566923720138","0.0028672566923720138"
"40703","0.0028672566923720138","0.0028672566923720138","0.0028672566923720138"
"40705","0.0028672566923720138","0.0028672566923720138","0.0028672566923720138"
"40708","0.0028672566923720138","0.0028672566923720138","0.0028672566923720138"
"40714","0.0028672566923720138","0.0028672566923720138","0.0028672566923720138"
"40718","0.0028672566923720138","0.0028672566923720138","0.0028672566923720138"
"40722","0.0028672566923720138","0.0028672566923720138","0.0028672566923720138"
"40724","0.0028672566923720138","0.0028672566923720138","0.0028672566923720138"
"40727","0.0028672566923720138","0.0028672566923720138","0.0028672566923720138"
"40745","0.0028672566923720138","0.0028672566923720138","0.0028672566923720138"
"40765","0.0028672566923720138","0.0028672566923720138","0.0028672566923720138"
"40770","0.0028672566923720138","0.0028672566923720138","0.0028672566923720138"
"40775","0.0028672566923720138","0.0028672566923720138","0.0028672566923720138"
"40776","0.0028672566923720138","0.0028672566923720138","0.0028672566923720138"
"40779","0.0028672566923720138","0.0028672566923720138","0.0028672566923720138"
"40783","0.0028672566923720138","0.0028672566923720138","0.0028672566923720138"
"40788","0.0028672566923720138","0.0028672566923720138","0.0028672566923720138"
"40793","0.0028672566923720138","0.0028672566923720138","0.0028672566923720138"
"40795","0.0028672566923720138","0.0028672566923720138","0.0028672566923720138"
"40798","0.0028672566923720138","0.0028672566923720138","0.0028672566923720138"
"40799","0.0028672566923720138","0.0028672566923720138","0.0028672566923720138"
"40805","0.0028596977684329085","0.0028596977684329085","0.0028596977684329085"
"40808","0.0028563483987802114","0.0028563483987802114","0.0028563483987802114"
"40823","0.002853715878302104","0.002853715878302104","0.002853715878302104"
"40824","0.002853715878302104","0.002853715878302104","0.002853715878302104"
"40828","0.002853715878302104","0.002853715878302104","0.002853715878302104"
"40833","0.002853715878302104","0.002853715878302104","0.002853715878302104"
"40838","0.002853715878302104","0.002853715878302104","0.002853715878302104"
"40846","0.002853715878302104","0.002853715878302104","0.002853715878302104"
"40859","0.002853715878302104","0.002853715878302104","0.002853715878302104"
"40862","0.002853715878302104","0.002853715878302104","0.002853715878302104"
"40870","0.002853715878302104","0.002853715878302104","0.002853715878302104"
"40878","0.002853715878302104","0.002853715878302104","0.002853715878302104"
"40881","0.002853715878302104","0.002853715878302104","0.002853715878302104"
"40884","0.002853715878302104","0.002853715878302104","0.002853715878302104"
"40885","0.002853715878302104","0.002853715878302104","0.002853715878302104"
"40895","0.002853715878302104","0.002853715878302104","0.002853715878302104"
"40906","0.002853715878302104","0.002853715878302104","0.002853715878302104"
"40916","0.002860447962422154","0.002860447962422154","0.002860447962422154"
"40917","0.0028621378347733597","0.0028621378347733597","0.0028621378347733597"
"40925","0.0028663979772590425","0.0028663979772590425","0.0028663979772590425"
"40929","0.0028663979772590425","0.0028663979772590425","0.0028663979772590425"
"40938","0.0028663979772590425","0.0028663979772590425","0.0028663979772590425"
"40939","0.0028663979772590425","0.0028663979772590425","0.0028663979772590425"
"40945","0.0028663979772590425","0.0028663979772590425","0.0028663979772590425"
"40947","0.0028663979772590425","0.0028663979772590425","0.0028663979772590425"
"40960","0.0028663979772590425","0.0028663979772590425","0.0028663979772590425"
"40963","0.0028663979772590425","0.0028663979772590425","0.0028663979772590425"
"40965","0.0028663979772590425","0.0028663979772590425","0.0028663979772590425"
"40979","0.0028663979772590425","0.0028663979772590425","0.0028663979772590425"
"40994","0.0028663979772590425","0.0028663979772590425","0.0028663979772590425"
"40995","0.0028663979772590425","0.0028663979772590425","0.0028663979772590425"
"40996","0.0028663979772590425","0.0028663979772590425","0.0028663979772590425"
"41002","0.0028663979772590425","0.0028663979772590425","0.0028663979772590425"
"41010","0.0028663979772590425","0.0028663979772590425","0.0028663979772590425"
"41015","0.0028663979772590425","0.0028663979772590425","0.0028663979772590425"
"41016","0.0028663979772590425","0.0028663979772590425","0.0028663979772590425"
"41017","0.0028663979772590425","0.0028663979772590425","0.0028663979772590425"
"41019","0.0028663979772590425","0.0028663979772590425","0.0028663979772590425"
"41020","0.0028663979772590425","0.0028663979772590425","0.0028663979772590425"
"41033","0.0028594521705070253","0.0028594521705070253","0.0028594521705070253"
"41038","0.0028594521705070253","0.0028594521705070253","0.0028594521705070253"
"41039","0.0028594521705070253","0.0028594521705070253","0.0028594521705070253"
"41046","0.0028594521705070253","0.0028594521705070253","0.0028594521705070253"
"41047","0.0028594521705070253","0.0028594521705070253","0.0028594521705070253"
"41048","0.0028594521705070253","0.0028594521705070253","0.0028594521705070253"
"41050","0.0028594521705070253","0.0028594521705070253","0.0028594521705070253"
"41054","0.0028594521705070253","0.0028594521705070253","0.0028594521705070253"
"41071","0.0028594521705070253","0.0028594521705070253","0.0028594521705070253"
"41074","0.0028594521705070253","0.0028594521705070253","0.0028594521705070253"
"41083","0.0028594521705070253","0.0028594521705070253","0.0028594521705070253"
"41085","0.0028594521705070253","0.0028594521705070253","0.0028594521705070253"
"41099","0.0028594521705070253","0.0028594521705070253","0.0028594521705070253"
"41106","0.0028594521705070253","0.0028594521705070253","0.0028594521705070253"
"41109","0.0028594521705070253","0.0028594521705070253","0.0028594521705070253"
"41114","0.0028594521705070253","0.0028594521705070253","0.0028594521705070253"
"41125","0.0028594521705070253","0.0028594521705070253","0.0028594521705070253"
"41127","0.0028594521705070253","0.0028594521705070253","0.0028594521705070253"
"41141","0.002848430300725497","0.002848430300725497","0.002848430300725497"
"41149","0.002848430300725497","0.002848430300725497","0.002848430300725497"
"41163","0.002848430300725497","0.002848430300725497","0.002848430300725497"
"41172","0.002848430300725497","0.002848430300725497","0.002848430300725497"
"41190","0.002848430300725497","0.002848430300725497","0.002848430300725497"
"41199","0.002848430300725497","0.002848430300725497","0.002848430300725497"
"41206","0.002848430300725497","0.002848430300725497","0.002848430300725497"
"41209","0.002848430300725497","0.002848430300725497","0.002848430300725497"
"41214","0.002848430300725497","0.002848430300725497","0.002848430300725497"
"41229","0.002848430300725497","0.002848430300725497","0.002848430300725497"
"41231","0.002848430300725497","0.002848430300725497","0.002848430300725497"
"41235","0.002848430300725497","0.002848430300725497","0.002848430300725497"
"41237","0.002848430300725497","0.002848430300725497","0.002848430300725497"
"41249","0.002860043020516131","0.002860043020516131","0.002860043020516131"
"41250","0.0028604520713049002","0.0028604520713049002","0.0028604520713049002"
"41265","0.0028604520713049002","0.0028604520713049002","0.0028604520713049002"
"41267","0.0028604520713049002","0.0028604520713049002","0.0028604520713049002"
"41270","0.0028604520713049002","0.0028604520713049002","0.0028604520713049002"
"41276","0.0028604520713049002","0.0028604520713049002","0.0028604520713049002"
"41278","0.0028604520713049002","0.0028604520713049002","0.0028604520713049002"
"41286","0.0028604520713049002","0.0028604520713049002","0.0028604520713049002"
"41300","0.0028604520713049002","0.0028604520713049002","0.0028604520713049002"
"41301","0.0028604520713049002","0.0028604520713049002","0.0028604520713049002"
"41306","0.0028604520713049002","0.0028604520713049002","0.0028604520713049002"
"41308","0.0028604520713049002","0.0028604520713049002","0.0028604520713049002"
"41309","0.0028604520713049002","0.0028604520713049002","0.0028604520713049002"
"41311","0.0028604520713049002","0.0028604520713049002","0.0028604520713049002"
"41316","0.0028604520713049002","0.0028604520713049002","0.0028604520713049002"
"41317","0.0028604520713049002","0.0028604520713049002","0.0028604520713049002"
"41323","0.0028604520713049002","0.0028604520713049002","0.0028604520713049002"
"41327","0.0028604520713049002","0.0028604520713049002","0.0028604520713049002"
"41329","0.0028604520713049002","0.0028604520713049002","0.0028604520713049002"
"41337","0.0028604520713049002","0.0028604520713049002","0.0028604520713049002"
"41349","0.0028604520713049002","0.0028604520713049002","0.0028604520713049002"
"41354","0.002858521388025854","0.002858521388025854","0.002858521388025854"
"41370","0.002858270262437631","0.002858270262437631","0.002858270262437631"
"41374","0.002858270262437631","0.002858270262437631","0.002858270262437631"
"41381","0.002858270262437631","0.002858270262437631","0.002858270262437631"
"41384","0.002858270262437631","0.002858270262437631","0.002858270262437631"
"41386","0.002858270262437631","0.002858270262437631","0.002858270262437631"
"41397","0.002858270262437631","0.002858270262437631","0.002858270262437631"
"41401","0.002858270262437631","0.002858270262437631","0.002858270262437631"
"41405","0.002858270262437631","0.002858270262437631","0.002858270262437631"
"41411","0.002858270262437631","0.002858270262437631","0.002858270262437631"
"41417","0.002858270262437631","0.002858270262437631","0.002858270262437631"
"41425","0.002858270262437631","0.002858270262437631","0.002858270262437631"
"41442","0.002858270262437631","0.002858270262437631","0.002858270262437631"
"41446","0.002858270262437631","0.002858270262437631","0.002858270262437631"
"41461","0.002856968416690529","0.002856968416690529","0.002856968416690529"
"41462","0.0028558982931423905","0.0028558982931423905","0.0028558982931423905"
"41476","0.0028449619534712586","0.0028449619534712586","0.0028449619534712586"
"41479","0.0028449619534712586","0.0028449619534712586","0.0028449619534712586"
"41491","0.0028449619534712586","0.0028449619534712586","0.0028449619534712586"
"41497","0.0028449619534712586","0.0028449619534712586","0.0028449619534712586"
"41499","0.0028449619534712586","0.0028449619534712586","0.0028449619534712586"
"41505","0.0028449619534712586","0.0028449619534712586","0.0028449619534712586"
"41506","0.0028449619534712586","0.0028449619534712586","0.0028449619534712586"
"41507","0.0028449619534712586","0.0028449619534712586","0.0028449619534712586"
"41512","0.0028449619534712586","0.0028449619534712586","0.0028449619534712586"
"41522","0.0028449619534712586","0.0028449619534712586","0.0028449619534712586"
"41524","0.0028449619534712586","0.0028449619534712586","0.0028449619534712586"
"41526","0.0028449619534712586","0.0028449619534712586","0.0028449619534712586"
"41530","0.0028449619534712586","0.0028449619534712586","0.0028449619534712586"
"41551","0.0028449619534712586","0.0028449619534712586","0.0028449619534712586"
"41552","0.0028449619534712586","0.0028449619534712586","0.0028449619534712586"
"41554","0.0028449619534712586","0.0028449619534712586","0.0028449619534712586"
"41557","0.0028449619534712586","0.0028449619534712586","0.0028449619534712586"
"41563","0.0028449619534712586","0.0028449619534712586","0.0028449619534712586"
"41570","0.0028449619534712586","0.0028449619534712586","0.0028449619534712586"
"41575","0.002850270929041739","0.002850270929041739","0.002850270929041739"
"41578","0.002853117183908092","0.002853117183908092","0.002853117183908092"
"41595","0.002854872108542876","0.002854872108542876","0.002854872108542876"
"41613","0.002854872108542876","0.002854872108542876","0.002854872108542876"
"41624","0.002854872108542876","0.002854872108542876","0.002854872108542876"
"41638","0.002854872108542876","0.002854872108542876","0.002854872108542876"
"41643","0.002854872108542876","0.002854872108542876","0.002854872108542876"
"41646","0.002854872108542876","0.002854872108542876","0.002854872108542876"
"41653","0.002854872108542876","0.002854872108542876","0.002854872108542876"
"41657","0.002854872108542876","0.002854872108542876","0.002854872108542876"
"41661","0.002854872108542876","0.002854872108542876","0.002854872108542876"
"41667","0.002854872108542876","0.002854872108542876","0.002854872108542876"
"41679","0.002854872108542876","0.002854872108542876","0.002854872108542876"
"41686","0.002846585166597414","0.002846585166597414","0.002846585166597414"
"41699","0.0028400097787816304","0.0028400097787816304","0.0028400097787816304"
"41701","0.0028400097787816304","0.0028400097787816304","0.0028400097787816304"
"41706","0.0028400097787816304","0.0028400097787816304","0.0028400097787816304"
"41710","0.0028400097787816304","0.0028400097787816304","0.0028400097787816304"
"41718","0.0028400097787816304","0.0028400097787816304","0.0028400097787816304"
"41727","0.0028400097787816304","0.0028400097787816304","0.0028400097787816304"
"41742","0.0028400097787816304","0.0028400097787816304","0.0028400097787816304"
"41750","0.0028400097787816304","0.0028400097787816304","0.0028400097787816304"
"41755","0.0028400097787816304","0.0028400097787816304","0.0028400097787816304"
"41767","0.0028400097787816304","0.0028400097787816304","0.0028400097787816304"
"41772","0.0028400097787816304","0.0028400097787816304","0.0028400097787816304"
"41773","0.0028400097787816304","0.0028400097787816304","0.0028400097787816304"
"41780","0.0028400097787816304","0.0028400097787816304","0.0028400097787816304"
"41782","0.0028400097787816304","0.0028400097787816304","0.0028400097787816304"
"41789","0.0028400097787816304","0.0028400097787816304","0.0028400097787816304"
"41793","0.0028450693902386088","0.0028450693902386088","0.0028450693902386088"
"41794","0.0028454741688013017","0.0028454741688013017","0.0028454741688013017"
"41799","0.0028519407164279355","0.0028519407164279355","0.0028519407164279355"
"41802","0.0028530276910244045","0.0028530276910244045","0.0028530276910244045"
"41810","0.0028530276910244045","0.0028530276910244045","0.0028530276910244045"
"41815","0.0028530276910244045","0.0028530276910244045","0.0028530276910244045"
"41816","0.0028530276910244045","0.0028530276910244045","0.0028530276910244045"
"41818","0.0028530276910244045","0.0028530276910244045","0.0028530276910244045"
"41821","0.0028530276910244045","0.0028530276910244045","0.0028530276910244045"
"41824","0.0028530276910244045","0.0028530276910244045","0.0028530276910244045"
"41829","0.0028530276910244045","0.0028530276910244045","0.0028530276910244045"
"41830","0.0028530276910244045","0.0028530276910244045","0.0028530276910244045"
"41834","0.0028530276910244045","0.0028530276910244045","0.0028530276910244045"
"41839","0.0028530276910244045","0.0028530276910244045","0.0028530276910244045"
"41841","0.0028530276910244045","0.0028530276910244045","0.0028530276910244045"
"41842","0.0028530276910244045","0.0028530276910244045","0.0028530276910244045"
"41844","0.0028530276910244045","0.0028530276910244045","0.0028530276910244045"
"41858","0.0028530276910244045","0.0028530276910244045","0.0028530276910244045"
"41880","0.0028530276910244045","0.0028530276910244045","0.0028530276910244045"
"41884","0.0028530276910244045","0.0028530276910244045","0.0028530276910244045"
"41893","0.0028530276910244045","0.0028530276910244045","0.0028530276910244045"
"41898","0.0028530276910244045","0.0028530276910244045","0.0028530276910244045"
"41906","0.002860671991801653","0.002860671991801653","0.002860671991801653"
"41916","0.002867523061803288","0.002867523061803288","0.002867523061803288"
"41923","0.002867523061803288","0.002867523061803288","0.002867523061803288"
"41931","0.002867523061803288","0.002867523061803288","0.002867523061803288"
"41932","0.002867523061803288","0.002867523061803288","0.002867523061803288"
"41935","0.002867523061803288","0.002867523061803288","0.002867523061803288"
"41937","0.002867523061803288","0.002867523061803288","0.002867523061803288"
"41939","0.002867523061803288","0.002867523061803288","0.002867523061803288"
"41953","0.002867523061803288","0.002867523061803288","0.002867523061803288"
"41960","0.002867523061803288","0.002867523061803288","0.002867523061803288"
"41965","0.002867523061803288","0.002867523061803288","0.002867523061803288"
"41966","0.002867523061803288","0.002867523061803288","0.002867523061803288"
"41969","0.002867523061803288","0.002867523061803288","0.002867523061803288"
"41978","0.002867523061803288","0.002867523061803288","0.002867523061803288"
"41988","0.002867523061803288","0.002867523061803288","0.002867523061803288"
"41998","0.002867523061803288","0.002867523061803288","0.002867523061803288"
"42007","0.002867523061803288","0.002867523061803288","0.002867523061803288"
"42008","0.002867523061803288","0.002867523061803288","0.002867523061803288"
"42011","0.0028654688623437692","0.0028654688623437692","0.0028654688623437692"
"42014","0.002861644095619527","0.002861644095619527","0.002861644095619527"
"42024","0.0028532114128803814","0.0028532114128803814","0.0028532114128803814"
"42027","0.0028532114128803814","0.0028532114128803814","0.0028532114128803814"
"42035","0.0028532114128803814","0.0028532114128803814","0.0028532114128803814"
"42040","0.0028532114128803814","0.0028532114128803814","0.0028532114128803814"
"42043","0.0028532114128803814","0.0028532114128803814","0.0028532114128803814"
"42044","0.0028532114128803814","0.0028532114128803814","0.0028532114128803814"
"42050","0.0028532114128803814","0.0028532114128803814","0.0028532114128803814"
"42061","0.0028532114128803814","0.0028532114128803814","0.0028532114128803814"
"42076","0.0028532114128803814","0.0028532114128803814","0.0028532114128803814"
"42079","0.0028532114128803814","0.0028532114128803814","0.0028532114128803814"
"42090","0.0028532114128803814","0.0028532114128803814","0.0028532114128803814"
"42094","0.0028532114128803814","0.0028532114128803814","0.0028532114128803814"
"42098","0.0028532114128803814","0.0028532114128803814","0.0028532114128803814"
"42103","0.0028532114128803814","0.0028532114128803814","0.0028532114128803814"
"42113","0.0028532114128803814","0.0028532114128803814","0.0028532114128803814"
"42134","0.0028650996727527774","0.0028650996727527774","0.0028650996727527774"
"42135","0.0028650996727527774","0.0028650996727527774","0.0028650996727527774"
"42144","0.0028650996727527774","0.0028650996727527774","0.0028650996727527774"
"42147","0.0028650996727527774","0.0028650996727527774","0.0028650996727527774"
"42149","0.0028650996727527774","0.0028650996727527774","0.0028650996727527774"
"42153","0.0028650996727527774","0.0028650996727527774","0.0028650996727527774"
"42159","0.0028650996727527774","0.0028650996727527774","0.0028650996727527774"
"42164","0.0028650996727527774","0.0028650996727527774","0.0028650996727527774"
"42167","0.0028650996727527774","0.0028650996727527774","0.0028650996727527774"
"42168","0.0028650996727527774","0.0028650996727527774","0.0028650996727527774"
"42169","0.0028650996727527774","0.0028650996727527774","0.0028650996727527774"
"42174","0.0028650996727527774","0.0028650996727527774","0.0028650996727527774"
"42181","0.0028650996727527774","0.0028650996727527774","0.0028650996727527774"
"42188","0.0028650996727527774","0.0028650996727527774","0.0028650996727527774"
"42189","0.0028650996727527774","0.0028650996727527774","0.0028650996727527774"
"42195","0.0028650996727527774","0.0028650996727527774","0.0028650996727527774"
"42209","0.0028650996727527774","0.0028650996727527774","0.0028650996727527774"
"42210","0.0028650996727527774","0.0028650996727527774","0.0028650996727527774"
"42218","0.0028650996727527774","0.0028650996727527774","0.0028650996727527774"
"42224","0.0028650996727527774","0.0028650996727527774","0.0028650996727527774"
"42234","0.0028601828475127338","0.0028601828475127338","0.0028601828475127338"
"42236","0.0028560983658375274","0.0028560983658375274","0.0028560983658375274"
"42239","0.0028504782817739055","0.0028504782817739055","0.0028504782817739055"
"42254","0.002848448421734457","0.002848448421734457","0.002848448421734457"
"42255","0.002848448421734457","0.002848448421734457","0.002848448421734457"
"42258","0.002848448421734457","0.002848448421734457","0.002848448421734457"
"42260","0.002848448421734457","0.002848448421734457","0.002848448421734457"
"42264","0.002848448421734457","0.002848448421734457","0.002848448421734457"
"42278","0.002848448421734457","0.002848448421734457","0.002848448421734457"
"42283","0.002848448421734457","0.002848448421734457","0.002848448421734457"
"42285","0.002848448421734457","0.002848448421734457","0.002848448421734457"
"42301","0.002848448421734457","0.002848448421734457","0.002848448421734457"
"42308","0.002848448421734457","0.002848448421734457","0.002848448421734457"
"42310","0.002848448421734457","0.002848448421734457","0.002848448421734457"
"42318","0.002848448421734457","0.002848448421734457","0.002848448421734457"
"42320","0.002848448421734457","0.002848448421734457","0.002848448421734457"
"42325","0.002848448421734457","0.002848448421734457","0.002848448421734457"
"42345","0.002845662751136448","0.002845662751136448","0.002845662751136448"
"42349","0.00284060021363345","0.00284060021363345","0.00284060021363345"
"42350","0.0028391261381979062","0.0028391261381979062","0.0028391261381979062"
"42357","0.0028391261381979062","0.0028391261381979062","0.0028391261381979062"
"42365","0.0028391261381979062","0.0028391261381979062","0.0028391261381979062"
"42367","0.0028391261381979062","0.0028391261381979062","0.0028391261381979062"
"42369","0.0028391261381979062","0.0028391261381979062","0.0028391261381979062"
"42378","0.0028391261381979062","0.0028391261381979062","0.0028391261381979062"
"42380","0.0028391261381979062","0.0028391261381979062","0.0028391261381979062"
"42382","0.0028391261381979062","0.0028391261381979062","0.0028391261381979062"
"42384","0.0028391261381979062","0.0028391261381979062","0.0028391261381979062"
"42389","0.0028391261381979062","0.0028391261381979062","0.0028391261381979062"
"42391","0.0028391261381979062","0.0028391261381979062","0.0028391261381979062"
"42403","0.0028391261381979062","0.0028391261381979062","0.0028391261381979062"
"42408","0.0028391261381979062","0.0028391261381979062","0.0028391261381979062"
"42415","0.0028391261381979062","0.0028391261381979062","0.0028391261381979062"
"42422","0.0028391261381979062","0.0028391261381979062","0.0028391261381979062"
"42430","0.0028391261381979062","0.0028391261381979062","0.0028391261381979062"
"42432","0.0028391261381979062","0.0028391261381979062","0.0028391261381979062"
"42438","0.0028391261381979062","0.0028391261381979062","0.0028391261381979062"
"42444","0.0028391261381979062","0.0028391261381979062","0.0028391261381979062"
"42454","0.0028406156120725627","0.0028406156120725627","0.0028406156120725627"
"42461","0.0028417612924904823","0.0028417612924904823","0.0028417612924904823"
"42471","0.0028417612924904823","0.0028417612924904823","0.0028417612924904823"
"42472","0.0028417612924904823","0.0028417612924904823","0.0028417612924904823"
"42480","0.0028417612924904823","0.0028417612924904823","0.0028417612924904823"
"42487","0.0028417612924904823","0.0028417612924904823","0.0028417612924904823"
"42491","0.0028417612924904823","0.0028417612924904823","0.0028417612924904823"
"42507","0.0028417612924904823","0.0028417612924904823","0.0028417612924904823"
"42509","0.0028417612924904823","0.0028417612924904823","0.0028417612924904823"
"42517","0.0028417612924904823","0.0028417612924904823","0.0028417612924904823"
"42520","0.0028417612924904823","0.0028417612924904823","0.0028417612924904823"
"42522","0.0028417612924904823","0.0028417612924904823","0.0028417612924904823"
"42528","0.0028417612924904823","0.0028417612924904823","0.0028417612924904823"
"42531","0.0028417612924904823","0.0028417612924904823","0.0028417612924904823"
"42542","0.0028417612924904823","0.0028417612924904823","0.0028417612924904823"
"42544","0.0028417612924904823","0.0028417612924904823","0.0028417612924904823"
"42546","0.0028417612924904823","0.0028417612924904823","0.0028417612924904823"
"42548","0.0028417612924904823","0.0028417612924904823","0.0028417612924904823"
"42550","0.0028417612924904823","0.0028417612924904823","0.0028417612924904823"
"42556","0.0028417612924904823","0.0028417612924904823","0.0028417612924904823"
"42564","0.0028461145432262663","0.0028461145432262663","0.0028461145432262663"
"42567","0.0028500765606804365","0.0028500765606804365","0.0028500765606804365"
"42585","0.002853432379839815","0.002853432379839815","0.002853432379839815"
"42586","0.002853432379839815","0.002853432379839815","0.002853432379839815"
"42587","0.002853432379839815","0.002853432379839815","0.002853432379839815"
"42592","0.002853432379839815","0.002853432379839815","0.002853432379839815"
"42598","0.002853432379839815","0.002853432379839815","0.002853432379839815"
"42600","0.002853432379839815","0.002853432379839815","0.002853432379839815"
"42608","0.002853432379839815","0.002853432379839815","0.002853432379839815"
"42612","0.002853432379839815","0.002853432379839815","0.002853432379839815"
"42616","0.002853432379839815","0.002853432379839815","0.002853432379839815"
"42621","0.002853432379839815","0.002853432379839815","0.002853432379839815"
"42624","0.002853432379839815","0.002853432379839815","0.002853432379839815"
"42634","0.002853432379839815","0.002853432379839815","0.002853432379839815"
"42636","0.002853432379839815","0.002853432379839815","0.002853432379839815"
"42642","0.002853432379839815","0.002853432379839815","0.002853432379839815"
"42644","0.002853432379839815","0.002853432379839815","0.002853432379839815"
"42654","0.002853432379839815","0.002853432379839815","0.002853432379839815"
"42656","0.002853432379839815","0.002853432379839815","0.002853432379839815"
"42659","0.002853432379839815","0.002853432379839815","0.002853432379839815"
"42667","0.002853432379839815","0.002853432379839815","0.002853432379839815"
"42679","0.002843349662403254","0.002843349662403254","0.002843349662403254"
"42681","0.0028424911345981906","0.0028424911345981906","0.0028424911345981906"
"42690","0.0028424911345981906","0.0028424911345981906","0.0028424911345981906"
"42692","0.0028424911345981906","0.0028424911345981906","0.0028424911345981906"
"42694","0.0028424911345981906","0.0028424911345981906","0.0028424911345981906"
"42696","0.0028424911345981906","0.0028424911345981906","0.0028424911345981906"
"42712","0.0028424911345981906","0.0028424911345981906","0.0028424911345981906"
"42720","0.0028424911345981906","0.0028424911345981906","0.0028424911345981906"
"42722","0.0028424911345981906","0.0028424911345981906","0.0028424911345981906"
"42733","0.0028424911345981906","0.0028424911345981906","0.0028424911345981906"
"42734","0.0028424911345981906","0.0028424911345981906","0.0028424911345981906"
"42738","0.0028424911345981906","0.0028424911345981906","0.0028424911345981906"
"42744","0.0028424911345981906","0.0028424911345981906","0.0028424911345981906"
"42747","0.0028424911345981906","0.0028424911345981906","0.0028424911345981906"
"42749","0.0028424911345981906","0.0028424911345981906","0.0028424911345981906"
"42760","0.0028424911345981906","0.0028424911345981906","0.0028424911345981906"
"42782","0.0028405708142270956","0.0028405708142270956","0.0028405708142270956"
"42785","0.0028395766706214623","0.0028395766706214623","0.0028395766706214623"
"42801","0.002833666819852575","0.002833666819852575","0.002833666819852575"
"42811","0.002833666819852575","0.002833666819852575","0.002833666819852575"
"42812","0.002833666819852575","0.002833666819852575","0.002833666819852575"
"42817","0.002833666819852575","0.002833666819852575","0.002833666819852575"
"42823","0.002833666819852575","0.002833666819852575","0.002833666819852575"
"42830","0.002833666819852575","0.002833666819852575","0.002833666819852575"
"42832","0.002833666819852575","0.002833666819852575","0.002833666819852575"
"42840","0.002833666819852575","0.002833666819852575","0.002833666819852575"
"42842","0.002833666819852575","0.002833666819852575","0.002833666819852575"
"42843","0.002833666819852575","0.002833666819852575","0.002833666819852575"
"42844","0.002833666819852575","0.002833666819852575","0.002833666819852575"
"42845","0.002833666819852575","0.002833666819852575","0.002833666819852575"
"42850","0.002833666819852575","0.002833666819852575","0.002833666819852575"
"42854","0.002833666819852575","0.002833666819852575","0.002833666819852575"
"42865","0.002833666819852575","0.002833666819852575","0.002833666819852575"
"42868","0.002833666819852575","0.002833666819852575","0.002833666819852575"
"42871","0.002833666819852575","0.002833666819852575","0.002833666819852575"
"42891","0.002835602462486999","0.002835602462486999","0.002835602462486999"
"42897","0.002840261033750423","0.002840261033750423","0.002840261033750423"
"42915","0.0028440274430064083","0.0028440274430064083","0.0028440274430064083"
"42925","0.0028440274430064083","0.0028440274430064083","0.0028440274430064083"
"42938","0.0028440274430064083","0.0028440274430064083","0.0028440274430064083"
"42940","0.0028440274430064083","0.0028440274430064083","0.0028440274430064083"
"42941","0.0028440274430064083","0.0028440274430064083","0.0028440274430064083"
"42943","0.0028440274430064083","0.0028440274430064083","0.0028440274430064083"
"42966","0.0028440274430064083","0.0028440274430064083","0.0028440274430064083"
"42978","0.0028440274430064083","0.0028440274430064083","0.0028440274430064083"
"42980","0.0028440274430064083","0.0028440274430064083","0.0028440274430064083"
"42986","0.0028440274430064083","0.0028440274430064083","0.0028440274430064083"
"42994","0.0028440274430064083","0.0028440274430064083","0.0028440274430064083"
"42996","0.0028440274430064083","0.0028440274430064083","0.0028440274430064083"
"43002","0.0028467012300976836","0.0028467012300976836","0.0028467012300976836"
"43016","0.002855008939245652","0.002855008939245652","0.002855008939245652"
"43018","0.002855008939245652","0.002855008939245652","0.002855008939245652"
"43021","0.002855008939245652","0.002855008939245652","0.002855008939245652"
"43030","0.002855008939245652","0.002855008939245652","0.002855008939245652"
"43033","0.002855008939245652","0.002855008939245652","0.002855008939245652"
"43037","0.002855008939245652","0.002855008939245652","0.002855008939245652"
"43044","0.002855008939245652","0.002855008939245652","0.002855008939245652"
"43050","0.002855008939245652","0.002855008939245652","0.002855008939245652"
"43059","0.002855008939245652","0.002855008939245652","0.002855008939245652"
"43065","0.002855008939245652","0.002855008939245652","0.002855008939245652"
"43068","0.002855008939245652","0.002855008939245652","0.002855008939245652"
"43077","0.002855008939245652","0.002855008939245652","0.002855008939245652"
"43089","0.002855008939245652","0.002855008939245652","0.002855008939245652"
"43090","0.002855008939245652","0.002855008939245652","0.002855008939245652"
"43094","0.002855008939245652","0.002855008939245652","0.002855008939245652"
"43103","0.002855008939245652","0.002855008939245652","0.002855008939245652"
"43112","0.0028575607851178317","0.0028575607851178317","0.0028575607851178317"
"43113","0.0028588004124895272","0.0028588004124895272","0.0028588004124895272"
"43124","0.002868560422773972","0.002868560422773972","0.002868560422773972"
"43137","0.002868560422773972","0.002868560422773972","0.002868560422773972"
"43146","0.002868560422773972","0.002868560422773972","0.002868560422773972"
"43157","0.002868560422773972","0.002868560422773972","0.002868560422773972"
"43167","0.002868560422773972","0.002868560422773972","0.002868560422773972"
"43189","0.002868560422773972","0.002868560422773972","0.002868560422773972"
"43190","0.002868560422773972","0.002868560422773972","0.002868560422773972"
"43192","0.002868560422773972","0.002868560422773972","0.002868560422773972"
"43199","0.002868560422773972","0.002868560422773972","0.002868560422773972"
"43201","0.002868560422773972","0.002868560422773972","0.002868560422773972"
"43225","0.0028758990346595304","0.0028758990346595304","0.0028758990346595304"
"43226","0.0028771209045465743","0.0028771209045465743","0.0028771209045465743"
"43236","0.0028806183946360336","0.0028806183946360336","0.0028806183946360336"
"43237","0.0028806183946360336","0.0028806183946360336","0.0028806183946360336"
"43244","0.0028806183946360336","0.0028806183946360336","0.0028806183946360336"
"43256","0.0028806183946360336","0.0028806183946360336","0.0028806183946360336"
"43257","0.0028806183946360336","0.0028806183946360336","0.0028806183946360336"
"43266","0.0028806183946360336","0.0028806183946360336","0.0028806183946360336"
"43267","0.0028806183946360336","0.0028806183946360336","0.0028806183946360336"
"43278","0.0028806183946360336","0.0028806183946360336","0.0028806183946360336"
"43282","0.0028806183946360336","0.0028806183946360336","0.0028806183946360336"
"43286","0.0028806183946360336","0.0028806183946360336","0.0028806183946360336"
"43288","0.0028806183946360336","0.0028806183946360336","0.0028806183946360336"
"43294","0.0028806183946360336","0.0028806183946360336","0.0028806183946360336"
"43299","0.0028806183946360336","0.0028806183946360336","0.0028806183946360336"
"43303","0.0028806183946360336","0.0028806183946360336","0.0028806183946360336"
"43310","0.0028806183946360336","0.0028806183946360336","0.0028806183946360336"
"43321","0.0028806183946360336","0.0028806183946360336","0.0028806183946360336"
"43323","0.0028806183946360336","0.0028806183946360336","0.0028806183946360336"
"43331","0.0028824241891805993","0.0028824241891805993","0.0028824241891805993"
"43336","0.002888501633096046","0.002888501633096046","0.002888501633096046"
"43346","0.0028929120590820375","0.0028929120590820375","0.0028929120590820375"
"43347","0.0028929120590820375","0.0028929120590820375","0.0028929120590820375"
"43352","0.0028929120590820375","0.0028929120590820375","0.0028929120590820375"
"43364","0.0028929120590820375","0.0028929120590820375","0.0028929120590820375"
"43366","0.0028929120590820375","0.0028929120590820375","0.0028929120590820375"
"43408","0.0028929120590820375","0.0028929120590820375","0.0028929120590820375"
"43414","0.0028929120590820375","0.0028929120590820375","0.0028929120590820375"
"43416","0.0028929120590820375","0.0028929120590820375","0.0028929120590820375"
"43426","0.0028929120590820375","0.0028929120590820375","0.0028929120590820375"
"43428","0.0028929120590820375","0.0028929120590820375","0.0028929120590820375"
"43441","0.0028908213361588473","0.0028908213361588473","0.0028908213361588473"
"43443","0.0028888402491432353","0.0028888402491432353","0.0028888402491432353"
"43452","0.0028803350717704064","0.0028803350717704064","0.0028803350717704064"
"43454","0.0028803350717704064","0.0028803350717704064","0.0028803350717704064"
"43456","0.0028803350717704064","0.0028803350717704064","0.0028803350717704064"
"43459","0.0028803350717704064","0.0028803350717704064","0.0028803350717704064"
"43461","0.0028803350717704064","0.0028803350717704064","0.0028803350717704064"
"43463","0.0028803350717704064","0.0028803350717704064","0.0028803350717704064"
"43466","0.0028803350717704064","0.0028803350717704064","0.0028803350717704064"
"43498","0.0028803350717704064","0.0028803350717704064","0.0028803350717704064"
"43513","0.0028803350717704064","0.0028803350717704064","0.0028803350717704064"
"43527","0.0028803350717704064","0.0028803350717704064","0.0028803350717704064"
"43536","0.0028803350717704064","0.0028803350717704064","0.0028803350717704064"
"43540","0.0028803350717704064","0.0028803350717704064","0.0028803350717704064"
"43542","0.0028803350717704064","0.0028803350717704064","0.0028803350717704064"
"43546","0.0028803350717704064","0.0028803350717704064","0.0028803350717704064"
"43547","0.0028803350717704064","0.0028803350717704064","0.0028803350717704064"
"43553","0.0028775123610517215","0.0028775123610517215","0.0028775123610517215"
"43556","0.002873536271897923","0.002873536271897923","0.002873536271897923"
"43557","0.0028722117604791683","0.0028722117604791683","0.0028722117604791683"
"43558","0.0028712148195921203","0.0028712148195921203","0.0028712148195921203"
"43570","0.002867791738984097","0.002867791738984097","0.002867791738984097"
"43578","0.002867791738984097","0.002867791738984097","0.002867791738984097"
"43581","0.002867791738984097","0.002867791738984097","0.002867791738984097"
"43582","0.002867791738984097","0.002867791738984097","0.002867791738984097"
"43587","0.002867791738984097","0.002867791738984097","0.002867791738984097"
"43597","0.002867791738984097","0.002867791738984097","0.002867791738984097"
"43598","0.002867791738984097","0.002867791738984097","0.002867791738984097"
"43614","0.002867791738984097","0.002867791738984097","0.002867791738984097"
"43618","0.002867791738984097","0.002867791738984097","0.002867791738984097"
"43622","0.002867791738984097","0.002867791738984097","0.002867791738984097"
"43627","0.002867791738984097","0.002867791738984097","0.002867791738984097"
"43629","0.002867791738984097","0.002867791738984097","0.002867791738984097"
"43630","0.002867791738984097","0.002867791738984097","0.002867791738984097"
"43633","0.002867791738984097","0.002867791738984097","0.002867791738984097"
"43639","0.002867791738984097","0.002867791738984097","0.002867791738984097"
"43646","0.002867791738984097","0.002867791738984097","0.002867791738984097"
"43653","0.002867791738984097","0.002867791738984097","0.002867791738984097"
"43657","0.002867791738984097","0.002867791738984097","0.002867791738984097"
"43659","0.002867791738984097","0.002867791738984097","0.002867791738984097"
"43661","0.0028680888117487233","0.0028680888117487233","0.0028680888117487233"
"43674","0.002874365947039406","0.002874365947039406","0.002874365947039406"
"43677","0.002874365947039406","0.002874365947039406","0.002874365947039406"
"43682","0.002874365947039406","0.002874365947039406","0.002874365947039406"
"43691","0.002874365947039406","0.002874365947039406","0.002874365947039406"
"43695","0.002874365947039406","0.002874365947039406","0.002874365947039406"
"43709","0.002874365947039406","0.002874365947039406","0.002874365947039406"
"43718","0.002874365947039406","0.002874365947039406","0.002874365947039406"
"43719","0.002874365947039406","0.002874365947039406","0.002874365947039406"
"43724","0.002874365947039406","0.002874365947039406","0.002874365947039406"
"43727","0.002874365947039406","0.002874365947039406","0.002874365947039406"
"43732","0.002874365947039406","0.002874365947039406","0.002874365947039406"
"43735","0.002874365947039406","0.002874365947039406","0.002874365947039406"
"43741","0.002874365947039406","0.002874365947039406","0.002874365947039406"
"43752","0.002874365947039406","0.002874365947039406","0.002874365947039406"
"43776","0.002868211079096746","0.002868211079096746","0.002868211079096746"
"43784","0.002863283505527315","0.002863283505527315","0.002863283505527315"
"43798","0.002863283505527315","0.002863283505527315","0.002863283505527315"
"43800","0.002863283505527315","0.002863283505527315","0.002863283505527315"
"43805","0.002863283505527315","0.002863283505527315","0.002863283505527315"
"43811","0.002863283505527315","0.002863283505527315","0.002863283505527315"
"43812","0.002863283505527315","0.002863283505527315","0.002863283505527315"
"43814","0.002863283505527315","0.002863283505527315","0.002863283505527315"
"43821","0.002863283505527315","0.002863283505527315","0.002863283505527315"
"43823","0.002863283505527315","0.002863283505527315","0.002863283505527315"
"43824","0.002863283505527315","0.002863283505527315","0.002863283505527315"
"43825","0.002863283505527315","0.002863283505527315","0.002863283505527315"
"43829","0.002863283505527315","0.002863283505527315","0.002863283505527315"
"43830","0.002863283505527315","0.002863283505527315","0.002863283505527315"
"43832","0.002863283505527315","0.002863283505527315","0.002863283505527315"
"43837","0.002863283505527315","0.002863283505527315","0.002863283505527315"
"43851","0.002863283505527315","0.002863283505527315","0.002863283505527315"
"43852","0.002863283505527315","0.002863283505527315","0.002863283505527315"
"43854","0.002863283505527315","0.002863283505527315","0.002863283505527315"
"43856","0.002863283505527315","0.002863283505527315","0.002863283505527315"
"43857","0.002863283505527315","0.002863283505527315","0.002863283505527315"
"43861","0.002863283505527315","0.002863283505527315","0.002863283505527315"
"43867","0.002863283505527315","0.002863283505527315","0.002863283505527315"
"43871","0.002863283505527315","0.002863283505527315","0.002863283505527315"
"43874","0.002863283505527315","0.002863283505527315","0.002863283505527315"
"43875","0.002863283505527315","0.002863283505527315","0.002863283505527315"
"43882","0.0028645612561713266","0.0028645612561713266","0.0028645612561713266"
"43883","0.0028657162652921597","0.0028657162652921597","0.0028657162652921597"
"43884","0.0028661269406113905","0.0028661269406113905","0.0028661269406113905"
"43886","0.002870239395280673","0.002870239395280673","0.002870239395280673"
"43887","0.0028716291294797846","0.0028716291294797846","0.0028716291294797846"
"43902","0.0028774807419969387","0.0028774807419969387","0.0028774807419969387"
"43905","0.0028774807419969387","0.0028774807419969387","0.0028774807419969387"
"43906","0.0028774807419969387","0.0028774807419969387","0.0028774807419969387"
"43914","0.0028774807419969387","0.0028774807419969387","0.0028774807419969387"
"43926","0.0028774807419969387","0.0028774807419969387","0.0028774807419969387"
"43936","0.0028774807419969387","0.0028774807419969387","0.0028774807419969387"
"43945","0.0028774807419969387","0.0028774807419969387","0.0028774807419969387"
"43948","0.0028774807419969387","0.0028774807419969387","0.0028774807419969387"
"43950","0.0028774807419969387","0.0028774807419969387","0.0028774807419969387"
"43968","0.0028774807419969387","0.0028774807419969387","0.0028774807419969387"
"43970","0.0028774807419969387","0.0028774807419969387","0.0028774807419969387"
"43972","0.0028774807419969387","0.0028774807419969387","0.0028774807419969387"
"43987","0.0028774807419969387","0.0028774807419969387","0.0028774807419969387"
"43988","0.0028774807419969387","0.0028774807419969387","0.0028774807419969387"
"43996","0.002872782808045736","0.002872782808045736","0.002872782808045736"
"44001","0.002867180389750974","0.002867180389750974","0.002867180389750974"
"44024","0.002867180389750974","0.002867180389750974","0.002867180389750974"
"44031","0.002867180389750974","0.002867180389750974","0.002867180389750974"
"44033","0.002867180389750974","0.002867180389750974","0.002867180389750974"
"44034","0.002867180389750974","0.002867180389750974","0.002867180389750974"
"44043","0.002867180389750974","0.002867180389750974","0.002867180389750974"
"44051","0.002867180389750974","0.002867180389750974","0.002867180389750974"
"44053","0.002867180389750974","0.002867180389750974","0.002867180389750974"
"44076","0.002867180389750974","0.002867180389750974","0.002867180389750974"
"44080","0.002867180389750974","0.002867180389750974","0.002867180389750974"
"44085","0.002867180389750974","0.002867180389750974","0.002867180389750974"
"44087","0.002867180389750974","0.002867180389750974","0.002867180389750974"
"44091","0.002867180389750974","0.002867180389750974","0.002867180389750974"
"44094","0.002867180389750974","0.002867180389750974","0.002867180389750974"
"44100","0.002867180389750974","0.002867180389750974","0.002867180389750974"
"44106","0.002856703409058429","0.002856703409058429","0.002856703409058429"
"44126","0.0028515125842016775","0.0028515125842016775","0.0028515125842016775"
"44132","0.0028515125842016775","0.0028515125842016775","0.0028515125842016775"
"44133","0.0028515125842016775","0.0028515125842016775","0.0028515125842016775"
"44153","0.0028515125842016775","0.0028515125842016775","0.0028515125842016775"
"44154","0.0028515125842016775","0.0028515125842016775","0.0028515125842016775"
"44162","0.0028515125842016775","0.0028515125842016775","0.0028515125842016775"
"44163","0.0028515125842016775","0.0028515125842016775","0.0028515125842016775"
"44173","0.0028515125842016775","0.0028515125842016775","0.0028515125842016775"
"44183","0.0028515125842016775","0.0028515125842016775","0.0028515125842016775"
"44186","0.0028515125842016775","0.0028515125842016775","0.0028515125842016775"
"44197","0.0028515125842016775","0.0028515125842016775","0.0028515125842016775"
"44199","0.0028515125842016775","0.0028515125842016775","0.0028515125842016775"
"44201","0.0028515125842016775","0.0028515125842016775","0.0028515125842016775"
"44203","0.0028515125842016775","0.0028515125842016775","0.0028515125842016775"
"44207","0.0028515125842016775","0.0028515125842016775","0.0028515125842016775"
"44213","0.002854740556914807","0.002854740556914807","0.002854740556914807"
"44227","0.0028619521811500156","0.0028619521811500156","0.0028619521811500156"
"44236","0.0028619521811500156","0.0028619521811500156","0.0028619521811500156"
"44238","0.0028619521811500156","0.0028619521811500156","0.0028619521811500156"
"44251","0.0028619521811500156","0.0028619521811500156","0.0028619521811500156"
"44261","0.0028619521811500156","0.0028619521811500156","0.0028619521811500156"
"44272","0.0028619521811500156","0.0028619521811500156","0.0028619521811500156"
"44273","0.0028619521811500156","0.0028619521811500156","0.0028619521811500156"
"44277","0.0028619521811500156","0.0028619521811500156","0.0028619521811500156"
"44279","0.0028619521811500156","0.0028619521811500156","0.0028619521811500156"
"44290","0.0028619521811500156","0.0028619521811500156","0.0028619521811500156"
"44291","0.0028619521811500156","0.0028619521811500156","0.0028619521811500156"
"44299","0.0028619521811500156","0.0028619521811500156","0.0028619521811500156"
"44300","0.0028619521811500156","0.0028619521811500156","0.0028619521811500156"
"44312","0.0028619521811500156","0.0028619521811500156","0.0028619521811500156"
"44325","0.0028580075396908216","0.0028580075396908216","0.0028580075396908216"
"44328","0.002856081439562634","0.002856081439562634","0.002856081439562634"
"44332","0.002854214071406592","0.002854214071406592","0.002854214071406592"
"44334","0.002854214071406592","0.002854214071406592","0.002854214071406592"
"44335","0.002854214071406592","0.002854214071406592","0.002854214071406592"
"44351","0.002854214071406592","0.002854214071406592","0.002854214071406592"
"44355","0.002854214071406592","0.002854214071406592","0.002854214071406592"
"44357","0.002854214071406592","0.002854214071406592","0.002854214071406592"
"44360","0.002854214071406592","0.002854214071406592","0.002854214071406592"
"44365","0.002854214071406592","0.002854214071406592","0.002854214071406592"
"44368","0.002854214071406592","0.002854214071406592","0.002854214071406592"
"44372","0.002854214071406592","0.002854214071406592","0.002854214071406592"
"44378","0.002854214071406592","0.002854214071406592","0.002854214071406592"
"44390","0.002854214071406592","0.002854214071406592","0.002854214071406592"
"44396","0.002854214071406592","0.002854214071406592","0.002854214071406592"
"44400","0.002854214071406592","0.002854214071406592","0.002854214071406592"
"44419","0.002854214071406592","0.002854214071406592","0.002854214071406592"
"44427","0.002854214071406592","0.002854214071406592","0.002854214071406592"
"44432","0.0028513369446509064","0.0028513369446509064","0.0028513369446509064"
"44433","0.002849438842975017","0.002849438842975017","0.002849438842975017"
"44435","0.0028459143807857672","0.0028459143807857672","0.0028459143807857672"
"44441","0.0028370408039635866","0.0028370408039635866","0.0028370408039635866"
"44442","0.0028370408039635866","0.0028370408039635866","0.0028370408039635866"
"44443","0.0028370408039635866","0.0028370408039635866","0.0028370408039635866"
"44444","0.0028370408039635866","0.0028370408039635866","0.0028370408039635866"
"44451","0.0028370408039635866","0.0028370408039635866","0.0028370408039635866"
"44455","0.0028370408039635866","0.0028370408039635866","0.0028370408039635866"
"44468","0.0028370408039635866","0.0028370408039635866","0.0028370408039635866"
"44475","0.0028370408039635866","0.0028370408039635866","0.0028370408039635866"
"44477","0.0028370408039635866","0.0028370408039635866","0.0028370408039635866"
"44481","0.0028370408039635866","0.0028370408039635866","0.0028370408039635866"
"44485","0.0028370408039635866","0.0028370408039635866","0.0028370408039635866"
"44490","0.0028370408039635866","0.0028370408039635866","0.0028370408039635866"
"44494","0.0028370408039635866","0.0028370408039635866","0.0028370408039635866"
"44499","0.0028370408039635866","0.0028370408039635866","0.0028370408039635866"
"44502","0.0028370408039635866","0.0028370408039635866","0.0028370408039635866"
"44506","0.0028370408039635866","0.0028370408039635866","0.0028370408039635866"
"44511","0.0028370408039635866","0.0028370408039635866","0.0028370408039635866"
"44514","0.0028370408039635866","0.0028370408039635866","0.0028370408039635866"
"44519","0.0028370408039635866","0.0028370408039635866","0.0028370408039635866"
"44525","0.0028370408039635866","0.0028370408039635866","0.0028370408039635866"
"44527","0.0028370408039635866","0.0028370408039635866","0.0028370408039635866"
"44538","0.0028370408039635866","0.0028370408039635866","0.0028370408039635866"
"44539","0.0028370408039635866","0.0028370408039635866","0.0028370408039635866"
"44540","0.0028370408039635866","0.0028370408039635866","0.0028370408039635866"
"44541","0.0028355920562865883","0.0028355920562865883","0.0028355920562865883"
"44546","0.002827100489126554","0.002827100489126554","0.002827100489126554"
"44562","0.002821516745558974","0.002821516745558974","0.002821516745558974"
"44565","0.002821516745558974","0.002821516745558974","0.002821516745558974"
"44571","0.002821516745558974","0.002821516745558974","0.002821516745558974"
"44573","0.002821516745558974","0.002821516745558974","0.002821516745558974"
"44575","0.002821516745558974","0.002821516745558974","0.002821516745558974"
"44576","0.002821516745558974","0.002821516745558974","0.002821516745558974"
"44581","0.002821516745558974","0.002821516745558974","0.002821516745558974"
"44582","0.002821516745558974","0.002821516745558974","0.002821516745558974"
"44585","0.002821516745558974","0.002821516745558974","0.002821516745558974"
"44590","0.002821516745558974","0.002821516745558974","0.002821516745558974"
"44609","0.002821516745558974","0.002821516745558974","0.002821516745558974"
"44631","0.002821516745558974","0.002821516745558974","0.002821516745558974"
"44641","0.002821516745558974","0.002821516745558974","0.002821516745558974"
"44645","0.002821516745558974","0.002821516745558974","0.002821516745558974"
"44648","0.002821516745558974","0.002821516745558974","0.002821516745558974"
"44649","0.002821516745558974","0.002821516745558974","0.002821516745558974"
"44656","0.0028286902109136407","0.0028286902109136407","0.0028286902109136407"
"44661","0.002832076409132266","0.002832076409132266","0.002832076409132266"
"44662","0.002832076409132266","0.002832076409132266","0.002832076409132266"
"44667","0.002832076409132266","0.002832076409132266","0.002832076409132266"
"44669","0.002832076409132266","0.002832076409132266","0.002832076409132266"
"44682","0.002832076409132266","0.002832076409132266","0.002832076409132266"
"44686","0.002832076409132266","0.002832076409132266","0.002832076409132266"
"44692","0.002832076409132266","0.002832076409132266","0.002832076409132266"
"44693","0.002832076409132266","0.002832076409132266","0.002832076409132266"
"44701","0.002832076409132266","0.002832076409132266","0.002832076409132266"
"44702","0.002832076409132266","0.002832076409132266","0.002832076409132266"
"44703","0.002832076409132266","0.002832076409132266","0.002832076409132266"
"44705","0.002832076409132266","0.002832076409132266","0.002832076409132266"
"44707","0.002832076409132266","0.002832076409132266","0.002832076409132266"
"44711","0.002832076409132266","0.002832076409132266","0.002832076409132266"
"44715","0.002832076409132266","0.002832076409132266","0.002832076409132266"
"44717","0.002832076409132266","0.002832076409132266","0.002832076409132266"
"44718","0.002832076409132266","0.002832076409132266","0.002832076409132266"
"44725","0.002832076409132266","0.002832076409132266","0.002832076409132266"
"44727","0.002832076409132266","0.002832076409132266","0.002832076409132266"
"44729","0.002832076409132266","0.002832076409132266","0.002832076409132266"
"44732","0.002832076409132266","0.002832076409132266","0.002832076409132266"
"44739","0.002832076409132266","0.002832076409132266","0.002832076409132266"
"44741","0.002832076409132266","0.002832076409132266","0.002832076409132266"
"44751","0.002832076409132266","0.002832076409132266","0.002832076409132266"
"44762","0.002829727630455725","0.002829727630455725","0.002829727630455725"
"44763","0.0028285823722988563","0.0028285823722988563","0.0028285823722988563"
"44766","0.0028243979044709","0.0028243979044709","0.0028243979044709"
"44773","0.00281709631364636","0.00281709631364636","0.00281709631364636"
"44775","0.00281709631364636","0.00281709631364636","0.00281709631364636"
"44781","0.00281709631364636","0.00281709631364636","0.00281709631364636"
"44795","0.00281709631364636","0.00281709631364636","0.00281709631364636"
"44798","0.00281709631364636","0.00281709631364636","0.00281709631364636"
"44801","0.00281709631364636","0.00281709631364636","0.00281709631364636"
"44803","0.00281709631364636","0.00281709631364636","0.00281709631364636"
"44807","0.00281709631364636","0.00281709631364636","0.00281709631364636"
"44812","0.00281709631364636","0.00281709631364636","0.00281709631364636"
"44831","0.00281709631364636","0.00281709631364636","0.00281709631364636"
"44832","0.00281709631364636","0.00281709631364636","0.00281709631364636"
"44855","0.00281709631364636","0.00281709631364636","0.00281709631364636"
"44860","0.00281709631364636","0.00281709631364636","0.00281709631364636"
"44893","0.0028095540462161617","0.0028095540462161617","0.0028095540462161617"
"44913","0.0028095540462161617","0.0028095540462161617","0.0028095540462161617"
"44916","0.0028095540462161617","0.0028095540462161617","0.0028095540462161617"
"44918","0.0028095540462161617","0.0028095540462161617","0.0028095540462161617"
"44920","0.0028095540462161617","0.0028095540462161617","0.0028095540462161617"
"44928","0.0028095540462161617","0.0028095540462161617","0.0028095540462161617"
"44929","0.0028095540462161617","0.0028095540462161617","0.0028095540462161617"
"44935","0.0028095540462161617","0.0028095540462161617","0.0028095540462161617"
"44942","0.0028095540462161617","0.0028095540462161617","0.0028095540462161617"
"44947","0.0028095540462161617","0.0028095540462161617","0.0028095540462161617"
"44948","0.0028095540462161617","0.0028095540462161617","0.0028095540462161617"
"44949","0.0028095540462161617","0.0028095540462161617","0.0028095540462161617"
"44950","0.0028095540462161617","0.0028095540462161617","0.0028095540462161617"
"44960","0.0028095540462161617","0.0028095540462161617","0.0028095540462161617"
"44963","0.0028095540462161617","0.0028095540462161617","0.0028095540462161617"
"44966","0.0028095540462161617","0.0028095540462161617","0.0028095540462161617"
"44969","0.0028095540462161617","0.0028095540462161617","0.0028095540462161617"
"44987","0.0028171452937672294","0.0028171452937672294","0.0028171452937672294"
"44999","0.002822171922754696","0.002822171922754696","0.002822171922754696"
"45000","0.002822171922754696","0.002822171922754696","0.002822171922754696"
"45002","0.002822171922754696","0.002822171922754696","0.002822171922754696"
"45009","0.002822171922754696","0.002822171922754696","0.002822171922754696"
"45021","0.002822171922754696","0.002822171922754696","0.002822171922754696"
"45025","0.002822171922754696","0.002822171922754696","0.002822171922754696"
"45037","0.002822171922754696","0.002822171922754696","0.002822171922754696"
"45039","0.002822171922754696","0.002822171922754696","0.002822171922754696"
"45040","0.002822171922754696","0.002822171922754696","0.002822171922754696"
"45050","0.002822171922754696","0.002822171922754696","0.002822171922754696"
"45065","0.002822171922754696","0.002822171922754696","0.002822171922754696"
"45068","0.002822171922754696","0.002822171922754696","0.002822171922754696"
"45073","0.002822171922754696","0.002822171922754696","0.002822171922754696"
"45075","0.002822171922754696","0.002822171922754696","0.002822171922754696"
"45077","0.002822171922754696","0.002822171922754696","0.002822171922754696"
"45083","0.002822171922754696","0.002822171922754696","0.002822171922754696"
"45085","0.002822171922754696","0.002822171922754696","0.002822171922754696"
"45091","0.002820977730163146","0.002820977730163146","0.002820977730163146"
"45092","0.00281898965345488","0.00281898965345488","0.00281898965345488"
"45096","0.0028135831451893503","0.0028135831451893503","0.0028135831451893503"
"45110","0.002807545267321488","0.002807545267321488","0.002807545267321488"
"45113","0.002807545267321488","0.002807545267321488","0.002807545267321488"
"45123","0.002807545267321488","0.002807545267321488","0.002807545267321488"
"45124","0.002807545267321488","0.002807545267321488","0.002807545267321488"
"45128","0.002807545267321488","0.002807545267321488","0.002807545267321488"
"45132","0.002807545267321488","0.002807545267321488","0.002807545267321488"
"45139","0.002807545267321488","0.002807545267321488","0.002807545267321488"
"45144","0.002807545267321488","0.002807545267321488","0.002807545267321488"
"45150","0.002807545267321488","0.002807545267321488","0.002807545267321488"
"45158","0.002807545267321488","0.002807545267321488","0.002807545267321488"
"45160","0.002807545267321488","0.002807545267321488","0.002807545267321488"
"45165","0.002807545267321488","0.002807545267321488","0.002807545267321488"
"45170","0.002807545267321488","0.002807545267321488","0.002807545267321488"
"45183","0.002807545267321488","0.002807545267321488","0.002807545267321488"
"45188","0.002807545267321488","0.002807545267321488","0.002807545267321488"
"45189","0.002807545267321488","0.002807545267321488","0.002807545267321488"
"45190","0.002807545267321488","0.002807545267321488","0.002807545267321488"
"45191","0.002807545267321488","0.002807545267321488","0.002807545267321488"
"45194","0.002807545267321488","0.002807545267321488","0.002807545267321488"
"45200","0.002807545267321488","0.002807545267321488","0.002807545267321488"
"45206","0.0028039550091760726","0.0028039550091760726","0.0028039550091760726"
"45223","0.002802070002493842","0.002802070002493842","0.002802070002493842"
"45224","0.002802070002493842","0.002802070002493842","0.002802070002493842"
"45238","0.002802070002493842","0.002802070002493842","0.002802070002493842"
"45250","0.002802070002493842","0.002802070002493842","0.002802070002493842"
"45260","0.002802070002493842","0.002802070002493842","0.002802070002493842"
"45261","0.002802070002493842","0.002802070002493842","0.002802070002493842"
"45277","0.002802070002493842","0.002802070002493842","0.002802070002493842"
"45278","0.002802070002493842","0.002802070002493842","0.002802070002493842"
"45293","0.002802070002493842","0.002802070002493842","0.002802070002493842"
"45309","0.002802070002493842","0.002802070002493842","0.002802070002493842"
"45313","0.0028062862505410548","0.0028062862505410548","0.0028062862505410548"
"45316","0.002809308667414811","0.002809308667414811","0.002809308667414811"
"45332","0.002814005533130424","0.002814005533130424","0.002814005533130424"
"45339","0.002814005533130424","0.002814005533130424","0.002814005533130424"
"45340","0.002814005533130424","0.002814005533130424","0.002814005533130424"
"45342","0.002814005533130424","0.002814005533130424","0.002814005533130424"
"45343","0.002814005533130424","0.002814005533130424","0.002814005533130424"
"45367","0.002814005533130424","0.002814005533130424","0.002814005533130424"
"45372","0.002814005533130424","0.002814005533130424","0.002814005533130424"
"45375","0.002814005533130424","0.002814005533130424","0.002814005533130424"
"45380","0.002814005533130424","0.002814005533130424","0.002814005533130424"
"45386","0.002814005533130424","0.002814005533130424","0.002814005533130424"
"45393","0.002814005533130424","0.002814005533130424","0.002814005533130424"
"45402","0.002814005533130424","0.002814005533130424","0.002814005533130424"
"45411","0.002814005533130424","0.002814005533130424","0.002814005533130424"
"45412","0.002814005533130424","0.002814005533130424","0.002814005533130424"
"45413","0.002814005533130424","0.002814005533130424","0.002814005533130424"
"45414","0.002814005533130424","0.002814005533130424","0.002814005533130424"
"45424","0.002818142937804041","0.002818142937804041","0.002818142937804041"
"45431","0.002824630578203141","0.002824630578203141","0.002824630578203141"
"45442","0.002824630578203141","0.002824630578203141","0.002824630578203141"
"45443","0.002824630578203141","0.002824630578203141","0.002824630578203141"
"45453","0.002824630578203141","0.002824630578203141","0.002824630578203141"
"45473","0.002824630578203141","0.002824630578203141","0.002824630578203141"
"45477","0.002824630578203141","0.002824630578203141","0.002824630578203141"
"45483","0.002824630578203141","0.002824630578203141","0.002824630578203141"
"45493","0.002824630578203141","0.002824630578203141","0.002824630578203141"
"45496","0.002824630578203141","0.002824630578203141","0.002824630578203141"
"45497","0.002824630578203141","0.002824630578203141","0.002824630578203141"
"45498","0.002824630578203141","0.002824630578203141","0.002824630578203141"
"45500","0.002824630578203141","0.002824630578203141","0.002824630578203141"
"45505","0.002824630578203141","0.002824630578203141","0.002824630578203141"
"45519","0.002824630578203141","0.002824630578203141","0.002824630578203141"
"45526","0.002824630578203141","0.002824630578203141","0.002824630578203141"
"45528","0.002824630578203141","0.002824630578203141","0.002824630578203141"
"45531","0.002825992730052059","0.002825992730052059","0.002825992730052059"
"45533","0.0028278218750523824","0.0028278218750523824","0.0028278218750523824"
"45537","0.0028327933461325394","0.0028327933461325394","0.0028327933461325394"
"45547","0.002837704846715306","0.002837704846715306","0.002837704846715306"
"45548","0.002837704846715306","0.002837704846715306","0.002837704846715306"
"45556","0.002837704846715306","0.002837704846715306","0.002837704846715306"
"45572","0.002837704846715306","0.002837704846715306","0.002837704846715306"
"45579","0.002837704846715306","0.002837704846715306","0.002837704846715306"
"45581","0.002837704846715306","0.002837704846715306","0.002837704846715306"
"45585","0.002837704846715306","0.002837704846715306","0.002837704846715306"
"45586","0.002837704846715306","0.002837704846715306","0.002837704846715306"
"45588","0.002837704846715306","0.002837704846715306","0.002837704846715306"
"45594","0.002837704846715306","0.002837704846715306","0.002837704846715306"
"45599","0.002837704846715306","0.002837704846715306","0.002837704846715306"
"45606","0.002837704846715306","0.002837704846715306","0.002837704846715306"
"45609","0.002837704846715306","0.002837704846715306","0.002837704846715306"
"45611","0.002837704846715306","0.002837704846715306","0.002837704846715306"
"45625","0.002837704846715306","0.002837704846715306","0.002837704846715306"
"45628","0.002837704846715306","0.002837704846715306","0.002837704846715306"
"45635","0.002837704846715306","0.002837704846715306","0.002837704846715306"
"45638","0.002837704846715306","0.002837704846715306","0.002837704846715306"
"45644","0.002831423852700493","0.002831423852700493","0.002831423852700493"
"45647","0.0028269959304472675","0.0028269959304472675","0.0028269959304472675"
"45657","0.002822735018456883","0.002822735018456883","0.002822735018456883"
"45658","0.002822735018456883","0.002822735018456883","0.002822735018456883"
"45662","0.002822735018456883","0.002822735018456883","0.002822735018456883"
"45663","0.002822735018456883","0.002822735018456883","0.002822735018456883"
"45670","0.002822735018456883","0.002822735018456883","0.002822735018456883"
"45673","0.002822735018456883","0.002822735018456883","0.002822735018456883"
"45701","0.002822735018456883","0.002822735018456883","0.002822735018456883"
"45707","0.002822735018456883","0.002822735018456883","0.002822735018456883"
"45709","0.002822735018456883","0.002822735018456883","0.002822735018456883"
"45724","0.002822735018456883","0.002822735018456883","0.002822735018456883"
"45725","0.002822735018456883","0.002822735018456883","0.002822735018456883"
"45730","0.002822735018456883","0.002822735018456883","0.002822735018456883"
"45731","0.002822735018456883","0.002822735018456883","0.002822735018456883"
"45733","0.002822735018456883","0.002822735018456883","0.002822735018456883"
"45735","0.002822735018456883","0.002822735018456883","0.002822735018456883"
"45736","0.002822735018456883","0.002822735018456883","0.002822735018456883"
"45738","0.002822735018456883","0.002822735018456883","0.002822735018456883"
"45740","0.002822735018456883","0.002822735018456883","0.002822735018456883"
"45745","0.002822735018456883","0.002822735018456883","0.002822735018456883"
"45749","0.002822735018456883","0.002822735018456883","0.002822735018456883"
"45750","0.002822735018456883","0.002822735018456883","0.002822735018456883"
"45753","0.002825365108319789","0.002825365108319789","0.002825365108319789"
"45755","0.00282762469495632","0.00282762469495632","0.00282762469495632"
"45771","0.0028341699794766475","0.0028341699794766475","0.0028341699794766475"
"45772","0.0028341699794766475","0.0028341699794766475","0.0028341699794766475"
"45774","0.0028341699794766475","0.0028341699794766475","0.0028341699794766475"
"45783","0.0028341699794766475","0.0028341699794766475","0.0028341699794766475"
"45785","0.0028341699794766475","0.0028341699794766475","0.0028341699794766475"
"45798","0.0028341699794766475","0.0028341699794766475","0.0028341699794766475"
"45800","0.0028341699794766475","0.0028341699794766475","0.0028341699794766475"
"45808","0.0028341699794766475","0.0028341699794766475","0.0028341699794766475"
"45810","0.0028341699794766475","0.0028341699794766475","0.0028341699794766475"
"45815","0.0028341699794766475","0.0028341699794766475","0.0028341699794766475"
"45818","0.0028341699794766475","0.0028341699794766475","0.0028341699794766475"
"45826","0.0028341699794766475","0.0028341699794766475","0.0028341699794766475"
"45835","0.0028341699794766475","0.0028341699794766475","0.0028341699794766475"
"45839","0.0028341699794766475","0.0028341699794766475","0.0028341699794766475"
"45846","0.0028341699794766475","0.0028341699794766475","0.0028341699794766475"
"45856","0.0028341699794766475","0.0028341699794766475","0.0028341699794766475"
"45868","0.002824021418076499","0.002824021418076499","0.002824021418076499"
"45869","0.002822306059121654","0.002822306059121654","0.002822306059121654"
"45881","0.0028219078447512874","0.0028219078447512874","0.0028219078447512874"
"45893","0.0028219078447512874","0.0028219078447512874","0.0028219078447512874"
"45894","0.0028219078447512874","0.0028219078447512874","0.0028219078447512874"
"45899","0.0028219078447512874","0.0028219078447512874","0.0028219078447512874"
"45904","0.0028219078447512874","0.0028219078447512874","0.0028219078447512874"
"45908","0.0028219078447512874","0.0028219078447512874","0.0028219078447512874"
"45912","0.0028219078447512874","0.0028219078447512874","0.0028219078447512874"
"45918","0.0028219078447512874","0.0028219078447512874","0.0028219078447512874"
"45920","0.0028219078447512874","0.0028219078447512874","0.0028219078447512874"
"45924","0.0028219078447512874","0.0028219078447512874","0.0028219078447512874"
"45925","0.0028219078447512874","0.0028219078447512874","0.0028219078447512874"
"45928","0.0028219078447512874","0.0028219078447512874","0.0028219078447512874"
"45933","0.0028219078447512874","0.0028219078447512874","0.0028219078447512874"
"45943","0.0028219078447512874","0.0028219078447512874","0.0028219078447512874"
"45945","0.0028219078447512874","0.0028219078447512874","0.0028219078447512874"
"45956","0.0028219078447512874","0.0028219078447512874","0.0028219078447512874"
"45964","0.0028219078447512874","0.0028219078447512874","0.0028219078447512874"
"45970","0.0028219078447512874","0.0028219078447512874","0.0028219078447512874"
"45981","0.0028104736491417997","0.0028104736491417997","0.0028104736491417997"
"45982","0.0028104736491417997","0.0028104736491417997","0.0028104736491417997"
"45987","0.0028104736491417997","0.0028104736491417997","0.0028104736491417997"
"45988","0.0028104736491417997","0.0028104736491417997","0.0028104736491417997"
"46001","0.0028104736491417997","0.0028104736491417997","0.0028104736491417997"
"46003","0.0028104736491417997","0.0028104736491417997","0.0028104736491417997"
"46004","0.0028104736491417997","0.0028104736491417997","0.0028104736491417997"
"46005","0.0028104736491417997","0.0028104736491417997","0.0028104736491417997"
"46011","0.0028104736491417997","0.0028104736491417997","0.0028104736491417997"
"46018","0.0028104736491417997","0.0028104736491417997","0.0028104736491417997"
"46024","0.0028104736491417997","0.0028104736491417997","0.0028104736491417997"
"46028","0.0028104736491417997","0.0028104736491417997","0.0028104736491417997"
"46030","0.0028104736491417997","0.0028104736491417997","0.0028104736491417997"
"46039","0.0028104736491417997","0.0028104736491417997","0.0028104736491417997"
"46049","0.0028104736491417997","0.0028104736491417997","0.0028104736491417997"
"46050","0.0028104736491417997","0.0028104736491417997","0.0028104736491417997"
"46060","0.0028104736491417997","0.0028104736491417997","0.0028104736491417997"
"46068","0.0028104736491417997","0.0028104736491417997","0.0028104736491417997"
"46072","0.0028104736491417997","0.0028104736491417997","0.0028104736491417997"
"46092","0.0027985487490746973","0.0027985487490746973","0.0027985487490746973"
"46093","0.0027985487490746973","0.0027985487490746973","0.0027985487490746973"
"46094","0.0027985487490746973","0.0027985487490746973","0.0027985487490746973"
"46098","0.0027985487490746973","0.0027985487490746973","0.0027985487490746973"
"46107","0.0027985487490746973","0.0027985487490746973","0.0027985487490746973"
"46117","0.0027985487490746973","0.0027985487490746973","0.0027985487490746973"
"46118","0.0027985487490746973","0.0027985487490746973","0.0027985487490746973"
"46126","0.0027985487490746973","0.0027985487490746973","0.0027985487490746973"
"46135","0.0027985487490746973","0.0027985487490746973","0.0027985487490746973"
"46140","0.0027985487490746973","0.0027985487490746973","0.0027985487490746973"
"46142","0.0027985487490746973","0.0027985487490746973","0.0027985487490746973"
"46143","0.0027985487490746973","0.0027985487490746973","0.0027985487490746973"
"46149","0.0027985487490746973","0.0027985487490746973","0.0027985487490746973"
"46151","0.0027985487490746973","0.0027985487490746973","0.0027985487490746973"
"46157","0.0027985487490746973","0.0027985487490746973","0.0027985487490746973"
"46161","0.0027985487490746973","0.0027985487490746973","0.0027985487490746973"
"46162","0.0027985487490746973","0.0027985487490746973","0.0027985487490746973"
"46163","0.0027985487490746973","0.0027985487490746973","0.0027985487490746973"
"46166","0.0027985487490746973","0.0027985487490746973","0.0027985487490746973"
"46169","0.0027985487490746973","0.0027985487490746973","0.0027985487490746973"
"46184","0.0027985487490746973","0.0027985487490746973","0.0027985487490746973"
"46194","0.002793678613531191","0.002793678613531191","0.002793678613531191"
"46208","0.0027857789549662025","0.0027857789549662025","0.0027857789549662025"
"46213","0.0027857789549662025","0.0027857789549662025","0.0027857789549662025"
"46221","0.0027857789549662025","0.0027857789549662025","0.0027857789549662025"
"46227","0.0027857789549662025","0.0027857789549662025","0.0027857789549662025"
"46235","0.0027857789549662025","0.0027857789549662025","0.0027857789549662025"
"46242","0.0027857789549662025","0.0027857789549662025","0.0027857789549662025"
"46243","0.0027857789549662025","0.0027857789549662025","0.0027857789549662025"
"46244","0.0027857789549662025","0.0027857789549662025","0.0027857789549662025"
"46246","0.0027857789549662025","0.0027857789549662025","0.0027857789549662025"
"46256","0.0027857789549662025","0.0027857789549662025","0.0027857789549662025"
"46268","0.0027857789549662025","0.0027857789549662025","0.0027857789549662025"
"46272","0.0027857789549662025","0.0027857789549662025","0.0027857789549662025"
"46277","0.0027857789549662025","0.0027857789549662025","0.0027857789549662025"
"46280","0.0027857789549662025","0.0027857789549662025","0.0027857789549662025"
"46288","0.0027857789549662025","0.0027857789549662025","0.0027857789549662025"
"46297","0.0027857789549662025","0.0027857789549662025","0.0027857789549662025"
"46307","0.0027920059855642454","0.0027920059855642454","0.0027920059855642454"
"46310","0.00279416684924515","0.00279416684924515","0.00279416684924515"
"46311","0.00279416684924515","0.00279416684924515","0.00279416684924515"
"46324","0.00279416684924515","0.00279416684924515","0.00279416684924515"
"46339","0.00279416684924515","0.00279416684924515","0.00279416684924515"
"46340","0.00279416684924515","0.00279416684924515","0.00279416684924515"
"46341","0.00279416684924515","0.00279416684924515","0.00279416684924515"
"46347","0.00279416684924515","0.00279416684924515","0.00279416684924515"
"46351","0.00279416684924515","0.00279416684924515","0.00279416684924515"
"46353","0.00279416684924515","0.00279416684924515","0.00279416684924515"
"46362","0.00279416684924515","0.00279416684924515","0.00279416684924515"
"46368","0.00279416684924515","0.00279416684924515","0.00279416684924515"
"46373","0.00279416684924515","0.00279416684924515","0.00279416684924515"
"46391","0.00279416684924515","0.00279416684924515","0.00279416684924515"
"46401","0.00279416684924515","0.00279416684924515","0.00279416684924515"
"46403","0.00279416684924515","0.00279416684924515","0.00279416684924515"
"46410","0.00279416684924515","0.00279416684924515","0.00279416684924515"
"46411","0.002792604727650394","0.002792604727650394","0.002792604727650394"
"46425","0.0027861584773445232","0.0027861584773445232","0.0027861584773445232"
"46426","0.0027861584773445232","0.0027861584773445232","0.0027861584773445232"
"46437","0.0027861584773445232","0.0027861584773445232","0.0027861584773445232"
"46441","0.0027861584773445232","0.0027861584773445232","0.0027861584773445232"
"46445","0.0027861584773445232","0.0027861584773445232","0.0027861584773445232"
"46447","0.0027861584773445232","0.0027861584773445232","0.0027861584773445232"
"46451","0.0027861584773445232","0.0027861584773445232","0.0027861584773445232"
"46465","0.0027861584773445232","0.0027861584773445232","0.0027861584773445232"
"46470","0.0027861584773445232","0.0027861584773445232","0.0027861584773445232"
"46486","0.0027861584773445232","0.0027861584773445232","0.0027861584773445232"
"46494","0.0027861584773445232","0.0027861584773445232","0.0027861584773445232"
"46495","0.0027861584773445232","0.0027861584773445232","0.0027861584773445232"
"46496","0.0027861584773445232","0.0027861584773445232","0.0027861584773445232"
"46525","0.0027915068990417105","0.0027915068990417105","0.0027915068990417105"
"46526","0.002792284131974416","0.002792284131974416","0.002792284131974416"
"46529","0.002796275265350031","0.002796275265350031","0.002796275265350031"
"46531","0.0027967511358464713","0.0027967511358464713","0.0027967511358464713"
"46543","0.0027967511358464713","0.0027967511358464713","0.0027967511358464713"
"46544","0.0027967511358464713","0.0027967511358464713","0.0027967511358464713"
"46551","0.0027967511358464713","0.0027967511358464713","0.0027967511358464713"
"46552","0.0027967511358464713","0.0027967511358464713","0.0027967511358464713"
"46556","0.0027967511358464713","0.0027967511358464713","0.0027967511358464713"
"46560","0.0027967511358464713","0.0027967511358464713","0.0027967511358464713"
"46562","0.0027967511358464713","0.0027967511358464713","0.0027967511358464713"
"46563","0.0027967511358464713","0.0027967511358464713","0.0027967511358464713"
"46567","0.0027967511358464713","0.0027967511358464713","0.0027967511358464713"
"46605","0.0027967511358464713","0.0027967511358464713","0.0027967511358464713"
"46608","0.0027967511358464713","0.0027967511358464713","0.0027967511358464713"
"46627","0.0027967511358464713","0.0027967511358464713","0.0027967511358464713"
"46631","0.0027974957261462613","0.0027974957261462613","0.0027974957261462613"
"46632","0.0027988669023652634","0.0027988669023652634","0.0027988669023652634"
"46634","0.0028024705276208537","0.0028024705276208537","0.0028024705276208537"
"46636","0.002804329853502372","0.002804329853502372","0.002804329853502372"
"46646","0.0028101840890185476","0.0028101840890185476","0.0028101840890185476"
"46647","0.0028101840890185476","0.0028101840890185476","0.0028101840890185476"
"46676","0.0028101840890185476","0.0028101840890185476","0.0028101840890185476"
"46682","0.0028101840890185476","0.0028101840890185476","0.0028101840890185476"
"46689","0.0028101840890185476","0.0028101840890185476","0.0028101840890185476"
"46691","0.0028101840890185476","0.0028101840890185476","0.0028101840890185476"
"46707","0.0028101840890185476","0.0028101840890185476","0.0028101840890185476"
"46714","0.0028101840890185476","0.0028101840890185476","0.0028101840890185476"
"46721","0.0028101840890185476","0.0028101840890185476","0.0028101840890185476"
"46727","0.0028101840890185476","0.0028101840890185476","0.0028101840890185476"
"46733","0.0028101840890185476","0.0028101840890185476","0.0028101840890185476"
"46744","0.0028161765834811368","0.0028161765834811368","0.0028161765834811368"
"46757","0.0028247511936071324","0.0028247511936071324","0.0028247511936071324"
"46765","0.0028247511936071324","0.0028247511936071324","0.0028247511936071324"
"46768","0.0028247511936071324","0.0028247511936071324","0.0028247511936071324"
"46770","0.0028247511936071324","0.0028247511936071324","0.0028247511936071324"
"46794","0.0028247511936071324","0.0028247511936071324","0.0028247511936071324"
"46795","0.0028247511936071324","0.0028247511936071324","0.0028247511936071324"
"46801","0.0028247511936071324","0.0028247511936071324","0.0028247511936071324"
"46805","0.0028247511936071324","0.0028247511936071324","0.0028247511936071324"
"46824","0.0028247511936071324","0.0028247511936071324","0.0028247511936071324"
"46831","0.0028247511936071324","0.0028247511936071324","0.0028247511936071324"
"46832","0.0028247511936071324","0.0028247511936071324","0.0028247511936071324"
"46834","0.0028247511936071324","0.0028247511936071324","0.0028247511936071324"
"46872","0.002811129779588923","0.002811129779588923","0.002811129779588923"
"46884","0.002811129779588923","0.002811129779588923","0.002811129779588923"
"46892","0.002811129779588923","0.002811129779588923","0.002811129779588923"
"46894","0.002811129779588923","0.002811129779588923","0.002811129779588923"
"46902","0.002811129779588923","0.002811129779588923","0.002811129779588923"
"46907","0.002811129779588923","0.002811129779588923","0.002811129779588923"
"46908","0.002811129779588923","0.002811129779588923","0.002811129779588923"
"46916","0.002811129779588923","0.002811129779588923","0.002811129779588923"
"46917","0.002811129779588923","0.002811129779588923","0.002811129779588923"
"46918","0.002811129779588923","0.002811129779588923","0.002811129779588923"
"46934","0.002811129779588923","0.002811129779588923","0.002811129779588923"
"46947","0.002811129779588923","0.002811129779588923","0.002811129779588923"
"46949","0.002811129779588923","0.002811129779588923","0.002811129779588923"
"46954","0.002811129779588923","0.002811129779588923","0.002811129779588923"
"46955","0.002811129779588923","0.002811129779588923","0.002811129779588923"
"46957","0.002811129779588923","0.002811129779588923","0.002811129779588923"
"46966","0.002803357367657952","0.002803357367657952","0.002803357367657952"
"46972","0.0027978259323830864","0.0027978259323830864","0.0027978259323830864"
"46973","0.0027978259323830864","0.0027978259323830864","0.0027978259323830864"
"46978","0.0027978259323830864","0.0027978259323830864","0.0027978259323830864"
"46979","0.0027978259323830864","0.0027978259323830864","0.0027978259323830864"
"46983","0.0027978259323830864","0.0027978259323830864","0.0027978259323830864"
"46987","0.0027978259323830864","0.0027978259323830864","0.0027978259323830864"
"47005","0.0027978259323830864","0.0027978259323830864","0.0027978259323830864"
"47006","0.0027978259323830864","0.0027978259323830864","0.0027978259323830864"
"47011","0.0027978259323830864","0.0027978259323830864","0.0027978259323830864"
"47019","0.0027978259323830864","0.0027978259323830864","0.0027978259323830864"
"47032","0.0027978259323830864","0.0027978259323830864","0.0027978259323830864"
"47034","0.0027978259323830864","0.0027978259323830864","0.0027978259323830864"
"47036","0.0027978259323830864","0.0027978259323830864","0.0027978259323830864"
"47037","0.0027978259323830864","0.0027978259323830864","0.0027978259323830864"
"47038","0.0027978259323830864","0.0027978259323830864","0.0027978259323830864"
"47039","0.0027978259323830864","0.0027978259323830864","0.0027978259323830864"
"47051","0.0027978259323830864","0.0027978259323830864","0.0027978259323830864"
"47052","0.0027978259323830864","0.0027978259323830864","0.0027978259323830864"
"47058","0.0027978259323830864","0.0027978259323830864","0.0027978259323830864"
"47062","0.0027978259323830864","0.0027978259323830864","0.0027978259323830864"
"47063","0.0027978259323830864","0.0027978259323830864","0.0027978259323830864"
"47065","0.0027978259323830864","0.0027978259323830864","0.0027978259323830864"
"47069","0.0027978259323830864","0.0027978259323830864","0.0027978259323830864"
"47070","0.0027978259323830864","0.0027978259323830864","0.0027978259323830864"
"47082","0.002785286330290583","0.002785286330290583","0.002785286330290583"
"47085","0.002785286330290583","0.002785286330290583","0.002785286330290583"
"47090","0.002785286330290583","0.002785286330290583","0.002785286330290583"
"47093","0.002785286330290583","0.002785286330290583","0.002785286330290583"
"47097","0.002785286330290583","0.002785286330290583","0.002785286330290583"
"47099","0.002785286330290583","0.002785286330290583","0.002785286330290583"
"47101","0.002785286330290583","0.002785286330290583","0.002785286330290583"
"47109","0.002785286330290583","0.002785286330290583","0.002785286330290583"
"47117","0.002785286330290583","0.002785286330290583","0.002785286330290583"
"47118","0.002785286330290583","0.002785286330290583","0.002785286330290583"
"47121","0.002785286330290583","0.002785286330290583","0.002785286330290583"
"47124","0.002785286330290583","0.002785286330290583","0.002785286330290583"
"47131","0.002785286330290583","0.002785286330290583","0.002785286330290583"
"47136","0.002785286330290583","0.002785286330290583","0.002785286330290583"
"47137","0.002785286330290583","0.002785286330290583","0.002785286330290583"
"47151","0.002785286330290583","0.002785286330290583","0.002785286330290583"
"47166","0.002785286330290583","0.002785286330290583","0.002785286330290583"
"47171","0.002785286330290583","0.002785286330290583","0.002785286330290583"
"47178","0.002785286330290583","0.002785286330290583","0.002785286330290583"
"47181","0.0027845963251710965","0.0027845963251710965","0.0027845963251710965"
"47189","0.002777908919221717","0.002777908919221717","0.002777908919221717"
"47194","0.0027776921027110935","0.0027776921027110935","0.0027776921027110935"
"47195","0.0027776921027110935","0.0027776921027110935","0.0027776921027110935"
"47208","0.0027776921027110935","0.0027776921027110935","0.0027776921027110935"
"47215","0.0027776921027110935","0.0027776921027110935","0.0027776921027110935"
"47220","0.0027776921027110935","0.0027776921027110935","0.0027776921027110935"
"47229","0.0027776921027110935","0.0027776921027110935","0.0027776921027110935"
"47231","0.0027776921027110935","0.0027776921027110935","0.0027776921027110935"
"47232","0.0027776921027110935","0.0027776921027110935","0.0027776921027110935"
"47244","0.0027776921027110935","0.0027776921027110935","0.0027776921027110935"
"47251","0.0027776921027110935","0.0027776921027110935","0.0027776921027110935"
"47256","0.0027776921027110935","0.0027776921027110935","0.0027776921027110935"
"47257","0.0027776921027110935","0.0027776921027110935","0.0027776921027110935"
"47259","0.0027776921027110935","0.0027776921027110935","0.0027776921027110935"
"47263","0.0027776921027110935","0.0027776921027110935","0.0027776921027110935"
"47270","0.0027776921027110935","0.0027776921027110935","0.0027776921027110935"
"47273","0.0027776921027110935","0.0027776921027110935","0.0027776921027110935"
"47276","0.0027776921027110935","0.0027776921027110935","0.0027776921027110935"
"47281","0.0027776921027110935","0.0027776921027110935","0.0027776921027110935"
"47282","0.0027776921027110935","0.0027776921027110935","0.0027776921027110935"
"47283","0.0027776921027110935","0.0027776921027110935","0.0027776921027110935"
"47284","0.0027776921027110935","0.0027776921027110935","0.0027776921027110935"
"47300","0.0027699071422618736","0.0027699071422618736","0.0027699071422618736"
"47304","0.0027699071422618736","0.0027699071422618736","0.0027699071422618736"
"47305","0.0027699071422618736","0.0027699071422618736","0.0027699071422618736"
"47311","0.0027699071422618736","0.0027699071422618736","0.0027699071422618736"
"47313","0.0027699071422618736","0.0027699071422618736","0.0027699071422618736"
"47318","0.0027699071422618736","0.0027699071422618736","0.0027699071422618736"
"47326","0.0027699071422618736","0.0027699071422618736","0.0027699071422618736"
"47334","0.0027699071422618736","0.0027699071422618736","0.0027699071422618736"
"47337","0.0027699071422618736","0.0027699071422618736","0.0027699071422618736"
"47339","0.0027699071422618736","0.0027699071422618736","0.0027699071422618736"
"47341","0.0027699071422618736","0.0027699071422618736","0.0027699071422618736"
"47343","0.0027699071422618736","0.0027699071422618736","0.0027699071422618736"
"47357","0.0027699071422618736","0.0027699071422618736","0.0027699071422618736"
"47370","0.0027699071422618736","0.0027699071422618736","0.0027699071422618736"
"47374","0.0027699071422618736","0.0027699071422618736","0.0027699071422618736"
"47388","0.0027699071422618736","0.0027699071422618736","0.0027699071422618736"
"47389","0.0027699071422618736","0.0027699071422618736","0.0027699071422618736"
"47390","0.0027699071422618736","0.0027699071422618736","0.0027699071422618736"
"47398","0.0027699071422618736","0.0027699071422618736","0.0027699071422618736"
"47418","0.002781697746674746","0.002781697746674746","0.002781697746674746"
"47425","0.002781697746674746","0.002781697746674746","0.002781697746674746"
"47434","0.002781697746674746","0.002781697746674746","0.002781697746674746"
"47436","0.002781697746674746","0.002781697746674746","0.002781697746674746"
"47455","0.002781697746674746","0.002781697746674746","0.002781697746674746"
"47458","0.002781697746674746","0.002781697746674746","0.002781697746674746"
"47477","0.002781697746674746","0.002781697746674746","0.002781697746674746"
"47479","0.002781697746674746","0.002781697746674746","0.002781697746674746"
"47481","0.002781697746674746","0.002781697746674746","0.002781697746674746"
"47482","0.002781697746674746","0.002781697746674746","0.002781697746674746"
"47497","0.002781697746674746","0.002781697746674746","0.002781697746674746"
"47499","0.002781697746674746","0.002781697746674746","0.002781697746674746"
"47500","0.002781697746674746","0.002781697746674746","0.002781697746674746"
"47517","0.0027746742941103905","0.0027746742941103905","0.0027746742941103905"
"47525","0.002770552620050333","0.002770552620050333","0.002770552620050333"
"47528","0.002770552620050333","0.002770552620050333","0.002770552620050333"
"47529","0.002770552620050333","0.002770552620050333","0.002770552620050333"
"47533","0.002770552620050333","0.002770552620050333","0.002770552620050333"
"47534","0.002770552620050333","0.002770552620050333","0.002770552620050333"
"47549","0.002770552620050333","0.002770552620050333","0.002770552620050333"
"47554","0.002770552620050333","0.002770552620050333","0.002770552620050333"
"47562","0.002770552620050333","0.002770552620050333","0.002770552620050333"
"47565","0.002770552620050333","0.002770552620050333","0.002770552620050333"
"47586","0.002770552620050333","0.002770552620050333","0.002770552620050333"
"47591","0.002770552620050333","0.002770552620050333","0.002770552620050333"
"47614","0.002770552620050333","0.002770552620050333","0.002770552620050333"
"47617","0.002770552620050333","0.002770552620050333","0.002770552620050333"
"47637","0.0027806997882098903","0.0027806997882098903","0.0027806997882098903"
"47646","0.0027806997882098903","0.0027806997882098903","0.0027806997882098903"
"47653","0.0027806997882098903","0.0027806997882098903","0.0027806997882098903"
"47688","0.0027806997882098903","0.0027806997882098903","0.0027806997882098903"
"47696","0.0027806997882098903","0.0027806997882098903","0.0027806997882098903"
"47697","0.0027806997882098903","0.0027806997882098903","0.0027806997882098903"
"47702","0.0027806997882098903","0.0027806997882098903","0.0027806997882098903"
"47703","0.0027806997882098903","0.0027806997882098903","0.0027806997882098903"
"47705","0.0027806997882098903","0.0027806997882098903","0.0027806997882098903"
"47707","0.0027806997882098903","0.0027806997882098903","0.0027806997882098903"
"47708","0.0027806997882098903","0.0027806997882098903","0.0027806997882098903"
"47714","0.0027806997882098903","0.0027806997882098903","0.0027806997882098903"
"47715","0.0027806997882098903","0.0027806997882098903","0.0027806997882098903"
"47719","0.0027806997882098903","0.0027806997882098903","0.0027806997882098903"
"47722","0.0027806997882098903","0.0027806997882098903","0.0027806997882098903"
"47731","0.0027807369856213877","0.0027807369856213877","0.0027807369856213877"
"47737","0.002782240766170738","0.002782240766170738","0.002782240766170738"
"47740","0.0027863519877349805","0.0027863519877349805","0.0027863519877349805"
"47762","0.0027863519877349805","0.0027863519877349805","0.0027863519877349805"
"47764","0.0027863519877349805","0.0027863519877349805","0.0027863519877349805"
"47765","0.0027863519877349805","0.0027863519877349805","0.0027863519877349805"
"47770","0.0027863519877349805","0.0027863519877349805","0.0027863519877349805"
"47781","0.0027863519877349805","0.0027863519877349805","0.0027863519877349805"
"47791","0.0027863519877349805","0.0027863519877349805","0.0027863519877349805"
"47793","0.0027863519877349805","0.0027863519877349805","0.0027863519877349805"
"47794","0.0027863519877349805","0.0027863519877349805","0.0027863519877349805"
"47800","0.0027863519877349805","0.0027863519877349805","0.0027863519877349805"
"47803","0.0027863519877349805","0.0027863519877349805","0.0027863519877349805"
"47816","0.0027863519877349805","0.0027863519877349805","0.0027863519877349805"
"47819","0.0027863519877349805","0.0027863519877349805","0.0027863519877349805"
"47823","0.0027863519877349805","0.0027863519877349805","0.0027863519877349805"
"47825","0.0027863519877349805","0.0027863519877349805","0.0027863519877349805"
"47851","0.002794413280043524","0.002794413280043524","0.002794413280043524"
"47854","0.002794413280043524","0.002794413280043524","0.002794413280043524"
"47859","0.002794413280043524","0.002794413280043524","0.002794413280043524"
"47860","0.002794413280043524","0.002794413280043524","0.002794413280043524"
"47865","0.002794413280043524","0.002794413280043524","0.002794413280043524"
"47872","0.002794413280043524","0.002794413280043524","0.002794413280043524"
"47875","0.002794413280043524","0.002794413280043524","0.002794413280043524"
"47884","0.002794413280043524","0.002794413280043524","0.002794413280043524"
"47892","0.002794413280043524","0.002794413280043524","0.002794413280043524"
"47904","0.002794413280043524","0.002794413280043524","0.002794413280043524"
"47907","0.002794413280043524","0.002794413280043524","0.002794413280043524"
"47909","0.002794413280043524","0.002794413280043524","0.002794413280043524"
"47910","0.002794413280043524","0.002794413280043524","0.002794413280043524"
"47921","0.002794413280043524","0.002794413280043524","0.002794413280043524"
"47932","0.002794413280043524","0.002794413280043524","0.002794413280043524"
"47934","0.002794413280043524","0.002794413280043524","0.002794413280043524"
"47942","0.002794413280043524","0.002794413280043524","0.002794413280043524"
"47943","0.002794413280043524","0.002794413280043524","0.002794413280043524"
"47947","0.002794413280043524","0.002794413280043524","0.002794413280043524"
"47958","0.0027941076079990084","0.0027941076079990084","0.0027941076079990084"
"47959","0.002794498014397274","0.002794498014397274","0.002794498014397274"
"47961","0.002794532075910007","0.002794532075910007","0.002794532075910007"
"47962","0.002794532075910007","0.002794532075910007","0.002794532075910007"
"47964","0.002794532075910007","0.002794532075910007","0.002794532075910007"
"47969","0.002794532075910007","0.002794532075910007","0.002794532075910007"
"47972","0.002794532075910007","0.002794532075910007","0.002794532075910007"
"47988","0.002794532075910007","0.002794532075910007","0.002794532075910007"
"47990","0.002794532075910007","0.002794532075910007","0.002794532075910007"
"47996","0.002794532075910007","0.002794532075910007","0.002794532075910007"
"47998","0.002794532075910007","0.002794532075910007","0.002794532075910007"
"47999","0.002794532075910007","0.002794532075910007","0.002794532075910007"
"48005","0.002794532075910007","0.002794532075910007","0.002794532075910007"
"48021","0.002794532075910007","0.002794532075910007","0.002794532075910007"
"48026","0.002794532075910007","0.002794532075910007","0.002794532075910007"
"48030","0.002794532075910007","0.002794532075910007","0.002794532075910007"
"48032","0.002794532075910007","0.002794532075910007","0.002794532075910007"
"48037","0.002794532075910007","0.002794532075910007","0.002794532075910007"
"48040","0.002794532075910007","0.002794532075910007","0.002794532075910007"
"48052","0.002794532075910007","0.002794532075910007","0.002794532075910007"
"48057","0.002794532075910007","0.002794532075910007","0.002794532075910007"
"48065","0.0028006329179631334","0.0028006329179631334","0.0028006329179631334"
"48069","0.002805328936893345","0.002805328936893345","0.002805328936893345"
"48075","0.002807101055796035","0.002807101055796035","0.002807101055796035"
"48076","0.002807101055796035","0.002807101055796035","0.002807101055796035"
"48082","0.002807101055796035","0.002807101055796035","0.002807101055796035"
"48085","0.002807101055796035","0.002807101055796035","0.002807101055796035"
"48096","0.002807101055796035","0.002807101055796035","0.002807101055796035"
"48100","0.002807101055796035","0.002807101055796035","0.002807101055796035"
"48102","0.002807101055796035","0.002807101055796035","0.002807101055796035"
"48103","0.002807101055796035","0.002807101055796035","0.002807101055796035"
"48104","0.002807101055796035","0.002807101055796035","0.002807101055796035"
"48107","0.002807101055796035","0.002807101055796035","0.002807101055796035"
"48110","0.002807101055796035","0.002807101055796035","0.002807101055796035"
"48115","0.002807101055796035","0.002807101055796035","0.002807101055796035"
"48133","0.002807101055796035","0.002807101055796035","0.002807101055796035"
"48140","0.002807101055796035","0.002807101055796035","0.002807101055796035"
"48144","0.002807101055796035","0.002807101055796035","0.002807101055796035"
"48153","0.002807101055796035","0.002807101055796035","0.002807101055796035"
"48157","0.002807101055796035","0.002807101055796035","0.002807101055796035"
"48159","0.002807101055796035","0.002807101055796035","0.002807101055796035"
"48182","0.0028204068124982216","0.0028204068124982216","0.0028204068124982216"
"48194","0.0028204068124982216","0.0028204068124982216","0.0028204068124982216"
"48196","0.0028204068124982216","0.0028204068124982216","0.0028204068124982216"
"48205","0.0028204068124982216","0.0028204068124982216","0.0028204068124982216"
"48212","0.0028204068124982216","0.0028204068124982216","0.0028204068124982216"
"48217","0.0028204068124982216","0.0028204068124982216","0.0028204068124982216"
"48219","0.0028204068124982216","0.0028204068124982216","0.0028204068124982216"
"48222","0.0028204068124982216","0.0028204068124982216","0.0028204068124982216"
"48223","0.0028204068124982216","0.0028204068124982216","0.0028204068124982216"
"48231","0.0028204068124982216","0.0028204068124982216","0.0028204068124982216"
"48235","0.0028204068124982216","0.0028204068124982216","0.0028204068124982216"
"48236","0.0028204068124982216","0.0028204068124982216","0.0028204068124982216"
"48238","0.0028204068124982216","0.0028204068124982216","0.0028204068124982216"
"48240","0.0028204068124982216","0.0028204068124982216","0.0028204068124982216"
"48247","0.0028204068124982216","0.0028204068124982216","0.0028204068124982216"
"48257","0.0028204068124982216","0.0028204068124982216","0.0028204068124982216"
"48260","0.0028204068124982216","0.0028204068124982216","0.0028204068124982216"
"48264","0.0028204068124982216","0.0028204068124982216","0.0028204068124982216"
"48276","0.0028204068124982216","0.0028204068124982216","0.0028204068124982216"
"48283","0.002816352871541658","0.002816352871541658","0.002816352871541658"
"48287","0.00281193460740327","0.00281193460740327","0.00281193460740327"
"48288","0.002811539314178375","0.002811539314178375","0.002811539314178375"
"48289","0.0028097963156122584","0.0028097963156122584","0.0028097963156122584"
"48298","0.00280782396230604","0.00280782396230604","0.00280782396230604"
"48304","0.00280782396230604","0.00280782396230604","0.00280782396230604"
"48305","0.00280782396230604","0.00280782396230604","0.00280782396230604"
"48308","0.00280782396230604","0.00280782396230604","0.00280782396230604"
"48312","0.00280782396230604","0.00280782396230604","0.00280782396230604"
"48318","0.00280782396230604","0.00280782396230604","0.00280782396230604"
"48330","0.00280782396230604","0.00280782396230604","0.00280782396230604"
"48334","0.00280782396230604","0.00280782396230604","0.00280782396230604"
"48335","0.00280782396230604","0.00280782396230604","0.00280782396230604"
"48348","0.00280782396230604","0.00280782396230604","0.00280782396230604"
"48356","0.00280782396230604","0.00280782396230604","0.00280782396230604"
"48362","0.00280782396230604","0.00280782396230604","0.00280782396230604"
"48363","0.00280782396230604","0.00280782396230604","0.00280782396230604"
"48366","0.00280782396230604","0.00280782396230604","0.00280782396230604"
"48369","0.00280782396230604","0.00280782396230604","0.00280782396230604"
"48371","0.00280782396230604","0.00280782396230604","0.00280782396230604"
"48373","0.00280782396230604","0.00280782396230604","0.00280782396230604"
"48386","0.00280782396230604","0.00280782396230604","0.00280782396230604"
"48401","0.002818615268189246","0.002818615268189246","0.002818615268189246"
"48410","0.002818615268189246","0.002818615268189246","0.002818615268189246"
"48424","0.002818615268189246","0.002818615268189246","0.002818615268189246"
"48425","0.002818615268189246","0.002818615268189246","0.002818615268189246"
"48426","0.002818615268189246","0.002818615268189246","0.002818615268189246"
"48427","0.002818615268189246","0.002818615268189246","0.002818615268189246"
"48431","0.002818615268189246","0.002818615268189246","0.002818615268189246"
"48433","0.002818615268189246","0.002818615268189246","0.002818615268189246"
"48434","0.002818615268189246","0.002818615268189246","0.002818615268189246"
"48436","0.002818615268189246","0.002818615268189246","0.002818615268189246"
"48439","0.002818615268189246","0.002818615268189246","0.002818615268189246"
"48446","0.002818615268189246","0.002818615268189246","0.002818615268189246"
"48452","0.002818615268189246","0.002818615268189246","0.002818615268189246"
"48455","0.002818615268189246","0.002818615268189246","0.002818615268189246"
"48466","0.002818615268189246","0.002818615268189246","0.002818615268189246"
"48467","0.002818615268189246","0.002818615268189246","0.002818615268189246"
"48469","0.002818615268189246","0.002818615268189246","0.002818615268189246"
"48470","0.002818615268189246","0.002818615268189246","0.002818615268189246"
"48472","0.002818615268189246","0.002818615268189246","0.002818615268189246"
"48482","0.002818615268189246","0.002818615268189246","0.002818615268189246"
"48486","0.002818615268189246","0.002818615268189246","0.002818615268189246"
"48491","0.002818615268189246","0.002818615268189246","0.002818615268189246"
"48494","0.002818615268189246","0.002818615268189246","0.002818615268189246"
"48497","0.002818615268189246","0.002818615268189246","0.002818615268189246"
"48500","0.002818615268189246","0.002818615268189246","0.002818615268189246"
"48503","0.0028150087094107644","0.0028150087094107644","0.0028150087094107644"
"48509","0.002808001919510807","0.002808001919510807","0.002808001919510807"
"48514","0.002807429029270239","0.002807429029270239","0.002807429029270239"
"48529","0.002807429029270239","0.002807429029270239","0.002807429029270239"
"48530","0.002807429029270239","0.002807429029270239","0.002807429029270239"
"48535","0.002807429029270239","0.002807429029270239","0.002807429029270239"
"48537","0.002807429029270239","0.002807429029270239","0.002807429029270239"
"48546","0.002807429029270239","0.002807429029270239","0.002807429029270239"
"48553","0.002807429029270239","0.002807429029270239","0.002807429029270239"
"48554","0.002807429029270239","0.002807429029270239","0.002807429029270239"
"48567","0.002807429029270239","0.002807429029270239","0.002807429029270239"
"48572","0.002807429029270239","0.002807429029270239","0.002807429029270239"
"48581","0.002807429029270239","0.002807429029270239","0.002807429029270239"
"48584","0.002807429029270239","0.002807429029270239","0.002807429029270239"
"48585","0.002807429029270239","0.002807429029270239","0.002807429029270239"
"48592","0.002807429029270239","0.002807429029270239","0.002807429029270239"
"48620","0.00279540092811584","0.00279540092811584","0.00279540092811584"
"48627","0.00279540092811584","0.00279540092811584","0.00279540092811584"
"48633","0.00279540092811584","0.00279540092811584","0.00279540092811584"
"48640","0.00279540092811584","0.00279540092811584","0.00279540092811584"
"48668","0.00279540092811584","0.00279540092811584","0.00279540092811584"
"48689","0.00279540092811584","0.00279540092811584","0.00279540092811584"
"48703","0.00279540092811584","0.00279540092811584","0.00279540092811584"
"48715","0.00279540092811584","0.00279540092811584","0.00279540092811584"
"48720","0.00279540092811584","0.00279540092811584","0.00279540092811584"
"48731","0.0027866271101280623","0.0027866271101280623","0.0027866271101280623"
"48749","0.0027866271101280623","0.0027866271101280623","0.0027866271101280623"
"48751","0.0027866271101280623","0.0027866271101280623","0.0027866271101280623"
"48752","0.0027866271101280623","0.0027866271101280623","0.0027866271101280623"
"48758","0.0027866271101280623","0.0027866271101280623","0.0027866271101280623"
"48769","0.0027866271101280623","0.0027866271101280623","0.0027866271101280623"
"48772","0.0027866271101280623","0.0027866271101280623","0.0027866271101280623"
"48778","0.0027866271101280623","0.0027866271101280623","0.0027866271101280623"
"48787","0.0027866271101280623","0.0027866271101280623","0.0027866271101280623"
"48794","0.0027866271101280623","0.0027866271101280623","0.0027866271101280623"
"48800","0.0027866271101280623","0.0027866271101280623","0.0027866271101280623"
"48801","0.0027866271101280623","0.0027866271101280623","0.0027866271101280623"
"48806","0.0027866271101280623","0.0027866271101280623","0.0027866271101280623"
"48808","0.0027866271101280623","0.0027866271101280623","0.0027866271101280623"
"48815","0.0027866271101280623","0.0027866271101280623","0.0027866271101280623"
"48816","0.0027866271101280623","0.0027866271101280623","0.0027866271101280623"
"48822","0.0027866271101280623","0.0027866271101280623","0.0027866271101280623"
"48837","0.0027952124734777406","0.0027952124734777406","0.0027952124734777406"
"48840","0.002797922671445177","0.002797922671445177","0.002797922671445177"
"48842","0.002797922671445177","0.002797922671445177","0.002797922671445177"
"48845","0.002797922671445177","0.002797922671445177","0.002797922671445177"
"48846","0.002797922671445177","0.002797922671445177","0.002797922671445177"
"48848","0.002797922671445177","0.002797922671445177","0.002797922671445177"
"48850","0.002797922671445177","0.002797922671445177","0.002797922671445177"
"48854","0.002797922671445177","0.002797922671445177","0.002797922671445177"
"48856","0.002797922671445177","0.002797922671445177","0.002797922671445177"
"48857","0.002797922671445177","0.002797922671445177","0.002797922671445177"
"48860","0.002797922671445177","0.002797922671445177","0.002797922671445177"
"48863","0.002797922671445177","0.002797922671445177","0.002797922671445177"
"48871","0.002797922671445177","0.002797922671445177","0.002797922671445177"
"48873","0.002797922671445177","0.002797922671445177","0.002797922671445177"
"48877","0.002797922671445177","0.002797922671445177","0.002797922671445177"
"48884","0.002797922671445177","0.002797922671445177","0.002797922671445177"
"48888","0.002797922671445177","0.002797922671445177","0.002797922671445177"
"48891","0.002797922671445177","0.002797922671445177","0.002797922671445177"
"48892","0.002797922671445177","0.002797922671445177","0.002797922671445177"
"48911","0.002797922671445177","0.002797922671445177","0.002797922671445177"
"48913","0.002797922671445177","0.002797922671445177","0.002797922671445177"
"48915","0.002797922671445177","0.002797922671445177","0.002797922671445177"
"48916","0.002797922671445177","0.002797922671445177","0.002797922671445177"
"48923","0.002797922671445177","0.002797922671445177","0.002797922671445177"
"48935","0.002797922671445177","0.002797922671445177","0.002797922671445177"
"48950","0.002807171213442755","0.002807171213442755","0.002807171213442755"
"48952","0.002807171213442755","0.002807171213442755","0.002807171213442755"
"48955","0.002807171213442755","0.002807171213442755","0.002807171213442755"
"48956","0.002807171213442755","0.002807171213442755","0.002807171213442755"
"48964","0.002807171213442755","0.002807171213442755","0.002807171213442755"
"48972","0.002807171213442755","0.002807171213442755","0.002807171213442755"
"48980","0.002807171213442755","0.002807171213442755","0.002807171213442755"
"48986","0.002807171213442755","0.002807171213442755","0.002807171213442755"
"48992","0.002807171213442755","0.002807171213442755","0.002807171213442755"
"48998","0.002807171213442755","0.002807171213442755","0.002807171213442755"
"48999","0.002807171213442755","0.002807171213442755","0.002807171213442755"
"49004","0.002807171213442755","0.002807171213442755","0.002807171213442755"
"49007","0.002807171213442755","0.002807171213442755","0.002807171213442755"
"49017","0.002807171213442755","0.002807171213442755","0.002807171213442755"
"49022","0.002807171213442755","0.002807171213442755","0.002807171213442755"
"49024","0.002807171213442755","0.002807171213442755","0.002807171213442755"
"49034","0.002807171213442755","0.002807171213442755","0.002807171213442755"
"49036","0.002807171213442755","0.002807171213442755","0.002807171213442755"
"49057","0.002814262370044307","0.002814262370044307","0.002814262370044307"
"49062","0.0028168212161995645","0.0028168212161995645","0.0028168212161995645"
"49064","0.0028168212161995645","0.0028168212161995645","0.0028168212161995645"
"49079","0.0028168212161995645","0.0028168212161995645","0.0028168212161995645"
"49089","0.0028168212161995645","0.0028168212161995645","0.0028168212161995645"
"49105","0.0028168212161995645","0.0028168212161995645","0.0028168212161995645"
"49109","0.0028168212161995645","0.0028168212161995645","0.0028168212161995645"
"49115","0.0028168212161995645","0.0028168212161995645","0.0028168212161995645"
"49128","0.0028168212161995645","0.0028168212161995645","0.0028168212161995645"
"49133","0.0028168212161995645","0.0028168212161995645","0.0028168212161995645"
"49135","0.0028168212161995645","0.0028168212161995645","0.0028168212161995645"
"49143","0.0028168212161995645","0.0028168212161995645","0.0028168212161995645"
"49144","0.0028168212161995645","0.0028168212161995645","0.0028168212161995645"
"49146","0.0028168212161995645","0.0028168212161995645","0.0028168212161995645"
"49148","0.0028168212161995645","0.0028168212161995645","0.0028168212161995645"
"49156","0.0028168212161995645","0.0028168212161995645","0.0028168212161995645"
"49160","0.0028168212161995645","0.0028168212161995645","0.0028168212161995645"
"49164","0.00281095590296657","0.00281095590296657","0.00281095590296657"
"49167","0.0028071014956029517","0.0028071014956029517","0.0028071014956029517"
"49168","0.0028055639669135064","0.0028055639669135064","0.0028055639669135064"
"49171","0.0028024545321763783","0.0028024545321763783","0.0028024545321763783"
"49172","0.0028024545321763783","0.0028024545321763783","0.0028024545321763783"
"49179","0.0028024545321763783","0.0028024545321763783","0.0028024545321763783"
"49180","0.0028024545321763783","0.0028024545321763783","0.0028024545321763783"
"49181","0.0028024545321763783","0.0028024545321763783","0.0028024545321763783"
"49183","0.0028024545321763783","0.0028024545321763783","0.0028024545321763783"
"49185","0.0028024545321763783","0.0028024545321763783","0.0028024545321763783"
"49186","0.0028024545321763783","0.0028024545321763783","0.0028024545321763783"
"49187","0.0028024545321763783","0.0028024545321763783","0.0028024545321763783"
"49213","0.0028024545321763783","0.0028024545321763783","0.0028024545321763783"
"49214","0.0028024545321763783","0.0028024545321763783","0.0028024545321763783"
"49224","0.0028024545321763783","0.0028024545321763783","0.0028024545321763783"
"49228","0.0028024545321763783","0.0028024545321763783","0.0028024545321763783"
"49236","0.0028024545321763783","0.0028024545321763783","0.0028024545321763783"
"49246","0.0028024545321763783","0.0028024545321763783","0.0028024545321763783"
"49251","0.0028024545321763783","0.0028024545321763783","0.0028024545321763783"
"49259","0.0028024545321763783","0.0028024545321763783","0.0028024545321763783"
"49268","0.0028024545321763783","0.0028024545321763783","0.0028024545321763783"
"49271","0.0028014010838134924","0.0028014010838134924","0.0028014010838134924"
"49272","0.0028004016019225735","0.0028004016019225735","0.0028004016019225735"
"49279","0.002788770649767972","0.002788770649767972","0.002788770649767972"
"49282","0.002787534495975346","0.002787534495975346","0.002787534495975346"
"49283","0.002787534495975346","0.002787534495975346","0.002787534495975346"
"49286","0.002787534495975346","0.002787534495975346","0.002787534495975346"
"49290","0.002787534495975346","0.002787534495975346","0.002787534495975346"
"49301","0.002787534495975346","0.002787534495975346","0.002787534495975346"
"49305","0.002787534495975346","0.002787534495975346","0.002787534495975346"
"49306","0.002787534495975346","0.002787534495975346","0.002787534495975346"
"49310","0.002787534495975346","0.002787534495975346","0.002787534495975346"
"49315","0.002787534495975346","0.002787534495975346","0.002787534495975346"
"49325","0.002787534495975346","0.002787534495975346","0.002787534495975346"
"49338","0.002787534495975346","0.002787534495975346","0.002787534495975346"
"49344","0.002787534495975346","0.002787534495975346","0.002787534495975346"
"49350","0.002787534495975346","0.002787534495975346","0.002787534495975346"
"49359","0.002787534495975346","0.002787534495975346","0.002787534495975346"
"49362","0.002787534495975346","0.002787534495975346","0.002787534495975346"
"49371","0.002787534495975346","0.002787534495975346","0.002787534495975346"
"49396","0.0028001573888853703","0.0028001573888853703","0.0028001573888853703"
"49400","0.0028001573888853703","0.0028001573888853703","0.0028001573888853703"
"49401","0.0028001573888853703","0.0028001573888853703","0.0028001573888853703"
"49402","0.0028001573888853703","0.0028001573888853703","0.0028001573888853703"
"49407","0.0028001573888853703","0.0028001573888853703","0.0028001573888853703"
"49416","0.0028001573888853703","0.0028001573888853703","0.0028001573888853703"
"49419","0.0028001573888853703","0.0028001573888853703","0.0028001573888853703"
"49438","0.0028001573888853703","0.0028001573888853703","0.0028001573888853703"
"49453","0.0028001573888853703","0.0028001573888853703","0.0028001573888853703"
"49456","0.0028001573888853703","0.0028001573888853703","0.0028001573888853703"
"49479","0.0028001573888853703","0.0028001573888853703","0.0028001573888853703"
"49481","0.0028001573888853703","0.0028001573888853703","0.0028001573888853703"
"49482","0.0028001573888853703","0.0028001573888853703","0.0028001573888853703"
"49487","0.0028001573888853703","0.0028001573888853703","0.0028001573888853703"
"49491","0.0027991341571646923","0.0027991341571646923","0.0027991341571646923"
"49496","0.0027933514959856305","0.0027933514959856305","0.0027933514959856305"
"49498","0.00279197300520032","0.00279197300520032","0.00279197300520032"
"49500","0.0027894695365729308","0.0027894695365729308","0.0027894695365729308"
"49503","0.0027894695365729308","0.0027894695365729308","0.0027894695365729308"
"49520","0.0027894695365729308","0.0027894695365729308","0.0027894695365729308"
"49528","0.0027894695365729308","0.0027894695365729308","0.0027894695365729308"
"49532","0.0027894695365729308","0.0027894695365729308","0.0027894695365729308"
"49534","0.0027894695365729308","0.0027894695365729308","0.0027894695365729308"
"49536","0.0027894695365729308","0.0027894695365729308","0.0027894695365729308"
"49537","0.0027894695365729308","0.0027894695365729308","0.0027894695365729308"
"49550","0.0027894695365729308","0.0027894695365729308","0.0027894695365729308"
"49556","0.0027894695365729308","0.0027894695365729308","0.0027894695365729308"
"49558","0.0027894695365729308","0.0027894695365729308","0.0027894695365729308"
"49563","0.0027894695365729308","0.0027894695365729308","0.0027894695365729308"
"49568","0.0027894695365729308","0.0027894695365729308","0.0027894695365729308"
"49570","0.0027894695365729308","0.0027894695365729308","0.0027894695365729308"
"49573","0.0027894695365729308","0.0027894695365729308","0.0027894695365729308"
"49576","0.0027894695365729308","0.0027894695365729308","0.0027894695365729308"
"49577","0.0027894695365729308","0.0027894695365729308","0.0027894695365729308"
"49583","0.0027894695365729308","0.0027894695365729308","0.0027894695365729308"
"49592","0.0027894695365729308","0.0027894695365729308","0.0027894695365729308"
"49596","0.0027894695365729308","0.0027894695365729308","0.0027894695365729308"
"49597","0.0027894695365729308","0.0027894695365729308","0.0027894695365729308"
"49604","0.0027853863753537203","0.0027853863753537203","0.0027853863753537203"
"49612","0.0027789616812228493","0.0027789616812228493","0.0027789616812228493"
"49616","0.0027789616812228493","0.0027789616812228493","0.0027789616812228493"
"49621","0.0027789616812228493","0.0027789616812228493","0.0027789616812228493"
"49634","0.0027789616812228493","0.0027789616812228493","0.0027789616812228493"
"49644","0.0027789616812228493","0.0027789616812228493","0.0027789616812228493"
"49645","0.0027789616812228493","0.0027789616812228493","0.0027789616812228493"
"49655","0.0027789616812228493","0.0027789616812228493","0.0027789616812228493"
"49656","0.0027789616812228493","0.0027789616812228493","0.0027789616812228493"
"49668","0.0027789616812228493","0.0027789616812228493","0.0027789616812228493"
"49672","0.0027789616812228493","0.0027789616812228493","0.0027789616812228493"
"49676","0.0027789616812228493","0.0027789616812228493","0.0027789616812228493"
"49684","0.0027789616812228493","0.0027789616812228493","0.0027789616812228493"
"49691","0.0027789616812228493","0.0027789616812228493","0.0027789616812228493"
"49695","0.0027789616812228493","0.0027789616812228493","0.0027789616812228493"
"49701","0.0027789616812228493","0.0027789616812228493","0.0027789616812228493"
"49702","0.0027789616812228493","0.0027789616812228493","0.0027789616812228493"
"49722","0.0027848363762097653","0.0027848363762097653","0.0027848363762097653"
"49725","0.0027848363762097653","0.0027848363762097653","0.0027848363762097653"
"49726","0.0027848363762097653","0.0027848363762097653","0.0027848363762097653"
"49727","0.0027848363762097653","0.0027848363762097653","0.0027848363762097653"
"49729","0.0027848363762097653","0.0027848363762097653","0.0027848363762097653"
"49733","0.0027848363762097653","0.0027848363762097653","0.0027848363762097653"
"49741","0.0027848363762097653","0.0027848363762097653","0.0027848363762097653"
"49748","0.0027848363762097653","0.0027848363762097653","0.0027848363762097653"
"49760","0.0027848363762097653","0.0027848363762097653","0.0027848363762097653"
"49765","0.0027848363762097653","0.0027848363762097653","0.0027848363762097653"
"49767","0.0027848363762097653","0.0027848363762097653","0.0027848363762097653"
"49777","0.0027848363762097653","0.0027848363762097653","0.0027848363762097653"
"49780","0.0027848363762097653","0.0027848363762097653","0.0027848363762097653"
"49784","0.0027848363762097653","0.0027848363762097653","0.0027848363762097653"
"49785","0.0027848363762097653","0.0027848363762097653","0.0027848363762097653"
"49792","0.0027848363762097653","0.0027848363762097653","0.0027848363762097653"
"49810","0.0027848363762097653","0.0027848363762097653","0.0027848363762097653"
"49814","0.0027848363762097653","0.0027848363762097653","0.0027848363762097653"
"49823","0.0027882602596787957","0.0027882602596787957","0.0027882602596787957"
"49824","0.002788649033632908","0.002788649033632908","0.002788649033632908"
"49828","0.00279377983425654","0.00279377983425654","0.00279377983425654"
"49833","0.0027959050636974913","0.0027959050636974913","0.0027959050636974913"
"49834","0.0027959050636974913","0.0027959050636974913","0.0027959050636974913"
"49843","0.0027959050636974913","0.0027959050636974913","0.0027959050636974913"
"49847","0.0027959050636974913","0.0027959050636974913","0.0027959050636974913"
"49850","0.0027959050636974913","0.0027959050636974913","0.0027959050636974913"
"49861","0.0027959050636974913","0.0027959050636974913","0.0027959050636974913"
"49867","0.0027959050636974913","0.0027959050636974913","0.0027959050636974913"
"49868","0.0027959050636974913","0.0027959050636974913","0.0027959050636974913"
"49881","0.0027959050636974913","0.0027959050636974913","0.0027959050636974913"
"49882","0.0027959050636974913","0.0027959050636974913","0.0027959050636974913"
"49892","0.0027959050636974913","0.0027959050636974913","0.0027959050636974913"
"49894","0.0027959050636974913","0.0027959050636974913","0.0027959050636974913"
"49895","0.0027959050636974913","0.0027959050636974913","0.0027959050636974913"
"49902","0.0027959050636974913","0.0027959050636974913","0.0027959050636974913"
"49909","0.0027959050636974913","0.0027959050636974913","0.0027959050636974913"
"49915","0.0027959050636974913","0.0027959050636974913","0.0027959050636974913"
"49923","0.0027959050636974913","0.0027959050636974913","0.0027959050636974913"
"49940","0.002807562033234902","0.002807562033234902","0.002807562033234902"
"49943","0.002807562033234902","0.002807562033234902","0.002807562033234902"
"49951","0.002807562033234902","0.002807562033234902","0.002807562033234902"
"49954","0.002807562033234902","0.002807562033234902","0.002807562033234902"
"49955","0.002807562033234902","0.002807562033234902","0.002807562033234902"
"49960","0.002807562033234902","0.002807562033234902","0.002807562033234902"
"49962","0.002807562033234902","0.002807562033234902","0.002807562033234902"
"49969","0.002807562033234902","0.002807562033234902","0.002807562033234902"
"49971","0.002807562033234902","0.002807562033234902","0.002807562033234902"
"49980","0.002807562033234902","0.002807562033234902","0.002807562033234902"
"49982","0.002807562033234902","0.002807562033234902","0.002807562033234902"
"49984","0.002807562033234902","0.002807562033234902","0.002807562033234902"
"49987","0.002807562033234902","0.002807562033234902","0.002807562033234902"
"49991","0.002807562033234902","0.002807562033234902","0.002807562033234902"
"49992","0.002807562033234902","0.002807562033234902","0.002807562033234902"
"49993","0.002807562033234902","0.002807562033234902","0.002807562033234902"
"50004","0.002807562033234902","0.002807562033234902","0.002807562033234902"
"50014","0.002807562033234902","0.002807562033234902","0.002807562033234902"
"50021","0.002807562033234902","0.002807562033234902","0.002807562033234902"
"50045","0.002801375395991279","0.002801375395991279","0.002801375395991279"
"50053","0.0027966907052974547","0.0027966907052974547","0.0027966907052974547"
"50061","0.0027966907052974547","0.0027966907052974547","0.0027966907052974547"
"50064","0.0027966907052974547","0.0027966907052974547","0.0027966907052974547"
"50073","0.0027966907052974547","0.0027966907052974547","0.0027966907052974547"
"50075","0.0027966907052974547","0.0027966907052974547","0.0027966907052974547"
"50081","0.0027966907052974547","0.0027966907052974547","0.0027966907052974547"
"50083","0.0027966907052974547","0.0027966907052974547","0.0027966907052974547"
"50085","0.0027966907052974547","0.0027966907052974547","0.0027966907052974547"
"50087","0.0027966907052974547","0.0027966907052974547","0.0027966907052974547"
"50091","0.0027966907052974547","0.0027966907052974547","0.0027966907052974547"
"50099","0.0027966907052974547","0.0027966907052974547","0.0027966907052974547"
"50112","0.0027966907052974547","0.0027966907052974547","0.0027966907052974547"
"50118","0.0027966907052974547","0.0027966907052974547","0.0027966907052974547"
"50121","0.0027966907052974547","0.0027966907052974547","0.0027966907052974547"
"50128","0.0027966907052974547","0.0027966907052974547","0.0027966907052974547"
"50139","0.0027966907052974547","0.0027966907052974547","0.0027966907052974547"
"50143","0.0027966907052974547","0.0027966907052974547","0.0027966907052974547"
"50151","0.0027977938275847206","0.0027977938275847206","0.0027977938275847206"
"50161","0.0028082854896183543","0.0028082854896183543","0.0028082854896183543"
"50170","0.0028082854896183543","0.0028082854896183543","0.0028082854896183543"
"50178","0.0028082854896183543","0.0028082854896183543","0.0028082854896183543"
"50179","0.0028082854896183543","0.0028082854896183543","0.0028082854896183543"
"50188","0.0028082854896183543","0.0028082854896183543","0.0028082854896183543"
"50201","0.0028082854896183543","0.0028082854896183543","0.0028082854896183543"
"50205","0.0028082854896183543","0.0028082854896183543","0.0028082854896183543"
"50209","0.0028082854896183543","0.0028082854896183543","0.0028082854896183543"
"50213","0.0028082854896183543","0.0028082854896183543","0.0028082854896183543"
"50220","0.0028082854896183543","0.0028082854896183543","0.0028082854896183543"
"50226","0.0028082854896183543","0.0028082854896183543","0.0028082854896183543"
"50244","0.0028082854896183543","0.0028082854896183543","0.0028082854896183543"
"50246","0.0028082854896183543","0.0028082854896183543","0.0028082854896183543"
"50257","0.0028082854896183543","0.0028082854896183543","0.0028082854896183543"
"50265","0.002802389366180863","0.002802389366180863","0.002802389366180863"
"50275","0.002798459045002281","0.002798459045002281","0.002798459045002281"
"50282","0.002798459045002281","0.002798459045002281","0.002798459045002281"
"50287","0.002798459045002281","0.002798459045002281","0.002798459045002281"
"50296","0.002798459045002281","0.002798459045002281","0.002798459045002281"
"50298","0.002798459045002281","0.002798459045002281","0.002798459045002281"
"50306","0.002798459045002281","0.002798459045002281","0.002798459045002281"
"50326","0.002798459045002281","0.002798459045002281","0.002798459045002281"
"50337","0.002798459045002281","0.002798459045002281","0.002798459045002281"
"50341","0.002798459045002281","0.002798459045002281","0.002798459045002281"
"50343","0.002798459045002281","0.002798459045002281","0.002798459045002281"
"50351","0.002798459045002281","0.002798459045002281","0.002798459045002281"
"50354","0.002798459045002281","0.002798459045002281","0.002798459045002281"
"50356","0.002798459045002281","0.002798459045002281","0.002798459045002281"
"50358","0.002798459045002281","0.002798459045002281","0.002798459045002281"
"50365","0.002798459045002281","0.002798459045002281","0.002798459045002281"
"50374","0.002802588964691281","0.002802588964691281","0.002802588964691281"
"50375","0.002803412886022432","0.002803412886022432","0.002803412886022432"
"50386","0.002810227970311063","0.002810227970311063","0.002810227970311063"
"50388","0.002810227970311063","0.002810227970311063","0.002810227970311063"
"50395","0.002810227970311063","0.002810227970311063","0.002810227970311063"
"50400","0.002810227970311063","0.002810227970311063","0.002810227970311063"
"50410","0.002810227970311063","0.002810227970311063","0.002810227970311063"
"50423","0.002810227970311063","0.002810227970311063","0.002810227970311063"
"50427","0.002810227970311063","0.002810227970311063","0.002810227970311063"
"50431","0.002810227970311063","0.002810227970311063","0.002810227970311063"
"50435","0.002810227970311063","0.002810227970311063","0.002810227970311063"
"50440","0.002810227970311063","0.002810227970311063","0.002810227970311063"
"50443","0.002810227970311063","0.002810227970311063","0.002810227970311063"
"50446","0.002810227970311063","0.002810227970311063","0.002810227970311063"
"50458","0.002810227970311063","0.002810227970311063","0.002810227970311063"
"50459","0.002810227970311063","0.002810227970311063","0.002810227970311063"
"50466","0.002810227970311063","0.002810227970311063","0.002810227970311063"
"50481","0.0028088301070452403","0.0028088301070452403","0.0028088301070452403"
"50492","0.002795266784752295","0.002795266784752295","0.002795266784752295"
"50510","0.002795266784752295","0.002795266784752295","0.002795266784752295"
"50511","0.002795266784752295","0.002795266784752295","0.002795266784752295"
"50531","0.002795266784752295","0.002795266784752295","0.002795266784752295"
"50539","0.002795266784752295","0.002795266784752295","0.002795266784752295"
"50553","0.002795266784752295","0.002795266784752295","0.002795266784752295"
"50570","0.002795266784752295","0.002795266784752295","0.002795266784752295"
"50574","0.002795266784752295","0.002795266784752295","0.002795266784752295"
"50575","0.002795266784752295","0.002795266784752295","0.002795266784752295"
"50578","0.002795266784752295","0.002795266784752295","0.002795266784752295"
"50581","0.002795266784752295","0.002795266784752295","0.002795266784752295"
"50583","0.002795266784752295","0.002795266784752295","0.002795266784752295"
"50586","0.002795266784752295","0.002795266784752295","0.002795266784752295"
"50587","0.002795266784752295","0.002795266784752295","0.002795266784752295"
"50602","0.0028066455216422684","0.0028066455216422684","0.0028066455216422684"
"50612","0.0028066455216422684","0.0028066455216422684","0.0028066455216422684"
"50614","0.0028066455216422684","0.0028066455216422684","0.0028066455216422684"
"50615","0.0028066455216422684","0.0028066455216422684","0.0028066455216422684"
"50621","0.0028066455216422684","0.0028066455216422684","0.0028066455216422684"
"50622","0.0028066455216422684","0.0028066455216422684","0.0028066455216422684"
"50624","0.0028066455216422684","0.0028066455216422684","0.0028066455216422684"
"50627","0.0028066455216422684","0.0028066455216422684","0.0028066455216422684"
"50640","0.0028066455216422684","0.0028066455216422684","0.0028066455216422684"
"50641","0.0028066455216422684","0.0028066455216422684","0.0028066455216422684"
"50642","0.0028066455216422684","0.0028066455216422684","0.0028066455216422684"
"50643","0.0028066455216422684","0.0028066455216422684","0.0028066455216422684"
"50658","0.0028066455216422684","0.0028066455216422684","0.0028066455216422684"
"50664","0.0028066455216422684","0.0028066455216422684","0.0028066455216422684"
"50665","0.0028066455216422684","0.0028066455216422684","0.0028066455216422684"
"50669","0.0028066455216422684","0.0028066455216422684","0.0028066455216422684"
"50672","0.0028066455216422684","0.0028066455216422684","0.0028066455216422684"
"50673","0.0028066455216422684","0.0028066455216422684","0.0028066455216422684"
"50675","0.0028066455216422684","0.0028066455216422684","0.0028066455216422684"
"50677","0.0028066455216422684","0.0028066455216422684","0.0028066455216422684"
"50680","0.0028066455216422684","0.0028066455216422684","0.0028066455216422684"
"50681","0.0028066455216422684","0.0028066455216422684","0.0028066455216422684"
"50692","0.0028066455216422684","0.0028066455216422684","0.0028066455216422684"
"50697","0.0028066455216422684","0.0028066455216422684","0.0028066455216422684"
"50706","0.0028141183045430856","0.0028141183045430856","0.0028141183045430856"
"50709","0.002818151397235812","0.002818151397235812","0.002818151397235812"
"50722","0.0028188061101963122","0.0028188061101963122","0.0028188061101963122"
"50723","0.0028188061101963122","0.0028188061101963122","0.0028188061101963122"
"50728","0.0028188061101963122","0.0028188061101963122","0.0028188061101963122"
"50733","0.0028188061101963122","0.0028188061101963122","0.0028188061101963122"
"50734","0.0028188061101963122","0.0028188061101963122","0.0028188061101963122"
"50742","0.0028188061101963122","0.0028188061101963122","0.0028188061101963122"
"50750","0.0028188061101963122","0.0028188061101963122","0.0028188061101963122"
"50755","0.0028188061101963122","0.0028188061101963122","0.0028188061101963122"
"50760","0.0028188061101963122","0.0028188061101963122","0.0028188061101963122"
"50765","0.0028188061101963122","0.0028188061101963122","0.0028188061101963122"
"50770","0.0028188061101963122","0.0028188061101963122","0.0028188061101963122"
"50790","0.0028188061101963122","0.0028188061101963122","0.0028188061101963122"
"50806","0.0028188061101963122","0.0028188061101963122","0.0028188061101963122"
"50807","0.0028188061101963122","0.0028188061101963122","0.0028188061101963122"
"50809","0.0028188061101963122","0.0028188061101963122","0.0028188061101963122"
"50813","0.002823757620256215","0.002823757620256215","0.002823757620256215"
"50819","0.0028324471749403097","0.0028324471749403097","0.0028324471749403097"
"50827","0.0028344486562719043","0.0028344486562719043","0.0028344486562719043"
"50842","0.0028344486562719043","0.0028344486562719043","0.0028344486562719043"
"50843","0.0028344486562719043","0.0028344486562719043","0.0028344486562719043"
"50869","0.0028344486562719043","0.0028344486562719043","0.0028344486562719043"
"50874","0.0028344486562719043","0.0028344486562719043","0.0028344486562719043"
"50875","0.0028344486562719043","0.0028344486562719043","0.0028344486562719043"
"50881","0.0028344486562719043","0.0028344486562719043","0.0028344486562719043"
"50889","0.0028344486562719043","0.0028344486562719043","0.0028344486562719043"
"50892","0.0028344486562719043","0.0028344486562719043","0.0028344486562719043"
"50894","0.0028344486562719043","0.0028344486562719043","0.0028344486562719043"
"50900","0.0028344486562719043","0.0028344486562719043","0.0028344486562719043"
"50914","0.0028344486562719043","0.0028344486562719043","0.0028344486562719043"
"50916","0.0028344486562719043","0.0028344486562719043","0.0028344486562719043"
"50917","0.0028344486562719043","0.0028344486562719043","0.0028344486562719043"
"50919","0.0028344486562719043","0.0028344486562719043","0.0028344486562719043"
"50930","0.0028345201058364647","0.0028345201058364647","0.0028345201058364647"
"50938","0.0028345201058364647","0.0028345201058364647","0.0028345201058364647"
"50940","0.0028345201058364647","0.0028345201058364647","0.0028345201058364647"
"50943","0.0028345201058364647","0.0028345201058364647","0.0028345201058364647"
"50946","0.0028345201058364647","0.0028345201058364647","0.0028345201058364647"
"50951","0.0028345201058364647","0.0028345201058364647","0.0028345201058364647"
"50961","0.0028345201058364647","0.0028345201058364647","0.0028345201058364647"
"50962","0.0028345201058364647","0.0028345201058364647","0.0028345201058364647"
"50979","0.0028345201058364647","0.0028345201058364647","0.0028345201058364647"
"50980","0.0028345201058364647","0.0028345201058364647","0.0028345201058364647"
"50987","0.0028345201058364647","0.0028345201058364647","0.0028345201058364647"
"50989","0.0028345201058364647","0.0028345201058364647","0.0028345201058364647"
"50990","0.0028345201058364647","0.0028345201058364647","0.0028345201058364647"
"50991","0.0028345201058364647","0.0028345201058364647","0.0028345201058364647"
"51001","0.0028345201058364647","0.0028345201058364647","0.0028345201058364647"
"51006","0.0028345201058364647","0.0028345201058364647","0.0028345201058364647"
"51010","0.0028345201058364647","0.0028345201058364647","0.0028345201058364647"
"51024","0.0028345201058364647","0.0028345201058364647","0.0028345201058364647"
"51026","0.0028345201058364647","0.0028345201058364647","0.0028345201058364647"
"51028","0.0028345201058364647","0.0028345201058364647","0.0028345201058364647"
"51031","0.002833288224095343","0.002833288224095343","0.002833288224095343"
"51042","0.0028212324407285326","0.0028212324407285326","0.0028212324407285326"
"51049","0.0028212324407285326","0.0028212324407285326","0.0028212324407285326"
"51060","0.0028212324407285326","0.0028212324407285326","0.0028212324407285326"
"51062","0.0028212324407285326","0.0028212324407285326","0.0028212324407285326"
"51068","0.0028212324407285326","0.0028212324407285326","0.0028212324407285326"
"51077","0.0028212324407285326","0.0028212324407285326","0.0028212324407285326"
"51081","0.0028212324407285326","0.0028212324407285326","0.0028212324407285326"
"51093","0.0028212324407285326","0.0028212324407285326","0.0028212324407285326"
"51104","0.0028212324407285326","0.0028212324407285326","0.0028212324407285326"
"51106","0.0028212324407285326","0.0028212324407285326","0.0028212324407285326"
"51112","0.0028212324407285326","0.0028212324407285326","0.0028212324407285326"
"51113","0.0028212324407285326","0.0028212324407285326","0.0028212324407285326"
"51118","0.0028212324407285326","0.0028212324407285326","0.0028212324407285326"
"51119","0.0028212324407285326","0.0028212324407285326","0.0028212324407285326"
"51123","0.0028212324407285326","0.0028212324407285326","0.0028212324407285326"
"51130","0.0028212324407285326","0.0028212324407285326","0.0028212324407285326"
"51133","0.0028212324407285326","0.0028212324407285326","0.0028212324407285326"
"51145","0.0028183650919163723","0.0028183650919163723","0.0028183650919163723"
"51146","0.002817641285415839","0.002817641285415839","0.002817641285415839"
"51149","0.0028118814312828883","0.0028118814312828883","0.0028118814312828883"
"51154","0.002811758087024905","0.002811758087024905","0.002811758087024905"
"51157","0.002811758087024905","0.002811758087024905","0.002811758087024905"
"51164","0.002811758087024905","0.002811758087024905","0.002811758087024905"
"51166","0.002811758087024905","0.002811758087024905","0.002811758087024905"
"51179","0.002811758087024905","0.002811758087024905","0.002811758087024905"
"51187","0.002811758087024905","0.002811758087024905","0.002811758087024905"
"51188","0.002811758087024905","0.002811758087024905","0.002811758087024905"
"51194","0.002811758087024905","0.002811758087024905","0.002811758087024905"
"51215","0.002811758087024905","0.002811758087024905","0.002811758087024905"
"51221","0.002811758087024905","0.002811758087024905","0.002811758087024905"
"51239","0.002811758087024905","0.002811758087024905","0.002811758087024905"
"51248","0.002811758087024905","0.002811758087024905","0.002811758087024905"
"51249","0.002811758087024905","0.002811758087024905","0.002811758087024905"
"51250","0.002811758087024905","0.002811758087024905","0.002811758087024905"
"51251","0.0028101744165172347","0.0028101744165172347","0.0028101744165172347"
"51252","0.0028087756888121526","0.0028087756888121526","0.0028087756888121526"
"51262","0.002799900094915916","0.002799900094915916","0.002799900094915916"
"51267","0.002799900094915916","0.002799900094915916","0.002799900094915916"
"51268","0.002799900094915916","0.002799900094915916","0.002799900094915916"
"51279","0.002799900094915916","0.002799900094915916","0.002799900094915916"
"51281","0.002799900094915916","0.002799900094915916","0.002799900094915916"
"51282","0.002799900094915916","0.002799900094915916","0.002799900094915916"
"51283","0.002799900094915916","0.002799900094915916","0.002799900094915916"
"51284","0.002799900094915916","0.002799900094915916","0.002799900094915916"
"51289","0.002799900094915916","0.002799900094915916","0.002799900094915916"
"51291","0.002799900094915916","0.002799900094915916","0.002799900094915916"
"51306","0.002799900094915916","0.002799900094915916","0.002799900094915916"
"51308","0.002799900094915916","0.002799900094915916","0.002799900094915916"
"51313","0.002799900094915916","0.002799900094915916","0.002799900094915916"
"51331","0.002799900094915916","0.002799900094915916","0.002799900094915916"
"51334","0.002799900094915916","0.002799900094915916","0.002799900094915916"
"51350","0.002799900094915916","0.002799900094915916","0.002799900094915916"
"51352","0.002799900094915916","0.002799900094915916","0.002799900094915916"
"51353","0.002799900094915916","0.002799900094915916","0.002799900094915916"
"51354","0.002799900094915916","0.002799900094915916","0.002799900094915916"
"51365","0.0027944077873679448","0.0027944077873679448","0.0027944077873679448"
"51369","0.0027905012794998004","0.0027905012794998004","0.0027905012794998004"
"51379","0.0027902303372704957","0.0027902303372704957","0.0027902303372704957"
"51393","0.0027902303372704957","0.0027902303372704957","0.0027902303372704957"
"51394","0.0027902303372704957","0.0027902303372704957","0.0027902303372704957"
"51399","0.0027902303372704957","0.0027902303372704957","0.0027902303372704957"
"51403","0.0027902303372704957","0.0027902303372704957","0.0027902303372704957"
"51406","0.0027902303372704957","0.0027902303372704957","0.0027902303372704957"
"51412","0.0027902303372704957","0.0027902303372704957","0.0027902303372704957"
"51414","0.0027902303372704957","0.0027902303372704957","0.0027902303372704957"
"51420","0.0027902303372704957","0.0027902303372704957","0.0027902303372704957"
"51426","0.0027902303372704957","0.0027902303372704957","0.0027902303372704957"
"51429","0.0027902303372704957","0.0027902303372704957","0.0027902303372704957"
"51432","0.0027902303372704957","0.0027902303372704957","0.0027902303372704957"
"51439","0.0027902303372704957","0.0027902303372704957","0.0027902303372704957"
"51452","0.0027902303372704957","0.0027902303372704957","0.0027902303372704957"
"51458","0.0027902303372704957","0.0027902303372704957","0.0027902303372704957"
"51459","0.0027902303372704957","0.0027902303372704957","0.0027902303372704957"
"51464","0.0027902303372704957","0.0027902303372704957","0.0027902303372704957"
"51466","0.0027902303372704957","0.0027902303372704957","0.0027902303372704957"
"51484","0.0028027478234911325","0.0028027478234911325","0.0028027478234911325"
"51486","0.0028027478234911325","0.0028027478234911325","0.0028027478234911325"
"51488","0.0028027478234911325","0.0028027478234911325","0.0028027478234911325"
"51489","0.0028027478234911325","0.0028027478234911325","0.0028027478234911325"
"51496","0.0028027478234911325","0.0028027478234911325","0.0028027478234911325"
"51500","0.0028027478234911325","0.0028027478234911325","0.0028027478234911325"
"51503","0.0028027478234911325","0.0028027478234911325","0.0028027478234911325"
"51511","0.0028027478234911325","0.0028027478234911325","0.0028027478234911325"
"51513","0.0028027478234911325","0.0028027478234911325","0.0028027478234911325"
"51519","0.0028027478234911325","0.0028027478234911325","0.0028027478234911325"
"51520","0.0028027478234911325","0.0028027478234911325","0.0028027478234911325"
"51525","0.0028027478234911325","0.0028027478234911325","0.0028027478234911325"
"51531","0.0028027478234911325","0.0028027478234911325","0.0028027478234911325"
"51542","0.0028027478234911325","0.0028027478234911325","0.0028027478234911325"
"51544","0.0028027478234911325","0.0028027478234911325","0.0028027478234911325"
"51549","0.0028027478234911325","0.0028027478234911325","0.0028027478234911325"
"51555","0.0028027478234911325","0.0028027478234911325","0.0028027478234911325"
"51574","0.0028027478234911325","0.0028027478234911325","0.0028027478234911325"
"51585","0.0028074542711560885","0.0028074542711560885","0.0028074542711560885"
"51597","0.0028118562027183657","0.0028118562027183657","0.0028118562027183657"
"51606","0.0028118562027183657","0.0028118562027183657","0.0028118562027183657"
"51607","0.0028118562027183657","0.0028118562027183657","0.0028118562027183657"
"51610","0.0028118562027183657","0.0028118562027183657","0.0028118562027183657"
"51614","0.0028118562027183657","0.0028118562027183657","0.0028118562027183657"
"51620","0.0028118562027183657","0.0028118562027183657","0.0028118562027183657"
"51622","0.0028118562027183657","0.0028118562027183657","0.0028118562027183657"
"51627","0.0028118562027183657","0.0028118562027183657","0.0028118562027183657"
"51632","0.0028118562027183657","0.0028118562027183657","0.0028118562027183657"
"51635","0.0028118562027183657","0.0028118562027183657","0.0028118562027183657"
"51636","0.0028118562027183657","0.0028118562027183657","0.0028118562027183657"
"51639","0.0028118562027183657","0.0028118562027183657","0.0028118562027183657"
"51645","0.0028118562027183657","0.0028118562027183657","0.0028118562027183657"
"51648","0.0028118562027183657","0.0028118562027183657","0.0028118562027183657"
"51649","0.0028118562027183657","0.0028118562027183657","0.0028118562027183657"
"51657","0.0028118562027183657","0.0028118562027183657","0.0028118562027183657"
"51661","0.0028118562027183657","0.0028118562027183657","0.0028118562027183657"
"51667","0.0028118562027183657","0.0028118562027183657","0.0028118562027183657"
"51678","0.0028118562027183657","0.0028118562027183657","0.0028118562027183657"
"51682","0.0028118562027183657","0.0028118562027183657","0.0028118562027183657"
"51684","0.0028118562027183657","0.0028118562027183657","0.0028118562027183657"
"51688","0.0028118562027183657","0.0028118562027183657","0.0028118562027183657"
"51691","0.002812891471969167","0.002812891471969167","0.002812891471969167"
"51693","0.0028149376000584","0.0028149376000584","0.0028149376000584"
"51696","0.0028182668717710467","0.0028182668717710467","0.0028182668717710467"
"51703","0.0028229509770101666","0.0028229509770101666","0.0028229509770101666"
"51710","0.0028229509770101666","0.0028229509770101666","0.0028229509770101666"
"51716","0.0028229509770101666","0.0028229509770101666","0.0028229509770101666"
"51717","0.0028229509770101666","0.0028229509770101666","0.0028229509770101666"
"51720","0.0028229509770101666","0.0028229509770101666","0.0028229509770101666"
"51721","0.0028229509770101666","0.0028229509770101666","0.0028229509770101666"
"51727","0.0028229509770101666","0.0028229509770101666","0.0028229509770101666"
"51751","0.0028229509770101666","0.0028229509770101666","0.0028229509770101666"
"51752","0.0028229509770101666","0.0028229509770101666","0.0028229509770101666"
"51754","0.0028229509770101666","0.0028229509770101666","0.0028229509770101666"
"51755","0.0028229509770101666","0.0028229509770101666","0.0028229509770101666"
"51758","0.0028229509770101666","0.0028229509770101666","0.0028229509770101666"
"51760","0.0028229509770101666","0.0028229509770101666","0.0028229509770101666"
"51763","0.0028229509770101666","0.0028229509770101666","0.0028229509770101666"
"51788","0.0028229509770101666","0.0028229509770101666","0.0028229509770101666"
"51792","0.0028229509770101666","0.0028229509770101666","0.0028229509770101666"
"51801","0.002822140804328404","0.002822140804328404","0.002822140804328404"
"51807","0.0028134873173996985","0.0028134873173996985","0.0028134873173996985"
"51809","0.002811682428479898","0.002811682428479898","0.002811682428479898"
"51810","0.0028103817926837167","0.0028103817926837167","0.0028103817926837167"
"51821","0.0028103817926837167","0.0028103817926837167","0.0028103817926837167"
"51831","0.0028103817926837167","0.0028103817926837167","0.0028103817926837167"
"51841","0.0028103817926837167","0.0028103817926837167","0.0028103817926837167"
"51847","0.0028103817926837167","0.0028103817926837167","0.0028103817926837167"
"51852","0.0028103817926837167","0.0028103817926837167","0.0028103817926837167"
"51853","0.0028103817926837167","0.0028103817926837167","0.0028103817926837167"
"51859","0.0028103817926837167","0.0028103817926837167","0.0028103817926837167"
"51861","0.0028103817926837167","0.0028103817926837167","0.0028103817926837167"
"51866","0.0028103817926837167","0.0028103817926837167","0.0028103817926837167"
"51879","0.0028103817926837167","0.0028103817926837167","0.0028103817926837167"
"51883","0.0028103817926837167","0.0028103817926837167","0.0028103817926837167"
"51885","0.0028103817926837167","0.0028103817926837167","0.0028103817926837167"
"51893","0.0028103817926837167","0.0028103817926837167","0.0028103817926837167"
"51894","0.0028103817926837167","0.0028103817926837167","0.0028103817926837167"
"51897","0.0028103817926837167","0.0028103817926837167","0.0028103817926837167"
"51916","0.0028149580587470578","0.0028149580587470578","0.0028149580587470578"
"51917","0.0028166281053838447","0.0028166281053838447","0.0028166281053838447"
"51925","0.002819997194455985","0.002819997194455985","0.002819997194455985"
"51928","0.002819997194455985","0.002819997194455985","0.002819997194455985"
"51935","0.002819997194455985","0.002819997194455985","0.002819997194455985"
"51950","0.002819997194455985","0.002819997194455985","0.002819997194455985"
"51975","0.002819997194455985","0.002819997194455985","0.002819997194455985"
"51978","0.002819997194455985","0.002819997194455985","0.002819997194455985"
"51979","0.002819997194455985","0.002819997194455985","0.002819997194455985"
"51984","0.002819997194455985","0.002819997194455985","0.002819997194455985"
"51988","0.002819997194455985","0.002819997194455985","0.002819997194455985"
"52005","0.002819997194455985","0.002819997194455985","0.002819997194455985"
"52008","0.002819997194455985","0.002819997194455985","0.002819997194455985"
"52012","0.002819997194455985","0.002819997194455985","0.002819997194455985"
"52016","0.002819997194455985","0.002819997194455985","0.002819997194455985"
"52021","0.002821373812808862","0.002821373812808862","0.002821373812808862"
"52024","0.002825511851661114","0.002825511851661114","0.002825511851661114"
"52027","0.002829329357109681","0.002829329357109681","0.002829329357109681"
"52028","0.002830872851454329","0.002830872851454329","0.002830872851454329"
"52034","0.0028333827069423234","0.0028333827069423234","0.0028333827069423234"
"52040","0.0028333827069423234","0.0028333827069423234","0.0028333827069423234"
"52044","0.0028333827069423234","0.0028333827069423234","0.0028333827069423234"
"52053","0.0028333827069423234","0.0028333827069423234","0.0028333827069423234"
"52071","0.0028333827069423234","0.0028333827069423234","0.0028333827069423234"
"52076","0.0028333827069423234","0.0028333827069423234","0.0028333827069423234"
"52089","0.0028333827069423234","0.0028333827069423234","0.0028333827069423234"
"52108","0.0028333827069423234","0.0028333827069423234","0.0028333827069423234"
"52128","0.0028333827069423234","0.0028333827069423234","0.0028333827069423234"
"52130","0.0028333827069423234","0.0028333827069423234","0.0028333827069423234"
"52131","0.0028327923844636347","0.0028327923844636347","0.0028327923844636347"
"52132","0.002830976045488428","0.002830976045488428","0.002830976045488428"
"52134","0.002827630065175966","0.002827630065175966","0.002827630065175966"
"52143","0.0028201300221327367","0.0028201300221327367","0.0028201300221327367"
"52159","0.0028201300221327367","0.0028201300221327367","0.0028201300221327367"
"52180","0.0028201300221327367","0.0028201300221327367","0.0028201300221327367"
"52181","0.0028201300221327367","0.0028201300221327367","0.0028201300221327367"
"52190","0.0028201300221327367","0.0028201300221327367","0.0028201300221327367"
"52191","0.0028201300221327367","0.0028201300221327367","0.0028201300221327367"
"52194","0.0028201300221327367","0.0028201300221327367","0.0028201300221327367"
"52206","0.0028201300221327367","0.0028201300221327367","0.0028201300221327367"
"52209","0.0028201300221327367","0.0028201300221327367","0.0028201300221327367"
"52210","0.0028201300221327367","0.0028201300221327367","0.0028201300221327367"
"52214","0.0028201300221327367","0.0028201300221327367","0.0028201300221327367"
"52219","0.0028201300221327367","0.0028201300221327367","0.0028201300221327367"
"52230","0.0028201300221327367","0.0028201300221327367","0.0028201300221327367"
"52231","0.0028201300221327367","0.0028201300221327367","0.0028201300221327367"
"52232","0.0028201300221327367","0.0028201300221327367","0.0028201300221327367"
"52242","0.002821364091585499","0.002821364091585499","0.002821364091585499"
"52252","0.0028322441833199007","0.0028322441833199007","0.0028322441833199007"
"52254","0.0028322441833199007","0.0028322441833199007","0.0028322441833199007"
"52261","0.0028322441833199007","0.0028322441833199007","0.0028322441833199007"
"52262","0.0028322441833199007","0.0028322441833199007","0.0028322441833199007"
"52265","0.0028322441833199007","0.0028322441833199007","0.0028322441833199007"
"52271","0.0028322441833199007","0.0028322441833199007","0.0028322441833199007"
"52275","0.0028322441833199007","0.0028322441833199007","0.0028322441833199007"
"52282","0.0028322441833199007","0.0028322441833199007","0.0028322441833199007"
"52284","0.0028322441833199007","0.0028322441833199007","0.0028322441833199007"
"52286","0.0028322441833199007","0.0028322441833199007","0.0028322441833199007"
"52297","0.0028322441833199007","0.0028322441833199007","0.0028322441833199007"
"52304","0.0028322441833199007","0.0028322441833199007","0.0028322441833199007"
"52308","0.0028322441833199007","0.0028322441833199007","0.0028322441833199007"
"52311","0.0028322441833199007","0.0028322441833199007","0.0028322441833199007"
"52315","0.0028322441833199007","0.0028322441833199007","0.0028322441833199007"
"52329","0.0028322441833199007","0.0028322441833199007","0.0028322441833199007"
"52333","0.0028322441833199007","0.0028322441833199007","0.0028322441833199007"
"52338","0.0028322441833199007","0.0028322441833199007","0.0028322441833199007"
"52341","0.0028322441833199007","0.0028322441833199007","0.0028322441833199007"
"52344","0.0028322441833199007","0.0028322441833199007","0.0028322441833199007"
"52349","0.0028322441833199007","0.0028322441833199007","0.0028322441833199007"
"52357","0.002823550505055202","0.002823550505055202","0.002823550505055202"
"52358","0.002821836378322678","0.002821836378322678","0.002821836378322678"
"52365","0.002820298332304869","0.002820298332304869","0.002820298332304869"
"52366","0.002820298332304869","0.002820298332304869","0.002820298332304869"
"52379","0.002820298332304869","0.002820298332304869","0.002820298332304869"
"52382","0.002820298332304869","0.002820298332304869","0.002820298332304869"
"52400","0.002820298332304869","0.002820298332304869","0.002820298332304869"
"52402","0.002820298332304869","0.002820298332304869","0.002820298332304869"
"52409","0.002820298332304869","0.002820298332304869","0.002820298332304869"
"52423","0.002820298332304869","0.002820298332304869","0.002820298332304869"
"52429","0.002820298332304869","0.002820298332304869","0.002820298332304869"
"52438","0.002820298332304869","0.002820298332304869","0.002820298332304869"
"52441","0.002820298332304869","0.002820298332304869","0.002820298332304869"
"52448","0.002820298332304869","0.002820298332304869","0.002820298332304869"
"52455","0.002820298332304869","0.002820298332304869","0.002820298332304869"
"52457","0.002820298332304869","0.002820298332304869","0.002820298332304869"
"52460","0.002820298332304869","0.002820298332304869","0.002820298332304869"
"52479","0.002807451420571828","0.002807451420571828","0.002807451420571828"
"52484","0.002807451420571828","0.002807451420571828","0.002807451420571828"
"52486","0.002807451420571828","0.002807451420571828","0.002807451420571828"
"52512","0.002807451420571828","0.002807451420571828","0.002807451420571828"
"52514","0.002807451420571828","0.002807451420571828","0.002807451420571828"
"52518","0.002807451420571828","0.002807451420571828","0.002807451420571828"
"52521","0.002807451420571828","0.002807451420571828","0.002807451420571828"
"52533","0.002807451420571828","0.002807451420571828","0.002807451420571828"
"52543","0.002807451420571828","0.002807451420571828","0.002807451420571828"
"52567","0.002807451420571828","0.002807451420571828","0.002807451420571828"
"52570","0.002807451420571828","0.002807451420571828","0.002807451420571828"
"52580","0.002817975362087039","0.002817975362087039","0.002817975362087039"
"52581","0.002817975362087039","0.002817975362087039","0.002817975362087039"
"52586","0.002817975362087039","0.002817975362087039","0.002817975362087039"
"52592","0.002817975362087039","0.002817975362087039","0.002817975362087039"
"52593","0.002817975362087039","0.002817975362087039","0.002817975362087039"
"52595","0.002817975362087039","0.002817975362087039","0.002817975362087039"
"52597","0.002817975362087039","0.002817975362087039","0.002817975362087039"
"52601","0.002817975362087039","0.002817975362087039","0.002817975362087039"
"52602","0.002817975362087039","0.002817975362087039","0.002817975362087039"
"52609","0.002817975362087039","0.002817975362087039","0.002817975362087039"
"52610","0.002817975362087039","0.002817975362087039","0.002817975362087039"
"52613","0.002817975362087039","0.002817975362087039","0.002817975362087039"
"52617","0.002817975362087039","0.002817975362087039","0.002817975362087039"
"52621","0.002817975362087039","0.002817975362087039","0.002817975362087039"
"52625","0.002817975362087039","0.002817975362087039","0.002817975362087039"
"52627","0.002817975362087039","0.002817975362087039","0.002817975362087039"
"52631","0.002817975362087039","0.002817975362087039","0.002817975362087039"
"52632","0.002817975362087039","0.002817975362087039","0.002817975362087039"
"52639","0.002817975362087039","0.002817975362087039","0.002817975362087039"
"52644","0.002817975362087039","0.002817975362087039","0.002817975362087039"
"52645","0.002817975362087039","0.002817975362087039","0.002817975362087039"
"52655","0.002817975362087039","0.002817975362087039","0.002817975362087039"
"52670","0.002817975362087039","0.002817975362087039","0.002817975362087039"
"52689","0.0028287677976671327","0.0028287677976671327","0.0028287677976671327"
"52706","0.0028296003821641903","0.0028296003821641903","0.0028296003821641903"
"52711","0.0028296003821641903","0.0028296003821641903","0.0028296003821641903"
"52720","0.0028296003821641903","0.0028296003821641903","0.0028296003821641903"
"52727","0.0028296003821641903","0.0028296003821641903","0.0028296003821641903"
"52738","0.0028296003821641903","0.0028296003821641903","0.0028296003821641903"
"52742","0.0028296003821641903","0.0028296003821641903","0.0028296003821641903"
"52743","0.0028296003821641903","0.0028296003821641903","0.0028296003821641903"
"52748","0.0028296003821641903","0.0028296003821641903","0.0028296003821641903"
"52749","0.0028296003821641903","0.0028296003821641903","0.0028296003821641903"
"52753","0.0028296003821641903","0.0028296003821641903","0.0028296003821641903"
"52759","0.0028296003821641903","0.0028296003821641903","0.0028296003821641903"
"52770","0.0028296003821641903","0.0028296003821641903","0.0028296003821641903"
"52778","0.0028296003821641903","0.0028296003821641903","0.0028296003821641903"
"52789","0.0028296003821641903","0.0028296003821641903","0.0028296003821641903"
"52791","0.002830927679842025","0.002830927679842025","0.002830927679842025"
"52792","0.0028323012104476326","0.0028323012104476326","0.0028323012104476326"
"52799","0.002840610261718885","0.002840610261718885","0.002840610261718885"
"52803","0.0028415132693299264","0.0028415132693299264","0.0028415132693299264"
"52806","0.0028415132693299264","0.0028415132693299264","0.0028415132693299264"
"52809","0.0028415132693299264","0.0028415132693299264","0.0028415132693299264"
"52819","0.0028415132693299264","0.0028415132693299264","0.0028415132693299264"
"52822","0.0028415132693299264","0.0028415132693299264","0.0028415132693299264"
"52827","0.0028415132693299264","0.0028415132693299264","0.0028415132693299264"
"52830","0.0028415132693299264","0.0028415132693299264","0.0028415132693299264"
"52853","0.0028415132693299264","0.0028415132693299264","0.0028415132693299264"
"52859","0.0028415132693299264","0.0028415132693299264","0.0028415132693299264"
"52867","0.0028415132693299264","0.0028415132693299264","0.0028415132693299264"
"52870","0.0028415132693299264","0.0028415132693299264","0.0028415132693299264"
"52890","0.0028415132693299264","0.0028415132693299264","0.0028415132693299264"
"52901","0.0028404473691667747","0.0028404473691667747","0.0028404473691667747"
"52903","0.0028383178038771406","0.0028383178038771406","0.0028383178038771406"
"52909","0.0028308412878102003","0.0028308412878102003","0.0028308412878102003"
"52911","0.002829352493371867","0.002829352493371867","0.002829352493371867"
"52914","0.002829352493371867","0.002829352493371867","0.002829352493371867"
"52918","0.002829352493371867","0.002829352493371867","0.002829352493371867"
"52921","0.002829352493371867","0.002829352493371867","0.002829352493371867"
"52924","0.002829352493371867","0.002829352493371867","0.002829352493371867"
"52925","0.002829352493371867","0.002829352493371867","0.002829352493371867"
"52927","0.002829352493371867","0.002829352493371867","0.002829352493371867"
"52928","0.002829352493371867","0.002829352493371867","0.002829352493371867"
"52935","0.002829352493371867","0.002829352493371867","0.002829352493371867"
"52938","0.002829352493371867","0.002829352493371867","0.002829352493371867"
"52941","0.002829352493371867","0.002829352493371867","0.002829352493371867"
"52944","0.002829352493371867","0.002829352493371867","0.002829352493371867"
"52947","0.002829352493371867","0.002829352493371867","0.002829352493371867"
"52950","0.002829352493371867","0.002829352493371867","0.002829352493371867"
"52952","0.002829352493371867","0.002829352493371867","0.002829352493371867"
"52955","0.002829352493371867","0.002829352493371867","0.002829352493371867"
"52956","0.002829352493371867","0.002829352493371867","0.002829352493371867"
"52959","0.002829352493371867","0.002829352493371867","0.002829352493371867"
"52960","0.002829352493371867","0.002829352493371867","0.002829352493371867"
"52961","0.002829352493371867","0.002829352493371867","0.002829352493371867"
"52962","0.002829352493371867","0.002829352493371867","0.002829352493371867"
"52966","0.002829352493371867","0.002829352493371867","0.002829352493371867"
"52967","0.002829352493371867","0.002829352493371867","0.002829352493371867"
"52969","0.002829352493371867","0.002829352493371867","0.002829352493371867"
"52981","0.002829352493371867","0.002829352493371867","0.002829352493371867"
"52986","0.002829352493371867","0.002829352493371867","0.002829352493371867"
"52989","0.002829352493371867","0.002829352493371867","0.002829352493371867"
"53007","0.002829352493371867","0.002829352493371867","0.002829352493371867"
"53012","0.0028318864442758223","0.0028318864442758223","0.0028318864442758223"
"53017","0.0028383971344931574","0.0028383971344931574","0.0028383971344931574"
"53021","0.002842185669128892","0.002842185669128892","0.002842185669128892"
"53048","0.002842185669128892","0.002842185669128892","0.002842185669128892"
"53051","0.002842185669128892","0.002842185669128892","0.002842185669128892"
"53054","0.002842185669128892","0.002842185669128892","0.002842185669128892"
"53055","0.002842185669128892","0.002842185669128892","0.002842185669128892"
"53061","0.002842185669128892","0.002842185669128892","0.002842185669128892"
"53071","0.002842185669128892","0.002842185669128892","0.002842185669128892"
"53086","0.002842185669128892","0.002842185669128892","0.002842185669128892"
"53087","0.002842185669128892","0.002842185669128892","0.002842185669128892"
"53088","0.002842185669128892","0.002842185669128892","0.002842185669128892"
"53108","0.002842185669128892","0.002842185669128892","0.002842185669128892"
"53116","0.002842185669128892","0.002842185669128892","0.002842185669128892"
"53135","0.002828127401599168","0.002828127401599168","0.002828127401599168"
"53138","0.002828127401599168","0.002828127401599168","0.002828127401599168"
"53141","0.002828127401599168","0.002828127401599168","0.002828127401599168"
"53142","0.002828127401599168","0.002828127401599168","0.002828127401599168"
"53143","0.002828127401599168","0.002828127401599168","0.002828127401599168"
"53146","0.002828127401599168","0.002828127401599168","0.002828127401599168"
"53149","0.002828127401599168","0.002828127401599168","0.002828127401599168"
"53161","0.002828127401599168","0.002828127401599168","0.002828127401599168"
"53173","0.002828127401599168","0.002828127401599168","0.002828127401599168"
"53175","0.002828127401599168","0.002828127401599168","0.002828127401599168"
"53177","0.002828127401599168","0.002828127401599168","0.002828127401599168"
"53178","0.002828127401599168","0.002828127401599168","0.002828127401599168"
"53191","0.002828127401599168","0.002828127401599168","0.002828127401599168"
"53197","0.002828127401599168","0.002828127401599168","0.002828127401599168"
"53202","0.002828127401599168","0.002828127401599168","0.002828127401599168"
"53203","0.002828127401599168","0.002828127401599168","0.002828127401599168"
"53207","0.002828127401599168","0.002828127401599168","0.002828127401599168"
"53211","0.002828127401599168","0.002828127401599168","0.002828127401599168"
"53215","0.002828127401599168","0.002828127401599168","0.002828127401599168"
"53223","0.002828127401599168","0.002828127401599168","0.002828127401599168"
"53224","0.002828127401599168","0.002828127401599168","0.002828127401599168"
"53225","0.002828127401599168","0.002828127401599168","0.002828127401599168"
"53227","0.002828127401599168","0.002828127401599168","0.002828127401599168"
"53231","0.0028295204217072796","0.0028295204217072796","0.0028295204217072796"
"53232","0.002830748785882515","0.002830748785882515","0.002830748785882515"
"53253","0.002839620072937941","0.002839620072937941","0.002839620072937941"
"53273","0.002839620072937941","0.002839620072937941","0.002839620072937941"
"53274","0.002839620072937941","0.002839620072937941","0.002839620072937941"
"53286","0.002839620072937941","0.002839620072937941","0.002839620072937941"
"53292","0.002839620072937941","0.002839620072937941","0.002839620072937941"
"53296","0.002839620072937941","0.002839620072937941","0.002839620072937941"
"53321","0.002839620072937941","0.002839620072937941","0.002839620072937941"
"53325","0.002839620072937941","0.002839620072937941","0.002839620072937941"
"53330","0.002839620072937941","0.002839620072937941","0.002839620072937941"
"53359","0.002825863975714493","0.002825863975714493","0.002825863975714493"
"53370","0.002825863975714493","0.002825863975714493","0.002825863975714493"
"53376","0.002825863975714493","0.002825863975714493","0.002825863975714493"
"53382","0.002825863975714493","0.002825863975714493","0.002825863975714493"
"53388","0.002825863975714493","0.002825863975714493","0.002825863975714493"
"53392","0.002825863975714493","0.002825863975714493","0.002825863975714493"
"53396","0.002825863975714493","0.002825863975714493","0.002825863975714493"
"53399","0.002825863975714493","0.002825863975714493","0.002825863975714493"
"53400","0.002825863975714493","0.002825863975714493","0.002825863975714493"
"53405","0.002825863975714493","0.002825863975714493","0.002825863975714493"
"53408","0.002825863975714493","0.002825863975714493","0.002825863975714493"
"53410","0.002825863975714493","0.002825863975714493","0.002825863975714493"
"53421","0.002825863975714493","0.002825863975714493","0.002825863975714493"
"53427","0.002825863975714493","0.002825863975714493","0.002825863975714493"
"53428","0.002825863975714493","0.002825863975714493","0.002825863975714493"
"53431","0.002825863975714493","0.002825863975714493","0.002825863975714493"
"53436","0.002825863975714493","0.002825863975714493","0.002825863975714493"
"53440","0.002825863975714493","0.002825863975714493","0.002825863975714493"
"53441","0.002825863975714493","0.002825863975714493","0.002825863975714493"
"53442","0.002825863975714493","0.002825863975714493","0.002825863975714493"
"53449","0.002825863975714493","0.002825863975714493","0.002825863975714493"
"53452","0.0028280917561950814","0.0028280917561950814","0.0028280917561950814"
"53454","0.002829857544968399","0.002829857544968399","0.002829857544968399"
"53457","0.002833806627345389","0.002833806627345389","0.002833806627345389"
"53461","0.0028380460216765693","0.0028380460216765693","0.0028380460216765693"
"53484","0.0028380460216765693","0.0028380460216765693","0.0028380460216765693"
"53490","0.0028380460216765693","0.0028380460216765693","0.0028380460216765693"
"53495","0.0028380460216765693","0.0028380460216765693","0.0028380460216765693"
"53500","0.0028380460216765693","0.0028380460216765693","0.0028380460216765693"
"53504","0.0028380460216765693","0.0028380460216765693","0.0028380460216765693"
"53506","0.0028380460216765693","0.0028380460216765693","0.0028380460216765693"
"53511","0.0028380460216765693","0.0028380460216765693","0.0028380460216765693"
"53512","0.0028380460216765693","0.0028380460216765693","0.0028380460216765693"
"53517","0.0028380460216765693","0.0028380460216765693","0.0028380460216765693"
"53522","0.0028380460216765693","0.0028380460216765693","0.0028380460216765693"
"53531","0.0028380460216765693","0.0028380460216765693","0.0028380460216765693"
"53539","0.0028380460216765693","0.0028380460216765693","0.0028380460216765693"
"53542","0.0028380460216765693","0.0028380460216765693","0.0028380460216765693"
"53551","0.0028380460216765693","0.0028380460216765693","0.0028380460216765693"
"53553","0.0028380460216765693","0.0028380460216765693","0.0028380460216765693"
"53557","0.0028380460216765693","0.0028380460216765693","0.0028380460216765693"
"53568","0.002848987589491941","0.002848987589491941","0.002848987589491941"
"53569","0.002849851083423098","0.002849851083423098","0.002849851083423098"
"53580","0.0028508970599732254","0.0028508970599732254","0.0028508970599732254"
"53587","0.0028508970599732254","0.0028508970599732254","0.0028508970599732254"
"53590","0.0028508970599732254","0.0028508970599732254","0.0028508970599732254"
"53592","0.0028508970599732254","0.0028508970599732254","0.0028508970599732254"
"53593","0.0028508970599732254","0.0028508970599732254","0.0028508970599732254"
"53594","0.0028508970599732254","0.0028508970599732254","0.0028508970599732254"
"53598","0.0028508970599732254","0.0028508970599732254","0.0028508970599732254"
"53608","0.0028508970599732254","0.0028508970599732254","0.0028508970599732254"
"53615","0.0028508970599732254","0.0028508970599732254","0.0028508970599732254"
"53625","0.0028508970599732254","0.0028508970599732254","0.0028508970599732254"
"53629","0.0028508970599732254","0.0028508970599732254","0.0028508970599732254"
"53633","0.0028508970599732254","0.0028508970599732254","0.0028508970599732254"
"53635","0.0028508970599732254","0.0028508970599732254","0.0028508970599732254"
"53642","0.0028508970599732254","0.0028508970599732254","0.0028508970599732254"
"53672","0.00284855154653401","0.00284855154653401","0.00284855154653401"
"53674","0.0028463776206735627","0.0028463776206735627","0.0028463776206735627"
"53685","0.0028384688842671628","0.0028384688842671628","0.0028384688842671628"
"53687","0.0028384688842671628","0.0028384688842671628","0.0028384688842671628"
"53688","0.0028384688842671628","0.0028384688842671628","0.0028384688842671628"
"53691","0.0028384688842671628","0.0028384688842671628","0.0028384688842671628"
"53692","0.0028384688842671628","0.0028384688842671628","0.0028384688842671628"
"53695","0.0028384688842671628","0.0028384688842671628","0.0028384688842671628"
"53717","0.0028384688842671628","0.0028384688842671628","0.0028384688842671628"
"53721","0.0028384688842671628","0.0028384688842671628","0.0028384688842671628"
"53729","0.0028384688842671628","0.0028384688842671628","0.0028384688842671628"
"53739","0.0028384688842671628","0.0028384688842671628","0.0028384688842671628"
"53744","0.0028384688842671628","0.0028384688842671628","0.0028384688842671628"
"53754","0.0028384688842671628","0.0028384688842671628","0.0028384688842671628"
"53772","0.0028384688842671628","0.0028384688842671628","0.0028384688842671628"
"53795","0.00283324701337004","0.00283324701337004","0.00283324701337004"
"53796","0.00283324701337004","0.00283324701337004","0.00283324701337004"
"53797","0.00283324701337004","0.00283324701337004","0.00283324701337004"
"53800","0.00283324701337004","0.00283324701337004","0.00283324701337004"
"53806","0.00283324701337004","0.00283324701337004","0.00283324701337004"
"53812","0.00283324701337004","0.00283324701337004","0.00283324701337004"
"53815","0.00283324701337004","0.00283324701337004","0.00283324701337004"
"53824","0.00283324701337004","0.00283324701337004","0.00283324701337004"
"53831","0.00283324701337004","0.00283324701337004","0.00283324701337004"
"53832","0.00283324701337004","0.00283324701337004","0.00283324701337004"
"53837","0.00283324701337004","0.00283324701337004","0.00283324701337004"
"53855","0.00283324701337004","0.00283324701337004","0.00283324701337004"
"53886","0.00283324701337004","0.00283324701337004","0.00283324701337004"
"53899","0.0028203618750118086","0.0028203618750118086","0.0028203618750118086"
"53905","0.0028192046815288707","0.0028192046815288707","0.0028192046815288707"
"53907","0.0028192046815288707","0.0028192046815288707","0.0028192046815288707"
"53917","0.0028192046815288707","0.0028192046815288707","0.0028192046815288707"
"53918","0.0028192046815288707","0.0028192046815288707","0.0028192046815288707"
"53919","0.0028192046815288707","0.0028192046815288707","0.0028192046815288707"
"53920","0.0028192046815288707","0.0028192046815288707","0.0028192046815288707"
"53925","0.0028192046815288707","0.0028192046815288707","0.0028192046815288707"
"53943","0.0028192046815288707","0.0028192046815288707","0.0028192046815288707"
"53944","0.0028192046815288707","0.0028192046815288707","0.0028192046815288707"
"53947","0.0028192046815288707","0.0028192046815288707","0.0028192046815288707"
"53948","0.0028192046815288707","0.0028192046815288707","0.0028192046815288707"
"53964","0.0028192046815288707","0.0028192046815288707","0.0028192046815288707"
"53973","0.0028192046815288707","0.0028192046815288707","0.0028192046815288707"
"53975","0.0028192046815288707","0.0028192046815288707","0.0028192046815288707"
"53979","0.0028192046815288707","0.0028192046815288707","0.0028192046815288707"
"53988","0.0028192046815288707","0.0028192046815288707","0.0028192046815288707"
"53989","0.0028192046815288707","0.0028192046815288707","0.0028192046815288707"
"54006","0.002822573651428264","0.002822573651428264","0.002822573651428264"
"54020","0.002824467727776041","0.002824467727776041","0.002824467727776041"
"54023","0.002824467727776041","0.002824467727776041","0.002824467727776041"
"54028","0.002824467727776041","0.002824467727776041","0.002824467727776041"
"54032","0.002824467727776041","0.002824467727776041","0.002824467727776041"
"54070","0.002824467727776041","0.002824467727776041","0.002824467727776041"
"54071","0.002824467727776041","0.002824467727776041","0.002824467727776041"
"54073","0.002824467727776041","0.002824467727776041","0.002824467727776041"
"54076","0.002824467727776041","0.002824467727776041","0.002824467727776041"
"54089","0.002824467727776041","0.002824467727776041","0.002824467727776041"
"54098","0.002824467727776041","0.002824467727776041","0.002824467727776041"
"54102","0.002824467727776041","0.002824467727776041","0.002824467727776041"
"54104","0.002824467727776041","0.002824467727776041","0.002824467727776041"
"54107","0.002824467727776041","0.002824467727776041","0.002824467727776041"
"54123","0.0028167406000293555","0.0028167406000293555","0.0028167406000293555"
"54124","0.0028167406000293555","0.0028167406000293555","0.0028167406000293555"
"54129","0.0028167406000293555","0.0028167406000293555","0.0028167406000293555"
"54131","0.0028167406000293555","0.0028167406000293555","0.0028167406000293555"
"54145","0.0028167406000293555","0.0028167406000293555","0.0028167406000293555"
"54146","0.0028167406000293555","0.0028167406000293555","0.0028167406000293555"
"54153","0.0028167406000293555","0.0028167406000293555","0.0028167406000293555"
"54156","0.0028167406000293555","0.0028167406000293555","0.0028167406000293555"
"54158","0.0028167406000293555","0.0028167406000293555","0.0028167406000293555"
"54161","0.0028167406000293555","0.0028167406000293555","0.0028167406000293555"
"54163","0.0028167406000293555","0.0028167406000293555","0.0028167406000293555"
"54164","0.0028167406000293555","0.0028167406000293555","0.0028167406000293555"
"54165","0.0028167406000293555","0.0028167406000293555","0.0028167406000293555"
"54173","0.0028167406000293555","0.0028167406000293555","0.0028167406000293555"
"54184","0.0028167406000293555","0.0028167406000293555","0.0028167406000293555"
"54187","0.0028167406000293555","0.0028167406000293555","0.0028167406000293555"
"54196","0.0028167406000293555","0.0028167406000293555","0.0028167406000293555"
"54204","0.0028167406000293555","0.0028167406000293555","0.0028167406000293555"
"54206","0.0028167406000293555","0.0028167406000293555","0.0028167406000293555"
"54212","0.0028167406000293555","0.0028167406000293555","0.0028167406000293555"
"54213","0.0028167406000293555","0.0028167406000293555","0.0028167406000293555"
"54214","0.0028167406000293555","0.0028167406000293555","0.0028167406000293555"
"54216","0.0028167406000293555","0.0028167406000293555","0.0028167406000293555"
"54219","0.0028167406000293555","0.0028167406000293555","0.0028167406000293555"
"54228","0.002823614676631442","0.002823614676631442","0.002823614676631442"
"54231","0.002826301681213275","0.002826301681213275","0.002826301681213275"
"54238","0.002826301681213275","0.002826301681213275","0.002826301681213275"
"54246","0.002826301681213275","0.002826301681213275","0.002826301681213275"
"54247","0.002826301681213275","0.002826301681213275","0.002826301681213275"
"54254","0.002826301681213275","0.002826301681213275","0.002826301681213275"
"54256","0.002826301681213275","0.002826301681213275","0.002826301681213275"
"54271","0.002826301681213275","0.002826301681213275","0.002826301681213275"
"54280","0.002826301681213275","0.002826301681213275","0.002826301681213275"
"54281","0.002826301681213275","0.002826301681213275","0.002826301681213275"
"54286","0.002826301681213275","0.002826301681213275","0.002826301681213275"
"54287","0.002826301681213275","0.002826301681213275","0.002826301681213275"
"54292","0.002826301681213275","0.002826301681213275","0.002826301681213275"
"54301","0.002826301681213275","0.002826301681213275","0.002826301681213275"
"54320","0.002826301681213275","0.002826301681213275","0.002826301681213275"
"54326","0.002826301681213275","0.002826301681213275","0.002826301681213275"
"54331","0.002825405972233058","0.002825405972233058","0.002825405972233058"
"54353","0.0028137441804321076","0.0028137441804321076","0.0028137441804321076"
"54357","0.0028137441804321076","0.0028137441804321076","0.0028137441804321076"
"54358","0.0028137441804321076","0.0028137441804321076","0.0028137441804321076"
"54359","0.0028137441804321076","0.0028137441804321076","0.0028137441804321076"
"54363","0.0028137441804321076","0.0028137441804321076","0.0028137441804321076"
"54364","0.0028137441804321076","0.0028137441804321076","0.0028137441804321076"
"54371","0.0028137441804321076","0.0028137441804321076","0.0028137441804321076"
"54379","0.0028137441804321076","0.0028137441804321076","0.0028137441804321076"
"54398","0.0028137441804321076","0.0028137441804321076","0.0028137441804321076"
"54400","0.0028137441804321076","0.0028137441804321076","0.0028137441804321076"
"54401","0.0028137441804321076","0.0028137441804321076","0.0028137441804321076"
"54403","0.0028137441804321076","0.0028137441804321076","0.0028137441804321076"
"54404","0.0028137441804321076","0.0028137441804321076","0.0028137441804321076"
"54413","0.0028137441804321076","0.0028137441804321076","0.0028137441804321076"
"54415","0.0028137441804321076","0.0028137441804321076","0.0028137441804321076"
"54417","0.0028137441804321076","0.0028137441804321076","0.0028137441804321076"
"54434","0.0028137441804321076","0.0028137441804321076","0.0028137441804321076"
"54443","0.002812952675855749","0.002812952675855749","0.002812952675855749"
"54444","0.0028123894505930735","0.0028123894505930735","0.0028123894505930735"
"54445","0.0028113854946258655","0.0028113854946258655","0.0028113854946258655"
"54452","0.0028069389660321563","0.0028069389660321563","0.0028069389660321563"
"54462","0.0028069389660321563","0.0028069389660321563","0.0028069389660321563"
"54471","0.0028069389660321563","0.0028069389660321563","0.0028069389660321563"
"54475","0.0028069389660321563","0.0028069389660321563","0.0028069389660321563"
"54483","0.0028069389660321563","0.0028069389660321563","0.0028069389660321563"
"54489","0.0028069389660321563","0.0028069389660321563","0.0028069389660321563"
"54491","0.0028069389660321563","0.0028069389660321563","0.0028069389660321563"
"54493","0.0028069389660321563","0.0028069389660321563","0.0028069389660321563"
"54508","0.0028069389660321563","0.0028069389660321563","0.0028069389660321563"
"54510","0.0028069389660321563","0.0028069389660321563","0.0028069389660321563"
"54514","0.0028069389660321563","0.0028069389660321563","0.0028069389660321563"
"54523","0.0028069389660321563","0.0028069389660321563","0.0028069389660321563"
"54525","0.0028069389660321563","0.0028069389660321563","0.0028069389660321563"
"54531","0.0028069389660321563","0.0028069389660321563","0.0028069389660321563"
"54533","0.0028069389660321563","0.0028069389660321563","0.0028069389660321563"
"54541","0.0028069389660321563","0.0028069389660321563","0.0028069389660321563"
"54559","0.0028113980866632505","0.0028113980866632505","0.0028113980866632505"
"54563","0.0028115215762944774","0.0028115215762944774","0.0028115215762944774"
"54565","0.0028115215762944774","0.0028115215762944774","0.0028115215762944774"
"54568","0.0028115215762944774","0.0028115215762944774","0.0028115215762944774"
"54569","0.0028115215762944774","0.0028115215762944774","0.0028115215762944774"
"54571","0.0028115215762944774","0.0028115215762944774","0.0028115215762944774"
"54578","0.0028115215762944774","0.0028115215762944774","0.0028115215762944774"
"54585","0.0028115215762944774","0.0028115215762944774","0.0028115215762944774"
"54595","0.0028115215762944774","0.0028115215762944774","0.0028115215762944774"
"54598","0.0028115215762944774","0.0028115215762944774","0.0028115215762944774"
"54606","0.0028115215762944774","0.0028115215762944774","0.0028115215762944774"
"54609","0.0028115215762944774","0.0028115215762944774","0.0028115215762944774"
"54611","0.0028115215762944774","0.0028115215762944774","0.0028115215762944774"
"54613","0.0028115215762944774","0.0028115215762944774","0.0028115215762944774"
"54614","0.0028115215762944774","0.0028115215762944774","0.0028115215762944774"
"54617","0.0028115215762944774","0.0028115215762944774","0.0028115215762944774"
"54629","0.0028115215762944774","0.0028115215762944774","0.0028115215762944774"
"54645","0.0028115215762944774","0.0028115215762944774","0.0028115215762944774"
"54671","0.0028194325835004933","0.0028194325835004933","0.0028194325835004933"
"54676","0.0028194325835004933","0.0028194325835004933","0.0028194325835004933"
"54685","0.0028194325835004933","0.0028194325835004933","0.0028194325835004933"
"54688","0.0028194325835004933","0.0028194325835004933","0.0028194325835004933"
"54689","0.0028194325835004933","0.0028194325835004933","0.0028194325835004933"
"54707","0.0028194325835004933","0.0028194325835004933","0.0028194325835004933"
"54709","0.0028194325835004933","0.0028194325835004933","0.0028194325835004933"
"54720","0.0028194325835004933","0.0028194325835004933","0.0028194325835004933"
"54726","0.0028194325835004933","0.0028194325835004933","0.0028194325835004933"
"54738","0.0028194325835004933","0.0028194325835004933","0.0028194325835004933"
"54745","0.0028194325835004933","0.0028194325835004933","0.0028194325835004933"
"54752","0.0028194325835004933","0.0028194325835004933","0.0028194325835004933"
"54755","0.0028194325835004933","0.0028194325835004933","0.0028194325835004933"
"54757","0.0028194325835004933","0.0028194325835004933","0.0028194325835004933"
"54776","0.0028223333633210675","0.0028223333633210675","0.0028223333633210675"
"54778","0.002823247373096417","0.002823247373096417","0.002823247373096417"
"54785","0.0028236932905619286","0.0028236932905619286","0.0028236932905619286"
"54788","0.0028236932905619286","0.0028236932905619286","0.0028236932905619286"
"54789","0.0028236932905619286","0.0028236932905619286","0.0028236932905619286"
"54801","0.0028236932905619286","0.0028236932905619286","0.0028236932905619286"
"54815","0.0028236932905619286","0.0028236932905619286","0.0028236932905619286"
"54819","0.0028236932905619286","0.0028236932905619286","0.0028236932905619286"
"54823","0.0028236932905619286","0.0028236932905619286","0.0028236932905619286"
"54826","0.0028236932905619286","0.0028236932905619286","0.0028236932905619286"
"54843","0.0028236932905619286","0.0028236932905619286","0.0028236932905619286"
"54847","0.0028236932905619286","0.0028236932905619286","0.0028236932905619286"
"54848","0.0028236932905619286","0.0028236932905619286","0.0028236932905619286"
"54853","0.0028236932905619286","0.0028236932905619286","0.0028236932905619286"
"54855","0.0028236932905619286","0.0028236932905619286","0.0028236932905619286"
"54860","0.0028236932905619286","0.0028236932905619286","0.0028236932905619286"
"54862","0.0028236932905619286","0.0028236932905619286","0.0028236932905619286"
"54866","0.0028236932905619286","0.0028236932905619286","0.0028236932905619286"
"54888","0.002834252303735665","0.002834252303735665","0.002834252303735665"
"54890","0.0028363972228767757","0.0028363972228767757","0.0028363972228767757"
"54895","0.0028363972228767757","0.0028363972228767757","0.0028363972228767757"
"54896","0.0028363972228767757","0.0028363972228767757","0.0028363972228767757"
"54898","0.0028363972228767757","0.0028363972228767757","0.0028363972228767757"
"54912","0.0028363972228767757","0.0028363972228767757","0.0028363972228767757"
"54913","0.0028363972228767757","0.0028363972228767757","0.0028363972228767757"
"54914","0.0028363972228767757","0.0028363972228767757","0.0028363972228767757"
"54917","0.0028363972228767757","0.0028363972228767757","0.0028363972228767757"
"54932","0.0028363972228767757","0.0028363972228767757","0.0028363972228767757"
"54936","0.0028363972228767757","0.0028363972228767757","0.0028363972228767757"
"54941","0.0028363972228767757","0.0028363972228767757","0.0028363972228767757"
"54946","0.0028363972228767757","0.0028363972228767757","0.0028363972228767757"
"54960","0.0028363972228767757","0.0028363972228767757","0.0028363972228767757"
"54961","0.0028363972228767757","0.0028363972228767757","0.0028363972228767757"
"54964","0.0028363972228767757","0.0028363972228767757","0.0028363972228767757"
"54979","0.0028363972228767757","0.0028363972228767757","0.0028363972228767757"
"55005","0.0028256255184902833","0.0028256255184902833","0.0028256255184902833"
"55025","0.0028256255184902833","0.0028256255184902833","0.0028256255184902833"
"55035","0.0028256255184902833","0.0028256255184902833","0.0028256255184902833"
"55040","0.0028256255184902833","0.0028256255184902833","0.0028256255184902833"
"55043","0.0028256255184902833","0.0028256255184902833","0.0028256255184902833"
"55044","0.0028256255184902833","0.0028256255184902833","0.0028256255184902833"
"55045","0.0028256255184902833","0.0028256255184902833","0.0028256255184902833"
"55048","0.0028256255184902833","0.0028256255184902833","0.0028256255184902833"
"55052","0.0028256255184902833","0.0028256255184902833","0.0028256255184902833"
"55053","0.0028256255184902833","0.0028256255184902833","0.0028256255184902833"
"55059","0.0028256255184902833","0.0028256255184902833","0.0028256255184902833"
"55061","0.0028256255184902833","0.0028256255184902833","0.0028256255184902833"
"55083","0.0028256255184902833","0.0028256255184902833","0.0028256255184902833"
"55087","0.0028256255184902833","0.0028256255184902833","0.0028256255184902833"
"55091","0.0028256255184902833","0.0028256255184902833","0.0028256255184902833"
"55097","0.0028256255184902833","0.0028256255184902833","0.0028256255184902833"
"55110","0.002831937364516033","0.002831937364516033","0.002831937364516033"
"55112","0.002831937364516033","0.002831937364516033","0.002831937364516033"
"55116","0.002831937364516033","0.002831937364516033","0.002831937364516033"
"55143","0.002831937364516033","0.002831937364516033","0.002831937364516033"
"55144","0.002831937364516033","0.002831937364516033","0.002831937364516033"
"55151","0.002831937364516033","0.002831937364516033","0.002831937364516033"
"55156","0.002831937364516033","0.002831937364516033","0.002831937364516033"
"55157","0.002831937364516033","0.002831937364516033","0.002831937364516033"
"55164","0.002831937364516033","0.002831937364516033","0.002831937364516033"
"55165","0.002831937364516033","0.002831937364516033","0.002831937364516033"
"55166","0.002831937364516033","0.002831937364516033","0.002831937364516033"
"55171","0.002831937364516033","0.002831937364516033","0.002831937364516033"
"55176","0.002831937364516033","0.002831937364516033","0.002831937364516033"
"55182","0.002831937364516033","0.002831937364516033","0.002831937364516033"
"55185","0.002831937364516033","0.002831937364516033","0.002831937364516033"
"55189","0.002831937364516033","0.002831937364516033","0.002831937364516033"
"55198","0.002831937364516033","0.002831937364516033","0.002831937364516033"
"55204","0.002831937364516033","0.002831937364516033","0.002831937364516033"
"55208","0.002831937364516033","0.002831937364516033","0.002831937364516033"
"55216","0.0028231482915213545","0.0028231482915213545","0.0028231482915213545"
"55225","0.0028175929178768937","0.0028175929178768937","0.0028175929178768937"
"55233","0.0028175929178768937","0.0028175929178768937","0.0028175929178768937"
"55234","0.0028175929178768937","0.0028175929178768937","0.0028175929178768937"
"55238","0.0028175929178768937","0.0028175929178768937","0.0028175929178768937"
"55244","0.0028175929178768937","0.0028175929178768937","0.0028175929178768937"
"55245","0.0028175929178768937","0.0028175929178768937","0.0028175929178768937"
"55247","0.0028175929178768937","0.0028175929178768937","0.0028175929178768937"
"55249","0.0028175929178768937","0.0028175929178768937","0.0028175929178768937"
"55252","0.0028175929178768937","0.0028175929178768937","0.0028175929178768937"
"55259","0.0028175929178768937","0.0028175929178768937","0.0028175929178768937"
"55261","0.0028175929178768937","0.0028175929178768937","0.0028175929178768937"
"55271","0.0028175929178768937","0.0028175929178768937","0.0028175929178768937"
"55273","0.0028175929178768937","0.0028175929178768937","0.0028175929178768937"
"55278","0.0028175929178768937","0.0028175929178768937","0.0028175929178768937"
"55282","0.0028175929178768937","0.0028175929178768937","0.0028175929178768937"
"55283","0.0028175929178768937","0.0028175929178768937","0.0028175929178768937"
"55289","0.0028175929178768937","0.0028175929178768937","0.0028175929178768937"
"55290","0.0028175929178768937","0.0028175929178768937","0.0028175929178768937"
"55301","0.0028175929178768937","0.0028175929178768937","0.0028175929178768937"
"55302","0.0028175929178768937","0.0028175929178768937","0.0028175929178768937"
"55305","0.0028175929178768937","0.0028175929178768937","0.0028175929178768937"
"55311","0.0028175929178768937","0.0028175929178768937","0.0028175929178768937"
"55314","0.0028175929178768937","0.0028175929178768937","0.0028175929178768937"
"55327","0.0028114530591560063","0.0028114530591560063","0.0028114530591560063"
"55333","0.002806838242732451","0.002806838242732451","0.002806838242732451"
"55337","0.002806838242732451","0.002806838242732451","0.002806838242732451"
"55341","0.002806838242732451","0.002806838242732451","0.002806838242732451"
"55352","0.002806838242732451","0.002806838242732451","0.002806838242732451"
"55358","0.002806838242732451","0.002806838242732451","0.002806838242732451"
"55360","0.002806838242732451","0.002806838242732451","0.002806838242732451"
"55387","0.002806838242732451","0.002806838242732451","0.002806838242732451"
"55397","0.002806838242732451","0.002806838242732451","0.002806838242732451"
"55402","0.002806838242732451","0.002806838242732451","0.002806838242732451"
"55403","0.002806838242732451","0.002806838242732451","0.002806838242732451"
"55406","0.002806838242732451","0.002806838242732451","0.002806838242732451"
"55407","0.002806838242732451","0.002806838242732451","0.002806838242732451"
"55419","0.002806838242732451","0.002806838242732451","0.002806838242732451"
"55421","0.002806838242732451","0.002806838242732451","0.002806838242732451"
"55424","0.002806838242732451","0.002806838242732451","0.002806838242732451"
"55440","0.0027970270977278697","0.0027970270977278697","0.0027970270977278697"
"55446","0.0027970270977278697","0.0027970270977278697","0.0027970270977278697"
"55449","0.0027970270977278697","0.0027970270977278697","0.0027970270977278697"
"55454","0.0027970270977278697","0.0027970270977278697","0.0027970270977278697"
"55460","0.0027970270977278697","0.0027970270977278697","0.0027970270977278697"
"55461","0.0027970270977278697","0.0027970270977278697","0.0027970270977278697"
"55469","0.0027970270977278697","0.0027970270977278697","0.0027970270977278697"
"55476","0.0027970270977278697","0.0027970270977278697","0.0027970270977278697"
"55478","0.0027970270977278697","0.0027970270977278697","0.0027970270977278697"
"55497","0.0027970270977278697","0.0027970270977278697","0.0027970270977278697"
"55498","0.0027970270977278697","0.0027970270977278697","0.0027970270977278697"
"55499","0.0027970270977278697","0.0027970270977278697","0.0027970270977278697"
"55518","0.0027970270977278697","0.0027970270977278697","0.0027970270977278697"
"55522","0.0027970270977278697","0.0027970270977278697","0.0027970270977278697"
"55523","0.0027970270977278697","0.0027970270977278697","0.0027970270977278697"
"55525","0.0027970270977278697","0.0027970270977278697","0.0027970270977278697"
"55548","0.0027908459525663068","0.0027908459525663068","0.0027908459525663068"
"55550","0.0027885067141480025","0.0027885067141480025","0.0027885067141480025"
"55557","0.0027885067141480025","0.0027885067141480025","0.0027885067141480025"
"55560","0.0027885067141480025","0.0027885067141480025","0.0027885067141480025"
"55570","0.0027885067141480025","0.0027885067141480025","0.0027885067141480025"
"55584","0.0027885067141480025","0.0027885067141480025","0.0027885067141480025"
"55592","0.0027885067141480025","0.0027885067141480025","0.0027885067141480025"
"55596","0.0027885067141480025","0.0027885067141480025","0.0027885067141480025"
"55600","0.0027885067141480025","0.0027885067141480025","0.0027885067141480025"
"55605","0.0027885067141480025","0.0027885067141480025","0.0027885067141480025"
"55606","0.0027885067141480025","0.0027885067141480025","0.0027885067141480025"
"55613","0.0027885067141480025","0.0027885067141480025","0.0027885067141480025"
"55624","0.0027885067141480025","0.0027885067141480025","0.0027885067141480025"
"55641","0.0027885067141480025","0.0027885067141480025","0.0027885067141480025"
"55645","0.0027885067141480025","0.0027885067141480025","0.0027885067141480025"
"55646","0.0027885067141480025","0.0027885067141480025","0.0027885067141480025"
"55654","0.0027862258020463016","0.0027862258020463016","0.0027862258020463016"
"55660","0.002781724111612214","0.002781724111612214","0.002781724111612214"
"55663","0.002781724111612214","0.002781724111612214","0.002781724111612214"
"55671","0.002781724111612214","0.002781724111612214","0.002781724111612214"
"55675","0.002781724111612214","0.002781724111612214","0.002781724111612214"
"55683","0.002781724111612214","0.002781724111612214","0.002781724111612214"
"55685","0.002781724111612214","0.002781724111612214","0.002781724111612214"
"55689","0.002781724111612214","0.002781724111612214","0.002781724111612214"
"55698","0.002781724111612214","0.002781724111612214","0.002781724111612214"
"55703","0.002781724111612214","0.002781724111612214","0.002781724111612214"
"55709","0.002781724111612214","0.002781724111612214","0.002781724111612214"
"55710","0.002781724111612214","0.002781724111612214","0.002781724111612214"
"55720","0.002781724111612214","0.002781724111612214","0.002781724111612214"
"55723","0.002781724111612214","0.002781724111612214","0.002781724111612214"
"55725","0.002781724111612214","0.002781724111612214","0.002781724111612214"
"55727","0.002781724111612214","0.002781724111612214","0.002781724111612214"
"55730","0.002781724111612214","0.002781724111612214","0.002781724111612214"
"55737","0.002781724111612214","0.002781724111612214","0.002781724111612214"
"55738","0.002781724111612214","0.002781724111612214","0.002781724111612214"
"55744","0.002781724111612214","0.002781724111612214","0.002781724111612214"
"55770","0.0027912348863329685","0.0027912348863329685","0.0027912348863329685"
"55771","0.0027912348863329685","0.0027912348863329685","0.0027912348863329685"
"55772","0.0027912348863329685","0.0027912348863329685","0.0027912348863329685"
"55781","0.0027912348863329685","0.0027912348863329685","0.0027912348863329685"
"55783","0.0027912348863329685","0.0027912348863329685","0.0027912348863329685"
"55785","0.0027912348863329685","0.0027912348863329685","0.0027912348863329685"
"55792","0.0027912348863329685","0.0027912348863329685","0.0027912348863329685"
"55793","0.0027912348863329685","0.0027912348863329685","0.0027912348863329685"
"55817","0.0027912348863329685","0.0027912348863329685","0.0027912348863329685"
"55828","0.0027912348863329685","0.0027912348863329685","0.0027912348863329685"
"55832","0.0027912348863329685","0.0027912348863329685","0.0027912348863329685"
"55845","0.0027912348863329685","0.0027912348863329685","0.0027912348863329685"
"55846","0.0027912348863329685","0.0027912348863329685","0.0027912348863329685"
"55850","0.0027912348863329685","0.0027912348863329685","0.0027912348863329685"
"55855","0.0027912348863329685","0.0027912348863329685","0.0027912348863329685"
"55863","0.0027912348863329685","0.0027912348863329685","0.0027912348863329685"
"55890","0.0027964126826281193","0.0027964126826281193","0.0027964126826281193"
"55894","0.0027964126826281193","0.0027964126826281193","0.0027964126826281193"
"55895","0.0027964126826281193","0.0027964126826281193","0.0027964126826281193"
"55898","0.0027964126826281193","0.0027964126826281193","0.0027964126826281193"
"55905","0.0027964126826281193","0.0027964126826281193","0.0027964126826281193"
"55907","0.0027964126826281193","0.0027964126826281193","0.0027964126826281193"
"55909","0.0027964126826281193","0.0027964126826281193","0.0027964126826281193"
"55911","0.0027964126826281193","0.0027964126826281193","0.0027964126826281193"
"55917","0.0027964126826281193","0.0027964126826281193","0.0027964126826281193"
"55922","0.0027964126826281193","0.0027964126826281193","0.0027964126826281193"
"55923","0.0027964126826281193","0.0027964126826281193","0.0027964126826281193"
"55925","0.0027964126826281193","0.0027964126826281193","0.0027964126826281193"
"55932","0.0027964126826281193","0.0027964126826281193","0.0027964126826281193"
"55940","0.0027964126826281193","0.0027964126826281193","0.0027964126826281193"
"55946","0.0027964126826281193","0.0027964126826281193","0.0027964126826281193"
"55950","0.0027964126826281193","0.0027964126826281193","0.0027964126826281193"
"55951","0.0027964126826281193","0.0027964126826281193","0.0027964126826281193"
"55952","0.0027964126826281193","0.0027964126826281193","0.0027964126826281193"
"55953","0.0027964126826281193","0.0027964126826281193","0.0027964126826281193"
"55960","0.0027964126826281193","0.0027964126826281193","0.0027964126826281193"
"55980","0.0027964126826281193","0.0027964126826281193","0.0027964126826281193"
"55993","0.0027896192005708673","0.0027896192005708673","0.0027896192005708673"
"55998","0.0027896192005708673","0.0027896192005708673","0.0027896192005708673"
"56022","0.0027896192005708673","0.0027896192005708673","0.0027896192005708673"
"56029","0.0027896192005708673","0.0027896192005708673","0.0027896192005708673"
"56034","0.0027896192005708673","0.0027896192005708673","0.0027896192005708673"
"56035","0.0027896192005708673","0.0027896192005708673","0.0027896192005708673"
"56050","0.0027896192005708673","0.0027896192005708673","0.0027896192005708673"
"56059","0.0027896192005708673","0.0027896192005708673","0.0027896192005708673"
"56062","0.0027896192005708673","0.0027896192005708673","0.0027896192005708673"
"56063","0.0027896192005708673","0.0027896192005708673","0.0027896192005708673"
"56067","0.0027896192005708673","0.0027896192005708673","0.0027896192005708673"
"56073","0.0027896192005708673","0.0027896192005708673","0.0027896192005708673"
"56076","0.0027896192005708673","0.0027896192005708673","0.0027896192005708673"
"56077","0.0027896192005708673","0.0027896192005708673","0.0027896192005708673"
"56079","0.0027896192005708673","0.0027896192005708673","0.0027896192005708673"
"56082","0.0027896192005708673","0.0027896192005708673","0.0027896192005708673"
"56084","0.0027896192005708673","0.0027896192005708673","0.0027896192005708673"
"56100","0.0028028503619088397","0.0028028503619088397","0.0028028503619088397"
"56101","0.0028028503619088397","0.0028028503619088397","0.0028028503619088397"
"56128","0.0028028503619088397","0.0028028503619088397","0.0028028503619088397"
"56130","0.0028028503619088397","0.0028028503619088397","0.0028028503619088397"
"56136","0.0028028503619088397","0.0028028503619088397","0.0028028503619088397"
"56138","0.0028028503619088397","0.0028028503619088397","0.0028028503619088397"
"56146","0.0028028503619088397","0.0028028503619088397","0.0028028503619088397"
"56169","0.0028028503619088397","0.0028028503619088397","0.0028028503619088397"
"56175","0.0028028503619088397","0.0028028503619088397","0.0028028503619088397"
"56188","0.0028028503619088397","0.0028028503619088397","0.0028028503619088397"
"56197","0.0028028503619088397","0.0028028503619088397","0.0028028503619088397"
"56202","0.002799961140557898","0.002799961140557898","0.002799961140557898"
"56204","0.002798101552666909","0.002798101552666909","0.002798101552666909"
"56207","0.0027948832163682833","0.0027948832163682833","0.0027948832163682833"
"56211","0.0027908960716420688","0.0027908960716420688","0.0027908960716420688"
"56216","0.0027908960716420688","0.0027908960716420688","0.0027908960716420688"
"56222","0.0027908960716420688","0.0027908960716420688","0.0027908960716420688"
"56225","0.0027908960716420688","0.0027908960716420688","0.0027908960716420688"
"56227","0.0027908960716420688","0.0027908960716420688","0.0027908960716420688"
"56237","0.0027908960716420688","0.0027908960716420688","0.0027908960716420688"
"56245","0.0027908960716420688","0.0027908960716420688","0.0027908960716420688"
"56250","0.0027908960716420688","0.0027908960716420688","0.0027908960716420688"
"56251","0.0027908960716420688","0.0027908960716420688","0.0027908960716420688"
"56255","0.0027908960716420688","0.0027908960716420688","0.0027908960716420688"
"56256","0.0027908960716420688","0.0027908960716420688","0.0027908960716420688"
"56258","0.0027908960716420688","0.0027908960716420688","0.0027908960716420688"
"56270","0.0027908960716420688","0.0027908960716420688","0.0027908960716420688"
"56280","0.0027908960716420688","0.0027908960716420688","0.0027908960716420688"
"56284","0.0027908960716420688","0.0027908960716420688","0.0027908960716420688"
"56285","0.0027908960716420688","0.0027908960716420688","0.0027908960716420688"
"56288","0.0027908960716420688","0.0027908960716420688","0.0027908960716420688"
"56291","0.0027908960716420688","0.0027908960716420688","0.0027908960716420688"
"56292","0.0027908960716420688","0.0027908960716420688","0.0027908960716420688"
"56298","0.0027908960716420688","0.0027908960716420688","0.0027908960716420688"
"56327","0.002800349283886729","0.002800349283886729","0.002800349283886729"
"56329","0.002800349283886729","0.002800349283886729","0.002800349283886729"
"56333","0.002800349283886729","0.002800349283886729","0.002800349283886729"
"56334","0.002800349283886729","0.002800349283886729","0.002800349283886729"
"56343","0.002800349283886729","0.002800349283886729","0.002800349283886729"
"56344","0.002800349283886729","0.002800349283886729","0.002800349283886729"
"56346","0.002800349283886729","0.002800349283886729","0.002800349283886729"
"56347","0.002800349283886729","0.002800349283886729","0.002800349283886729"
"56355","0.002800349283886729","0.002800349283886729","0.002800349283886729"
"56367","0.002800349283886729","0.002800349283886729","0.002800349283886729"
"56381","0.002800349283886729","0.002800349283886729","0.002800349283886729"
"56386","0.002800349283886729","0.002800349283886729","0.002800349283886729"
"56393","0.002800349283886729","0.002800349283886729","0.002800349283886729"
"56406","0.002800349283886729","0.002800349283886729","0.002800349283886729"
"56407","0.002800349283886729","0.002800349283886729","0.002800349283886729"
"56422","0.0027975778543070946","0.0027975778543070946","0.0027975778543070946"
"56424","0.00279451073693311","0.00279451073693311","0.00279451073693311"
"56425","0.002793836051957907","0.002793836051957907","0.002793836051957907"
"56429","0.0027892799157654075","0.0027892799157654075","0.0027892799157654075"
"56433","0.0027879343562663868","0.0027879343562663868","0.0027879343562663868"
"56440","0.0027879343562663868","0.0027879343562663868","0.0027879343562663868"
"56442","0.0027879343562663868","0.0027879343562663868","0.0027879343562663868"
"56443","0.0027879343562663868","0.0027879343562663868","0.0027879343562663868"
"56456","0.0027879343562663868","0.0027879343562663868","0.0027879343562663868"
"56457","0.0027879343562663868","0.0027879343562663868","0.0027879343562663868"
"56458","0.0027879343562663868","0.0027879343562663868","0.0027879343562663868"
"56465","0.0027879343562663868","0.0027879343562663868","0.0027879343562663868"
"56479","0.0027879343562663868","0.0027879343562663868","0.0027879343562663868"
"56485","0.0027879343562663868","0.0027879343562663868","0.0027879343562663868"
"56486","0.0027879343562663868","0.0027879343562663868","0.0027879343562663868"
"56492","0.0027879343562663868","0.0027879343562663868","0.0027879343562663868"
"56493","0.0027879343562663868","0.0027879343562663868","0.0027879343562663868"
"56513","0.0027879343562663868","0.0027879343562663868","0.0027879343562663868"
"56515","0.0027879343562663868","0.0027879343562663868","0.0027879343562663868"
"56516","0.0027879343562663868","0.0027879343562663868","0.0027879343562663868"
"56527","0.0027879343562663868","0.0027879343562663868","0.0027879343562663868"
"56547","0.002780195535155493","0.002780195535155493","0.002780195535155493"
"56550","0.002780195535155493","0.002780195535155493","0.002780195535155493"
"56553","0.002780195535155493","0.002780195535155493","0.002780195535155493"
"56561","0.002780195535155493","0.002780195535155493","0.002780195535155493"
"56563","0.002780195535155493","0.002780195535155493","0.002780195535155493"
"56569","0.002780195535155493","0.002780195535155493","0.002780195535155493"
"56580","0.002780195535155493","0.002780195535155493","0.002780195535155493"
"56590","0.002780195535155493","0.002780195535155493","0.002780195535155493"
"56613","0.002780195535155493","0.002780195535155493","0.002780195535155493"
"56614","0.002780195535155493","0.002780195535155493","0.002780195535155493"
"56619","0.002780195535155493","0.002780195535155493","0.002780195535155493"
"56629","0.002780195535155493","0.002780195535155493","0.002780195535155493"
"56645","0.0027859193332651997","0.0027859193332651997","0.0027859193332651997"
"56649","0.002789934995212497","0.002789934995212497","0.002789934995212497"
"56655","0.0027903689260134978","0.0027903689260134978","0.0027903689260134978"
"56660","0.0027903689260134978","0.0027903689260134978","0.0027903689260134978"
"56662","0.0027903689260134978","0.0027903689260134978","0.0027903689260134978"
"56669","0.0027903689260134978","0.0027903689260134978","0.0027903689260134978"
"56674","0.0027903689260134978","0.0027903689260134978","0.0027903689260134978"
"56691","0.0027903689260134978","0.0027903689260134978","0.0027903689260134978"
"56695","0.0027903689260134978","0.0027903689260134978","0.0027903689260134978"
"56706","0.0027903689260134978","0.0027903689260134978","0.0027903689260134978"
"56710","0.0027903689260134978","0.0027903689260134978","0.0027903689260134978"
"56711","0.0027903689260134978","0.0027903689260134978","0.0027903689260134978"
"56716","0.0027903689260134978","0.0027903689260134978","0.0027903689260134978"
"56719","0.0027903689260134978","0.0027903689260134978","0.0027903689260134978"
"56727","0.0027903689260134978","0.0027903689260134978","0.0027903689260134978"
"56729","0.0027903689260134978","0.0027903689260134978","0.0027903689260134978"
"56732","0.0027903689260134978","0.0027903689260134978","0.0027903689260134978"
"56734","0.0027903689260134978","0.0027903689260134978","0.0027903689260134978"
"56737","0.0027903689260134978","0.0027903689260134978","0.0027903689260134978"
"56742","0.0027903689260134978","0.0027903689260134978","0.0027903689260134978"
"56746","0.0027903689260134978","0.0027903689260134978","0.0027903689260134978"
"56748","0.0027903689260134978","0.0027903689260134978","0.0027903689260134978"
"56749","0.0027903689260134978","0.0027903689260134978","0.0027903689260134978"
"56753","0.0027943218372498426","0.0027943218372498426","0.0027943218372498426"
"56763","0.0028025530750764157","0.0028025530750764157","0.0028025530750764157"
"56773","0.0028025530750764157","0.0028025530750764157","0.0028025530750764157"
"56777","0.0028025530750764157","0.0028025530750764157","0.0028025530750764157"
"56790","0.0028025530750764157","0.0028025530750764157","0.0028025530750764157"
"56792","0.0028025530750764157","0.0028025530750764157","0.0028025530750764157"
"56801","0.0028025530750764157","0.0028025530750764157","0.0028025530750764157"
"56808","0.0028025530750764157","0.0028025530750764157","0.0028025530750764157"
"56815","0.0028025530750764157","0.0028025530750764157","0.0028025530750764157"
"56827","0.0028025530750764157","0.0028025530750764157","0.0028025530750764157"
"56832","0.0028025530750764157","0.0028025530750764157","0.0028025530750764157"
"56839","0.0028025530750764157","0.0028025530750764157","0.0028025530750764157"
"56846","0.0028025530750764157","0.0028025530750764157","0.0028025530750764157"
"56848","0.0028025530750764157","0.0028025530750764157","0.0028025530750764157"
"56853","0.0028025530750764157","0.0028025530750764157","0.0028025530750764157"
"56855","0.0028025530750764157","0.0028025530750764157","0.0028025530750764157"
"56858","0.0028025530750764157","0.0028025530750764157","0.0028025530750764157"
"56861","0.002803146081678938","0.002803146081678938","0.002803146081678938"
"56867","0.0028101322352506084","0.0028101322352506084","0.0028101322352506084"
"56873","0.0028128236406122706","0.0028128236406122706","0.0028128236406122706"
"56874","0.0028128236406122706","0.0028128236406122706","0.0028128236406122706"
"56884","0.0028128236406122706","0.0028128236406122706","0.0028128236406122706"
"56885","0.0028128236406122706","0.0028128236406122706","0.0028128236406122706"
"56894","0.0028128236406122706","0.0028128236406122706","0.0028128236406122706"
"56902","0.0028128236406122706","0.0028128236406122706","0.0028128236406122706"
"56910","0.0028128236406122706","0.0028128236406122706","0.0028128236406122706"
"56925","0.0028128236406122706","0.0028128236406122706","0.0028128236406122706"
"56933","0.0028128236406122706","0.0028128236406122706","0.0028128236406122706"
"56936","0.0028128236406122706","0.0028128236406122706","0.0028128236406122706"
"56941","0.0028128236406122706","0.0028128236406122706","0.0028128236406122706"
"56942","0.0028128236406122706","0.0028128236406122706","0.0028128236406122706"
"56949","0.0028128236406122706","0.0028128236406122706","0.0028128236406122706"
"56952","0.0028128236406122706","0.0028128236406122706","0.0028128236406122706"
"56954","0.0028128236406122706","0.0028128236406122706","0.0028128236406122706"
"56966","0.0028128236406122706","0.0028128236406122706","0.0028128236406122706"
"56972","0.002810071718653452","0.002810071718653452","0.002810071718653452"
"56977","0.0028033461868094875","0.0028033461868094875","0.0028033461868094875"
"56981","0.002800225742519728","0.002800225742519728","0.002800225742519728"
"56984","0.002800225742519728","0.002800225742519728","0.002800225742519728"
"56988","0.002800225742519728","0.002800225742519728","0.002800225742519728"
"56996","0.002800225742519728","0.002800225742519728","0.002800225742519728"
"57000","0.002800225742519728","0.002800225742519728","0.002800225742519728"
"57001","0.002800225742519728","0.002800225742519728","0.002800225742519728"
"57010","0.002800225742519728","0.002800225742519728","0.002800225742519728"
"57023","0.002800225742519728","0.002800225742519728","0.002800225742519728"
"57033","0.002800225742519728","0.002800225742519728","0.002800225742519728"
"57037","0.002800225742519728","0.002800225742519728","0.002800225742519728"
"57043","0.002800225742519728","0.002800225742519728","0.002800225742519728"
"57045","0.002800225742519728","0.002800225742519728","0.002800225742519728"
"57053","0.002800225742519728","0.002800225742519728","0.002800225742519728"
"57058","0.002800225742519728","0.002800225742519728","0.002800225742519728"
"57062","0.002800225742519728","0.002800225742519728","0.002800225742519728"
"57063","0.002800225742519728","0.002800225742519728","0.002800225742519728"
"57065","0.002800225742519728","0.002800225742519728","0.002800225742519728"
"57073","0.002800225742519728","0.002800225742519728","0.002800225742519728"
"57087","0.0027923171067623523","0.0027923171067623523","0.0027923171067623523"
"57111","0.0027887022275601817","0.0027887022275601817","0.0027887022275601817"
"57113","0.0027887022275601817","0.0027887022275601817","0.0027887022275601817"
"57118","0.0027887022275601817","0.0027887022275601817","0.0027887022275601817"
"57119","0.0027887022275601817","0.0027887022275601817","0.0027887022275601817"
"57127","0.0027887022275601817","0.0027887022275601817","0.0027887022275601817"
"57150","0.0027887022275601817","0.0027887022275601817","0.0027887022275601817"
"57164","0.0027887022275601817","0.0027887022275601817","0.0027887022275601817"
"57168","0.0027887022275601817","0.0027887022275601817","0.0027887022275601817"
"57170","0.0027887022275601817","0.0027887022275601817","0.0027887022275601817"
"57173","0.0027887022275601817","0.0027887022275601817","0.0027887022275601817"
"57176","0.0027887022275601817","0.0027887022275601817","0.0027887022275601817"
"57189","0.0027887022275601817","0.0027887022275601817","0.0027887022275601817"
"57207","0.002776128931166973","0.002776128931166973","0.002776128931166973"
"57208","0.002776128931166973","0.002776128931166973","0.002776128931166973"
"57209","0.002776128931166973","0.002776128931166973","0.002776128931166973"
"57211","0.002776128931166973","0.002776128931166973","0.002776128931166973"
"57216","0.002776128931166973","0.002776128931166973","0.002776128931166973"
"57220","0.002776128931166973","0.002776128931166973","0.002776128931166973"
"57222","0.002776128931166973","0.002776128931166973","0.002776128931166973"
"57228","0.002776128931166973","0.002776128931166973","0.002776128931166973"
"57232","0.002776128931166973","0.002776128931166973","0.002776128931166973"
"57234","0.002776128931166973","0.002776128931166973","0.002776128931166973"
"57249","0.002776128931166973","0.002776128931166973","0.002776128931166973"
"57251","0.002776128931166973","0.002776128931166973","0.002776128931166973"
"57254","0.002776128931166973","0.002776128931166973","0.002776128931166973"
"57267","0.002776128931166973","0.002776128931166973","0.002776128931166973"
"57268","0.002776128931166973","0.002776128931166973","0.002776128931166973"
"57276","0.002776128931166973","0.002776128931166973","0.002776128931166973"
"57281","0.002776128931166973","0.002776128931166973","0.002776128931166973"
"57284","0.002776128931166973","0.002776128931166973","0.002776128931166973"
"57298","0.002776128931166973","0.002776128931166973","0.002776128931166973"
"57301","0.0027745776176987588","0.0027745776176987588","0.0027745776176987588"
"57303","0.0027738947579616347","0.0027738947579616347","0.0027738947579616347"
"57305","0.002772757886095307","0.002772757886095307","0.002772757886095307"
"57315","0.002767535213736561","0.002767535213736561","0.002767535213736561"
"57323","0.002767535213736561","0.002767535213736561","0.002767535213736561"
"57333","0.002767535213736561","0.002767535213736561","0.002767535213736561"
"57339","0.002767535213736561","0.002767535213736561","0.002767535213736561"
"57342","0.002767535213736561","0.002767535213736561","0.002767535213736561"
"57354","0.002767535213736561","0.002767535213736561","0.002767535213736561"
"57364","0.002767535213736561","0.002767535213736561","0.002767535213736561"
"57366","0.002767535213736561","0.002767535213736561","0.002767535213736561"
"57371","0.002767535213736561","0.002767535213736561","0.002767535213736561"
"57374","0.002767535213736561","0.002767535213736561","0.002767535213736561"
"57380","0.002767535213736561","0.002767535213736561","0.002767535213736561"
"57390","0.002767535213736561","0.002767535213736561","0.002767535213736561"
"57395","0.002767535213736561","0.002767535213736561","0.002767535213736561"
"57402","0.002767535213736561","0.002767535213736561","0.002767535213736561"
"57411","0.002768676204294668","0.002768676204294668","0.002768676204294668"
"57413","0.0027706087728840687","0.0027706087728840687","0.0027706087728840687"
"57420","0.002778911216319208","0.002778911216319208","0.002778911216319208"
"57427","0.002778911216319208","0.002778911216319208","0.002778911216319208"
"57428","0.002778911216319208","0.002778911216319208","0.002778911216319208"
"57434","0.002778911216319208","0.002778911216319208","0.002778911216319208"
"57437","0.002778911216319208","0.002778911216319208","0.002778911216319208"
"57439","0.002778911216319208","0.002778911216319208","0.002778911216319208"
"57446","0.002778911216319208","0.002778911216319208","0.002778911216319208"
"57464","0.002778911216319208","0.002778911216319208","0.002778911216319208"
"57466","0.002778911216319208","0.002778911216319208","0.002778911216319208"
"57470","0.002778911216319208","0.002778911216319208","0.002778911216319208"
"57476","0.002778911216319208","0.002778911216319208","0.002778911216319208"
"57477","0.002778911216319208","0.002778911216319208","0.002778911216319208"
"57489","0.002778911216319208","0.002778911216319208","0.002778911216319208"
"57496","0.002778911216319208","0.002778911216319208","0.002778911216319208"
"57500","0.002778911216319208","0.002778911216319208","0.002778911216319208"
"57501","0.002778911216319208","0.002778911216319208","0.002778911216319208"
"57509","0.002778911216319208","0.002778911216319208","0.002778911216319208"
"57514","0.002778911216319208","0.002778911216319208","0.002778911216319208"
"57518","0.002778911216319208","0.002778911216319208","0.002778911216319208"
"57527","0.002784004995155366","0.002784004995155366","0.002784004995155366"
"57538","0.0027826584887486834","0.0027826584887486834","0.0027826584887486834"
"57539","0.0027826584887486834","0.0027826584887486834","0.0027826584887486834"
"57553","0.0027826584887486834","0.0027826584887486834","0.0027826584887486834"
"57556","0.0027826584887486834","0.0027826584887486834","0.0027826584887486834"
"57558","0.0027826584887486834","0.0027826584887486834","0.0027826584887486834"
"57566","0.0027826584887486834","0.0027826584887486834","0.0027826584887486834"
"57581","0.0027826584887486834","0.0027826584887486834","0.0027826584887486834"
"57587","0.0027826584887486834","0.0027826584887486834","0.0027826584887486834"
"57590","0.0027826584887486834","0.0027826584887486834","0.0027826584887486834"
"57603","0.0027826584887486834","0.0027826584887486834","0.0027826584887486834"
"57607","0.0027826584887486834","0.0027826584887486834","0.0027826584887486834"
"57633","0.0027836308010655477","0.0027836308010655477","0.0027836308010655477"
"57638","0.002787142649665815","0.002787142649665815","0.002787142649665815"
"57645","0.002787901621094409","0.002787901621094409","0.002787901621094409"
"57667","0.002787901621094409","0.002787901621094409","0.002787901621094409"
"57668","0.002787901621094409","0.002787901621094409","0.002787901621094409"
"57675","0.002787901621094409","0.002787901621094409","0.002787901621094409"
"57676","0.002787901621094409","0.002787901621094409","0.002787901621094409"
"57681","0.002787901621094409","0.002787901621094409","0.002787901621094409"
"57685","0.002787901621094409","0.002787901621094409","0.002787901621094409"
"57701","0.002787901621094409","0.002787901621094409","0.002787901621094409"
"57704","0.002787901621094409","0.002787901621094409","0.002787901621094409"
"57717","0.002787901621094409","0.002787901621094409","0.002787901621094409"
"57732","0.002787901621094409","0.002787901621094409","0.002787901621094409"
"57740","0.002787901621094409","0.002787901621094409","0.002787901621094409"
"57742","0.002785956532094398","0.002785956532094398","0.002785956532094398"
"57746","0.002782511031325275","0.002782511031325275","0.002782511031325275"
"57753","0.0027806077198817376","0.0027806077198817376","0.0027806077198817376"
"57759","0.0027806077198817376","0.0027806077198817376","0.0027806077198817376"
"57760","0.0027806077198817376","0.0027806077198817376","0.0027806077198817376"
"57761","0.0027806077198817376","0.0027806077198817376","0.0027806077198817376"
"57769","0.0027806077198817376","0.0027806077198817376","0.0027806077198817376"
"57779","0.0027806077198817376","0.0027806077198817376","0.0027806077198817376"
"57790","0.0027806077198817376","0.0027806077198817376","0.0027806077198817376"
"57792","0.0027806077198817376","0.0027806077198817376","0.0027806077198817376"
"57793","0.0027806077198817376","0.0027806077198817376","0.0027806077198817376"
"57796","0.0027806077198817376","0.0027806077198817376","0.0027806077198817376"
"57800","0.0027806077198817376","0.0027806077198817376","0.0027806077198817376"
"57802","0.0027806077198817376","0.0027806077198817376","0.0027806077198817376"
"57822","0.0027806077198817376","0.0027806077198817376","0.0027806077198817376"
"57828","0.0027806077198817376","0.0027806077198817376","0.0027806077198817376"
"57831","0.0027806077198817376","0.0027806077198817376","0.0027806077198817376"
"57856","0.002786516662559038","0.002786516662559038","0.002786516662559038"
"57872","0.002790589098352864","0.002790589098352864","0.002790589098352864"
"57877","0.002790589098352864","0.002790589098352864","0.002790589098352864"
"57888","0.002790589098352864","0.002790589098352864","0.002790589098352864"
"57908","0.002790589098352864","0.002790589098352864","0.002790589098352864"
"57911","0.002790589098352864","0.002790589098352864","0.002790589098352864"
"57916","0.002790589098352864","0.002790589098352864","0.002790589098352864"
"57919","0.002790589098352864","0.002790589098352864","0.002790589098352864"
"57925","0.002790589098352864","0.002790589098352864","0.002790589098352864"
"57934","0.002790589098352864","0.002790589098352864","0.002790589098352864"
"57935","0.002790589098352864","0.002790589098352864","0.002790589098352864"
"57941","0.002790589098352864","0.002790589098352864","0.002790589098352864"
"57942","0.002790589098352864","0.002790589098352864","0.002790589098352864"
"57950","0.002790589098352864","0.002790589098352864","0.002790589098352864"
"57956","0.002790589098352864","0.002790589098352864","0.002790589098352864"
"57983","0.002801796928980226","0.002801796928980226","0.002801796928980226"
"57998","0.002801796928980226","0.002801796928980226","0.002801796928980226"
"58015","0.002801796928980226","0.002801796928980226","0.002801796928980226"
"58020","0.002801796928980226","0.002801796928980226","0.002801796928980226"
"58039","0.002801796928980226","0.002801796928980226","0.002801796928980226"
"58047","0.002801796928980226","0.002801796928980226","0.002801796928980226"
"58048","0.002801796928980226","0.002801796928980226","0.002801796928980226"
"58064","0.002801796928980226","0.002801796928980226","0.002801796928980226"
"58069","0.002801796928980226","0.002801796928980226","0.002801796928980226"
"58084","0.002790944341351714","0.002790944341351714","0.002790944341351714"
"58089","0.002790944341351714","0.002790944341351714","0.002790944341351714"
"58092","0.002790944341351714","0.002790944341351714","0.002790944341351714"
"58096","0.002790944341351714","0.002790944341351714","0.002790944341351714"
"58112","0.002790944341351714","0.002790944341351714","0.002790944341351714"
"58116","0.002790944341351714","0.002790944341351714","0.002790944341351714"
"58121","0.002790944341351714","0.002790944341351714","0.002790944341351714"
"58147","0.002790944341351714","0.002790944341351714","0.002790944341351714"
"58167","0.002790944341351714","0.002790944341351714","0.002790944341351714"
"58175","0.002790944341351714","0.002790944341351714","0.002790944341351714"
"58179","0.002790944341351714","0.002790944341351714","0.002790944341351714"
"58183","0.0027878075970892823","0.0027878075970892823","0.0027878075970892823"
"58186","0.00278466093733476","0.00278466093733476","0.00278466093733476"
"58196","0.0027798717734427063","0.0027798717734427063","0.0027798717734427063"
"58206","0.0027798717734427063","0.0027798717734427063","0.0027798717734427063"
"58209","0.0027798717734427063","0.0027798717734427063","0.0027798717734427063"
"58211","0.0027798717734427063","0.0027798717734427063","0.0027798717734427063"
"58226","0.0027798717734427063","0.0027798717734427063","0.0027798717734427063"
"58229","0.0027798717734427063","0.0027798717734427063","0.0027798717734427063"
"58236","0.0027798717734427063","0.0027798717734427063","0.0027798717734427063"
"58241","0.0027798717734427063","0.0027798717734427063","0.0027798717734427063"
"58249","0.0027798717734427063","0.0027798717734427063","0.0027798717734427063"
"58256","0.0027798717734427063","0.0027798717734427063","0.0027798717734427063"
"58261","0.0027798717734427063","0.0027798717734427063","0.0027798717734427063"
"58264","0.0027798717734427063","0.0027798717734427063","0.0027798717734427063"
"58271","0.0027798717734427063","0.0027798717734427063","0.0027798717734427063"
"58288","0.0027798717734427063","0.0027798717734427063","0.0027798717734427063"
"58289","0.0027798717734427063","0.0027798717734427063","0.0027798717734427063"
"58298","0.002787112537099368","0.002787112537099368","0.002787112537099368"
"58302","0.0027884320235486005","0.0027884320235486005","0.0027884320235486005"
"58308","0.0027884320235486005","0.0027884320235486005","0.0027884320235486005"
"58309","0.0027884320235486005","0.0027884320235486005","0.0027884320235486005"
"58317","0.0027884320235486005","0.0027884320235486005","0.0027884320235486005"
"58321","0.0027884320235486005","0.0027884320235486005","0.0027884320235486005"
"58336","0.0027884320235486005","0.0027884320235486005","0.0027884320235486005"
"58340","0.0027884320235486005","0.0027884320235486005","0.0027884320235486005"
"58345","0.0027884320235486005","0.0027884320235486005","0.0027884320235486005"
"58360","0.0027884320235486005","0.0027884320235486005","0.0027884320235486005"
"58367","0.0027884320235486005","0.0027884320235486005","0.0027884320235486005"
"58370","0.0027884320235486005","0.0027884320235486005","0.0027884320235486005"
"58373","0.0027884320235486005","0.0027884320235486005","0.0027884320235486005"
"58377","0.0027884320235486005","0.0027884320235486005","0.0027884320235486005"
"58382","0.0027884320235486005","0.0027884320235486005","0.0027884320235486005"
"58388","0.0027884320235486005","0.0027884320235486005","0.0027884320235486005"
"58400","0.0027884320235486005","0.0027884320235486005","0.0027884320235486005"
"58401","0.0027876377977683157","0.0027876377977683157","0.0027876377977683157"
"58402","0.0027862826741811638","0.0027862826741811638","0.0027862826741811638"
"58406","0.0027832985819979416","0.0027832985819979416","0.0027832985819979416"
"58407","0.0027828215218854745","0.0027828215218854745","0.0027828215218854745"
"58411","0.002779667960961796","0.002779667960961796","0.002779667960961796"
"58422","0.002779667960961796","0.002779667960961796","0.002779667960961796"
"58423","0.002779667960961796","0.002779667960961796","0.002779667960961796"
"58430","0.002779667960961796","0.002779667960961796","0.002779667960961796"
"58434","0.002779667960961796","0.002779667960961796","0.002779667960961796"
"58444","0.002779667960961796","0.002779667960961796","0.002779667960961796"
"58445","0.002779667960961796","0.002779667960961796","0.002779667960961796"
"58454","0.002779667960961796","0.002779667960961796","0.002779667960961796"
"58455","0.002779667960961796","0.002779667960961796","0.002779667960961796"
"58465","0.002779667960961796","0.002779667960961796","0.002779667960961796"
"58466","0.002779667960961796","0.002779667960961796","0.002779667960961796"
"58472","0.002779667960961796","0.002779667960961796","0.002779667960961796"
"58473","0.002779667960961796","0.002779667960961796","0.002779667960961796"
"58474","0.002779667960961796","0.002779667960961796","0.002779667960961796"
"58481","0.002779667960961796","0.002779667960961796","0.002779667960961796"
"58486","0.002779667960961796","0.002779667960961796","0.002779667960961796"
"58491","0.002779667960961796","0.002779667960961796","0.002779667960961796"
"58494","0.002779667960961796","0.002779667960961796","0.002779667960961796"
"58498","0.002779667960961796","0.002779667960961796","0.002779667960961796"
"58508","0.002779667960961796","0.002779667960961796","0.002779667960961796"
"58511","0.0027784556914018767","0.0027784556914018767","0.0027784556914018767"
"58515","0.00277499566818646","0.00277499566818646","0.00277499566818646"
"58521","0.0027704227747864193","0.0027704227747864193","0.0027704227747864193"
"58522","0.0027704227747864193","0.0027704227747864193","0.0027704227747864193"
"58528","0.0027704227747864193","0.0027704227747864193","0.0027704227747864193"
"58533","0.0027704227747864193","0.0027704227747864193","0.0027704227747864193"
"58536","0.0027704227747864193","0.0027704227747864193","0.0027704227747864193"
"58546","0.0027704227747864193","0.0027704227747864193","0.0027704227747864193"
"58549","0.0027704227747864193","0.0027704227747864193","0.0027704227747864193"
"58550","0.0027704227747864193","0.0027704227747864193","0.0027704227747864193"
"58551","0.0027704227747864193","0.0027704227747864193","0.0027704227747864193"
"58566","0.0027704227747864193","0.0027704227747864193","0.0027704227747864193"
"58568","0.0027704227747864193","0.0027704227747864193","0.0027704227747864193"
"58571","0.0027704227747864193","0.0027704227747864193","0.0027704227747864193"
"58584","0.0027704227747864193","0.0027704227747864193","0.0027704227747864193"
"58590","0.0027704227747864193","0.0027704227747864193","0.0027704227747864193"
"58592","0.0027704227747864193","0.0027704227747864193","0.0027704227747864193"
"58607","0.0027704227747864193","0.0027704227747864193","0.0027704227747864193"
"58613","0.0027704227747864193","0.0027704227747864193","0.0027704227747864193"
"58615","0.0027704227747864193","0.0027704227747864193","0.0027704227747864193"
"58624","0.0027667490950366498","0.0027667490950366498","0.0027667490950366498"
"58636","0.002762886962931109","0.002762886962931109","0.002762886962931109"
"58637","0.002762886962931109","0.002762886962931109","0.002762886962931109"
"58654","0.002762886962931109","0.002762886962931109","0.002762886962931109"
"58660","0.002762886962931109","0.002762886962931109","0.002762886962931109"
"58666","0.002762886962931109","0.002762886962931109","0.002762886962931109"
"58674","0.002762886962931109","0.002762886962931109","0.002762886962931109"
"58676","0.002762886962931109","0.002762886962931109","0.002762886962931109"
"58677","0.002762886962931109","0.002762886962931109","0.002762886962931109"
"58678","0.002762886962931109","0.002762886962931109","0.002762886962931109"
"58679","0.002762886962931109","0.002762886962931109","0.002762886962931109"
"58701","0.002762886962931109","0.002762886962931109","0.002762886962931109"
"58704","0.002762886962931109","0.002762886962931109","0.002762886962931109"
"58718","0.002762886962931109","0.002762886962931109","0.002762886962931109"
"58733","0.0027600294395427557","0.0027600294395427557","0.0027600294395427557"
"58734","0.002758586048125725","0.002758586048125725","0.002758586048125725"
"58742","0.0027556393596887096","0.0027556393596887096","0.0027556393596887096"
"58749","0.0027556393596887096","0.0027556393596887096","0.0027556393596887096"
"58750","0.0027556393596887096","0.0027556393596887096","0.0027556393596887096"
"58751","0.0027556393596887096","0.0027556393596887096","0.0027556393596887096"
"58754","0.0027556393596887096","0.0027556393596887096","0.0027556393596887096"
"58763","0.0027556393596887096","0.0027556393596887096","0.0027556393596887096"
"58766","0.0027556393596887096","0.0027556393596887096","0.0027556393596887096"
"58770","0.0027556393596887096","0.0027556393596887096","0.0027556393596887096"
"58775","0.0027556393596887096","0.0027556393596887096","0.0027556393596887096"
"58781","0.0027556393596887096","0.0027556393596887096","0.0027556393596887096"
"58787","0.0027556393596887096","0.0027556393596887096","0.0027556393596887096"
"58789","0.0027556393596887096","0.0027556393596887096","0.0027556393596887096"
"58791","0.0027556393596887096","0.0027556393596887096","0.0027556393596887096"
"58795","0.0027556393596887096","0.0027556393596887096","0.0027556393596887096"
"58803","0.0027556393596887096","0.0027556393596887096","0.0027556393596887096"
"58805","0.0027556393596887096","0.0027556393596887096","0.0027556393596887096"
"58806","0.0027556393596887096","0.0027556393596887096","0.0027556393596887096"
"58816","0.0027556393596887096","0.0027556393596887096","0.0027556393596887096"
"58827","0.0027556393596887096","0.0027556393596887096","0.0027556393596887096"
"58829","0.0027556393596887096","0.0027556393596887096","0.0027556393596887096"
"58845","0.0027521377629819276","0.0027521377629819276","0.0027521377629819276"
"58851","0.002748323834654004","0.002748323834654004","0.002748323834654004"
"58857","0.002748323834654004","0.002748323834654004","0.002748323834654004"
"58862","0.002748323834654004","0.002748323834654004","0.002748323834654004"
"58863","0.002748323834654004","0.002748323834654004","0.002748323834654004"
"58865","0.002748323834654004","0.002748323834654004","0.002748323834654004"
"58870","0.002748323834654004","0.002748323834654004","0.002748323834654004"
"58871","0.002748323834654004","0.002748323834654004","0.002748323834654004"
"58872","0.002748323834654004","0.002748323834654004","0.002748323834654004"
"58875","0.002748323834654004","0.002748323834654004","0.002748323834654004"
"58884","0.002748323834654004","0.002748323834654004","0.002748323834654004"
"58887","0.002748323834654004","0.002748323834654004","0.002748323834654004"
"58899","0.002748323834654004","0.002748323834654004","0.002748323834654004"
"58903","0.002748323834654004","0.002748323834654004","0.002748323834654004"
"58906","0.002748323834654004","0.002748323834654004","0.002748323834654004"
"58914","0.002748323834654004","0.002748323834654004","0.002748323834654004"
"58922","0.002748323834654004","0.002748323834654004","0.002748323834654004"
"58923","0.002748323834654004","0.002748323834654004","0.002748323834654004"
"58924","0.002748323834654004","0.002748323834654004","0.002748323834654004"
"58925","0.002748323834654004","0.002748323834654004","0.002748323834654004"
"58935","0.002748323834654004","0.002748323834654004","0.002748323834654004"
"58937","0.002748323834654004","0.002748323834654004","0.002748323834654004"
"58957","0.0027540746164860276","0.0027540746164860276","0.0027540746164860276"
"58966","0.002757188552079164","0.002757188552079164","0.002757188552079164"
"58976","0.002757188552079164","0.002757188552079164","0.002757188552079164"
"58984","0.002757188552079164","0.002757188552079164","0.002757188552079164"
"58985","0.002757188552079164","0.002757188552079164","0.002757188552079164"
"58988","0.002757188552079164","0.002757188552079164","0.002757188552079164"
"58994","0.002757188552079164","0.002757188552079164","0.002757188552079164"
"59002","0.002757188552079164","0.002757188552079164","0.002757188552079164"
"59006","0.002757188552079164","0.002757188552079164","0.002757188552079164"
"59007","0.002757188552079164","0.002757188552079164","0.002757188552079164"
"59008","0.002757188552079164","0.002757188552079164","0.002757188552079164"
"59010","0.002757188552079164","0.002757188552079164","0.002757188552079164"
"59011","0.002757188552079164","0.002757188552079164","0.002757188552079164"
"59013","0.002757188552079164","0.002757188552079164","0.002757188552079164"
"59015","0.002757188552079164","0.002757188552079164","0.002757188552079164"
"59019","0.002757188552079164","0.002757188552079164","0.002757188552079164"
"59020","0.002757188552079164","0.002757188552079164","0.002757188552079164"
"59027","0.002757188552079164","0.002757188552079164","0.002757188552079164"
"59039","0.002757188552079164","0.002757188552079164","0.002757188552079164"
"59045","0.002757188552079164","0.002757188552079164","0.002757188552079164"
"59046","0.002757188552079164","0.002757188552079164","0.002757188552079164"
"59061","0.0027563282597350422","0.0027563282597350422","0.0027563282597350422"
"59076","0.0027463010303716696","0.0027463010303716696","0.0027463010303716696"
"59079","0.0027463010303716696","0.0027463010303716696","0.0027463010303716696"
"59081","0.0027463010303716696","0.0027463010303716696","0.0027463010303716696"
"59084","0.0027463010303716696","0.0027463010303716696","0.0027463010303716696"
"59087","0.0027463010303716696","0.0027463010303716696","0.0027463010303716696"
"59117","0.0027463010303716696","0.0027463010303716696","0.0027463010303716696"
"59120","0.0027463010303716696","0.0027463010303716696","0.0027463010303716696"
"59132","0.0027463010303716696","0.0027463010303716696","0.0027463010303716696"
"59137","0.0027463010303716696","0.0027463010303716696","0.0027463010303716696"
"59146","0.0027463010303716696","0.0027463010303716696","0.0027463010303716696"
"59151","0.0027463010303716696","0.0027463010303716696","0.0027463010303716696"
"59162","0.0027463010303716696","0.0027463010303716696","0.0027463010303716696"
"59163","0.0027463010303716696","0.0027463010303716696","0.0027463010303716696"
"59167","0.0027463010303716696","0.0027463010303716696","0.0027463010303716696"
"59169","0.0027463010303716696","0.0027463010303716696","0.0027463010303716696"
"59173","0.00275015963811948","0.00275015963811948","0.00275015963811948"
"59176","0.0027535341862538797","0.0027535341862538797","0.0027535341862538797"
"59195","0.0027567188491835343","0.0027567188491835343","0.0027567188491835343"
"59214","0.0027567188491835343","0.0027567188491835343","0.0027567188491835343"
"59217","0.0027567188491835343","0.0027567188491835343","0.0027567188491835343"
"59226","0.0027567188491835343","0.0027567188491835343","0.0027567188491835343"
"59228","0.0027567188491835343","0.0027567188491835343","0.0027567188491835343"
"59233","0.0027567188491835343","0.0027567188491835343","0.0027567188491835343"
"59235","0.0027567188491835343","0.0027567188491835343","0.0027567188491835343"
"59241","0.0027567188491835343","0.0027567188491835343","0.0027567188491835343"
"59243","0.0027567188491835343","0.0027567188491835343","0.0027567188491835343"
"59249","0.0027567188491835343","0.0027567188491835343","0.0027567188491835343"
"59251","0.0027567188491835343","0.0027567188491835343","0.0027567188491835343"
"59271","0.0027567188491835343","0.0027567188491835343","0.0027567188491835343"
"59277","0.0027567188491835343","0.0027567188491835343","0.0027567188491835343"
"59280","0.0027567188491835343","0.0027567188491835343","0.0027567188491835343"
"59289","0.002758510250028335","0.002758510250028335","0.002758510250028335"
"59299","0.00275967032465086","0.00275967032465086","0.00275967032465086"
"59306","0.00275967032465086","0.00275967032465086","0.00275967032465086"
"59307","0.00275967032465086","0.00275967032465086","0.00275967032465086"
"59313","0.00275967032465086","0.00275967032465086","0.00275967032465086"
"59317","0.00275967032465086","0.00275967032465086","0.00275967032465086"
"59326","0.00275967032465086","0.00275967032465086","0.00275967032465086"
"59339","0.00275967032465086","0.00275967032465086","0.00275967032465086"
"59348","0.00275967032465086","0.00275967032465086","0.00275967032465086"
"59350","0.00275967032465086","0.00275967032465086","0.00275967032465086"
"59352","0.00275967032465086","0.00275967032465086","0.00275967032465086"
"59358","0.00275967032465086","0.00275967032465086","0.00275967032465086"
"59363","0.00275967032465086","0.00275967032465086","0.00275967032465086"
"59364","0.00275967032465086","0.00275967032465086","0.00275967032465086"
"59372","0.00275967032465086","0.00275967032465086","0.00275967032465086"
"59373","0.00275967032465086","0.00275967032465086","0.00275967032465086"
"59386","0.00275967032465086","0.00275967032465086","0.00275967032465086"
"59391","0.002758747511681308","0.002758747511681308","0.002758747511681308"
"59396","0.0027544079104098703","0.0027544079104098703","0.0027544079104098703"
"59397","0.0027533759827111644","0.0027533759827111644","0.0027533759827111644"
"59404","0.002751066312375399","0.002751066312375399","0.002751066312375399"
"59406","0.002751066312375399","0.002751066312375399","0.002751066312375399"
"59407","0.002751066312375399","0.002751066312375399","0.002751066312375399"
"59412","0.002751066312375399","0.002751066312375399","0.002751066312375399"
"59415","0.002751066312375399","0.002751066312375399","0.002751066312375399"
"59421","0.002751066312375399","0.002751066312375399","0.002751066312375399"
"59423","0.002751066312375399","0.002751066312375399","0.002751066312375399"
"59425","0.002751066312375399","0.002751066312375399","0.002751066312375399"
"59449","0.002751066312375399","0.002751066312375399","0.002751066312375399"
"59450","0.002751066312375399","0.002751066312375399","0.002751066312375399"
"59453","0.002751066312375399","0.002751066312375399","0.002751066312375399"
"59461","0.002751066312375399","0.002751066312375399","0.002751066312375399"
"59471","0.002751066312375399","0.002751066312375399","0.002751066312375399"
"59479","0.002751066312375399","0.002751066312375399","0.002751066312375399"
"59487","0.002751066312375399","0.002751066312375399","0.002751066312375399"
"59492","0.002751066312375399","0.002751066312375399","0.002751066312375399"
"59495","0.002751066312375399","0.002751066312375399","0.002751066312375399"
"59497","0.002751066312375399","0.002751066312375399","0.002751066312375399"
"59508","0.002744342075694011","0.002744342075694011","0.002744342075694011"
"59511","0.002742310856327899","0.002742310856327899","0.002742310856327899"
"59526","0.002742310856327899","0.002742310856327899","0.002742310856327899"
"59534","0.002742310856327899","0.002742310856327899","0.002742310856327899"
"59543","0.002742310856327899","0.002742310856327899","0.002742310856327899"
"59547","0.002742310856327899","0.002742310856327899","0.002742310856327899"
"59558","0.002742310856327899","0.002742310856327899","0.002742310856327899"
"59566","0.002742310856327899","0.002742310856327899","0.002742310856327899"
"59576","0.002742310856327899","0.002742310856327899","0.002742310856327899"
"59577","0.002742310856327899","0.002742310856327899","0.002742310856327899"
"59579","0.002742310856327899","0.002742310856327899","0.002742310856327899"
"59581","0.002742310856327899","0.002742310856327899","0.002742310856327899"
"59588","0.002742310856327899","0.002742310856327899","0.002742310856327899"
"59590","0.002742310856327899","0.002742310856327899","0.002742310856327899"
"59594","0.002742310856327899","0.002742310856327899","0.002742310856327899"
"59595","0.002742310856327899","0.002742310856327899","0.002742310856327899"
"59596","0.002742310856327899","0.002742310856327899","0.002742310856327899"
"59597","0.002742310856327899","0.002742310856327899","0.002742310856327899"
"59599","0.002742310856327899","0.002742310856327899","0.002742310856327899"
"59601","0.002742310856327899","0.002742310856327899","0.002742310856327899"
"59602","0.002742310856327899","0.002742310856327899","0.002742310856327899"
"59606","0.002742310856327899","0.002742310856327899","0.002742310856327899"
"59609","0.002742310856327899","0.002742310856327899","0.002742310856327899"
"59611","0.0027437085910258373","0.0027437085910258373","0.0027437085910258373"
"59613","0.0027460178044081073","0.0027460178044081073","0.0027460178044081073"
"59614","0.0027470430028815477","0.0027470430028815477","0.0027470430028815477"
"59620","0.0027529230051885237","0.0027529230051885237","0.0027529230051885237"
"59636","0.0027529230051885237","0.0027529230051885237","0.0027529230051885237"
"59637","0.0027529230051885237","0.0027529230051885237","0.0027529230051885237"
"59638","0.0027529230051885237","0.0027529230051885237","0.0027529230051885237"
"59656","0.0027529230051885237","0.0027529230051885237","0.0027529230051885237"
"59664","0.0027529230051885237","0.0027529230051885237","0.0027529230051885237"
"59667","0.0027529230051885237","0.0027529230051885237","0.0027529230051885237"
"59668","0.0027529230051885237","0.0027529230051885237","0.0027529230051885237"
"59673","0.0027529230051885237","0.0027529230051885237","0.0027529230051885237"
"59676","0.0027529230051885237","0.0027529230051885237","0.0027529230051885237"
"59682","0.0027529230051885237","0.0027529230051885237","0.0027529230051885237"
"59691","0.0027529230051885237","0.0027529230051885237","0.0027529230051885237"
"59695","0.0027529230051885237","0.0027529230051885237","0.0027529230051885237"
"59701","0.0027529230051885237","0.0027529230051885237","0.0027529230051885237"
"59702","0.0027529230051885237","0.0027529230051885237","0.0027529230051885237"
"59706","0.0027529230051885237","0.0027529230051885237","0.0027529230051885237"
"59707","0.0027529230051885237","0.0027529230051885237","0.0027529230051885237"
"59709","0.0027529230051885237","0.0027529230051885237","0.0027529230051885237"
"59712","0.0027529230051885237","0.0027529230051885237","0.0027529230051885237"
"59714","0.0027529230051885237","0.0027529230051885237","0.0027529230051885237"
"59715","0.0027529230051885237","0.0027529230051885237","0.0027529230051885237"
"59720","0.0027529230051885237","0.0027529230051885237","0.0027529230051885237"
"59730","0.00276218620119479","0.00276218620119479","0.00276218620119479"
"59747","0.00276218620119479","0.00276218620119479","0.00276218620119479"
"59753","0.00276218620119479","0.00276218620119479","0.00276218620119479"
"59755","0.00276218620119479","0.00276218620119479","0.00276218620119479"
"59767","0.00276218620119479","0.00276218620119479","0.00276218620119479"
"59772","0.00276218620119479","0.00276218620119479","0.00276218620119479"
"59785","0.00276218620119479","0.00276218620119479","0.00276218620119479"
"59800","0.00276218620119479","0.00276218620119479","0.00276218620119479"
"59802","0.00276218620119479","0.00276218620119479","0.00276218620119479"
"59805","0.00276218620119479","0.00276218620119479","0.00276218620119479"
"59816","0.00276218620119479","0.00276218620119479","0.00276218620119479"
"59824","0.00276218620119479","0.00276218620119479","0.00276218620119479"
"59827","0.00276218620119479","0.00276218620119479","0.00276218620119479"
"59841","0.002750612817496082","0.002750612817496082","0.002750612817496082"
"59842","0.002750612817496082","0.002750612817496082","0.002750612817496082"
"59861","0.002750612817496082","0.002750612817496082","0.002750612817496082"
"59872","0.002750612817496082","0.002750612817496082","0.002750612817496082"
"59874","0.002750612817496082","0.002750612817496082","0.002750612817496082"
"59886","0.002750612817496082","0.002750612817496082","0.002750612817496082"
"59887","0.002750612817496082","0.002750612817496082","0.002750612817496082"
"59889","0.002750612817496082","0.002750612817496082","0.002750612817496082"
"59906","0.002750612817496082","0.002750612817496082","0.002750612817496082"
"59918","0.002750612817496082","0.002750612817496082","0.002750612817496082"
"59921","0.002750612817496082","0.002750612817496082","0.002750612817496082"
"59934","0.002750612817496082","0.002750612817496082","0.002750612817496082"
"59938","0.002750612817496082","0.002750612817496082","0.002750612817496082"
"59947","0.00274143981782828","0.00274143981782828","0.00274143981782828"
"59955","0.002737746194636639","0.002737746194636639","0.002737746194636639"
"59965","0.002737746194636639","0.002737746194636639","0.002737746194636639"
"59966","0.002737746194636639","0.002737746194636639","0.002737746194636639"
"59968","0.002737746194636639","0.002737746194636639","0.002737746194636639"
"59977","0.002737746194636639","0.002737746194636639","0.002737746194636639"
"59982","0.002737746194636639","0.002737746194636639","0.002737746194636639"
"59989","0.002737746194636639","0.002737746194636639","0.002737746194636639"
"59996","0.002737746194636639","0.002737746194636639","0.002737746194636639"
"59998","0.002737746194636639","0.002737746194636639","0.002737746194636639"
"60003","0.002737746194636639","0.002737746194636639","0.002737746194636639"
"60030","0.002737746194636639","0.002737746194636639","0.002737746194636639"
"60038","0.002737746194636639","0.002737746194636639","0.002737746194636639"
"60041","0.002737746194636639","0.002737746194636639","0.002737746194636639"
"60042","0.002737746194636639","0.002737746194636639","0.002737746194636639"
"60043","0.002737746194636639","0.002737746194636639","0.002737746194636639"
"60050","0.002737746194636639","0.002737746194636639","0.002737746194636639"
"60072","0.0027293519147152077","0.0027293519147152077","0.0027293519147152077"
"60095","0.0027293519147152077","0.0027293519147152077","0.0027293519147152077"
"60100","0.0027293519147152077","0.0027293519147152077","0.0027293519147152077"
"60101","0.0027293519147152077","0.0027293519147152077","0.0027293519147152077"
"60102","0.0027293519147152077","0.0027293519147152077","0.0027293519147152077"
"60109","0.0027293519147152077","0.0027293519147152077","0.0027293519147152077"
"60111","0.0027293519147152077","0.0027293519147152077","0.0027293519147152077"
"60131","0.0027293519147152077","0.0027293519147152077","0.0027293519147152077"
"60135","0.0027293519147152077","0.0027293519147152077","0.0027293519147152077"
"60136","0.0027293519147152077","0.0027293519147152077","0.0027293519147152077"
"60141","0.0027293519147152077","0.0027293519147152077","0.0027293519147152077"
"60143","0.0027293519147152077","0.0027293519147152077","0.0027293519147152077"
"60145","0.0027293519147152077","0.0027293519147152077","0.0027293519147152077"
"60166","0.0027248971509644167","0.0027248971509644167","0.0027248971509644167"
"60174","0.0027220448812281797","0.0027220448812281797","0.0027220448812281797"
"60182","0.0027220448812281797","0.0027220448812281797","0.0027220448812281797"
"60191","0.0027220448812281797","0.0027220448812281797","0.0027220448812281797"
"60196","0.0027220448812281797","0.0027220448812281797","0.0027220448812281797"
"60197","0.0027220448812281797","0.0027220448812281797","0.0027220448812281797"
"60203","0.0027220448812281797","0.0027220448812281797","0.0027220448812281797"
"60211","0.0027220448812281797","0.0027220448812281797","0.0027220448812281797"
"60212","0.0027220448812281797","0.0027220448812281797","0.0027220448812281797"
"60218","0.0027220448812281797","0.0027220448812281797","0.0027220448812281797"
"60219","0.0027220448812281797","0.0027220448812281797","0.0027220448812281797"
"60252","0.0027220448812281797","0.0027220448812281797","0.0027220448812281797"
"60253","0.0027220448812281797","0.0027220448812281797","0.0027220448812281797"
"60255","0.0027220448812281797","0.0027220448812281797","0.0027220448812281797"
"60256","0.0027220448812281797","0.0027220448812281797","0.0027220448812281797"
"60272","0.0027209052388475156","0.0027209052388475156","0.0027209052388475156"
"60275","0.0027189617307211006","0.0027189617307211006","0.0027189617307211006"
"60285","0.0027156463991329744","0.0027156463991329744","0.0027156463991329744"
"60287","0.0027156463991329744","0.0027156463991329744","0.0027156463991329744"
"60294","0.0027156463991329744","0.0027156463991329744","0.0027156463991329744"
"60295","0.0027156463991329744","0.0027156463991329744","0.0027156463991329744"
"60297","0.0027156463991329744","0.0027156463991329744","0.0027156463991329744"
"60299","0.0027156463991329744","0.0027156463991329744","0.0027156463991329744"
"60300","0.0027156463991329744","0.0027156463991329744","0.0027156463991329744"
"60303","0.0027156463991329744","0.0027156463991329744","0.0027156463991329744"
"60308","0.0027156463991329744","0.0027156463991329744","0.0027156463991329744"
"60309","0.0027156463991329744","0.0027156463991329744","0.0027156463991329744"
"60311","0.0027156463991329744","0.0027156463991329744","0.0027156463991329744"
"60313","0.0027156463991329744","0.0027156463991329744","0.0027156463991329744"
"60314","0.0027156463991329744","0.0027156463991329744","0.0027156463991329744"
"60316","0.0027156463991329744","0.0027156463991329744","0.0027156463991329744"
"60321","0.0027156463991329744","0.0027156463991329744","0.0027156463991329744"
"60326","0.0027156463991329744","0.0027156463991329744","0.0027156463991329744"
"60342","0.0027156463991329744","0.0027156463991329744","0.0027156463991329744"
"60347","0.0027156463991329744","0.0027156463991329744","0.0027156463991329744"
"60349","0.0027156463991329744","0.0027156463991329744","0.0027156463991329744"
"60351","0.0027156463991329744","0.0027156463991329744","0.0027156463991329744"
"60353","0.0027156463991329744","0.0027156463991329744","0.0027156463991329744"
"60356","0.0027156463991329744","0.0027156463991329744","0.0027156463991329744"
"60363","0.0027156463991329744","0.0027156463991329744","0.0027156463991329744"
"60375","0.0027156463991329744","0.0027156463991329744","0.0027156463991329744"
"60377","0.0027156463991329744","0.0027156463991329744","0.0027156463991329744"
"60379","0.0027156463991329744","0.0027156463991329744","0.0027156463991329744"
"60395","0.0027234998130289414","0.0027234998130289414","0.0027234998130289414"
"60398","0.0027234998130289414","0.0027234998130289414","0.0027234998130289414"
"60404","0.0027234998130289414","0.0027234998130289414","0.0027234998130289414"
"60412","0.0027234998130289414","0.0027234998130289414","0.0027234998130289414"
"60416","0.0027234998130289414","0.0027234998130289414","0.0027234998130289414"
"60429","0.0027234998130289414","0.0027234998130289414","0.0027234998130289414"
"60436","0.0027234998130289414","0.0027234998130289414","0.0027234998130289414"
"60438","0.0027234998130289414","0.0027234998130289414","0.0027234998130289414"
"60447","0.0027234998130289414","0.0027234998130289414","0.0027234998130289414"
"60449","0.0027234998130289414","0.0027234998130289414","0.0027234998130289414"
"60454","0.0027234998130289414","0.0027234998130289414","0.0027234998130289414"
"60456","0.0027234998130289414","0.0027234998130289414","0.0027234998130289414"
"60462","0.0027234998130289414","0.0027234998130289414","0.0027234998130289414"
"60465","0.0027234998130289414","0.0027234998130289414","0.0027234998130289414"
"60466","0.0027234998130289414","0.0027234998130289414","0.0027234998130289414"
"60475","0.0027234998130289414","0.0027234998130289414","0.0027234998130289414"
"60482","0.0027234998130289414","0.0027234998130289414","0.0027234998130289414"
"60486","0.0027234998130289414","0.0027234998130289414","0.0027234998130289414"
"60496","0.002729502693036308","0.002729502693036308","0.002729502693036308"
"60500","0.002732805849570383","0.002732805849570383","0.002732805849570383"
"60501","0.002732805849570383","0.002732805849570383","0.002732805849570383"
"60515","0.002732805849570383","0.002732805849570383","0.002732805849570383"
"60525","0.002732805849570383","0.002732805849570383","0.002732805849570383"
"60526","0.002732805849570383","0.002732805849570383","0.002732805849570383"
"60528","0.002732805849570383","0.002732805849570383","0.002732805849570383"
"60534","0.002732805849570383","0.002732805849570383","0.002732805849570383"
"60537","0.002732805849570383","0.002732805849570383","0.002732805849570383"
"60542","0.002732805849570383","0.002732805849570383","0.002732805849570383"
"60543","0.002732805849570383","0.002732805849570383","0.002732805849570383"
"60544","0.002732805849570383","0.002732805849570383","0.002732805849570383"
"60550","0.002732805849570383","0.002732805849570383","0.002732805849570383"
"60551","0.002732805849570383","0.002732805849570383","0.002732805849570383"
"60575","0.002732805849570383","0.002732805849570383","0.002732805849570383"
"60577","0.002732805849570383","0.002732805849570383","0.002732805849570383"
"60584","0.002732805849570383","0.002732805849570383","0.002732805849570383"
"60588","0.002732805849570383","0.002732805849570383","0.002732805849570383"
"60590","0.002732805849570383","0.002732805849570383","0.002732805849570383"
"60603","0.00273580016536143","0.00273580016536143","0.00273580016536143"
"60622","0.002740400141067106","0.002740400141067106","0.002740400141067106"
"60624","0.002740400141067106","0.002740400141067106","0.002740400141067106"
"60626","0.002740400141067106","0.002740400141067106","0.002740400141067106"
"60630","0.002740400141067106","0.002740400141067106","0.002740400141067106"
"60640","0.002740400141067106","0.002740400141067106","0.002740400141067106"
"60643","0.002740400141067106","0.002740400141067106","0.002740400141067106"
"60650","0.002740400141067106","0.002740400141067106","0.002740400141067106"
"60651","0.002740400141067106","0.002740400141067106","0.002740400141067106"
"60652","0.002740400141067106","0.002740400141067106","0.002740400141067106"
"60656","0.002740400141067106","0.002740400141067106","0.002740400141067106"
"60664","0.002740400141067106","0.002740400141067106","0.002740400141067106"
"60669","0.002740400141067106","0.002740400141067106","0.002740400141067106"
"60673","0.002740400141067106","0.002740400141067106","0.002740400141067106"
"60674","0.002740400141067106","0.002740400141067106","0.002740400141067106"
"60675","0.002740400141067106","0.002740400141067106","0.002740400141067106"
"60679","0.002740400141067106","0.002740400141067106","0.002740400141067106"
"60680","0.002740400141067106","0.002740400141067106","0.002740400141067106"
"60683","0.002740400141067106","0.002740400141067106","0.002740400141067106"
"60694","0.002740400141067106","0.002740400141067106","0.002740400141067106"
"60698","0.002740400141067106","0.002740400141067106","0.002740400141067106"
"60704","0.002740400141067106","0.002740400141067106","0.002740400141067106"
"60707","0.002740400141067106","0.002740400141067106","0.002740400141067106"
"60711","0.002741329899354547","0.002741329899354547","0.002741329899354547"
"60712","0.002741621640894156","0.002741621640894156","0.002741621640894156"
"60718","0.002746370892674246","0.002746370892674246","0.002746370892674246"
"60720","0.002747271764710602","0.002747271764710602","0.002747271764710602"
"60735","0.002747271764710602","0.002747271764710602","0.002747271764710602"
"60743","0.002747271764710602","0.002747271764710602","0.002747271764710602"
"60759","0.002747271764710602","0.002747271764710602","0.002747271764710602"
"60764","0.002747271764710602","0.002747271764710602","0.002747271764710602"
"60766","0.002747271764710602","0.002747271764710602","0.002747271764710602"
"60772","0.002747271764710602","0.002747271764710602","0.002747271764710602"
"60776","0.002747271764710602","0.002747271764710602","0.002747271764710602"
"60778","0.002747271764710602","0.002747271764710602","0.002747271764710602"
"60780","0.002747271764710602","0.002747271764710602","0.002747271764710602"
"60785","0.002747271764710602","0.002747271764710602","0.002747271764710602"
"60797","0.002747271764710602","0.002747271764710602","0.002747271764710602"
"60798","0.002747271764710602","0.002747271764710602","0.002747271764710602"
"60806","0.002747271764710602","0.002747271764710602","0.002747271764710602"
"60808","0.002747271764710602","0.002747271764710602","0.002747271764710602"
"60813","0.002747271764710602","0.002747271764710602","0.002747271764710602"
"60856","0.0027357641241631974","0.0027357641241631974","0.0027357641241631974"
"60860","0.0027357641241631974","0.0027357641241631974","0.0027357641241631974"
"60865","0.0027357641241631974","0.0027357641241631974","0.0027357641241631974"
"60868","0.0027357641241631974","0.0027357641241631974","0.0027357641241631974"
"60870","0.0027357641241631974","0.0027357641241631974","0.0027357641241631974"
"60871","0.0027357641241631974","0.0027357641241631974","0.0027357641241631974"
"60879","0.0027357641241631974","0.0027357641241631974","0.0027357641241631974"
"60881","0.0027357641241631974","0.0027357641241631974","0.0027357641241631974"
"60885","0.0027357641241631974","0.0027357641241631974","0.0027357641241631974"
"60908","0.0027357641241631974","0.0027357641241631974","0.0027357641241631974"
"60922","0.0027357641241631974","0.0027357641241631974","0.0027357641241631974"
"60924","0.0027357641241631974","0.0027357641241631974","0.0027357641241631974"
"60928","0.0027357641241631974","0.0027357641241631974","0.0027357641241631974"
"60941","0.002722868075390105","0.002722868075390105","0.002722868075390105"
"60942","0.002722868075390105","0.002722868075390105","0.002722868075390105"
"60946","0.002722868075390105","0.002722868075390105","0.002722868075390105"
"60947","0.002722868075390105","0.002722868075390105","0.002722868075390105"
"60962","0.002722868075390105","0.002722868075390105","0.002722868075390105"
"60963","0.002722868075390105","0.002722868075390105","0.002722868075390105"
"60966","0.002722868075390105","0.002722868075390105","0.002722868075390105"
"60981","0.002722868075390105","0.002722868075390105","0.002722868075390105"
"60988","0.002722868075390105","0.002722868075390105","0.002722868075390105"
"60989","0.002722868075390105","0.002722868075390105","0.002722868075390105"
"60993","0.002722868075390105","0.002722868075390105","0.002722868075390105"
"60994","0.002722868075390105","0.002722868075390105","0.002722868075390105"
"61005","0.002722868075390105","0.002722868075390105","0.002722868075390105"
"61012","0.002722868075390105","0.002722868075390105","0.002722868075390105"
"61016","0.002722868075390105","0.002722868075390105","0.002722868075390105"
"61017","0.002722868075390105","0.002722868075390105","0.002722868075390105"
"61018","0.002722868075390105","0.002722868075390105","0.002722868075390105"
"61023","0.002722868075390105","0.002722868075390105","0.002722868075390105"
"61035","0.002722868075390105","0.002722868075390105","0.002722868075390105"
"61038","0.002722868075390105","0.002722868075390105","0.002722868075390105"
"61046","0.0027214220622369385","0.0027214220622369385","0.0027214220622369385"
"61058","0.0027238212796311233","0.0027238212796311233","0.0027238212796311233"
"61059","0.0027238212796311233","0.0027238212796311233","0.0027238212796311233"
"61061","0.0027238212796311233","0.0027238212796311233","0.0027238212796311233"
"61077","0.0027238212796311233","0.0027238212796311233","0.0027238212796311233"
"61078","0.0027238212796311233","0.0027238212796311233","0.0027238212796311233"
"61081","0.0027238212796311233","0.0027238212796311233","0.0027238212796311233"
"61083","0.0027238212796311233","0.0027238212796311233","0.0027238212796311233"
"61086","0.0027238212796311233","0.0027238212796311233","0.0027238212796311233"
"61089","0.0027238212796311233","0.0027238212796311233","0.0027238212796311233"
"61090","0.0027238212796311233","0.0027238212796311233","0.0027238212796311233"
"61098","0.0027238212796311233","0.0027238212796311233","0.0027238212796311233"
"61108","0.0027238212796311233","0.0027238212796311233","0.0027238212796311233"
"61122","0.0027238212796311233","0.0027238212796311233","0.0027238212796311233"
"61126","0.0027238212796311233","0.0027238212796311233","0.0027238212796311233"
"61129","0.0027238212796311233","0.0027238212796311233","0.0027238212796311233"
"61133","0.0027238212796311233","0.0027238212796311233","0.0027238212796311233"
"61156","0.0027315507188446562","0.0027315507188446562","0.0027315507188446562"
"61162","0.0027352028846295983","0.0027352028846295983","0.0027352028846295983"
"61163","0.0027352028846295983","0.0027352028846295983","0.0027352028846295983"
"61166","0.0027352028846295983","0.0027352028846295983","0.0027352028846295983"
"61171","0.0027352028846295983","0.0027352028846295983","0.0027352028846295983"
"61191","0.0027352028846295983","0.0027352028846295983","0.0027352028846295983"
"61199","0.0027352028846295983","0.0027352028846295983","0.0027352028846295983"
"61208","0.0027352028846295983","0.0027352028846295983","0.0027352028846295983"
"61209","0.0027352028846295983","0.0027352028846295983","0.0027352028846295983"
"61212","0.0027352028846295983","0.0027352028846295983","0.0027352028846295983"
"61213","0.0027352028846295983","0.0027352028846295983","0.0027352028846295983"
"61217","0.0027352028846295983","0.0027352028846295983","0.0027352028846295983"
"61238","0.0027352028846295983","0.0027352028846295983","0.0027352028846295983"
"61241","0.0027352028846295983","0.0027352028846295983","0.0027352028846295983"
"61244","0.0027352028846295983","0.0027352028846295983","0.0027352028846295983"
"61254","0.0027352028846295983","0.0027352028846295983","0.0027352028846295983"
"61255","0.0027352028846295983","0.0027352028846295983","0.0027352028846295983"
"61256","0.0027352028846295983","0.0027352028846295983","0.0027352028846295983"
"61257","0.0027352028846295983","0.0027352028846295983","0.0027352028846295983"
"61258","0.0027352028846295983","0.0027352028846295983","0.0027352028846295983"
"61271","0.002722332110747278","0.002722332110747278","0.002722332110747278"
"61272","0.002722332110747278","0.002722332110747278","0.002722332110747278"
"61288","0.002722332110747278","0.002722332110747278","0.002722332110747278"
"61305","0.002722332110747278","0.002722332110747278","0.002722332110747278"
"61308","0.002722332110747278","0.002722332110747278","0.002722332110747278"
"61315","0.002722332110747278","0.002722332110747278","0.002722332110747278"
"61323","0.002722332110747278","0.002722332110747278","0.002722332110747278"
"61325","0.002722332110747278","0.002722332110747278","0.002722332110747278"
"61331","0.002722332110747278","0.002722332110747278","0.002722332110747278"
"61348","0.002722332110747278","0.002722332110747278","0.002722332110747278"
"61351","0.002722332110747278","0.002722332110747278","0.002722332110747278"
"61364","0.002722332110747278","0.002722332110747278","0.002722332110747278"
"61388","0.0027107026730554314","0.0027107026730554314","0.0027107026730554314"
"61390","0.0027107026730554314","0.0027107026730554314","0.0027107026730554314"
"61392","0.0027107026730554314","0.0027107026730554314","0.0027107026730554314"
"61399","0.0027107026730554314","0.0027107026730554314","0.0027107026730554314"
"61404","0.0027107026730554314","0.0027107026730554314","0.0027107026730554314"
"61405","0.0027107026730554314","0.0027107026730554314","0.0027107026730554314"
"61420","0.0027107026730554314","0.0027107026730554314","0.0027107026730554314"
"61431","0.0027107026730554314","0.0027107026730554314","0.0027107026730554314"
"61440","0.0027107026730554314","0.0027107026730554314","0.0027107026730554314"
"61441","0.0027107026730554314","0.0027107026730554314","0.0027107026730554314"
"61443","0.0027107026730554314","0.0027107026730554314","0.0027107026730554314"
"61459","0.0027107026730554314","0.0027107026730554314","0.0027107026730554314"
"61462","0.0027107026730554314","0.0027107026730554314","0.0027107026730554314"
"61478","0.0027107026730554314","0.0027107026730554314","0.0027107026730554314"
"61482","0.00270815224104272","0.00270815224104272","0.00270815224104272"
"61488","0.002705043443363456","0.002705043443363456","0.002705043443363456"
"61489","0.0027038431423399277","0.0027038431423399277","0.0027038431423399277"
"61501","0.0027032198777139555","0.0027032198777139555","0.0027032198777139555"
"61516","0.0027032198777139555","0.0027032198777139555","0.0027032198777139555"
"61525","0.0027032198777139555","0.0027032198777139555","0.0027032198777139555"
"61536","0.0027032198777139555","0.0027032198777139555","0.0027032198777139555"
"61548","0.0027032198777139555","0.0027032198777139555","0.0027032198777139555"
"61555","0.0027032198777139555","0.0027032198777139555","0.0027032198777139555"
"61560","0.0027032198777139555","0.0027032198777139555","0.0027032198777139555"
"61564","0.0027032198777139555","0.0027032198777139555","0.0027032198777139555"
"61580","0.0027032198777139555","0.0027032198777139555","0.0027032198777139555"
"61585","0.0027032198777139555","0.0027032198777139555","0.0027032198777139555"
"61590","0.0027032198777139555","0.0027032198777139555","0.0027032198777139555"
"61604","0.0027101367433337966","0.0027101367433337966","0.0027101367433337966"
"61608","0.0027101367433337966","0.0027101367433337966","0.0027101367433337966"
"61620","0.0027101367433337966","0.0027101367433337966","0.0027101367433337966"
"61624","0.0027101367433337966","0.0027101367433337966","0.0027101367433337966"
"61629","0.0027101367433337966","0.0027101367433337966","0.0027101367433337966"
"61635","0.0027101367433337966","0.0027101367433337966","0.0027101367433337966"
"61651","0.0027101367433337966","0.0027101367433337966","0.0027101367433337966"
"61662","0.0027101367433337966","0.0027101367433337966","0.0027101367433337966"
"61676","0.0027101367433337966","0.0027101367433337966","0.0027101367433337966"
"61682","0.0027101367433337966","0.0027101367433337966","0.0027101367433337966"
"61690","0.0027101367433337966","0.0027101367433337966","0.0027101367433337966"
"61694","0.0027101367433337966","0.0027101367433337966","0.0027101367433337966"
"61700","0.0027101367433337966","0.0027101367433337966","0.0027101367433337966"
"61701","0.0027110602103658154","0.0027110602103658154","0.0027110602103658154"
"61705","0.0027143074148469858","0.0027143074148469858","0.0027143074148469858"
"61706","0.0027146688737589276","0.0027146688737589276","0.0027146688737589276"
"61710","0.002718002790674537","0.002718002790674537","0.002718002790674537"