"Step","251028_normalized_zwidth_v1 - geom/xoff","251028_normalized_zwidth_v1 - geom/xoff__MIN","251028_normalized_zwidth_v1 - geom/xoff__MAX"
"1","0.05","0.05","0.05"
"17","0.05","0.05","0.05"
"18","0.05","0.05","0.05"
"22","0.05","0.05","0.05"
"26","0.05","0.05","0.05"
"34","0.05","0.05","0.05"
"36","0.05","0.05","0.05"
"49","0.05","0.05","0.05"
"59","0.05","0.05","0.05"
"60","0.05","0.05","0.05"
"64","0.05","0.05","0.05"
"67","0.05","0.05","0.05"
"73","0.05","0.05","0.05"
"77","0.05","0.05","0.05"
"78","0.05","0.05","0.05"
"88","0.05","0.05","0.05"
"92","0.05","0.05","0.05"
"95","0.05","0.05","0.05"
"97","0.05","0.05","0.05"
"103","0.04446909783637995","0.04446909783637995","0.04446909783637995"
"119","0.043069097871746925","0.043069097871746925","0.043069097871746925"
"143","0.043069097871746925","0.043069097871746925","0.043069097871746925"
"149","0.043069097871746925","0.043069097871746925","0.043069097871746925"
"151","0.043069097871746925","0.043069097871746925","0.043069097871746925"
"154","0.043069097871746925","0.043069097871746925","0.043069097871746925"
"155","0.043069097871746925","0.043069097871746925","0.043069097871746925"
"157","0.043069097871746925","0.043069097871746925","0.043069097871746925"
"160","0.043069097871746925","0.043069097871746925","0.043069097871746925"
"163","0.043069097871746925","0.043069097871746925","0.043069097871746925"
"164","0.043069097871746925","0.043069097871746925","0.043069097871746925"
"167","0.043069097871746925","0.043069097871746925","0.043069097871746925"
"172","0.043069097871746925","0.043069097871746925","0.043069097871746925"
"174","0.043069097871746925","0.043069097871746925","0.043069097871746925"
"176","0.043069097871746925","0.043069097871746925","0.043069097871746925"
"185","0.043069097871746925","0.043069097871746925","0.043069097871746925"
"193","0.043069097871746925","0.043069097871746925","0.043069097871746925"
"212","0.042669097881851775","0.042669097881851775","0.042669097881851775"
"222","0.041069097922271175","0.041069097922271175","0.041069097922271175"
"225","0.041069097922271175","0.041069097922271175","0.041069097922271175"
"231","0.041069097922271175","0.041069097922271175","0.041069097922271175"
"247","0.041069097922271175","0.041069097922271175","0.041069097922271175"
"250","0.041069097922271175","0.041069097922271175","0.041069097922271175"
"259","0.041069097922271175","0.041069097922271175","0.041069097922271175"
"266","0.041069097922271175","0.041069097922271175","0.041069097922271175"
"274","0.041069097922271175","0.041069097922271175","0.041069097922271175"
"277","0.041069097922271175","0.041069097922271175","0.041069097922271175"
"278","0.041069097922271175","0.041069097922271175","0.041069097922271175"
"281","0.041069097922271175","0.041069097922271175","0.041069097922271175"
"290","0.041069097922271175","0.041069097922271175","0.041069097922271175"
"292","0.041069097922271175","0.041069097922271175","0.041069097922271175"
"295","0.041069097922271175","0.041069097922271175","0.041069097922271175"
"301","0.041069097922271175","0.041069097922271175","0.041069097922271175"
"304","0.041069097922271175","0.041069097922271175","0.041069097922271175"
"305","0.041069097922271175","0.041069097922271175","0.041069097922271175"
"309","0.041069097922271175","0.041069097922271175","0.041069097922271175"
"314","0.041069097922271175","0.041069097922271175","0.041069097922271175"
"317","0.041069097922271175","0.041069097922271175","0.041069097922271175"
"318","0.041069097922271175","0.041069097922271175","0.041069097922271175"
"337","0.039069097972795425","0.039069097972795425","0.039069097972795425"
"353","0.039069097972795425","0.039069097972795425","0.039069097972795425"
"361","0.039069097972795425","0.039069097972795425","0.039069097972795425"
"368","0.039069097972795425","0.039069097972795425","0.039069097972795425"
"372","0.039069097972795425","0.039069097972795425","0.039069097972795425"
"382","0.039069097972795425","0.039069097972795425","0.039069097972795425"
"389","0.039069097972795425","0.039069097972795425","0.039069097972795425"
"397","0.039069097972795425","0.039069097972795425","0.039069097972795425"
"405","0.039069097972795425","0.039069097972795425","0.039069097972795425"
"414","0.039069097972795425","0.039069097972795425","0.039069097972795425"
"425","0.039069097972795425","0.039069097972795425","0.039069097972795425"
"430","0.039069097972795425","0.039069097972795425","0.039069097972795425"
"435","0.03806909799805755","0.03806909799805755","0.03806909799805755"
"447","0.037069098023319674","0.037069098023319674","0.037069098023319674"
"455","0.037069098023319674","0.037069098023319674","0.037069098023319674"
"461","0.037069098023319674","0.037069098023319674","0.037069098023319674"
"465","0.037069098023319674","0.037069098023319674","0.037069098023319674"
"472","0.037069098023319674","0.037069098023319674","0.037069098023319674"
"477","0.037069098023319674","0.037069098023319674","0.037069098023319674"
"482","0.037069098023319674","0.037069098023319674","0.037069098023319674"
"490","0.037069098023319674","0.037069098023319674","0.037069098023319674"
"497","0.037069098023319674","0.037069098023319674","0.037069098023319674"
"503","0.037069098023319674","0.037069098023319674","0.037069098023319674"
"506","0.037069098023319674","0.037069098023319674","0.037069098023319674"
"511","0.037069098023319674","0.037069098023319674","0.037069098023319674"
"515","0.037069098023319674","0.037069098023319674","0.037069098023319674"
"517","0.037069098023319674","0.037069098023319674","0.037069098023319674"
"519","0.037069098023319674","0.037069098023319674","0.037069098023319674"
"526","0.037069098023319674","0.037069098023319674","0.037069098023319674"
"534","0.037069098023319674","0.037069098023319674","0.037069098023319674"
"549","0.03886909797784785","0.03886909797784785","0.03886909797784785"
"550","0.039069097972795425","0.039069097972795425","0.039069097972795425"
"552","0.039069097972795425","0.039069097972795425","0.039069097972795425"
"568","0.039069097972795425","0.039069097972795425","0.039069097972795425"
"575","0.039069097972795425","0.039069097972795425","0.039069097972795425"
"578","0.039069097972795425","0.039069097972795425","0.039069097972795425"
"583","0.039069097972795425","0.039069097972795425","0.039069097972795425"
"585","0.039069097972795425","0.039069097972795425","0.039069097972795425"
"586","0.039069097972795425","0.039069097972795425","0.039069097972795425"
"589","0.039069097972795425","0.039069097972795425","0.039069097972795425"
"591","0.039069097972795425","0.039069097972795425","0.039069097972795425"
"595","0.039069097972795425","0.039069097972795425","0.039069097972795425"
"597","0.039069097972795425","0.039069097972795425","0.039069097972795425"
"613","0.039069097972795425","0.039069097972795425","0.039069097972795425"
"614","0.039069097972795425","0.039069097972795425","0.039069097972795425"
"646","0.039069097972795425","0.039069097972795425","0.039069097972795425"
"647","0.039069097972795425","0.039069097972795425","0.039069097972795425"
"648","0.039069097972795425","0.039069097972795425","0.039069097972795425"
"649","0.039069097972795425","0.039069097972795425","0.039069097972795425"
"651","0.039269097967743","0.039269097967743","0.039269097967743"
"652","0.039469097962690575","0.039469097962690575","0.039469097962690575"
"653","0.03966909795763815","0.03966909795763815","0.03966909795763815"
"663","0.04097648930595659","0.04097648930595659","0.04097648930595659"
"676","0.04097648930595659","0.04097648930595659","0.04097648930595659"
"686","0.04097648930595659","0.04097648930595659","0.04097648930595659"
"703","0.04097648930595659","0.04097648930595659","0.04097648930595659"
"722","0.04097648930595659","0.04097648930595659","0.04097648930595659"
"724","0.04097648930595659","0.04097648930595659","0.04097648930595659"
"752","0.04097648930595659","0.04097648930595659","0.04097648930595659"
"755","0.04097648930595659","0.04097648930595659","0.04097648930595659"
"761","0.04108687797793664","0.04108687797793664","0.04108687797793664"
"763","0.041307418326318714","0.041307418326318714","0.041307418326318714"
"774","0.0420779654088934","0.0420779654088934","0.0420779654088934"
"776","0.0420779654088934","0.0420779654088934","0.0420779654088934"
"789","0.0420779654088934","0.0420779654088934","0.0420779654088934"
"802","0.0420779654088934","0.0420779654088934","0.0420779654088934"
"805","0.0420779654088934","0.0420779654088934","0.0420779654088934"
"807","0.0420779654088934","0.0420779654088934","0.0420779654088934"
"813","0.0420779654088934","0.0420779654088934","0.0420779654088934"
"827","0.0420779654088934","0.0420779654088934","0.0420779654088934"
"840","0.0420779654088934","0.0420779654088934","0.0420779654088934"
"855","0.0420779654088934","0.0420779654088934","0.0420779654088934"
"882","0.04316594639051803","0.04316594639051803","0.04316594639051803"
"883","0.04316594639051803","0.04316594639051803","0.04316594639051803"
"885","0.04316594639051803","0.04316594639051803","0.04316594639051803"
"886","0.04316594639051803","0.04316594639051803","0.04316594639051803"
"896","0.04316594639051803","0.04316594639051803","0.04316594639051803"
"904","0.04316594639051803","0.04316594639051803","0.04316594639051803"
"914","0.04316594639051803","0.04316594639051803","0.04316594639051803"
"922","0.04316594639051803","0.04316594639051803","0.04316594639051803"
"926","0.04316594639051803","0.04316594639051803","0.04316594639051803"
"939","0.04316594639051803","0.04316594639051803","0.04316594639051803"
"940","0.04316594639051803","0.04316594639051803","0.04316594639051803"
"946","0.04316594639051803","0.04316594639051803","0.04316594639051803"
"948","0.04316594639051803","0.04316594639051803","0.04316594639051803"
"949","0.04316594639051803","0.04316594639051803","0.04316594639051803"
"950","0.04316594639051803","0.04316594639051803","0.04316594639051803"
"955","0.04316594639051803","0.04316594639051803","0.04316594639051803"
"962","0.04316594639051803","0.04316594639051803","0.04316594639051803"
"963","0.04316594639051803","0.04316594639051803","0.04316594639051803"
"965","0.04316594639051803","0.04316594639051803","0.04316594639051803"
"972","0.04316594639051803","0.04316594639051803","0.04316594639051803"
"976","0.04316594639051803","0.04316594639051803","0.04316594639051803"
"991","0.04425954767776652","0.04425954767776652","0.04425954767776652"
"997","0.04425954767776652","0.04425954767776652","0.04425954767776652"
"998","0.04425954767776652","0.04425954767776652","0.04425954767776652"
"1001","0.04425954767776652","0.04425954767776652","0.04425954767776652"
"1011","0.04425954767776652","0.04425954767776652","0.04425954767776652"
"1021","0.04425954767776652","0.04425954767776652","0.04425954767776652"
"1026","0.04425954767776652","0.04425954767776652","0.04425954767776652"
"1050","0.04425954767776652","0.04425954767776652","0.04425954767776652"
"1054","0.04425954767776652","0.04425954767776652","0.04425954767776652"
"1063","0.04425954767776652","0.04425954767776652","0.04425954767776652"
"1067","0.04425954767776652","0.04425954767776652","0.04425954767776652"
"1074","0.04425954767776652","0.04425954767776652","0.04425954767776652"
"1075","0.04425954767776652","0.04425954767776652","0.04425954767776652"
"1082","0.04425954767776652","0.04425954767776652","0.04425954767776652"
"1085","0.04425954767776652","0.04425954767776652","0.04425954767776652"
"1088","0.04425954767776652","0.04425954767776652","0.04425954767776652"
"1104","0.04534972100665061","0.04534972100665061","0.04534972100665061"
"1113","0.04534972100665061","0.04534972100665061","0.04534972100665061"
"1121","0.04534972100665061","0.04534972100665061","0.04534972100665061"
"1128","0.04534972100665061","0.04534972100665061","0.04534972100665061"
"1129","0.04534972100665061","0.04534972100665061","0.04534972100665061"
"1131","0.04534972100665061","0.04534972100665061","0.04534972100665061"
"1132","0.04534972100665061","0.04534972100665061","0.04534972100665061"
"1133","0.04534972100665061","0.04534972100665061","0.04534972100665061"
"1137","0.04534972100665061","0.04534972100665061","0.04534972100665061"
"1138","0.04534972100665061","0.04534972100665061","0.04534972100665061"
"1143","0.04534972100665061","0.04534972100665061","0.04534972100665061"
"1164","0.04534972100665061","0.04534972100665061","0.04534972100665061"
"1165","0.04534972100665061","0.04534972100665061","0.04534972100665061"
"1168","0.04534972100665061","0.04534972100665061","0.04534972100665061"
"1183","0.04534972100665061","0.04534972100665061","0.04534972100665061"
"1212","0.04642793128554018","0.04642793128554018","0.04642793128554018"
"1217","0.04642793128554018","0.04642793128554018","0.04642793128554018"
"1225","0.04642793128554018","0.04642793128554018","0.04642793128554018"
"1230","0.04642793128554018","0.04642793128554018","0.04642793128554018"
"1233","0.04642793128554018","0.04642793128554018","0.04642793128554018"
"1235","0.04642793128554018","0.04642793128554018","0.04642793128554018"
"1239","0.04642793128554018","0.04642793128554018","0.04642793128554018"
"1248","0.04642793128554018","0.04642793128554018","0.04642793128554018"
"1253","0.04642793128554018","0.04642793128554018","0.04642793128554018"
"1262","0.04642793128554018","0.04642793128554018","0.04642793128554018"
"1263","0.04642793128554018","0.04642793128554018","0.04642793128554018"
"1269","0.04642793128554018","0.04642793128554018","0.04642793128554018"
"1270","0.04642793128554018","0.04642793128554018","0.04642793128554018"
"1272","0.04642793128554018","0.04642793128554018","0.04642793128554018"
"1274","0.04642793128554018","0.04642793128554018","0.04642793128554018"
"1280","0.04642793128554018","0.04642793128554018","0.04642793128554018"
"1281","0.04642793128554018","0.04642793128554018","0.04642793128554018"
"1287","0.04642793128554018","0.04642793128554018","0.04642793128554018"
"1288","0.04642793128554018","0.04642793128554018","0.04642793128554018"
"1302","0.04642793128554018","0.04642793128554018","0.04642793128554018"
"1311","0.04653645575970372","0.04653645575970372","0.04653645575970372"
"1312","0.046644947829547145","0.046644947829547145","0.046644947829547145"
"1321","0.047511740114806994","0.047511740114806994","0.047511740114806994"
"1323","0.047511740114806994","0.047511740114806994","0.047511740114806994"
"1326","0.047511740114806994","0.047511740114806994","0.047511740114806994"
"1327","0.047511740114806994","0.047511740114806994","0.047511740114806994"
"1333","0.047511740114806994","0.047511740114806994","0.047511740114806994"
"1349","0.047511740114806994","0.047511740114806994","0.047511740114806994"
"1351","0.047511740114806994","0.047511740114806994","0.047511740114806994"
"1352","0.047511740114806994","0.047511740114806994","0.047511740114806994"
"1353","0.047511740114806994","0.047511740114806994","0.047511740114806994"
"1360","0.047511740114806994","0.047511740114806994","0.047511740114806994"
"1363","0.047511740114806994","0.047511740114806994","0.047511740114806994"
"1365","0.047511740114806994","0.047511740114806994","0.047511740114806994"
"1367","0.047511740114806994","0.047511740114806994","0.047511740114806994"
"1368","0.047511740114806994","0.047511740114806994","0.047511740114806994"
"1371","0.047511740114806994","0.047511740114806994","0.047511740114806994"
"1374","0.047511740114806994","0.047511740114806994","0.047511740114806994"
"1378","0.047511740114806994","0.047511740114806994","0.047511740114806994"
"1393","0.047511740114806994","0.047511740114806994","0.047511740114806994"
"1395","0.047511740114806994","0.047511740114806994","0.047511740114806994"
"1398","0.047511740114806994","0.047511740114806994","0.047511740114806994"
"1399","0.047511740114806994","0.047511740114806994","0.047511740114806994"
"1404","0.047511740114806994","0.047511740114806994","0.047511740114806994"
"1407","0.047511740114806994","0.047511740114806994","0.047511740114806994"
"1409","0.047511740114806994","0.047511740114806994","0.047511740114806994"
"1425","0.048052479617366535","0.048052479617366535","0.048052479617366535"
"1429","0.048484531989600003","0.048484531989600003","0.048484531989600003"
"1437","0.04859247159077927","0.04859247159077927","0.04859247159077927"
"1447","0.04859247159077927","0.04859247159077927","0.04859247159077927"
"1448","0.04859247159077927","0.04859247159077927","0.04859247159077927"
"1449","0.04859247159077927","0.04859247159077927","0.04859247159077927"
"1450","0.04859247159077927","0.04859247159077927","0.04859247159077927"
"1458","0.04859247159077927","0.04859247159077927","0.04859247159077927"
"1459","0.04859247159077927","0.04859247159077927","0.04859247159077927"
"1462","0.04859247159077927","0.04859247159077927","0.04859247159077927"
"1465","0.04859247159077927","0.04859247159077927","0.04859247159077927"
"1466","0.04859247159077927","0.04859247159077927","0.04859247159077927"
"1471","0.04859247159077927","0.04859247159077927","0.04859247159077927"
"1473","0.04859247159077927","0.04859247159077927","0.04859247159077927"
"1475","0.04859247159077927","0.04859247159077927","0.04859247159077927"
"1487","0.04859247159077927","0.04859247159077927","0.04859247159077927"
"1488","0.04859247159077927","0.04859247159077927","0.04859247159077927"
"1491","0.04859247159077927","0.04859247159077927","0.04859247159077927"
"1495","0.04859247159077927","0.04859247159077927","0.04859247159077927"
"1501","0.04859247159077927","0.04859247159077927","0.04859247159077927"
"1502","0.04859247159077927","0.04859247159077927","0.04859247159077927"
"1508","0.04859247159077927","0.04859247159077927","0.04859247159077927"
"1512","0.04859247159077927","0.04859247159077927","0.04859247159077927"
"1513","0.04859247159077927","0.04859247159077927","0.04859247159077927"
"1532","0.04880826375303189","0.04880826375303189","0.04880826375303189"
"1538","0.04945495546049561","0.04945495546049561","0.04945495546049561"
"1540","0.04967029529001826","0.04967029529001826","0.04967029529001826"
"1541","0.04967029529001826","0.04967029529001826","0.04967029529001826"
"1542","0.04967029529001826","0.04967029529001826","0.04967029529001826"
"1547","0.04967029529001826","0.04967029529001826","0.04967029529001826"
"1548","0.04967029529001826","0.04967029529001826","0.04967029529001826"
"1551","0.04967029529001826","0.04967029529001826","0.04967029529001826"
"1552","0.04967029529001826","0.04967029529001826","0.04967029529001826"
"1573","0.04967029529001826","0.04967029529001826","0.04967029529001826"
"1575","0.04967029529001826","0.04967029529001826","0.04967029529001826"
"1577","0.04967029529001826","0.04967029529001826","0.04967029529001826"
"1586","0.04967029529001826","0.04967029529001826","0.04967029529001826"
"1589","0.04967029529001826","0.04967029529001826","0.04967029529001826"
"1590","0.04967029529001826","0.04967029529001826","0.04967029529001826"
"1599","0.04967029529001826","0.04967029529001826","0.04967029529001826"
"1601","0.04967029529001826","0.04967029529001826","0.04967029529001826"
"1608","0.04967029529001826","0.04967029529001826","0.04967029529001826"
"1614","0.04967029529001826","0.04967029529001826","0.04967029529001826"
"1617","0.04967029529001826","0.04967029529001826","0.04967029529001826"
"1628","0.04967029529001826","0.04967029529001826","0.04967029529001826"
"1634","0.04967029529001826","0.04967029529001826","0.04967029529001826"
"1651","0.05074536834030163","0.05074536834030163","0.05074536834030163"
"1653","0.05074536834030163","0.05074536834030163","0.05074536834030163"
"1658","0.05074536834030163","0.05074536834030163","0.05074536834030163"
"1659","0.05074536834030163","0.05074536834030163","0.05074536834030163"
"1666","0.05074536834030163","0.05074536834030163","0.05074536834030163"
"1674","0.05074536834030163","0.05074536834030163","0.05074536834030163"
"1676","0.05074536834030163","0.05074536834030163","0.05074536834030163"
"1687","0.05074536834030163","0.05074536834030163","0.05074536834030163"
"1691","0.05074536834030163","0.05074536834030163","0.05074536834030163"
"1701","0.05074536834030163","0.05074536834030163","0.05074536834030163"
"1703","0.05074536834030163","0.05074536834030163","0.05074536834030163"
"1706","0.05074536834030163","0.05074536834030163","0.05074536834030163"
"1708","0.05074536834030163","0.05074536834030163","0.05074536834030163"
"1710","0.05074536834030163","0.05074536834030163","0.05074536834030163"
"1713","0.05074536834030163","0.05074536834030163","0.05074536834030163"
"1715","0.05074536834030163","0.05074536834030163","0.05074536834030163"
"1717","0.05074536834030163","0.05074536834030163","0.05074536834030163"
"1719","0.05074536834030163","0.05074536834030163","0.05074536834030163"
"1721","0.05074536834030163","0.05074536834030163","0.05074536834030163"
"1725","0.05074536834030163","0.05074536834030163","0.05074536834030163"
"1726","0.05074536834030163","0.05074536834030163","0.05074536834030163"
"1731","0.05074536834030163","0.05074536834030163","0.05074536834030163"
"1733","0.05074536834030163","0.05074536834030163","0.05074536834030163"
"1742","0.05074536834030163","0.05074536834030163","0.05074536834030163"
"1753","0.05106737595652186","0.05106737595652186","0.05106737595652186"
"1761","0.0518178365603165","0.0518178365603165","0.0518178365603165"
"1763","0.0518178365603165","0.0518178365603165","0.0518178365603165"
"1774","0.0518178365603165","0.0518178365603165","0.0518178365603165"
"1782","0.0518178365603165","0.0518178365603165","0.0518178365603165"
"1783","0.0518178365603165","0.0518178365603165","0.0518178365603165"
"1793","0.0518178365603165","0.0518178365603165","0.0518178365603165"
"1797","0.0518178365603165","0.0518178365603165","0.0518178365603165"
"1801","0.0518178365603165","0.0518178365603165","0.0518178365603165"
"1802","0.0518178365603165","0.0518178365603165","0.0518178365603165"
"1804","0.0518178365603165","0.0518178365603165","0.0518178365603165"
"1811","0.0518178365603165","0.0518178365603165","0.0518178365603165"
"1815","0.0518178365603165","0.0518178365603165","0.0518178365603165"
"1822","0.0518178365603165","0.0518178365603165","0.0518178365603165"
"1823","0.0518178365603165","0.0518178365603165","0.0518178365603165"
"1829","0.0518178365603165","0.0518178365603165","0.0518178365603165"
"1831","0.0518178365603165","0.0518178365603165","0.0518178365603165"
"1833","0.0518178365603165","0.0518178365603165","0.0518178365603165"
"1834","0.0518178365603165","0.0518178365603165","0.0518178365603165"
"1837","0.0518178365603165","0.0518178365603165","0.0518178365603165"
"1841","0.0518178365603165","0.0518178365603165","0.0518178365603165"
"1844","0.0518178365603165","0.0518178365603165","0.0518178365603165"
"1847","0.0518178365603165","0.0518178365603165","0.0518178365603165"
"1860","0.0518178365603165","0.0518178365603165","0.0518178365603165"
"1862","0.05203202972148169","0.05203202972148169","0.05203202972148169"
"1863","0.05213908959852788","0.05213908959852788","0.05213908959852788"
"1868","0.05267402705329351","0.05267402705329351","0.05267402705329351"
"1870","0.05288783547464814","0.05288783547464814","0.05288783547464814"
"1875","0.05288783547464814","0.05288783547464814","0.05288783547464814"
"1879","0.05288783547464814","0.05288783547464814","0.05288783547464814"
"1894","0.05288783547464814","0.05288783547464814","0.05288783547464814"
"1898","0.05288783547464814","0.05288783547464814","0.05288783547464814"
"1934","0.05288783547464814","0.05288783547464814","0.05288783547464814"
"1940","0.05288783547464814","0.05288783547464814","0.05288783547464814"
"1945","0.05288783547464814","0.05288783547464814","0.05288783547464814"
"1952","0.05288783547464814","0.05288783547464814","0.05288783547464814"
"1957","0.05288783547464814","0.05288783547464814","0.05288783547464814"
"1960","0.05288783547464814","0.05288783547464814","0.05288783547464814"
"1967","0.05288783547464814","0.05288783547464814","0.05288783547464814"
"1973","0.05320837272294211","0.05320837272294211","0.05320837272294211"
"1980","0.05395549121987274","0.05395549121987274","0.05395549121987274"
"1986","0.05395549121987274","0.05395549121987274","0.05395549121987274"
"1992","0.05395549121987274","0.05395549121987274","0.05395549121987274"
"2001","0.05395549121987274","0.05395549121987274","0.05395549121987274"
"2007","0.05395549121987274","0.05395549121987274","0.05395549121987274"
"2013","0.05395549121987274","0.05395549121987274","0.05395549121987274"
"2015","0.05395549121987274","0.05395549121987274","0.05395549121987274"
"2017","0.05395549121987274","0.05395549121987274","0.05395549121987274"
"2029","0.05395549121987274","0.05395549121987274","0.05395549121987274"
"2035","0.05395549121987274","0.05395549121987274","0.05395549121987274"
"2040","0.05395549121987274","0.05395549121987274","0.05395549121987274"
"2043","0.05395549121987274","0.05395549121987274","0.05395549121987274"
"2047","0.05395549121987274","0.05395549121987274","0.05395549121987274"
"2050","0.05395549121987274","0.05395549121987274","0.05395549121987274"
"2068","0.05395549121987274","0.05395549121987274","0.05395549121987274"
"2069","0.05395549121987274","0.05395549121987274","0.05395549121987274"
"2077","0.05395549121987274","0.05395549121987274","0.05395549121987274"
"2091","0.05501447694898687","0.05501447694898687","0.05501447694898687"
"2093","0.05501447694898687","0.05501447694898687","0.05501447694898687"
"2099","0.05501447694898687","0.05501447694898687","0.05501447694898687"
"2102","0.05501447694898687","0.05501447694898687","0.05501447694898687"
"2106","0.05501447694898687","0.05501447694898687","0.05501447694898687"
"2111","0.05501447694898687","0.05501447694898687","0.05501447694898687"
"2132","0.05501447694898687","0.05501447694898687","0.05501447694898687"
"2136","0.05501447694898687","0.05501447694898687","0.05501447694898687"
"2142","0.05501447694898687","0.05501447694898687","0.05501447694898687"
"2144","0.05501447694898687","0.05501447694898687","0.05501447694898687"
"2147","0.05501447694898687","0.05501447694898687","0.05501447694898687"
"2153","0.05501447694898687","0.05501447694898687","0.05501447694898687"
"2159","0.05501447694898687","0.05501447694898687","0.05501447694898687"
"2165","0.05501447694898687","0.05501447694898687","0.05501447694898687"
"2166","0.05501447694898687","0.05501447694898687","0.05501447694898687"
"2167","0.05501447694898687","0.05501447694898687","0.05501447694898687"
"2172","0.05501447694898687","0.05501447694898687","0.05501447694898687"
"2181","0.05501447694898687","0.05501447694898687","0.05501447694898687"
"2185","0.05501447694898687","0.05501447694898687","0.05501447694898687"
"2186","0.05501447694898687","0.05501447694898687","0.05501447694898687"
"2188","0.05501447694898687","0.05501447694898687","0.05501447694898687"
"2190","0.05501447694898687","0.05501447694898687","0.05501447694898687"
"2193","0.055333750091684994","0.055333750091684994","0.055333750091684994"
"2200","0.05607799640439322","0.05607799640439322","0.05607799640439322"
"2202","0.05607799640439322","0.05607799640439322","0.05607799640439322"
"2204","0.05607799640439322","0.05607799640439322","0.05607799640439322"
"2209","0.05607799640439322","0.05607799640439322","0.05607799640439322"
"2210","0.05607799640439322","0.05607799640439322","0.05607799640439322"
"2214","0.05607799640439322","0.05607799640439322","0.05607799640439322"
"2233","0.05607799640439322","0.05607799640439322","0.05607799640439322"
"2248","0.05607799640439322","0.05607799640439322","0.05607799640439322"
"2261","0.05607799640439322","0.05607799640439322","0.05607799640439322"
"2264","0.05607799640439322","0.05607799640439322","0.05607799640439322"
"2266","0.05607799640439322","0.05607799640439322","0.05607799640439322"
"2272","0.05607799640439322","0.05607799640439322","0.05607799640439322"
"2273","0.05607799640439322","0.05607799640439322","0.05607799640439322"
"2284","0.05607799640439322","0.05607799640439322","0.05607799640439322"
"2296","0.05607799640439322","0.05607799640439322","0.05607799640439322"
"2303","0.056396653667376756","0.056396653667376756","0.056396653667376756"
"2322","0.05713343263950402","0.05713343263950402","0.05713343263950402"
"2329","0.05713343263950402","0.05713343263950402","0.05713343263950402"
"2335","0.05713343263950402","0.05713343263950402","0.05713343263950402"
"2344","0.05713343263950402","0.05713343263950402","0.05713343263950402"
"2347","0.05713343263950402","0.05713343263950402","0.05713343263950402"
"2353","0.05713343263950402","0.05713343263950402","0.05713343263950402"
"2357","0.05713343263950402","0.05713343263950402","0.05713343263950402"
"2364","0.05713343263950402","0.05713343263950402","0.05713343263950402"
"2374","0.05713343263950402","0.05713343263950402","0.05713343263950402"
"2376","0.05713343263950402","0.05713343263950402","0.05713343263950402"
"2379","0.05713343263950402","0.05713343263950402","0.05713343263950402"
"2383","0.05713343263950402","0.05713343263950402","0.05713343263950402"
"2397","0.05713343263950402","0.05713343263950402","0.05713343263950402"
"2401","0.05713343263950402","0.05713343263950402","0.05713343263950402"
"2407","0.05713343263950402","0.05713343263950402","0.05713343263950402"
"2411","0.057233523545861816","0.057233523545861816","0.057233523545861816"
"2420","0.05817546205872496","0.05817546205872496","0.05817546205872496"
"2422","0.05817546205872496","0.05817546205872496","0.05817546205872496"
"2423","0.05817546205872496","0.05817546205872496","0.05817546205872496"
"2429","0.05817546205872496","0.05817546205872496","0.05817546205872496"
"2430","0.05817546205872496","0.05817546205872496","0.05817546205872496"
"2455","0.05817546205872496","0.05817546205872496","0.05817546205872496"
"2460","0.05817546205872496","0.05817546205872496","0.05817546205872496"
"2481","0.05817546205872496","0.05817546205872496","0.05817546205872496"
"2486","0.05817546205872496","0.05817546205872496","0.05817546205872496"
"2488","0.05817546205872496","0.05817546205872496","0.05817546205872496"
"2489","0.05817546205872496","0.05817546205872496","0.05817546205872496"
"2492","0.05817546205872496","0.05817546205872496","0.05817546205872496"
"2502","0.05817546205872496","0.05817546205872496","0.05817546205872496"
"2511","0.05817546205872496","0.05817546205872496","0.05817546205872496"
"2512","0.05817546205872496","0.05817546205872496","0.05817546205872496"
"2521","0.05828139066040519","0.05828139066040519","0.05828139066040519"
"2523","0.05848738656355783","0.05848738656355783","0.05848738656355783"
"2534","0.0592165743589108","0.0592165743589108","0.0592165743589108"
"2538","0.0592165743589108","0.0592165743589108","0.0592165743589108"
"2543","0.0592165743589108","0.0592165743589108","0.0592165743589108"
"2549","0.0592165743589108","0.0592165743589108","0.0592165743589108"
"2550","0.0592165743589108","0.0592165743589108","0.0592165743589108"
"2552","0.0592165743589108","0.0592165743589108","0.0592165743589108"
"2564","0.0592165743589108","0.0592165743589108","0.0592165743589108"
"2566","0.0592165743589108","0.0592165743589108","0.0592165743589108"
"2573","0.0592165743589108","0.0592165743589108","0.0592165743589108"
"2574","0.0592165743589108","0.0592165743589108","0.0592165743589108"
"2579","0.0592165743589108","0.0592165743589108","0.0592165743589108"
"2584","0.0592165743589108","0.0592165743589108","0.0592165743589108"
"2587","0.0592165743589108","0.0592165743589108","0.0592165743589108"
"2591","0.0592165743589108","0.0592165743589108","0.0592165743589108"
"2600","0.0592165743589108","0.0592165743589108","0.0592165743589108"
"2607","0.0592165743589108","0.0592165743589108","0.0592165743589108"
"2613","0.0592165743589108","0.0592165743589108","0.0592165743589108"
"2622","0.0592165743589108","0.0592165743589108","0.0592165743589108"
"2625","0.0592165743589108","0.0592165743589108","0.0592165743589108"
"2647","0.060268133818261294","0.060268133818261294","0.060268133818261294"
"2656","0.060268133818261294","0.060268133818261294","0.060268133818261294"
"2663","0.060268133818261294","0.060268133818261294","0.060268133818261294"
"2664","0.060268133818261294","0.060268133818261294","0.060268133818261294"
"2671","0.060268133818261294","0.060268133818261294","0.060268133818261294"
"2673","0.060268133818261294","0.060268133818261294","0.060268133818261294"
"2674","0.060268133818261294","0.060268133818261294","0.060268133818261294"
"2677","0.060268133818261294","0.060268133818261294","0.060268133818261294"
"2684","0.060268133818261294","0.060268133818261294","0.060268133818261294"
"2685","0.060268133818261294","0.060268133818261294","0.060268133818261294"
"2701","0.060268133818261294","0.060268133818261294","0.060268133818261294"
"2706","0.060268133818261294","0.060268133818261294","0.060268133818261294"
"2708","0.060268133818261294","0.060268133818261294","0.060268133818261294"
"2710","0.060268133818261294","0.060268133818261294","0.060268133818261294"
"2715","0.060268133818261294","0.060268133818261294","0.060268133818261294"
"2726","0.060268133818261294","0.060268133818261294","0.060268133818261294"
"2733","0.060268133818261294","0.060268133818261294","0.060268133818261294"
"2739","0.060268133818261294","0.060268133818261294","0.060268133818261294"
"2740","0.060268133818261294","0.060268133818261294","0.060268133818261294"
"2753","0.061312857755265494","0.061312857755265494","0.061312857755265494"
"2774","0.061312857755265494","0.061312857755265494","0.061312857755265494"
"2792","0.061312857755265494","0.061312857755265494","0.061312857755265494"
"2798","0.061312857755265494","0.061312857755265494","0.061312857755265494"
"2799","0.061312857755265494","0.061312857755265494","0.061312857755265494"
"2816","0.061312857755265494","0.061312857755265494","0.061312857755265494"
"2817","0.061312857755265494","0.061312857755265494","0.061312857755265494"
"2822","0.061312857755265494","0.061312857755265494","0.061312857755265494"
"2834","0.061312857755265494","0.061312857755265494","0.061312857755265494"
"2837","0.061312857755265494","0.061312857755265494","0.061312857755265494"
"2840","0.061312857755265494","0.061312857755265494","0.061312857755265494"
"2861","0.062351043342375775","0.062351043342375775","0.062351043342375775"
"2864","0.062351043342375775","0.062351043342375775","0.062351043342375775"
"2866","0.062351043342375775","0.062351043342375775","0.062351043342375775"
"2872","0.062351043342375775","0.062351043342375775","0.062351043342375775"
"2875","0.062351043342375775","0.062351043342375775","0.062351043342375775"
"2885","0.062351043342375775","0.062351043342375775","0.062351043342375775"
"2894","0.062351043342375775","0.062351043342375775","0.062351043342375775"
"2903","0.062351043342375775","0.062351043342375775","0.062351043342375775"
"2910","0.062351043342375775","0.062351043342375775","0.062351043342375775"
"2912","0.062351043342375775","0.062351043342375775","0.062351043342375775"
"2917","0.062351043342375775","0.062351043342375775","0.062351043342375775"
"2928","0.062351043342375775","0.062351043342375775","0.062351043342375775"
"2930","0.062351043342375775","0.062351043342375775","0.062351043342375775"
"2939","0.062351043342375775","0.062351043342375775","0.062351043342375775"
"2942","0.062351043342375775","0.062351043342375775","0.062351043342375775"
"2947","0.062351043342375775","0.062351043342375775","0.062351043342375775"
"2951","0.062351043342375775","0.062351043342375775","0.062351043342375775"
"2959","0.062351043342375775","0.062351043342375775","0.062351043342375775"
"2976","0.06340415660246054","0.06340415660246054","0.06340415660246054"
"2978","0.06340415660246054","0.06340415660246054","0.06340415660246054"
"2984","0.06340415660246054","0.06340415660246054","0.06340415660246054"
"2993","0.06340415660246054","0.06340415660246054","0.06340415660246054"
"2997","0.06340415660246054","0.06340415660246054","0.06340415660246054"
"3004","0.06340415660246054","0.06340415660246054","0.06340415660246054"
"3010","0.06340415660246054","0.06340415660246054","0.06340415660246054"
"3018","0.06340415660246054","0.06340415660246054","0.06340415660246054"
"3028","0.06340415660246054","0.06340415660246054","0.06340415660246054"
"3030","0.06340415660246054","0.06340415660246054","0.06340415660246054"
"3031","0.06340415660246054","0.06340415660246054","0.06340415660246054"
"3053","0.06340415660246054","0.06340415660246054","0.06340415660246054"
"3067","0.06340415660246054","0.06340415660246054","0.06340415660246054"
"3069","0.06340415660246054","0.06340415660246054","0.06340415660246054"
"3070","0.06340415660246054","0.06340415660246054","0.06340415660246054"
"3071","0.06350938886365967","0.06350938886365967","0.06350938886365967"
"3074","0.06382499350057912","0.06382499350057912","0.06382499350057912"
"3084","0.06445579422301542","0.06445579422301542","0.06445579422301542"
"3086","0.06445579422301542","0.06445579422301542","0.06445579422301542"
"3092","0.06445579422301542","0.06445579422301542","0.06445579422301542"
"3097","0.06445579422301542","0.06445579422301542","0.06445579422301542"
"3109","0.06445579422301542","0.06445579422301542","0.06445579422301542"
"3112","0.06445579422301542","0.06445579422301542","0.06445579422301542"
"3118","0.06445579422301542","0.06445579422301542","0.06445579422301542"
"3122","0.06445579422301542","0.06445579422301542","0.06445579422301542"
"3125","0.06445579422301542","0.06445579422301542","0.06445579422301542"
"3154","0.06445579422301542","0.06445579422301542","0.06445579422301542"
"3164","0.06445579422301542","0.06445579422301542","0.06445579422301542"
"3168","0.06445579422301542","0.06445579422301542","0.06445579422301542"
"3177","0.06445579422301542","0.06445579422301542","0.06445579422301542"
"3207","0.06550100064607912","0.06550100064607912","0.06550100064607912"
"3215","0.06550100064607912","0.06550100064607912","0.06550100064607912"
"3216","0.06550100064607912","0.06550100064607912","0.06550100064607912"
"3222","0.06550100064607912","0.06550100064607912","0.06550100064607912"
"3225","0.06550100064607912","0.06550100064607912","0.06550100064607912"
"3231","0.06550100064607912","0.06550100064607912","0.06550100064607912"
"3239","0.06550100064607912","0.06550100064607912","0.06550100064607912"
"3252","0.06550100064607912","0.06550100064607912","0.06550100064607912"
"3264","0.06550100064607912","0.06550100064607912","0.06550100064607912"
"3274","0.06550100064607912","0.06550100064607912","0.06550100064607912"
"3275","0.06550100064607912","0.06550100064607912","0.06550100064607912"
"3297","0.0662232281064363","0.0662232281064363","0.0662232281064363"
"3305","0.06653293039017867","0.06653293039017867","0.06653293039017867"
"3307","0.06653293039017867","0.06653293039017867","0.06653293039017867"
"3317","0.06653293039017867","0.06653293039017867","0.06653293039017867"
"3319","0.06653293039017867","0.06653293039017867","0.06653293039017867"
"3329","0.06653293039017867","0.06653293039017867","0.06653293039017867"
"3336","0.06653293039017867","0.06653293039017867","0.06653293039017867"
"3338","0.06653293039017867","0.06653293039017867","0.06653293039017867"
"3342","0.06653293039017867","0.06653293039017867","0.06653293039017867"
"3344","0.06653293039017867","0.06653293039017867","0.06653293039017867"
"3354","0.06653293039017867","0.06653293039017867","0.06653293039017867"
"3357","0.06653293039017867","0.06653293039017867","0.06653293039017867"
"3361","0.06653293039017867","0.06653293039017867","0.06653293039017867"
"3366","0.06653293039017867","0.06653293039017867","0.06653293039017867"
"3368","0.06653293039017867","0.06653293039017867","0.06653293039017867"
"3373","0.06653293039017867","0.06653293039017867","0.06653293039017867"
"3374","0.06653293039017867","0.06653293039017867","0.06653293039017867"
"3383","0.06653293039017867","0.06653293039017867","0.06653293039017867"
"3386","0.06653293039017867","0.06653293039017867","0.06653293039017867"
"3393","0.06653293039017867","0.06653293039017867","0.06653293039017867"
"3394","0.06653293039017867","0.06653293039017867","0.06653293039017867"
"3399","0.06653293039017867","0.06653293039017867","0.06653293039017867"
"3400","0.06653293039017867","0.06653293039017867","0.06653293039017867"
"3418","0.06757617943558139","0.06757617943558139","0.06757617943558139"
"3420","0.06757617943558139","0.06757617943558139","0.06757617943558139"
"3422","0.06757617943558139","0.06757617943558139","0.06757617943558139"
"3430","0.06757617943558139","0.06757617943558139","0.06757617943558139"
"3442","0.06757617943558139","0.06757617943558139","0.06757617943558139"
"3445","0.06757617943558139","0.06757617943558139","0.06757617943558139"
"3447","0.06757617943558139","0.06757617943558139","0.06757617943558139"
"3452","0.06757617943558139","0.06757617943558139","0.06757617943558139"
"3486","0.06757617943558139","0.06757617943558139","0.06757617943558139"
"3487","0.06757617943558139","0.06757617943558139","0.06757617943558139"
"3494","0.06757617943558139","0.06757617943558139","0.06757617943558139"
"3495","0.06757617943558139","0.06757617943558139","0.06757617943558139"
"3496","0.06757617943558139","0.06757617943558139","0.06757617943558139"
"3507","0.06757617943558139","0.06757617943558139","0.06757617943558139"
"3512","0.06778091823204224","0.06778091823204224","0.06778091823204224"
"3516","0.06819973822177708","0.06819973822177708","0.06819973822177708"
"3526","0.06861371732073791","0.06861371732073791","0.06861371732073791"
"3529","0.06861371732073791","0.06861371732073791","0.06861371732073791"
"3536","0.06861371732073791","0.06861371732073791","0.06861371732073791"
"3537","0.06861371732073791","0.06861371732073791","0.06861371732073791"
"3544","0.06861371732073791","0.06861371732073791","0.06861371732073791"
"3547","0.06861371732073791","0.06861371732073791","0.06861371732073791"
"3558","0.06861371732073791","0.06861371732073791","0.06861371732073791"
"3564","0.06861371732073791","0.06861371732073791","0.06861371732073791"
"3567","0.06861371732073791","0.06861371732073791","0.06861371732073791"
"3572","0.06861371732073791","0.06861371732073791","0.06861371732073791"
"3576","0.06861371732073791","0.06861371732073791","0.06861371732073791"
"3578","0.06861371732073791","0.06861371732073791","0.06861371732073791"
"3584","0.06861371732073791","0.06861371732073791","0.06861371732073791"
"3589","0.06861371732073791","0.06861371732073791","0.06861371732073791"
"3595","0.06861371732073791","0.06861371732073791","0.06861371732073791"
"3596","0.06861371732073791","0.06861371732073791","0.06861371732073791"
"3600","0.06861371732073791","0.06861371732073791","0.06861371732073791"
"3601","0.06861371732073791","0.06861371732073791","0.06861371732073791"
"3602","0.06861371732073791","0.06861371732073791","0.06861371732073791"
"3603","0.06861371732073791","0.06861371732073791","0.06861371732073791"
"3609","0.06861371732073791","0.06861371732073791","0.06861371732073791"
"3611","0.06861371732073791","0.06861371732073791","0.06861371732073791"
"3614","0.06861371732073791","0.06861371732073791","0.06861371732073791"
"3630","0.06965496380782255","0.06965496380782255","0.06965496380782255"
"3634","0.06965496380782255","0.06965496380782255","0.06965496380782255"
"3637","0.06965496380782255","0.06965496380782255","0.06965496380782255"
"3649","0.06965496380782255","0.06965496380782255","0.06965496380782255"
"3650","0.06965496380782255","0.06965496380782255","0.06965496380782255"
"3657","0.06965496380782255","0.06965496380782255","0.06965496380782255"
"3668","0.06965496380782255","0.06965496380782255","0.06965496380782255"
"3674","0.06965496380782255","0.06965496380782255","0.06965496380782255"
"3677","0.06965496380782255","0.06965496380782255","0.06965496380782255"
"3678","0.06965496380782255","0.06965496380782255","0.06965496380782255"
"3679","0.06965496380782255","0.06965496380782255","0.06965496380782255"
"3680","0.06965496380782255","0.06965496380782255","0.06965496380782255"
"3684","0.06965496380782255","0.06965496380782255","0.06965496380782255"
"3687","0.06965496380782255","0.06965496380782255","0.06965496380782255"
"3700","0.06965496380782255","0.06965496380782255","0.06965496380782255"
"3720","0.06965496380782255","0.06965496380782255","0.06965496380782255"
"3724","0.06965496380782255","0.06965496380782255","0.06965496380782255"
"3731","0.0697550139578867","0.0697550139578867","0.0697550139578867"
"3738","0.07048190100186076","0.07048190100186076","0.07048190100186076"
"3741","0.07069078303326949","0.07069078303326949","0.07069078303326949"
"3747","0.07069078303326949","0.07069078303326949","0.07069078303326949"
"3750","0.07069078303326949","0.07069078303326949","0.07069078303326949"
"3751","0.07069078303326949","0.07069078303326949","0.07069078303326949"
"3759","0.07069078303326949","0.07069078303326949","0.07069078303326949"
"3766","0.07069078303326949","0.07069078303326949","0.07069078303326949"
"3768","0.07069078303326949","0.07069078303326949","0.07069078303326949"
"3784","0.07069078303326949","0.07069078303326949","0.07069078303326949"
"3790","0.07069078303326949","0.07069078303326949","0.07069078303326949"
"3795","0.07069078303326949","0.07069078303326949","0.07069078303326949"
"3804","0.07069078303326949","0.07069078303326949","0.07069078303326949"
"3813","0.07069078303326949","0.07069078303326949","0.07069078303326949"
"3816","0.07069078303326949","0.07069078303326949","0.07069078303326949"
"3819","0.07069078303326949","0.07069078303326949","0.07069078303326949"
"3837","0.07069078303326949","0.07069078303326949","0.07069078303326949"
"3839","0.07069078303326949","0.07069078303326949","0.07069078303326949"
"3841","0.07079520604350319","0.07079520604350319","0.07079520604350319"
"3850","0.07173448171807763","0.07173448171807763","0.07173448171807763"
"3851","0.07173448171807763","0.07173448171807763","0.07173448171807763"
"3858","0.07173448171807763","0.07173448171807763","0.07173448171807763"
"3862","0.07173448171807763","0.07173448171807763","0.07173448171807763"
"3869","0.07173448171807763","0.07173448171807763","0.07173448171807763"
"3871","0.07173448171807763","0.07173448171807763","0.07173448171807763"
"3872","0.07173448171807763","0.07173448171807763","0.07173448171807763"
"3879","0.07173448171807763","0.07173448171807763","0.07173448171807763"
"3884","0.07173448171807763","0.07173448171807763","0.07173448171807763"
"3888","0.07173448171807763","0.07173448171807763","0.07173448171807763"
"3890","0.07173448171807763","0.07173448171807763","0.07173448171807763"
"3893","0.07173448171807763","0.07173448171807763","0.07173448171807763"
"3898","0.07173448171807763","0.07173448171807763","0.07173448171807763"
"3905","0.07173448171807763","0.07173448171807763","0.07173448171807763"
"3911","0.07173448171807763","0.07173448171807763","0.07173448171807763"
"3915","0.07173448171807763","0.07173448171807763","0.07173448171807763"
"3922","0.07173448171807763","0.07173448171807763","0.07173448171807763"
"3924","0.07173448171807763","0.07173448171807763","0.07173448171807763"
"3932","0.07173448171807763","0.07173448171807763","0.07173448171807763"
"3938","0.07173448171807763","0.07173448171807763","0.07173448171807763"
"3945","0.07173448171807763","0.07173448171807763","0.07173448171807763"
"3951","0.07183878751071286","0.07183878751071286","0.07183878751071286"
"3952","0.07193883330183995","0.07193883330183995","0.07193883330183995"
"3959","0.07266442753113472","0.07266442753113472","0.07266442753113472"
"3962","0.07276861014907446","0.07276861014907446","0.07276861014907446"
"3967","0.07276861014907446","0.07276861014907446","0.07276861014907446"
"3975","0.07276861014907446","0.07276861014907446","0.07276861014907446"
"3994","0.07276861014907446","0.07276861014907446","0.07276861014907446"
"4010","0.07276861014907446","0.07276861014907446","0.07276861014907446"
"4013","0.07276861014907446","0.07276861014907446","0.07276861014907446"
"4017","0.07276861014907446","0.07276861014907446","0.07276861014907446"
"4022","0.07276861014907446","0.07276861014907446","0.07276861014907446"
"4033","0.07276861014907446","0.07276861014907446","0.07276861014907446"
"4041","0.07276861014907446","0.07276861014907446","0.07276861014907446"
"4055","0.07276861014907446","0.07276861014907446","0.07276861014907446"
"4067","0.07348957601060171","0.07348957601060171","0.07348957601060171"
"4075","0.07380202436279325","0.07380202436279325","0.07380202436279325"
"4092","0.07380202436279325","0.07380202436279325","0.07380202436279325"
"4101","0.07380202436279325","0.07380202436279325","0.07380202436279325"
"4102","0.07380202436279325","0.07380202436279325","0.07380202436279325"
"4105","0.07380202436279325","0.07380202436279325","0.07380202436279325"
"4115","0.07380202436279325","0.07380202436279325","0.07380202436279325"
"4116","0.07380202436279325","0.07380202436279325","0.07380202436279325"
"4132","0.07380202436279325","0.07380202436279325","0.07380202436279325"
"4141","0.07380202436279325","0.07380202436279325","0.07380202436279325"
"4142","0.07380202436279325","0.07380202436279325","0.07380202436279325"
"4149","0.07380202436279325","0.07380202436279325","0.07380202436279325"
"4163","0.07380202436279325","0.07380202436279325","0.07380202436279325"
"4164","0.07380202436279325","0.07380202436279325","0.07380202436279325"
"4176","0.0744184712415799","0.0744184712415799","0.0744184712415799"
"4178","0.07462255670404695","0.07462255670404695","0.07462255670404695"
"4182","0.07483069467684417","0.07483069467684417","0.07483069467684417"
"4185","0.07483069467684417","0.07483069467684417","0.07483069467684417"
"4199","0.07483069467684417","0.07483069467684417","0.07483069467684417"
"4213","0.07483069467684417","0.07483069467684417","0.07483069467684417"
"4214","0.07483069467684417","0.07483069467684417","0.07483069467684417"
"4230","0.07483069467684417","0.07483069467684417","0.07483069467684417"
"4248","0.07483069467684417","0.07483069467684417","0.07483069467684417"
"4252","0.07483069467684417","0.07483069467684417","0.07483069467684417"
"4271","0.07483069467684417","0.07483069467684417","0.07483069467684417"
"4276","0.07483069467684417","0.07483069467684417","0.07483069467684417"
"4282","0.07503478870760749","0.07503478870760749","0.07503478870760749"
"4296","0.07585689571247665","0.07585689571247665","0.07585689571247665"
"4298","0.07585689571247665","0.07585689571247665","0.07585689571247665"
"4319","0.07585689571247665","0.07585689571247665","0.07585689571247665"
"4322","0.07585689571247665","0.07585689571247665","0.07585689571247665"
"4329","0.07585689571247665","0.07585689571247665","0.07585689571247665"
"4330","0.07585689571247665","0.07585689571247665","0.07585689571247665"
"4338","0.07585689571247665","0.07585689571247665","0.07585689571247665"
"4339","0.07585689571247665","0.07585689571247665","0.07585689571247665"
"4342","0.07585689571247665","0.07585689571247665","0.07585689571247665"
"4350","0.07585689571247665","0.07585689571247665","0.07585689571247665"
"4359","0.07585689571247665","0.07585689571247665","0.07585689571247665"
"4360","0.07585689571247665","0.07585689571247665","0.07585689571247665"
"4370","0.07585689571247665","0.07585689571247665","0.07585689571247665"
"4378","0.07585689571247665","0.07585689571247665","0.07585689571247665"
"4380","0.07585689571247665","0.07585689571247665","0.07585689571247665"
"4385","0.07585689571247665","0.07585689571247665","0.07585689571247665"
"4393","0.07616878395202721","0.07616878395202721","0.07616878395202721"
"4403","0.0768962633748605","0.0768962633748605","0.0768962633748605"
"4406","0.0768962633748605","0.0768962633748605","0.0768962633748605"
"4412","0.0768962633748605","0.0768962633748605","0.0768962633748605"
"4414","0.0768962633748605","0.0768962633748605","0.0768962633748605"
"4416","0.0768962633748605","0.0768962633748605","0.0768962633748605"
"4421","0.0768962633748605","0.0768962633748605","0.0768962633748605"
"4425","0.0768962633748605","0.0768962633748605","0.0768962633748605"
"4426","0.0768962633748605","0.0768962633748605","0.0768962633748605"
"4430","0.0768962633748605","0.0768962633748605","0.0768962633748605"
"4438","0.0768962633748605","0.0768962633748605","0.0768962633748605"
"4444","0.0768962633748605","0.0768962633748605","0.0768962633748605"
"4446","0.0768962633748605","0.0768962633748605","0.0768962633748605"
"4448","0.0768962633748605","0.0768962633748605","0.0768962633748605"
"4449","0.0768962633748605","0.0768962633748605","0.0768962633748605"
"4454","0.0768962633748605","0.0768962633748605","0.0768962633748605"
"4466","0.0768962633748605","0.0768962633748605","0.0768962633748605"
"4469","0.0768962633748605","0.0768962633748605","0.0768962633748605"
"4479","0.0768962633748605","0.0768962633748605","0.0768962633748605"
"4482","0.0768962633748605","0.0768962633748605","0.0768962633748605"
"4487","0.0768962633748605","0.0768962633748605","0.0768962633748605"
"4488","0.0768962633748605","0.0768962633748605","0.0768962633748605"
"4490","0.0768962633748605","0.0768962633748605","0.0768962633748605"
"4492","0.0768962633748605","0.0768962633748605","0.0768962633748605"
"4495","0.0768962633748605","0.0768962633748605","0.0768962633748605"
"4503","0.07720789174997632","0.07720789174997632","0.07720789174997632"
"4506","0.07751943248217688","0.07751943248217688","0.07751943248217688"
"4511","0.07793468551178599","0.07793468551178599","0.07793468551178599"
"4513","0.07793468551178599","0.07793468551178599","0.07793468551178599"
"4523","0.07793468551178599","0.07793468551178599","0.07793468551178599"
"4527","0.07793468551178599","0.07793468551178599","0.07793468551178599"
"4528","0.07793468551178599","0.07793468551178599","0.07793468551178599"
"4554","0.07793468551178599","0.07793468551178599","0.07793468551178599"
"4560","0.07793468551178599","0.07793468551178599","0.07793468551178599"
"4561","0.07793468551178599","0.07793468551178599","0.07793468551178599"
"4580","0.07793468551178599","0.07793468551178599","0.07793468551178599"
"4588","0.07793468551178599","0.07793468551178599","0.07793468551178599"
"4608","0.07793468551178599","0.07793468551178599","0.07793468551178599"
"4610","0.07793468551178599","0.07793468551178599","0.07793468551178599"
"4619","0.07886845356204468","0.07886845356204468","0.07886845356204468"
"4628","0.07897215927238645","0.07897215927238645","0.07897215927238645"
"4632","0.07897215927238645","0.07897215927238645","0.07897215927238645"
"4638","0.07897215927238645","0.07897215927238645","0.07897215927238645"
"4649","0.07897215927238645","0.07897215927238645","0.07897215927238645"
"4651","0.07897215927238645","0.07897215927238645","0.07897215927238645"
"4652","0.07897215927238645","0.07897215927238645","0.07897215927238645"
"4654","0.07897215927238645","0.07897215927238645","0.07897215927238645"
"4659","0.07897215927238645","0.07897215927238645","0.07897215927238645"
"4660","0.07897215927238645","0.07897215927238645","0.07897215927238645"
"4662","0.07897215927238645","0.07897215927238645","0.07897215927238645"
"4667","0.07897215927238645","0.07897215927238645","0.07897215927238645"
"4673","0.07897215927238645","0.07897215927238645","0.07897215927238645"
"4675","0.07897215927238645","0.07897215927238645","0.07897215927238645"
"4677","0.07897215927238645","0.07897215927238645","0.07897215927238645"
"4678","0.07897215927238645","0.07897215927238645","0.07897215927238645"
"4690","0.07897215927238645","0.07897215927238645","0.07897215927238645"
"4695","0.07897215927238645","0.07897215927238645","0.07897215927238645"
"4697","0.07897215927238645","0.07897215927238645","0.07897215927238645"
"4709","0.07897215927238645","0.07897215927238645","0.07897215927238645"
"4716","0.07897215927238645","0.07897215927238645","0.07897215927238645"
"4728","0.07978689111928976","0.07978689111928976","0.07978689111928976"
"4730","0.07999420292934123","0.07999420292934123","0.07999420292934123"
"4735","0.07999420292934123","0.07999420292934123","0.07999420292934123"
"4736","0.07999420292934123","0.07999420292934123","0.07999420292934123"
"4751","0.07999420292934123","0.07999420292934123","0.07999420292934123"
"4757","0.07999420292934123","0.07999420292934123","0.07999420292934123"
"4763","0.07999420292934123","0.07999420292934123","0.07999420292934123"
"4774","0.07999420292934123","0.07999420292934123","0.07999420292934123"
"4775","0.07999420292934123","0.07999420292934123","0.07999420292934123"
"4779","0.07999420292934123","0.07999420292934123","0.07999420292934123"
"4791","0.07999420292934123","0.07999420292934123","0.07999420292934123"
"4800","0.07999420292934123","0.07999420292934123","0.07999420292934123"
"4801","0.07999420292934123","0.07999420292934123","0.07999420292934123"
"4819","0.07999420292934123","0.07999420292934123","0.07999420292934123"
"4840","0.08102309555734043","0.08102309555734043","0.08102309555734043"
"4846","0.08102309555734043","0.08102309555734043","0.08102309555734043"
"4861","0.08102309555734043","0.08102309555734043","0.08102309555734043"
"4876","0.08102309555734043","0.08102309555734043","0.08102309555734043"
"4891","0.08102309555734043","0.08102309555734043","0.08102309555734043"
"4894","0.08102309555734043","0.08102309555734043","0.08102309555734043"
"4902","0.08102309555734043","0.08102309555734043","0.08102309555734043"
"4907","0.08102309555734043","0.08102309555734043","0.08102309555734043"
"4910","0.08102309555734043","0.08102309555734043","0.08102309555734043"
"4912","0.08102309555734043","0.08102309555734043","0.08102309555734043"
"4918","0.08102309555734043","0.08102309555734043","0.08102309555734043"
"4919","0.08102309555734043","0.08102309555734043","0.08102309555734043"
"4920","0.08102309555734043","0.08102309555734043","0.08102309555734043"
"4924","0.08102309555734043","0.08102309555734043","0.08102309555734043"
"4936","0.08102309555734043","0.08102309555734043","0.08102309555734043"
"4938","0.08102309555734043","0.08102309555734043","0.08102309555734043"
"4941","0.08112666777619344","0.08112666777619344","0.08112666777619344"
"4943","0.08133023163413183","0.08133023163413183","0.08133023163413183"
"4944","0.08143378633220567","0.08143378633220567","0.08143378633220567"
"4951","0.08204792077173968","0.08204792077173968","0.08204792077173968"
"4952","0.08204792077173968","0.08204792077173968","0.08204792077173968"
"4958","0.08204792077173968","0.08204792077173968","0.08204792077173968"
"4964","0.08204792077173968","0.08204792077173968","0.08204792077173968"
"4968","0.08204792077173968","0.08204792077173968","0.08204792077173968"
"4969","0.08204792077173968","0.08204792077173968","0.08204792077173968"
"4975","0.08204792077173968","0.08204792077173968","0.08204792077173968"
"4980","0.08204792077173968","0.08204792077173968","0.08204792077173968"
"4984","0.08204792077173968","0.08204792077173968","0.08204792077173968"
"4999","0.08204792077173968","0.08204792077173968","0.08204792077173968"
"5001","0.08204792077173968","0.08204792077173968","0.08204792077173968"
"5005","0.08204792077173968","0.08204792077173968","0.08204792077173968"
"5016","0.08204792077173968","0.08204792077173968","0.08204792077173968"
"5020","0.08204792077173968","0.08204792077173968","0.08204792077173968"
"5036","0.08204792077173968","0.08204792077173968","0.08204792077173968"
"5039","0.08204792077173968","0.08204792077173968","0.08204792077173968"
"5041","0.08204792077173968","0.08204792077173968","0.08204792077173968"
"5042","0.08204792077173968","0.08204792077173968","0.08204792077173968"
"5057","0.08277233180342522","0.08277233180342522","0.08277233180342522"
"5063","0.08308266946434308","0.08308266946434308","0.08308266946434308"
"5066","0.08308266946434308","0.08308266946434308","0.08308266946434308"
"5075","0.08308266946434308","0.08308266946434308","0.08308266946434308"
"5077","0.08308266946434308","0.08308266946434308","0.08308266946434308"
"5079","0.08308266946434308","0.08308266946434308","0.08308266946434308"
"5092","0.08308266946434308","0.08308266946434308","0.08308266946434308"
"5094","0.08308266946434308","0.08308266946434308","0.08308266946434308"
"5105","0.08308266946434308","0.08308266946434308","0.08308266946434308"
"5114","0.08308266946434308","0.08308266946434308","0.08308266946434308"
"5124","0.08308266946434308","0.08308266946434308","0.08308266946434308"
"5129","0.08308266946434308","0.08308266946434308","0.08308266946434308"
"5141","0.08308266946434308","0.08308266946434308","0.08308266946434308"
"5143","0.08308266946434308","0.08308266946434308","0.08308266946434308"
"5146","0.08308266946434308","0.08308266946434308","0.08308266946434308"
"5159","0.08308266946434308","0.08308266946434308","0.08308266946434308"
"5165","0.08359633901373278","0.08359633901373278","0.08359633901373278"
"5168","0.08390650669568238","0.08390650669568238","0.08390650669568238"
"5169","0.08400987998384171","0.08400987998384171","0.08400987998384171"
"5171","0.08410990815742383","0.08410990815742383","0.08410990815742383"
"5173","0.08410990815742383","0.08410990815742383","0.08410990815742383"
"5180","0.08410990815742383","0.08410990815742383","0.08410990815742383"
"5183","0.08410990815742383","0.08410990815742383","0.08410990815742383"
"5192","0.08410990815742383","0.08410990815742383","0.08410990815742383"
"5202","0.08410990815742383","0.08410990815742383","0.08410990815742383"
"5208","0.08410990815742383","0.08410990815742383","0.08410990815742383"
"5211","0.08410990815742383","0.08410990815742383","0.08410990815742383"
"5219","0.08410990815742383","0.08410990815742383","0.08410990815742383"
"5234","0.08410990815742383","0.08410990815742383","0.08410990815742383"
"5240","0.08410990815742383","0.08410990815742383","0.08410990815742383"
"5241","0.08410990815742383","0.08410990815742383","0.08410990815742383"
"5243","0.08410990815742383","0.08410990815742383","0.08410990815742383"
"5249","0.08410990815742383","0.08410990815742383","0.08410990815742383"
"5256","0.08410990815742383","0.08410990815742383","0.08410990815742383"
"5261","0.08410990815742383","0.08410990815742383","0.08410990815742383"
"5262","0.08410990815742383","0.08410990815742383","0.08410990815742383"
"5267","0.08410990815742383","0.08410990815742383","0.08410990815742383"
"5268","0.08410990815742383","0.08410990815742383","0.08410990815742383"
"5285","0.08512662836206863","0.08512662836206863","0.08512662836206863"
"5295","0.08512662836206863","0.08512662836206863","0.08512662836206863"
"5303","0.08512662836206863","0.08512662836206863","0.08512662836206863"
"5305","0.08512662836206863","0.08512662836206863","0.08512662836206863"
"5314","0.08512662836206863","0.08512662836206863","0.08512662836206863"
"5319","0.08512662836206863","0.08512662836206863","0.08512662836206863"
"5323","0.08512662836206863","0.08512662836206863","0.08512662836206863"
"5328","0.08512662836206863","0.08512662836206863","0.08512662836206863"
"5334","0.08512662836206863","0.08512662836206863","0.08512662836206863"
"5336","0.08512662836206863","0.08512662836206863","0.08512662836206863"
"5337","0.08512662836206863","0.08512662836206863","0.08512662836206863"
"5341","0.08512662836206863","0.08512662836206863","0.08512662836206863"
"5343","0.08512662836206863","0.08512662836206863","0.08512662836206863"
"5344","0.08512662836206863","0.08512662836206863","0.08512662836206863"
"5347","0.08512662836206863","0.08512662836206863","0.08512662836206863"
"5349","0.08512662836206863","0.08512662836206863","0.08512662836206863"
"5356","0.08512662836206863","0.08512662836206863","0.08512662836206863"
"5359","0.08512662836206863","0.08512662836206863","0.08512662836206863"
"5361","0.08512662836206863","0.08512662836206863","0.08512662836206863"
"5362","0.08512662836206863","0.08512662836206863","0.08512662836206863"
"5370","0.08512662836206863","0.08512662836206863","0.08512662836206863"
"5380","0.08512662836206863","0.08512662836206863","0.08512662836206863"
"5389","0.08605302187372292","0.08605302187372292","0.08605302187372292"
"5391","0.08615628675837118","0.08615628675837118","0.08615628675837118"
"5393","0.08615628675837118","0.08615628675837118","0.08615628675837118"
"5396","0.08615628675837118","0.08615628675837118","0.08615628675837118"
"5397","0.08615628675837118","0.08615628675837118","0.08615628675837118"
"5413","0.08615628675837118","0.08615628675837118","0.08615628675837118"
"5417","0.08615628675837118","0.08615628675837118","0.08615628675837118"
"5420","0.08615628675837118","0.08615628675837118","0.08615628675837118"
"5424","0.08615628675837118","0.08615628675837118","0.08615628675837118"
"5432","0.08615628675837118","0.08615628675837118","0.08615628675837118"
"5435","0.08615628675837118","0.08615628675837118","0.08615628675837118"
"5438","0.08615628675837118","0.08615628675837118","0.08615628675837118"
"5439","0.08615628675837118","0.08615628675837118","0.08615628675837118"
"5440","0.08615628675837118","0.08615628675837118","0.08615628675837118"
"5444","0.08615628675837118","0.08615628675837118","0.08615628675837118"
"5450","0.08615628675837118","0.08615628675837118","0.08615628675837118"
"5474","0.08615628675837118","0.08615628675837118","0.08615628675837118"
"5484","0.08615628675837118","0.08615628675837118","0.08615628675837118"
"5487","0.08615628675837118","0.08615628675837118","0.08615628675837118"
"5501","0.08718533451445096","0.08718533451445096","0.08718533451445096"
"5518","0.08718533451445096","0.08718533451445096","0.08718533451445096"
"5521","0.08718533451445096","0.08718533451445096","0.08718533451445096"
"5534","0.08718533451445096","0.08718533451445096","0.08718533451445096"
"5536","0.08718533451445096","0.08718533451445096","0.08718533451445096"
"5545","0.08718533451445096","0.08718533451445096","0.08718533451445096"
"5548","0.08718533451445096","0.08718533451445096","0.08718533451445096"
"5562","0.08718533451445096","0.08718533451445096","0.08718533451445096"
"5571","0.08718533451445096","0.08718533451445096","0.08718533451445096"
"5582","0.08718533451445096","0.08718533451445096","0.08718533451445096"
"5584","0.08718533451445096","0.08718533451445096","0.08718533451445096"
"5588","0.08718533451445096","0.08718533451445096","0.08718533451445096"
"5589","0.08718533451445096","0.08718533451445096","0.08718533451445096"
"5594","0.08718533451445096","0.08718533451445096","0.08718533451445096"
"5597","0.08718533451445096","0.08718533451445096","0.08718533451445096"
"5605","0.08769805349946769","0.08769805349946769","0.08769805349946769"
"5614","0.08821065714805598","0.08821065714805598","0.08821065714805598"
"5615","0.08821065714805598","0.08821065714805598","0.08821065714805598"
"5617","0.08821065714805598","0.08821065714805598","0.08821065714805598"
"5622","0.08821065714805598","0.08821065714805598","0.08821065714805598"
"5629","0.08821065714805598","0.08821065714805598","0.08821065714805598"
"5630","0.08821065714805598","0.08821065714805598","0.08821065714805598"
"5641","0.08821065714805598","0.08821065714805598","0.08821065714805598"
"5645","0.08821065714805598","0.08821065714805598","0.08821065714805598"
"5646","0.08821065714805598","0.08821065714805598","0.08821065714805598"
"5654","0.08821065714805598","0.08821065714805598","0.08821065714805598"
"5662","0.08821065714805598","0.08821065714805598","0.08821065714805598"
"5665","0.08821065714805598","0.08821065714805598","0.08821065714805598"
"5684","0.08821065714805598","0.08821065714805598","0.08821065714805598"
"5686","0.08821065714805598","0.08821065714805598","0.08821065714805598"
"5711","0.088313790225431","0.088313790225431","0.088313790225431"
"5715","0.08872003533132929","0.08872003533132929","0.08872003533132929"
"5742","0.08923246440342897","0.08923246440342897","0.08923246440342897"
"5745","0.08923246440342897","0.08923246440342897","0.08923246440342897"
"5754","0.08923246440342897","0.08923246440342897","0.08923246440342897"
"5756","0.08923246440342897","0.08923246440342897","0.08923246440342897"
"5757","0.08923246440342897","0.08923246440342897","0.08923246440342897"
"5758","0.08923246440342897","0.08923246440342897","0.08923246440342897"
"5765","0.08923246440342897","0.08923246440342897","0.08923246440342897"
"5766","0.08923246440342897","0.08923246440342897","0.08923246440342897"
"5770","0.08923246440342897","0.08923246440342897","0.08923246440342897"
"5773","0.08923246440342897","0.08923246440342897","0.08923246440342897"
"5774","0.08923246440342897","0.08923246440342897","0.08923246440342897"
"5779","0.08923246440342897","0.08923246440342897","0.08923246440342897"
"5796","0.08923246440342897","0.08923246440342897","0.08923246440342897"
"5797","0.08923246440342897","0.08923246440342897","0.08923246440342897"
"5801","0.08923246440342897","0.08923246440342897","0.08923246440342897"
"5808","0.08923246440342897","0.08923246440342897","0.08923246440342897"
"5818","0.08923246440342897","0.08923246440342897","0.08923246440342897"
"5825","0.08973862541254861","0.08973862541254861","0.08973862541254861"
"5836","0.09025084130792264","0.09025084130792264","0.09025084130792264"
"5848","0.09025084130792264","0.09025084130792264","0.09025084130792264"
"5849","0.09025084130792264","0.09025084130792264","0.09025084130792264"
"5853","0.09025084130792264","0.09025084130792264","0.09025084130792264"
"5856","0.09025084130792264","0.09025084130792264","0.09025084130792264"
"5868","0.09025084130792264","0.09025084130792264","0.09025084130792264"
"5877","0.09025084130792264","0.09025084130792264","0.09025084130792264"
"5880","0.09025084130792264","0.09025084130792264","0.09025084130792264"
"5884","0.09025084130792264","0.09025084130792264","0.09025084130792264"
"5890","0.09025084130792264","0.09025084130792264","0.09025084130792264"
"5891","0.09025084130792264","0.09025084130792264","0.09025084130792264"
"5902","0.09025084130792264","0.09025084130792264","0.09025084130792264"
"5905","0.09025084130792264","0.09025084130792264","0.09025084130792264"
"5910","0.09025084130792264","0.09025084130792264","0.09025084130792264"
"5923","0.09025084130792264","0.09025084130792264","0.09025084130792264"
"5928","0.09025084130792264","0.09025084130792264","0.09025084130792264"
"5937","0.09096299464208632","0.09096299464208632","0.09096299464208632"
"5938","0.09106598800868874","0.09106598800868874","0.09106598800868874"
"5941","0.09126901943133381","0.09126901943133381","0.09126901943133381"
"5945","0.09126901943133381","0.09126901943133381","0.09126901943133381"
"5948","0.09126901943133381","0.09126901943133381","0.09126901943133381"
"5957","0.09126901943133381","0.09126901943133381","0.09126901943133381"
"5967","0.09126901943133381","0.09126901943133381","0.09126901943133381"
"5973","0.09126901943133381","0.09126901943133381","0.09126901943133381"
"5976","0.09126901943133381","0.09126901943133381","0.09126901943133381"
"5980","0.09126901943133381","0.09126901943133381","0.09126901943133381"
"5997","0.09126901943133381","0.09126901943133381","0.09126901943133381"
"6001","0.09126901943133381","0.09126901943133381","0.09126901943133381"
"6008","0.09126901943133381","0.09126901943133381","0.09126901943133381"
"6024","0.09126901943133381","0.09126901943133381","0.09126901943133381"
"6027","0.09126901943133381","0.09126901943133381","0.09126901943133381"
"6033","0.09126901943133381","0.09126901943133381","0.09126901943133381"
"6055","0.09229135465244484","0.09229135465244484","0.09229135465244484"
"6077","0.09229135465244484","0.09229135465244484","0.09229135465244484"
"6079","0.09229135465244484","0.09229135465244484","0.09229135465244484"
"6080","0.09229135465244484","0.09229135465244484","0.09229135465244484"
"6088","0.09229135465244484","0.09229135465244484","0.09229135465244484"
"6090","0.09229135465244484","0.09229135465244484","0.09229135465244484"
"6097","0.09229135465244484","0.09229135465244484","0.09229135465244484"
"6104","0.09229135465244484","0.09229135465244484","0.09229135465244484"
"6115","0.09229135465244484","0.09229135465244484","0.09229135465244484"
"6121","0.09229135465244484","0.09229135465244484","0.09229135465244484"
"6126","0.09229135465244484","0.09229135465244484","0.09229135465244484"
"6138","0.09229135465244484","0.09229135465244484","0.09229135465244484"
"6140","0.09229135465244484","0.09229135465244484","0.09229135465244484"
"6147","0.09229135465244484","0.09229135465244484","0.09229135465244484"
"6151","0.09239137636429118","0.09239137636429118","0.09239137636429118"
"6153","0.09259430799752086","0.09259430799752086","0.09259430799752086"
"6171","0.09330021637437644","0.09330021637437644","0.09330021637437644"
"6180","0.09330021637437644","0.09330021637437644","0.09330021637437644"
"6184","0.09330021637437644","0.09330021637437644","0.09330021637437644"
"6188","0.09330021637437644","0.09330021637437644","0.09330021637437644"
"6190","0.09330021637437644","0.09330021637437644","0.09330021637437644"
"6197","0.09330021637437644","0.09330021637437644","0.09330021637437644"
"6201","0.09330021637437644","0.09330021637437644","0.09330021637437644"
"6202","0.09330021637437644","0.09330021637437644","0.09330021637437644"
"6206","0.09330021637437644","0.09330021637437644","0.09330021637437644"
"6209","0.09330021637437644","0.09330021637437644","0.09330021637437644"
"6222","0.09330021637437644","0.09330021637437644","0.09330021637437644"
"6226","0.09330021637437644","0.09330021637437644","0.09330021637437644"
"6233","0.09330021637437644","0.09330021637437644","0.09330021637437644"
"6237","0.09330021637437644","0.09330021637437644","0.09330021637437644"
"6241","0.09330021637437644","0.09330021637437644","0.09330021637437644"
"6244","0.09330021637437644","0.09330021637437644","0.09330021637437644"
"6260","0.09330021637437644","0.09330021637437644","0.09330021637437644"
"6262","0.09350314993619292","0.09350314993619292","0.09350314993619292"
"6269","0.09422059747976896","0.09422059747976896","0.09422059747976896"
"6270","0.09432348682299133","0.09432348682299133","0.09432348682299133"
"6281","0.09432348682299133","0.09432348682299133","0.09432348682299133"
"6282","0.09432348682299133","0.09432348682299133","0.09432348682299133"
"6294","0.09432348682299133","0.09432348682299133","0.09432348682299133"
"6298","0.09432348682299133","0.09432348682299133","0.09432348682299133"
"6307","0.09432348682299133","0.09432348682299133","0.09432348682299133"
"6310","0.09432348682299133","0.09432348682299133","0.09432348682299133"
"6313","0.09432348682299133","0.09432348682299133","0.09432348682299133"
"6319","0.09432348682299133","0.09432348682299133","0.09432348682299133"
"6323","0.09432348682299133","0.09432348682299133","0.09432348682299133"
"6335","0.09432348682299133","0.09432348682299133","0.09432348682299133"
"6338","0.09432348682299133","0.09432348682299133","0.09432348682299133"
"6343","0.09432348682299133","0.09432348682299133","0.09432348682299133"
"6344","0.09432348682299133","0.09432348682299133","0.09432348682299133"
"6350","0.09432348682299133","0.09432348682299133","0.09432348682299133"
"6352","0.09432348682299133","0.09432348682299133","0.09432348682299133"
"6358","0.09432348682299133","0.09432348682299133","0.09432348682299133"
"6371","0.09442350751875865","0.09442350751875865","0.09442350751875865"
"6381","0.0953435378089605","0.0953435378089605","0.0953435378089605"
"6383","0.0953435378089605","0.0953435378089605","0.0953435378089605"
"6388","0.0953435378089605","0.0953435378089605","0.0953435378089605"
"6397","0.0953435378089605","0.0953435378089605","0.0953435378089605"
"6403","0.0953435378089605","0.0953435378089605","0.0953435378089605"
"6415","0.0953435378089605","0.0953435378089605","0.0953435378089605"
"6423","0.0953435378089605","0.0953435378089605","0.0953435378089605"
"6427","0.0953435378089605","0.0953435378089605","0.0953435378089605"
"6431","0.0953435378089605","0.0953435378089605","0.0953435378089605"
"6439","0.0953435378089605","0.0953435378089605","0.0953435378089605"
"6441","0.0953435378089605","0.0953435378089605","0.0953435378089605"
"6443","0.0953435378089605","0.0953435378089605","0.0953435378089605"
"6448","0.0953435378089605","0.0953435378089605","0.0953435378089605"
"6456","0.0953435378089605","0.0953435378089605","0.0953435378089605"
"6460","0.0953435378089605","0.0953435378089605","0.0953435378089605"
"6466","0.0953435378089605","0.0953435378089605","0.0953435378089605"
"6472","0.0953435378089605","0.0953435378089605","0.0953435378089605"
"6474","0.0953435378089605","0.0953435378089605","0.0953435378089605"
"6485","0.09585203890606435","0.09585203890606435","0.09585203890606435"
"6487","0.09605486039234439","0.09605486039234439","0.09605486039234439"
"6495","0.0963632885112222","0.0963632885112222","0.0963632885112222"
"6496","0.0963632885112222","0.0963632885112222","0.0963632885112222"
"6511","0.0963632885112222","0.0963632885112222","0.0963632885112222"
"6512","0.0963632885112222","0.0963632885112222","0.0963632885112222"
"6516","0.0963632885112222","0.0963632885112222","0.0963632885112222"
"6523","0.0963632885112222","0.0963632885112222","0.0963632885112222"
"6527","0.0963632885112222","0.0963632885112222","0.0963632885112222"
"6535","0.0963632885112222","0.0963632885112222","0.0963632885112222"
"6536","0.0963632885112222","0.0963632885112222","0.0963632885112222"
"6537","0.0963632885112222","0.0963632885112222","0.0963632885112222"
"6539","0.0963632885112222","0.0963632885112222","0.0963632885112222"
"6540","0.0963632885112222","0.0963632885112222","0.0963632885112222"
"6552","0.0963632885112222","0.0963632885112222","0.0963632885112222"
"6553","0.0963632885112222","0.0963632885112222","0.0963632885112222"
"6556","0.0963632885112222","0.0963632885112222","0.0963632885112222"
"6557","0.0963632885112222","0.0963632885112222","0.0963632885112222"
"6563","0.0963632885112222","0.0963632885112222","0.0963632885112222"
"6566","0.0963632885112222","0.0963632885112222","0.0963632885112222"
"6576","0.0963632885112222","0.0963632885112222","0.0963632885112222"
"6579","0.0963632885112222","0.0963632885112222","0.0963632885112222"
"6580","0.0963632885112222","0.0963632885112222","0.0963632885112222"
"6586","0.0963632885112222","0.0963632885112222","0.0963632885112222"
"6596","0.09697721605381925","0.09697721605381925","0.09697721605381925"
"6604","0.09738274580229597","0.09738274580229597","0.09738274580229597"
"6607","0.09738274580229597","0.09738274580229597","0.09738274580229597"
"6611","0.09738274580229597","0.09738274580229597","0.09738274580229597"
"6628","0.09738274580229597","0.09738274580229597","0.09738274580229597"
"6631","0.09738274580229597","0.09738274580229597","0.09738274580229597"
"6644","0.09738274580229597","0.09738274580229597","0.09738274580229597"
"6645","0.09738274580229597","0.09738274580229597","0.09738274580229597"
"6646","0.09738274580229597","0.09738274580229597","0.09738274580229597"
"6652","0.09738274580229597","0.09738274580229597","0.09738274580229597"
"6660","0.09738274580229597","0.09738274580229597","0.09738274580229597"
"6674","0.09738274580229597","0.09738274580229597","0.09738274580229597"
"6677","0.09738274580229597","0.09738274580229597","0.09738274580229597"
"6679","0.09738274580229597","0.09738274580229597","0.09738274580229597"
"6686","0.09738274580229597","0.09738274580229597","0.09738274580229597"
"6692","0.09738274580229597","0.09738274580229597","0.09738274580229597"
"6693","0.09738274580229597","0.09738274580229597","0.09738274580229597"
"6696","0.09738274580229597","0.09738274580229597","0.09738274580229597"
"6701","0.09748550168868919","0.09748550168868919","0.09748550168868919"
"6737","0.09839919456036933","0.09839919456036933","0.09839919456036933"
"6743","0.09839919456036933","0.09839919456036933","0.09839919456036933"
"6748","0.09839919456036933","0.09839919456036933","0.09839919456036933"
"6750","0.09839919456036933","0.09839919456036933","0.09839919456036933"
"6760","0.09839919456036933","0.09839919456036933","0.09839919456036933"
"6763","0.09839919456036933","0.09839919456036933","0.09839919456036933"
"6764","0.09839919456036933","0.09839919456036933","0.09839919456036933"
"6776","0.09839919456036933","0.09839919456036933","0.09839919456036933"
"6781","0.09839919456036933","0.09839919456036933","0.09839919456036933"
"6783","0.09839919456036933","0.09839919456036933","0.09839919456036933"
"6790","0.09839919456036933","0.09839919456036933","0.09839919456036933"
"6804","0.09839919456036933","0.09839919456036933","0.09839919456036933"
"6816","0.09901274379566376","0.09901274379566376","0.09901274379566376"
"6827","0.09942080533072141","0.09942080533072141","0.09942080533072141"
"6828","0.09942080533072141","0.09942080533072141","0.09942080533072141"
"6829","0.09942080533072141","0.09942080533072141","0.09942080533072141"
"6831","0.09942080533072141","0.09942080533072141","0.09942080533072141"
"6835","0.09942080533072141","0.09942080533072141","0.09942080533072141"
"6837","0.09942080533072141","0.09942080533072141","0.09942080533072141"
"6856","0.09942080533072141","0.09942080533072141","0.09942080533072141"
"6870","0.09942080533072141","0.09942080533072141","0.09942080533072141"
"6887","0.09942080533072141","0.09942080533072141","0.09942080533072141"
"6895","0.09942080533072141","0.09942080533072141","0.09942080533072141"
"6899","0.09942080533072141","0.09942080533072141","0.09942080533072141"
"6901","0.09942080533072141","0.09942080533072141","0.09942080533072141"
"6903","0.09942080533072141","0.09942080533072141","0.09942080533072141"
"6925","0.09993280325290661","0.09993280325290661","0.09993280325290661"
"6935","0.10044075703773116","0.10044075703773116","0.10044075703773116"
"6945","0.10044075703773116","0.10044075703773116","0.10044075703773116"
"6948","0.10044075703773116","0.10044075703773116","0.10044075703773116"
"6951","0.10044075703773116","0.10044075703773116","0.10044075703773116"
"6956","0.10044075703773116","0.10044075703773116","0.10044075703773116"
"6962","0.10044075703773116","0.10044075703773116","0.10044075703773116"
"6974","0.10044075703773116","0.10044075703773116","0.10044075703773116"
"6981","0.10044075703773116","0.10044075703773116","0.10044075703773116"
"6988","0.10044075703773116","0.10044075703773116","0.10044075703773116"
"6995","0.10044075703773116","0.10044075703773116","0.10044075703773116"
"7005","0.10044075703773116","0.10044075703773116","0.10044075703773116"
"7008","0.10044075703773116","0.10044075703773116","0.10044075703773116"
"7011","0.10044075703773116","0.10044075703773116","0.10044075703773116"
"7018","0.10044075703773116","0.10044075703773116","0.10044075703773116"
"7019","0.10044075703773116","0.10044075703773116","0.10044075703773116"
"7052","0.10146166383791243","0.10146166383791243","0.10146166383791243"
"7057","0.10146166383791243","0.10146166383791243","0.10146166383791243"
"7060","0.10146166383791243","0.10146166383791243","0.10146166383791243"
"7062","0.10146166383791243","0.10146166383791243","0.10146166383791243"
"7065","0.10146166383791243","0.10146166383791243","0.10146166383791243"
"7067","0.10146166383791243","0.10146166383791243","0.10146166383791243"
"7078","0.10146166383791243","0.10146166383791243","0.10146166383791243"
"7091","0.10146166383791243","0.10146166383791243","0.10146166383791243"
"7092","0.10146166383791243","0.10146166383791243","0.10146166383791243"
"7095","0.10146166383791243","0.10146166383791243","0.10146166383791243"
"7113","0.10146166383791243","0.10146166383791243","0.10146166383791243"
"7115","0.10146166383791243","0.10146166383791243","0.10146166383791243"
"7122","0.10146166383791243","0.10146166383791243","0.10146166383791243"
"7138","0.10146166383791243","0.10146166383791243","0.10146166383791243"
"7150","0.10248479573678403","0.10248479573678403","0.10248479573678403"
"7160","0.10248479573678403","0.10248479573678403","0.10248479573678403"
"7163","0.10248479573678403","0.10248479573678403","0.10248479573678403"
"7167","0.10248479573678403","0.10248479573678403","0.10248479573678403"
"7174","0.10248479573678403","0.10248479573678403","0.10248479573678403"
"7189","0.10248479573678403","0.10248479573678403","0.10248479573678403"
"7201","0.10248479573678403","0.10248479573678403","0.10248479573678403"
"7207","0.10248479573678403","0.10248479573678403","0.10248479573678403"
"7208","0.10248479573678403","0.10248479573678403","0.10248479573678403"
"7213","0.10248479573678403","0.10248479573678403","0.10248479573678403"
"7215","0.10248479573678403","0.10248479573678403","0.10248479573678403"
"7227","0.10248479573678403","0.10248479573678403","0.10248479573678403"
"7237","0.10248479573678403","0.10248479573678403","0.10248479573678403"
"7239","0.10248479573678403","0.10248479573678403","0.10248479573678403"
"7240","0.10248479573678403","0.10248479573678403","0.10248479573678403"
"7242","0.10248479573678403","0.10248479573678403","0.10248479573678403"
"7246","0.10248479573678403","0.10248479573678403","0.10248479573678403"
"7249","0.10248479573678403","0.10248479573678403","0.10248479573678403"
"7261","0.10350752276842","0.10350752276842","0.10350752276842"
"7265","0.10350752276842","0.10350752276842","0.10350752276842"
"7270","0.10350752276842","0.10350752276842","0.10350752276842"
"7275","0.10350752276842","0.10350752276842","0.10350752276842"
"7276","0.10350752276842","0.10350752276842","0.10350752276842"
"7287","0.10350752276842","0.10350752276842","0.10350752276842"
"7293","0.10350752276842","0.10350752276842","0.10350752276842"
"7294","0.10350752276842","0.10350752276842","0.10350752276842"
"7299","0.10350752276842","0.10350752276842","0.10350752276842"
"7300","0.10350752276842","0.10350752276842","0.10350752276842"
"7302","0.10350752276842","0.10350752276842","0.10350752276842"
"7309","0.10350752276842","0.10350752276842","0.10350752276842"
"7316","0.10350752276842","0.10350752276842","0.10350752276842"
"7326","0.10350752276842","0.10350752276842","0.10350752276842"
"7330","0.10350752276842","0.10350752276842","0.10350752276842"
"7331","0.10350752276842","0.10350752276842","0.10350752276842"
"7333","0.10350752276842","0.10350752276842","0.10350752276842"
"7345","0.10350752276842","0.10350752276842","0.10350752276842"
"7346","0.10350752276842","0.10350752276842","0.10350752276842"
"7350","0.10350752276842","0.10350752276842","0.10350752276842"
"7358","0.10350752276842","0.10350752276842","0.10350752276842"
"7362","0.10371249827930924","0.10371249827930924","0.10371249827930924"
"7365","0.10401746926473797","0.10401746926473797","0.10401746926473797"
"7374","0.10452735159709092","0.10452735159709092","0.10452735159709092"
"7379","0.10452735159709092","0.10452735159709092","0.10452735159709092"
"7384","0.10452735159709092","0.10452735159709092","0.10452735159709092"
"7385","0.10452735159709092","0.10452735159709092","0.10452735159709092"
"7390","0.10452735159709092","0.10452735159709092","0.10452735159709092"
"7391","0.10452735159709092","0.10452735159709092","0.10452735159709092"
"7401","0.10452735159709092","0.10452735159709092","0.10452735159709092"
"7417","0.10452735159709092","0.10452735159709092","0.10452735159709092"
"7432","0.10452735159709092","0.10452735159709092","0.10452735159709092"
"7442","0.10452735159709092","0.10452735159709092","0.10452735159709092"
"7452","0.10452735159709092","0.10452735159709092","0.10452735159709092"
"7455","0.10452735159709092","0.10452735159709092","0.10452735159709092"
"7460","0.10452735159709092","0.10452735159709092","0.10452735159709092"
"7465","0.10452735159709092","0.10452735159709092","0.10452735159709092"
"7473","0.10483471139311558","0.10483471139311558","0.10483471139311558"
"7499","0.10554929971198462","0.10554929971198462","0.10554929971198462"
"7507","0.10554929971198462","0.10554929971198462","0.10554929971198462"
"7510","0.10554929971198462","0.10554929971198462","0.10554929971198462"
"7513","0.10554929971198462","0.10554929971198462","0.10554929971198462"
"7515","0.10554929971198462","0.10554929971198462","0.10554929971198462"
"7521","0.10554929971198462","0.10554929971198462","0.10554929971198462"
"7524","0.10554929971198462","0.10554929971198462","0.10554929971198462"
"7539","0.10554929971198462","0.10554929971198462","0.10554929971198462"
"7540","0.10554929971198462","0.10554929971198462","0.10554929971198462"
"7548","0.10554929971198462","0.10554929971198462","0.10554929971198462"
"7559","0.10554929971198462","0.10554929971198462","0.10554929971198462"
"7560","0.10554929971198462","0.10554929971198462","0.10554929971198462"
"7567","0.10554929971198462","0.10554929971198462","0.10554929971198462"
"7568","0.10554929971198462","0.10554929971198462","0.10554929971198462"
"7575","0.10554929971198462","0.10554929971198462","0.10554929971198462"
"7576","0.10554929971198462","0.10554929971198462","0.10554929971198462"
"7579","0.10554929971198462","0.10554929971198462","0.10554929971198462"
"7588","0.10636132461137085","0.10636132461137085","0.10636132461137085"
"7592","0.10656610139935607","0.10656610139935607","0.10656610139935607"
"7601","0.10656610139935607","0.10656610139935607","0.10656610139935607"
"7607","0.10656610139935607","0.10656610139935607","0.10656610139935607"
"7609","0.10656610139935607","0.10656610139935607","0.10656610139935607"
"7614","0.10656610139935607","0.10656610139935607","0.10656610139935607"
"7615","0.10656610139935607","0.10656610139935607","0.10656610139935607"
"7622","0.10656610139935607","0.10656610139935607","0.10656610139935607"
"7639","0.10656610139935607","0.10656610139935607","0.10656610139935607"
"7640","0.10656610139935607","0.10656610139935607","0.10656610139935607"
"7642","0.10656610139935607","0.10656610139935607","0.10656610139935607"
"7645","0.10656610139935607","0.10656610139935607","0.10656610139935607"
"7651","0.10656610139935607","0.10656610139935607","0.10656610139935607"
"7653","0.10656610139935607","0.10656610139935607","0.10656610139935607"
"7657","0.10656610139935607","0.10656610139935607","0.10656610139935607"
"7660","0.10656610139935607","0.10656610139935607","0.10656610139935607"
"7662","0.10656610139935607","0.10656610139935607","0.10656610139935607"
"7668","0.10656610139935607","0.10656610139935607","0.10656610139935607"
"7671","0.10656610139935607","0.10656610139935607","0.10656610139935607"
"7675","0.10656610139935607","0.10656610139935607","0.10656610139935607"
"7687","0.10656610139935607","0.10656610139935607","0.10656610139935607"
"7709","0.1075826729257032","0.1075826729257032","0.1075826729257032"
"7711","0.1075826729257032","0.1075826729257032","0.1075826729257032"
"7714","0.1075826729257032","0.1075826729257032","0.1075826729257032"
"7718","0.1075826729257032","0.1075826729257032","0.1075826729257032"
"7723","0.1075826729257032","0.1075826729257032","0.1075826729257032"
"7732","0.1075826729257032","0.1075826729257032","0.1075826729257032"
"7740","0.1075826729257032","0.1075826729257032","0.1075826729257032"
"7756","0.1075826729257032","0.1075826729257032","0.1075826729257032"
"7761","0.1075826729257032","0.1075826729257032","0.1075826729257032"
"7762","0.1075826729257032","0.1075826729257032","0.1075826729257032"
"7777","0.1075826729257032","0.1075826729257032","0.1075826729257032"
"7795","0.1075826729257032","0.1075826729257032","0.1075826729257032"
"7800","0.1075826729257032","0.1075826729257032","0.1075826729257032"
"7803","0.1078897057287776","0.1078897057287776","0.1078897057287776"
"7810","0.10859437150751586","0.10859437150751586","0.10859437150751586"
"7811","0.10859437150751586","0.10859437150751586","0.10859437150751586"
"7815","0.10859437150751586","0.10859437150751586","0.10859437150751586"
"7825","0.10859437150751586","0.10859437150751586","0.10859437150751586"
"7834","0.10859437150751586","0.10859437150751586","0.10859437150751586"
"7838","0.10859437150751586","0.10859437150751586","0.10859437150751586"
"7839","0.10859437150751586","0.10859437150751586","0.10859437150751586"
"7844","0.10859437150751586","0.10859437150751586","0.10859437150751586"
"7849","0.10859437150751586","0.10859437150751586","0.10859437150751586"
"7851","0.10859437150751586","0.10859437150751586","0.10859437150751586"
"7856","0.10859437150751586","0.10859437150751586","0.10859437150751586"
"7859","0.10859437150751586","0.10859437150751586","0.10859437150751586"
"7864","0.10859437150751586","0.10859437150751586","0.10859437150751586"
"7868","0.10859437150751586","0.10859437150751586","0.10859437150751586"
"7872","0.10859437150751586","0.10859437150751586","0.10859437150751586"
"7875","0.10859437150751586","0.10859437150751586","0.10859437150751586"
"7884","0.10859437150751586","0.10859437150751586","0.10859437150751586"
"7886","0.10859437150751586","0.10859437150751586","0.10859437150751586"
"7895","0.10859437150751586","0.10859437150751586","0.10859437150751586"
"7899","0.10859437150751586","0.10859437150751586","0.10859437150751586"
"7902","0.10859437150751586","0.10859437150751586","0.10859437150751586"
"7905","0.10859437150751586","0.10859437150751586","0.10859437150751586"
"7909","0.10859437150751586","0.10859437150751586","0.10859437150751586"
"7913","0.10889901908384711","0.10889901908384711","0.10889901908384711"
"7918","0.10940826018730038","0.10940826018730038","0.10940826018730038"
"7940","0.10961285400070156","0.10961285400070156","0.10961285400070156"
"7942","0.10961285400070156","0.10961285400070156","0.10961285400070156"
"7946","0.10961285400070156","0.10961285400070156","0.10961285400070156"
"7954","0.10961285400070156","0.10961285400070156","0.10961285400070156"
"7955","0.10961285400070156","0.10961285400070156","0.10961285400070156"
"7963","0.10961285400070156","0.10961285400070156","0.10961285400070156"
"7968","0.10961285400070156","0.10961285400070156","0.10961285400070156"
"7973","0.10961285400070156","0.10961285400070156","0.10961285400070156"
"7974","0.10961285400070156","0.10961285400070156","0.10961285400070156"
"7993","0.10961285400070156","0.10961285400070156","0.10961285400070156"
"7995","0.10961285400070156","0.10961285400070156","0.10961285400070156"
"8005","0.10961285400070156","0.10961285400070156","0.10961285400070156"
"8009","0.10961285400070156","0.10961285400070156","0.10961285400070156"
"8019","0.10961285400070156","0.10961285400070156","0.10961285400070156"
"8037","0.11062879358910828","0.11062879358910828","0.11062879358910828"
"8051","0.11062879358910828","0.11062879358910828","0.11062879358910828"
"8053","0.11062879358910828","0.11062879358910828","0.11062879358910828"
"8056","0.11062879358910828","0.11062879358910828","0.11062879358910828"
"8060","0.11062879358910828","0.11062879358910828","0.11062879358910828"
"8065","0.11062879358910828","0.11062879358910828","0.11062879358910828"
"8067","0.11062879358910828","0.11062879358910828","0.11062879358910828"
"8074","0.11062879358910828","0.11062879358910828","0.11062879358910828"
"8082","0.11062879358910828","0.11062879358910828","0.11062879358910828"
"8089","0.11062879358910828","0.11062879358910828","0.11062879358910828"
"8091","0.11062879358910828","0.11062879358910828","0.11062879358910828"
"8093","0.11062879358910828","0.11062879358910828","0.11062879358910828"
"8096","0.11062879358910828","0.11062879358910828","0.11062879358910828"
"8097","0.11062879358910828","0.11062879358910828","0.11062879358910828"
"8102","0.11062879358910828","0.11062879358910828","0.11062879358910828"
"8107","0.11062879358910828","0.11062879358910828","0.11062879358910828"
"8109","0.11062879358910828","0.11062879358910828","0.11062879358910828"
"8113","0.11062879358910828","0.11062879358910828","0.11062879358910828"
"8130","0.11062879358910828","0.11062879358910828","0.11062879358910828"
"8134","0.11103332105114294","0.11103332105114294","0.11103332105114294"
"8136","0.11123780606782677","0.11123780606782677","0.11123780606782677"
"8137","0.11134004845155236","0.11134004845155236","0.11134004845155236"
"8140","0.1116445327921117","0.1116445327921117","0.1116445327921117"
"8144","0.1116445327921117","0.1116445327921117","0.1116445327921117"
"8148","0.1116445327921117","0.1116445327921117","0.1116445327921117"
"8149","0.1116445327921117","0.1116445327921117","0.1116445327921117"
"8152","0.1116445327921117","0.1116445327921117","0.1116445327921117"
"8153","0.1116445327921117","0.1116445327921117","0.1116445327921117"
"8154","0.1116445327921117","0.1116445327921117","0.1116445327921117"
"8167","0.1116445327921117","0.1116445327921117","0.1116445327921117"
"8176","0.1116445327921117","0.1116445327921117","0.1116445327921117"
"8187","0.1116445327921117","0.1116445327921117","0.1116445327921117"
"8190","0.1116445327921117","0.1116445327921117","0.1116445327921117"
"8198","0.1116445327921117","0.1116445327921117","0.1116445327921117"
"8199","0.1116445327921117","0.1116445327921117","0.1116445327921117"
"8203","0.1116445327921117","0.1116445327921117","0.1116445327921117"
"8205","0.1116445327921117","0.1116445327921117","0.1116445327921117"
"8207","0.1116445327921117","0.1116445327921117","0.1116445327921117"
"8210","0.1116445327921117","0.1116445327921117","0.1116445327921117"
"8224","0.1116445327921117","0.1116445327921117","0.1116445327921117"
"8232","0.1116445327921117","0.1116445327921117","0.1116445327921117"
"8236","0.1116445327921117","0.1116445327921117","0.1116445327921117"
"8241","0.11174675005641102","0.11174675005641102","0.11174675005641102"
"8260","0.11266225108051152","0.11266225108051152","0.11266225108051152"
"8261","0.11266225108051152","0.11266225108051152","0.11266225108051152"
"8267","0.11266225108051152","0.11266225108051152","0.11266225108051152"
"8270","0.11266225108051152","0.11266225108051152","0.11266225108051152"
"8271","0.11266225108051152","0.11266225108051152","0.11266225108051152"
"8283","0.11266225108051152","0.11266225108051152","0.11266225108051152"
"8285","0.11266225108051152","0.11266225108051152","0.11266225108051152"
"8288","0.11266225108051152","0.11266225108051152","0.11266225108051152"
"8290","0.11266225108051152","0.11266225108051152","0.11266225108051152"
"8295","0.11266225108051152","0.11266225108051152","0.11266225108051152"
"8308","0.11266225108051152","0.11266225108051152","0.11266225108051152"
"8312","0.11266225108051152","0.11266225108051152","0.11266225108051152"
"8319","0.11266225108051152","0.11266225108051152","0.11266225108051152"
"8331","0.11266225108051152","0.11266225108051152","0.11266225108051152"
"8332","0.11266225108051152","0.11266225108051152","0.11266225108051152"
"8335","0.11266225108051152","0.11266225108051152","0.11266225108051152"
"8337","0.11266225108051152","0.11266225108051152","0.11266225108051152"
"8340","0.11266225108051152","0.11266225108051152","0.11266225108051152"
"8344","0.11266225108051152","0.11266225108051152","0.11266225108051152"
"8355","0.1131731777504971","0.1131731777504971","0.1131731777504971"
"8373","0.11368401400278155","0.11368401400278155","0.11368401400278155"
"8378","0.11368401400278155","0.11368401400278155","0.11368401400278155"
"8391","0.11368401400278155","0.11368401400278155","0.11368401400278155"
"8394","0.11368401400278155","0.11368401400278155","0.11368401400278155"
"8399","0.11368401400278155","0.11368401400278155","0.11368401400278155"
"8414","0.11368401400278155","0.11368401400278155","0.11368401400278155"
"8419","0.11368401400278155","0.11368401400278155","0.11368401400278155"
"8423","0.11368401400278155","0.11368401400278155","0.11368401400278155"
"8424","0.11368401400278155","0.11368401400278155","0.11368401400278155"
"8425","0.11368401400278155","0.11368401400278155","0.11368401400278155"
"8426","0.11368401400278155","0.11368401400278155","0.11368401400278155"
"8434","0.11368401400278155","0.11368401400278155","0.11368401400278155"
"8435","0.11368401400278155","0.11368401400278155","0.11368401400278155"
"8449","0.11368401400278155","0.11368401400278155","0.11368401400278155"
"8458","0.11368401400278155","0.11368401400278155","0.11368401400278155"
"8462","0.1138861691468988","0.1138861691468988","0.1138861691468988"
"8468","0.11449476061319032","0.11449476061319032","0.11449476061319032"
"8475","0.11469901538310588","0.11469901538310588","0.11469901538310588"
"8476","0.11469901538310588","0.11469901538310588","0.11469901538310588"
"8486","0.11469901538310588","0.11469901538310588","0.11469901538310588"
"8493","0.11469901538310588","0.11469901538310588","0.11469901538310588"
"8506","0.11469901538310588","0.11469901538310588","0.11469901538310588"
"8510","0.11469901538310588","0.11469901538310588","0.11469901538310588"
"8511","0.11469901538310588","0.11469901538310588","0.11469901538310588"
"8516","0.11469901538310588","0.11469901538310588","0.11469901538310588"
"8529","0.11469901538310588","0.11469901538310588","0.11469901538310588"
"8533","0.11469901538310588","0.11469901538310588","0.11469901538310588"
"8545","0.11469901538310588","0.11469901538310588","0.11469901538310588"
"8548","0.11469901538310588","0.11469901538310588","0.11469901538310588"
"8552","0.11469901538310588","0.11469901538310588","0.11469901538310588"
"8570","0.11469901538310588","0.11469901538310588","0.11469901538310588"
"8580","0.11571171906987265","0.11571171906987265","0.11571171906987265"
"8585","0.11571171906987265","0.11571171906987265","0.11571171906987265"
"8590","0.11571171906987265","0.11571171906987265","0.11571171906987265"
"8591","0.11571171906987265","0.11571171906987265","0.11571171906987265"
"8592","0.11571171906987265","0.11571171906987265","0.11571171906987265"
"8611","0.11571171906987265","0.11571171906987265","0.11571171906987265"
"8620","0.11571171906987265","0.11571171906987265","0.11571171906987265"
"8622","0.11571171906987265","0.11571171906987265","0.11571171906987265"
"8623","0.11571171906987265","0.11571171906987265","0.11571171906987265"
"8633","0.11571171906987265","0.11571171906987265","0.11571171906987265"
"8662","0.11571171906987265","0.11571171906987265","0.11571171906987265"
"8667","0.11571171906987265","0.11571171906987265","0.11571171906987265"
"8670","0.11571171906987265","0.11571171906987265","0.11571171906987265"
"8677","0.11571171906987265","0.11571171906987265","0.11571171906987265"
"8685","0.11621801817956073","0.11621801817956073","0.11621801817956073"
"8688","0.11652428252909887","0.11652428252909887","0.11652428252909887"
"8692","0.11672636302317509","0.11672636302317509","0.11672636302317509"
"8715","0.11672636302317509","0.11672636302317509","0.11672636302317509"
"8723","0.11672636302317509","0.11672636302317509","0.11672636302317509"
"8724","0.11672636302317509","0.11672636302317509","0.11672636302317509"
"8725","0.11672636302317509","0.11672636302317509","0.11672636302317509"
"8728","0.11672636302317509","0.11672636302317509","0.11672636302317509"
"8737","0.11672636302317509","0.11672636302317509","0.11672636302317509"
"8753","0.11672636302317509","0.11672636302317509","0.11672636302317509"
"8764","0.11672636302317509","0.11672636302317509","0.11672636302317509"
"8779","0.11672636302317509","0.11672636302317509","0.11672636302317509"
"8784","0.11672636302317509","0.11672636302317509","0.11672636302317509"
"8785","0.11672636302317509","0.11672636302317509","0.11672636302317509"
"8792","0.11692843964100177","0.11692843964100177","0.11692843964100177"
"8815","0.11774286984619084","0.11774286984619084","0.11774286984619084"
"8817","0.11774286984619084","0.11774286984619084","0.11774286984619084"
"8825","0.11774286984619084","0.11774286984619084","0.11774286984619084"
"8826","0.11774286984619084","0.11774286984619084","0.11774286984619084"
"8835","0.11774286984619084","0.11774286984619084","0.11774286984619084"
"8844","0.11774286984619084","0.11774286984619084","0.11774286984619084"
"8847","0.11774286984619084","0.11774286984619084","0.11774286984619084"
"8857","0.11774286984619084","0.11774286984619084","0.11774286984619084"
"8862","0.11774286984619084","0.11774286984619084","0.11774286984619084"
"8864","0.11774286984619084","0.11774286984619084","0.11774286984619084"
"8870","0.11774286984619084","0.11774286984619084","0.11774286984619084"
"8872","0.11774286984619084","0.11774286984619084","0.11774286984619084"
"8874","0.11774286984619084","0.11774286984619084","0.11774286984619084"
"8879","0.11774286984619084","0.11774286984619084","0.11774286984619084"
"8882","0.11774286984619084","0.11774286984619084","0.11774286984619084"
"8887","0.11774286984619084","0.11774286984619084","0.11774286984619084"
"8896","0.11774286984619084","0.11774286984619084","0.11774286984619084"
"8907","0.11845306486189314","0.11845306486189314","0.11845306486189314"
"8917","0.11875913756358478","0.11875913756358478","0.11875913756358478"
"8924","0.11875913756358478","0.11875913756358478","0.11875913756358478"
"8929","0.11875913756358478","0.11875913756358478","0.11875913756358478"
"8944","0.11875913756358478","0.11875913756358478","0.11875913756358478"
"8946","0.11875913756358478","0.11875913756358478","0.11875913756358478"
"8948","0.11875913756358478","0.11875913756358478","0.11875913756358478"
"8954","0.11875913756358478","0.11875913756358478","0.11875913756358478"
"8968","0.11875913756358478","0.11875913756358478","0.11875913756358478"
"8972","0.11875913756358478","0.11875913756358478","0.11875913756358478"
"8976","0.11875913756358478","0.11875913756358478","0.11875913756358478"
"8982","0.11875913756358478","0.11875913756358478","0.11875913756358478"
"8983","0.11875913756358478","0.11875913756358478","0.11875913756358478"
"8984","0.11875913756358478","0.11875913756358478","0.11875913756358478"
"8998","0.11875913756358478","0.11875913756358478","0.11875913756358478"
"9012","0.11896116457982714","0.11896116457982714","0.11896116457982714"
"9019","0.11966918574143025","0.11966918574143025","0.11966918574143025"
"9023","0.11976919570379192","0.11976919570379192","0.11976919570379192"
"9026","0.11976919570379192","0.11976919570379192","0.11976919570379192"
"9028","0.11976919570379192","0.11976919570379192","0.11976919570379192"
"9031","0.11976919570379192","0.11976919570379192","0.11976919570379192"
"9032","0.11976919570379192","0.11976919570379192","0.11976919570379192"
"9060","0.11976919570379192","0.11976919570379192","0.11976919570379192"
"9062","0.11976919570379192","0.11976919570379192","0.11976919570379192"
"9065","0.11976919570379192","0.11976919570379192","0.11976919570379192"
"9069","0.11976919570379192","0.11976919570379192","0.11976919570379192"
"9086","0.11976919570379192","0.11976919570379192","0.11976919570379192"
"9096","0.11976919570379192","0.11976919570379192","0.11976919570379192"
"9103","0.11976919570379192","0.11976919570379192","0.11976919570379192"
"9104","0.11976919570379192","0.11976919570379192","0.11976919570379192"
"9142","0.12078310205043817","0.12078310205043817","0.12078310205043817"
"9143","0.12078310205043817","0.12078310205043817","0.12078310205043817"
"9144","0.12078310205043817","0.12078310205043817","0.12078310205043817"
"9156","0.12078310205043817","0.12078310205043817","0.12078310205043817"
"9163","0.12078310205043817","0.12078310205043817","0.12078310205043817"
"9167","0.12078310205043817","0.12078310205043817","0.12078310205043817"
"9168","0.12078310205043817","0.12078310205043817","0.12078310205043817"
"9177","0.12078310205043817","0.12078310205043817","0.12078310205043817"
"9178","0.12078310205043817","0.12078310205043817","0.12078310205043817"
"9189","0.12078310205043817","0.12078310205043817","0.12078310205043817"
"9190","0.12078310205043817","0.12078310205043817","0.12078310205043817"
"9191","0.12078310205043817","0.12078310205043817","0.12078310205043817"
"9194","0.12078310205043817","0.12078310205043817","0.12078310205043817"
"9198","0.12078310205043817","0.12078310205043817","0.12078310205043817"
"9211","0.12078310205043817","0.12078310205043817","0.12078310205043817"
"9212","0.12078310205043817","0.12078310205043817","0.12078310205043817"
"9214","0.12078310205043817","0.12078310205043817","0.12078310205043817"
"9223","0.12078310205043817","0.12078310205043817","0.12078310205043817"
"9244","0.12180268241073187","0.12180268241073187","0.12180268241073187"
"9246","0.12180268241073187","0.12180268241073187","0.12180268241073187"
"9248","0.12180268241073187","0.12180268241073187","0.12180268241073187"
"9277","0.12180268241073187","0.12180268241073187","0.12180268241073187"
"9290","0.12180268241073187","0.12180268241073187","0.12180268241073187"
"9299","0.12180268241073187","0.12180268241073187","0.12180268241073187"
"9300","0.12180268241073187","0.12180268241073187","0.12180268241073187"
"9304","0.12180268241073187","0.12180268241073187","0.12180268241073187"
"9305","0.12180268241073187","0.12180268241073187","0.12180268241073187"
"9310","0.12180268241073187","0.12180268241073187","0.12180268241073187"
"9316","0.12180268241073187","0.12180268241073187","0.12180268241073187"
"9332","0.12180268241073187","0.12180268241073187","0.12180268241073187"
"9333","0.12180268241073187","0.12180268241073187","0.12180268241073187"
"9337","0.12180268241073187","0.12180268241073187","0.12180268241073187"
"9338","0.12180268241073187","0.12180268241073187","0.12180268241073187"
"9339","0.12180268241073187","0.12180268241073187","0.12180268241073187"
"9340","0.12180268241073187","0.12180268241073187","0.12180268241073187"
"9341","0.12190462135247665","0.12190462135247665","0.12190462135247665"
"9344","0.12220848893643364","0.12220848893643364","0.12220848893643364"
"9347","0.1225104268848072","0.1225104268848072","0.1225104268848072"
"9349","0.12271426470472914","0.12271426470472914","0.12271426470472914"
"9353","0.12281618317032897","0.12281618317032897","0.12281618317032897"
"9367","0.12281618317032897","0.12281618317032897","0.12281618317032897"
"9376","0.12281618317032897","0.12281618317032897","0.12281618317032897"
"9380","0.12281618317032897","0.12281618317032897","0.12281618317032897"
"9382","0.12281618317032897","0.12281618317032897","0.12281618317032897"
"9391","0.12281618317032897","0.12281618317032897","0.12281618317032897"
"9395","0.12281618317032897","0.12281618317032897","0.12281618317032897"
"9398","0.12281618317032897","0.12281618317032897","0.12281618317032897"
"9400","0.12281618317032897","0.12281618317032897","0.12281618317032897"
"9401","0.12281618317032897","0.12281618317032897","0.12281618317032897"
"9424","0.12281618317032897","0.12281618317032897","0.12281618317032897"
"9428","0.12281618317032897","0.12281618317032897","0.12281618317032897"
"9435","0.12281618317032897","0.12281618317032897","0.12281618317032897"
"9439","0.12281618317032897","0.12281618317032897","0.12281618317032897"
"9445","0.12281618317032897","0.12281618317032897","0.12281618317032897"
"9448","0.12281618317032897","0.12281618317032897","0.12281618317032897"
"9450","0.12281618317032897","0.12281618317032897","0.12281618317032897"
"9457","0.12352382334890608","0.12352382334890608","0.12352382334890608"
"9466","0.12382951825697876","0.12382951825697876","0.12382951825697876"
"9468","0.12382951825697876","0.12382951825697876","0.12382951825697876"
"9471","0.12382951825697876","0.12382951825697876","0.12382951825697876"
"9474","0.12382951825697876","0.12382951825697876","0.12382951825697876"
"9485","0.12382951825697876","0.12382951825697876","0.12382951825697876"
"9486","0.12382951825697876","0.12382951825697876","0.12382951825697876"
"9491","0.12382951825697876","0.12382951825697876","0.12382951825697876"
"9503","0.12382951825697876","0.12382951825697876","0.12382951825697876"
"9533","0.12382951825697876","0.12382951825697876","0.12382951825697876"
"9536","0.12382951825697876","0.12382951825697876","0.12382951825697876"
"9543","0.12382951825697876","0.12382951825697876","0.12382951825697876"
"9555","0.12382951825697876","0.12382951825697876","0.12382951825697876"
"9557","0.12382951825697876","0.12382951825697876","0.12382951825697876"
"9559","0.12382951825697876","0.12382951825697876","0.12382951825697876"
"9562","0.12402952722120547","0.12402952722120547","0.12402952722120547"
"9570","0.12483988158127123","0.12483988158127123","0.12483988158127123"
"9572","0.12483988158127123","0.12483988158127123","0.12483988158127123"
"9573","0.12483988158127123","0.12483988158127123","0.12483988158127123"
"9587","0.12483988158127123","0.12483988158127123","0.12483988158127123"
"9590","0.12483988158127123","0.12483988158127123","0.12483988158127123"
"9606","0.12483988158127123","0.12483988158127123","0.12483988158127123"
"9607","0.12483988158127123","0.12483988158127123","0.12483988158127123"
"9608","0.12483988158127123","0.12483988158127123","0.12483988158127123"
"9613","0.12483988158127123","0.12483988158127123","0.12483988158127123"
"9617","0.12483988158127123","0.12483988158127123","0.12483988158127123"
"9622","0.12483988158127123","0.12483988158127123","0.12483988158127123"
"9634","0.12483988158127123","0.12483988158127123","0.12483988158127123"
"9636","0.12483988158127123","0.12483988158127123","0.12483988158127123"
"9638","0.12483988158127123","0.12483988158127123","0.12483988158127123"
"9646","0.12483988158127123","0.12483988158127123","0.12483988158127123"
"9649","0.12483988158127123","0.12483988158127123","0.12483988158127123"
"9650","0.12483988158127123","0.12483988158127123","0.12483988158127123"
"9662","0.12483988158127123","0.12483988158127123","0.12483988158127123"
"9663","0.12483988158127123","0.12483988158127123","0.12483988158127123"
"9669","0.12483988158127123","0.12483988158127123","0.12483988158127123"
"9678","0.1256510828450914","0.1256510828450914","0.1256510828450914"
"9682","0.12585477926246397","0.12585477926246397","0.12585477926246397"
"9685","0.12585477926246397","0.12585477926246397","0.12585477926246397"
"9689","0.12585477926246397","0.12585477926246397","0.12585477926246397"
"9695","0.12585477926246397","0.12585477926246397","0.12585477926246397"
"9697","0.12585477926246397","0.12585477926246397","0.12585477926246397"
"9706","0.12585477926246397","0.12585477926246397","0.12585477926246397"
"9712","0.12585477926246397","0.12585477926246397","0.12585477926246397"
"9714","0.12585477926246397","0.12585477926246397","0.12585477926246397"
"9741","0.12585477926246397","0.12585477926246397","0.12585477926246397"
"9744","0.12585477926246397","0.12585477926246397","0.12585477926246397"
"9752","0.12585477926246397","0.12585477926246397","0.12585477926246397"
"9753","0.12585477926246397","0.12585477926246397","0.12585477926246397"
"9755","0.12585477926246397","0.12585477926246397","0.12585477926246397"
"9761","0.12585477926246397","0.12585477926246397","0.12585477926246397"
"9765","0.12585477926246397","0.12585477926246397","0.12585477926246397"
"9773","0.12585477926246397","0.12585477926246397","0.12585477926246397"
"9789","0.12676947192984056","0.12676947192984056","0.12676947192984056"
"9790","0.12686948021357505","0.12686948021357505","0.12686948021357505"
"9801","0.12686948021357505","0.12686948021357505","0.12686948021357505"
"9819","0.12686948021357505","0.12686948021357505","0.12686948021357505"
"9827","0.12686948021357505","0.12686948021357505","0.12686948021357505"
"9837","0.12686948021357505","0.12686948021357505","0.12686948021357505"
"9848","0.12686948021357505","0.12686948021357505","0.12686948021357505"
"9853","0.12686948021357505","0.12686948021357505","0.12686948021357505"
"9870","0.12686948021357505","0.12686948021357505","0.12686948021357505"
"9882","0.12686948021357505","0.12686948021357505","0.12686948021357505"
"9884","0.12686948021357505","0.12686948021357505","0.12686948021357505"
"9885","0.12686948021357505","0.12686948021357505","0.12686948021357505"
"9901","0.12788216315095413","0.12788216315095413","0.12788216315095413"
"9902","0.12788216315095413","0.12788216315095413","0.12788216315095413"
"9904","0.12788216315095413","0.12788216315095413","0.12788216315095413"
"9906","0.12788216315095413","0.12788216315095413","0.12788216315095413"
"9907","0.12788216315095413","0.12788216315095413","0.12788216315095413"
"9910","0.12788216315095413","0.12788216315095413","0.12788216315095413"
"9919","0.12788216315095413","0.12788216315095413","0.12788216315095413"
"9920","0.12788216315095413","0.12788216315095413","0.12788216315095413"
"9934","0.12788216315095413","0.12788216315095413","0.12788216315095413"
"9942","0.12788216315095413","0.12788216315095413","0.12788216315095413"
"9955","0.12788216315095413","0.12788216315095413","0.12788216315095413"
"9959","0.12788216315095413","0.12788216315095413","0.12788216315095413"
"9966","0.12788216315095413","0.12788216315095413","0.12788216315095413"
"9970","0.12788216315095413","0.12788216315095413","0.12788216315095413"
"9984","0.12788216315095413","0.12788216315095413","0.12788216315095413"
"9994","0.12788216315095413","0.12788216315095413","0.12788216315095413"
"10004","0.12828756387975798","0.12828756387975798","0.12828756387975798"
"10008","0.1286929210770665","0.1286929210770665","0.1286929210770665"
"10018","0.12889470343383042","0.12889470343383042","0.12889470343383042"
"10021","0.12889470343383042","0.12889470343383042","0.12889470343383042"
"10024","0.12889470343383042","0.12889470343383042","0.12889470343383042"
"10027","0.12889470343383042","0.12889470343383042","0.12889470343383042"
"10030","0.12889470343383042","0.12889470343383042","0.12889470343383042"
"10039","0.12889470343383042","0.12889470343383042","0.12889470343383042"
"10045","0.12889470343383042","0.12889470343383042","0.12889470343383042"
"10048","0.12889470343383042","0.12889470343383042","0.12889470343383042"
"10049","0.12889470343383042","0.12889470343383042","0.12889470343383042"
"10054","0.12889470343383042","0.12889470343383042","0.12889470343383042"
"10068","0.12889470343383042","0.12889470343383042","0.12889470343383042"
"10070","0.12889470343383042","0.12889470343383042","0.12889470343383042"
"10072","0.12889470343383042","0.12889470343383042","0.12889470343383042"
"10073","0.12889470343383042","0.12889470343383042","0.12889470343383042"
"10076","0.12889470343383042","0.12889470343383042","0.12889470343383042"
"10078","0.12889470343383042","0.12889470343383042","0.12889470343383042"
"10085","0.12889470343383042","0.12889470343383042","0.12889470343383042"
"10087","0.12889470343383042","0.12889470343383042","0.12889470343383042"
"10088","0.12889470343383042","0.12889470343383042","0.12889470343383042"
"10090","0.12889470343383042","0.12889470343383042","0.12889470343383042"
"10092","0.12889470343383042","0.12889470343383042","0.12889470343383042"
"10098","0.12889470343383042","0.12889470343383042","0.12889470343383042"
"10105","0.12889470343383042","0.12889470343383042","0.12889470343383042"
"10106","0.12889470343383042","0.12889470343383042","0.12889470343383042"
"10107","0.12889470343383042","0.12889470343383042","0.12889470343383042"
"10113","0.12919825897429232","0.12919825897429232","0.12919825897429232"
"10130","0.1299053418304239","0.1299053418304239","0.1299053418304239"
"10141","0.1299053418304239","0.1299053418304239","0.1299053418304239"
"10143","0.1299053418304239","0.1299053418304239","0.1299053418304239"
"10153","0.1299053418304239","0.1299053418304239","0.1299053418304239"
"10154","0.1299053418304239","0.1299053418304239","0.1299053418304239"
"10157","0.1299053418304239","0.1299053418304239","0.1299053418304239"
"10159","0.1299053418304239","0.1299053418304239","0.1299053418304239"
"10160","0.1299053418304239","0.1299053418304239","0.1299053418304239"
"10164","0.1299053418304239","0.1299053418304239","0.1299053418304239"
"10167","0.1299053418304239","0.1299053418304239","0.1299053418304239"
"10171","0.1299053418304239","0.1299053418304239","0.1299053418304239"
"10185","0.1299053418304239","0.1299053418304239","0.1299053418304239"
"10201","0.1299053418304239","0.1299053418304239","0.1299053418304239"
"10207","0.1299053418304239","0.1299053418304239","0.1299053418304239"
"10210","0.1299053418304239","0.1299053418304239","0.1299053418304239"
"10213","0.1299053418304239","0.1299053418304239","0.1299053418304239"
"10229","0.13081411852152042","0.13081411852152042","0.13081411852152042"
"10233","0.13091585745827575","0.13091585745827575","0.13091585745827575"
"10235","0.13091585745827575","0.13091585745827575","0.13091585745827575"
"10238","0.13091585745827575","0.13091585745827575","0.13091585745827575"
"10248","0.13091585745827575","0.13091585745827575","0.13091585745827575"
"10249","0.13091585745827575","0.13091585745827575","0.13091585745827575"
"10259","0.13091585745827575","0.13091585745827575","0.13091585745827575"
"10265","0.13091585745827575","0.13091585745827575","0.13091585745827575"
"10269","0.13091585745827575","0.13091585745827575","0.13091585745827575"
"10270","0.13091585745827575","0.13091585745827575","0.13091585745827575"
"10281","0.13091585745827575","0.13091585745827575","0.13091585745827575"
"10286","0.13091585745827575","0.13091585745827575","0.13091585745827575"
"10290","0.13091585745827575","0.13091585745827575","0.13091585745827575"
"10291","0.13091585745827575","0.13091585745827575","0.13091585745827575"
"10296","0.13091585745827575","0.13091585745827575","0.13091585745827575"
"10301","0.13091585745827575","0.13091585745827575","0.13091585745827575"
"10304","0.13091585745827575","0.13091585745827575","0.13091585745827575"
"10318","0.13091585745827575","0.13091585745827575","0.13091585745827575"
"10320","0.13091585745827575","0.13091585745827575","0.13091585745827575"
"10326","0.13091585745827575","0.13091585745827575","0.13091585745827575"
"10330","0.13091585745827575","0.13091585745827575","0.13091585745827575"
"10331","0.13101760100575188","0.13101760100575188","0.13101760100575188"
"10333","0.13122107939095232","0.13122107939095232","0.13122107939095232"
"10335","0.13142281424055272","0.13142281424055272","0.13142281424055272"
"10337","0.13162627513843989","0.13162627513843989","0.13162627513843989"
"10352","0.13192800129063884","0.13192800129063884","0.13192800129063884"
"10354","0.13192800129063884","0.13192800129063884","0.13192800129063884"
"10358","0.13192800129063884","0.13192800129063884","0.13192800129063884"
"10369","0.13192800129063884","0.13192800129063884","0.13192800129063884"
"10373","0.13192800129063884","0.13192800129063884","0.13192800129063884"
"10381","0.13192800129063884","0.13192800129063884","0.13192800129063884"
"10390","0.13192800129063884","0.13192800129063884","0.13192800129063884"
"10395","0.13192800129063884","0.13192800129063884","0.13192800129063884"
"10399","0.13192800129063884","0.13192800129063884","0.13192800129063884"
"10402","0.13192800129063884","0.13192800129063884","0.13192800129063884"
"10403","0.13192800129063884","0.13192800129063884","0.13192800129063884"
"10413","0.13192800129063884","0.13192800129063884","0.13192800129063884"
"10414","0.13192800129063884","0.13192800129063884","0.13192800129063884"
"10433","0.13192800129063884","0.13192800129063884","0.13192800129063884"
"10437","0.13192800129063884","0.13192800129063884","0.13192800129063884"
"10443","0.13223316236158345","0.13223316236158345","0.13223316236158345"
"10446","0.13253659606093615","0.13253659606093615","0.13253659606093615"
"10454","0.13294001106173742","0.13294001106173742","0.13294001106173742"
"10459","0.13294001106173742","0.13294001106173742","0.13294001106173742"
"10470","0.13294001106173742","0.13294001106173742","0.13294001106173742"
"10476","0.13294001106173742","0.13294001106173742","0.13294001106173742"
"10513","0.13294001106173742","0.13294001106173742","0.13294001106173742"
"10515","0.13294001106173742","0.13294001106173742","0.13294001106173742"
"10518","0.13294001106173742","0.13294001106173742","0.13294001106173742"
"10525","0.13294001106173742","0.13294001106173742","0.13294001106173742"
"10526","0.13294001106173742","0.13294001106173742","0.13294001106173742"
"10528","0.13294001106173742","0.13294001106173742","0.13294001106173742"
"10532","0.13294001106173742","0.13294001106173742","0.13294001106173742"
"10535","0.13294001106173742","0.13294001106173742","0.13294001106173742"
"10542","0.13294001106173742","0.13294001106173742","0.13294001106173742"
"10543","0.13294001106173742","0.13294001106173742","0.13294001106173742"
"10556","0.13354849188697554","0.13354849188697554","0.13354849188697554"
"10565","0.1339552319560585","0.1339552319560585","0.1339552319560585"
"10573","0.1339552319560585","0.1339552319560585","0.1339552319560585"
"10578","0.1339552319560585","0.1339552319560585","0.1339552319560585"
"10582","0.1339552319560585","0.1339552319560585","0.1339552319560585"
"10589","0.1339552319560585","0.1339552319560585","0.1339552319560585"
"10607","0.1339552319560585","0.1339552319560585","0.1339552319560585"
"10628","0.1339552319560585","0.1339552319560585","0.1339552319560585"
"10633","0.1339552319560585","0.1339552319560585","0.1339552319560585"
"10636","0.1339552319560585","0.1339552319560585","0.1339552319560585"
"10641","0.1339552319560585","0.1339552319560585","0.1339552319560585"
"10662","0.1341585853402331","0.1341585853402331","0.1341585853402331"
"10663","0.13426025789380272","0.13426025789380272","0.13426025789380272"
"10667","0.134661934625913","0.134661934625913","0.134661934625913"
"10674","0.13496526596275232","0.13496526596275232","0.13496526596275232"
"10678","0.13496526596275232","0.13496526596275232","0.13496526596275232"
"10689","0.13496526596275232","0.13496526596275232","0.13496526596275232"
"10698","0.13496526596275232","0.13496526596275232","0.13496526596275232"
"10709","0.13496526596275232","0.13496526596275232","0.13496526596275232"
"10727","0.13496526596275232","0.13496526596275232","0.13496526596275232"
"10731","0.13496526596275232","0.13496526596275232","0.13496526596275232"
"10733","0.13496526596275232","0.13496526596275232","0.13496526596275232"
"10740","0.13496526596275232","0.13496526596275232","0.13496526596275232"
"10744","0.13496526596275232","0.13496526596275232","0.13496526596275232"
"10752","0.13496526596275232","0.13496526596275232","0.13496526596275232"
"10755","0.13496526596275232","0.13496526596275232","0.13496526596275232"
"10758","0.13496526596275232","0.13496526596275232","0.13496526596275232"
"10759","0.13496526596275232","0.13496526596275232","0.13496526596275232"
"10764","0.13496526596275232","0.13496526596275232","0.13496526596275232"
"10765","0.13496526596275232","0.13496526596275232","0.13496526596275232"
"10771","0.1350669206953749","0.1350669206953749","0.1350669206953749"
"10774","0.1353718891409204","0.1353718891409204","0.1353718891409204"
"10778","0.1357784759653641","0.1357784759653641","0.1357784759653641"
"10780","0.13598175329351858","0.13598175329351858","0.13598175329351858"
"10786","0.13598175329351858","0.13598175329351858","0.13598175329351858"
"10808","0.13598175329351858","0.13598175329351858","0.13598175329351858"
"10813","0.13598175329351858","0.13598175329351858","0.13598175329351858"
"10814","0.13598175329351858","0.13598175329351858","0.13598175329351858"
"10815","0.13598175329351858","0.13598175329351858","0.13598175329351858"
"10824","0.13598175329351858","0.13598175329351858","0.13598175329351858"
"10825","0.13598175329351858","0.13598175329351858","0.13598175329351858"
"10828","0.13598175329351858","0.13598175329351858","0.13598175329351858"
"10829","0.13598175329351858","0.13598175329351858","0.13598175329351858"
"10834","0.13598175329351858","0.13598175329351858","0.13598175329351858"
"10843","0.13598175329351858","0.13598175329351858","0.13598175329351858"
"10848","0.13598175329351858","0.13598175329351858","0.13598175329351858"
"10865","0.13598175329351858","0.13598175329351858","0.13598175329351858"
"10875","0.13598175329351858","0.13598175329351858","0.13598175329351858"
"10882","0.136185019968954","0.136185019968954","0.136185019968954"
"10887","0.13669152159353257","0.13669152159353257","0.13669152159353257"
"10895","0.13699395207189946","0.13699395207189946","0.13699395207189946"
"10896","0.13699395207189946","0.13699395207189946","0.13699395207189946"
"10897","0.13699395207189946","0.13699395207189946","0.13699395207189946"
"10916","0.13699395207189946","0.13699395207189946","0.13699395207189946"
"10917","0.13699395207189946","0.13699395207189946","0.13699395207189946"
"10921","0.13699395207189946","0.13699395207189946","0.13699395207189946"
"10929","0.13699395207189946","0.13699395207189946","0.13699395207189946"
"10932","0.13699395207189946","0.13699395207189946","0.13699395207189946"
"10942","0.13699395207189946","0.13699395207189946","0.13699395207189946"
"10950","0.13699395207189946","0.13699395207189946","0.13699395207189946"
"10955","0.13699395207189946","0.13699395207189946","0.13699395207189946"
"10958","0.13699395207189946","0.13699395207189946","0.13699395207189946"
"10972","0.13699395207189946","0.13699395207189946","0.13699395207189946"
"10975","0.13699395207189946","0.13699395207189946","0.13699395207189946"
"10980","0.13699395207189946","0.13699395207189946","0.13699395207189946"
"10982","0.13699395207189946","0.13699395207189946","0.13699395207189946"
"10984","0.13699395207189946","0.13699395207189946","0.13699395207189946"
"10985","0.13699395207189946","0.13699395207189946","0.13699395207189946"
"10992","0.13719556373808864","0.13719556373808864","0.13719556373808864"
"11004","0.13800679531657498","0.13800679531657498","0.13800679531657498"
"11009","0.13800679531657498","0.13800679531657498","0.13800679531657498"
"11013","0.13800679531657498","0.13800679531657498","0.13800679531657498"
"11014","0.13800679531657498","0.13800679531657498","0.13800679531657498"
"11015","0.13800679531657498","0.13800679531657498","0.13800679531657498"
"11016","0.13800679531657498","0.13800679531657498","0.13800679531657498"
"11019","0.13800679531657498","0.13800679531657498","0.13800679531657498"
"11031","0.13800679531657498","0.13800679531657498","0.13800679531657498"
"11036","0.13800679531657498","0.13800679531657498","0.13800679531657498"
"11040","0.13800679531657498","0.13800679531657498","0.13800679531657498"
"11051","0.13800679531657498","0.13800679531657498","0.13800679531657498"
"11053","0.13800679531657498","0.13800679531657498","0.13800679531657498"
"11058","0.13800679531657498","0.13800679531657498","0.13800679531657498"
"11067","0.13800679531657498","0.13800679531657498","0.13800679531657498"
"11072","0.13800679531657498","0.13800679531657498","0.13800679531657498"
"11075","0.13800679531657498","0.13800679531657498","0.13800679531657498"
"11088","0.13800679531657498","0.13800679531657498","0.13800679531657498"
"11089","0.13800679531657498","0.13800679531657498","0.13800679531657498"
"11091","0.13800679531657498","0.13800679531657498","0.13800679531657498"
"11094","0.13800679531657498","0.13800679531657498","0.13800679531657498"
"11101","0.13810759590725574","0.13810759590725574","0.13810759590725574"
"11115","0.1390202649551861","0.1390202649551861","0.1390202649551861"
"11118","0.1390202649551861","0.1390202649551861","0.1390202649551861"
"11124","0.1390202649551861","0.1390202649551861","0.1390202649551861"
"11127","0.1390202649551861","0.1390202649551861","0.1390202649551861"
"11134","0.1390202649551861","0.1390202649551861","0.1390202649551861"
"11147","0.1390202649551861","0.1390202649551861","0.1390202649551861"
"11161","0.1390202649551861","0.1390202649551861","0.1390202649551861"
"11162","0.1390202649551861","0.1390202649551861","0.1390202649551861"
"11165","0.1390202649551861","0.1390202649551861","0.1390202649551861"
"11176","0.1390202649551861","0.1390202649551861","0.1390202649551861"
"11179","0.1390202649551861","0.1390202649551861","0.1390202649551861"
"11180","0.1390202649551861","0.1390202649551861","0.1390202649551861"
"11183","0.1390202649551861","0.1390202649551861","0.1390202649551861"
"11195","0.1390202649551861","0.1390202649551861","0.1390202649551861"
"11197","0.1390202649551861","0.1390202649551861","0.1390202649551861"
"11204","0.1390202649551861","0.1390202649551861","0.1390202649551861"
"11215","0.13952810323842546","0.13952810323842546","0.13952810323842546"
"11216","0.13962966342376795","0.13962966342376795","0.13962966342376795"
"11217","0.13972966947821114","0.13972966947821114","0.13972966947821114"
"11219","0.1399327763682787","0.1399327763682787","0.1399327763682787"
"11230","0.14003432914160271","0.14003432914160271","0.14003432914160271"
"11232","0.14003432914160271","0.14003432914160271","0.14003432914160271"
"11233","0.14003432914160271","0.14003432914160271","0.14003432914160271"
"11235","0.14003432914160271","0.14003432914160271","0.14003432914160271"
"11258","0.14003432914160271","0.14003432914160271","0.14003432914160271"
"11259","0.14003432914160271","0.14003432914160271","0.14003432914160271"
"11263","0.14003432914160271","0.14003432914160271","0.14003432914160271"
"11269","0.14003432914160271","0.14003432914160271","0.14003432914160271"
"11273","0.14003432914160271","0.14003432914160271","0.14003432914160271"
"11278","0.14003432914160271","0.14003432914160271","0.14003432914160271"
"11293","0.14003432914160271","0.14003432914160271","0.14003432914160271"
"11296","0.14003432914160271","0.14003432914160271","0.14003432914160271"
"11301","0.14003432914160271","0.14003432914160271","0.14003432914160271"
"11306","0.14003432914160271","0.14003432914160271","0.14003432914160271"
"11310","0.14003432914160271","0.14003432914160271","0.14003432914160271"
"11316","0.14003432914160271","0.14003432914160271","0.14003432914160271"
"11328","0.14084359434530452","0.14084359434530452","0.14084359434530452"
"11329","0.1409451300290531","0.1409451300290531","0.1409451300290531"
"11330","0.14104666329455853","0.14104666329455853","0.14104666329455853"
"11340","0.14104666329455853","0.14104666329455853","0.14104666329455853"
"11346","0.14104666329455853","0.14104666329455853","0.14104666329455853"
"11348","0.14104666329455853","0.14104666329455853","0.14104666329455853"
"11350","0.14104666329455853","0.14104666329455853","0.14104666329455853"
"11354","0.14104666329455853","0.14104666329455853","0.14104666329455853"
"11355","0.14104666329455853","0.14104666329455853","0.14104666329455853"
"11359","0.14104666329455853","0.14104666329455853","0.14104666329455853"
"11364","0.14104666329455853","0.14104666329455853","0.14104666329455853"
"11365","0.14104666329455853","0.14104666329455853","0.14104666329455853"
"11366","0.14104666329455853","0.14104666329455853","0.14104666329455853"
"11368","0.14104666329455853","0.14104666329455853","0.14104666329455853"
"11374","0.14104666329455853","0.14104666329455853","0.14104666329455853"
"11385","0.14104666329455853","0.14104666329455853","0.14104666329455853"
"11392","0.14104666329455853","0.14104666329455853","0.14104666329455853"
"11397","0.14104666329455853","0.14104666329455853","0.14104666329455853"
"11406","0.14104666329455853","0.14104666329455853","0.14104666329455853"
"11410","0.14104666329455853","0.14104666329455853","0.14104666329455853"
"11413","0.14104666329455853","0.14104666329455853","0.14104666329455853"
"11414","0.14104666329455853","0.14104666329455853","0.14104666329455853"
"11416","0.14104666329455853","0.14104666329455853","0.14104666329455853"
"11431","0.14114666914222213","0.14114666914222213","0.14114666914222213"
"11437","0.1417558124215274","0.1417558124215274","0.1417558124215274"
"11443","0.14206035480000614","0.14206035480000614","0.14206035480000614"
"11444","0.14206035480000614","0.14206035480000614","0.14206035480000614"
"11459","0.14206035480000614","0.14206035480000614","0.14206035480000614"
"11460","0.14206035480000614","0.14206035480000614","0.14206035480000614"
"11462","0.14206035480000614","0.14206035480000614","0.14206035480000614"
"11463","0.14206035480000614","0.14206035480000614","0.14206035480000614"
"11466","0.14206035480000614","0.14206035480000614","0.14206035480000614"
"11469","0.14206035480000614","0.14206035480000614","0.14206035480000614"
"11471","0.14206035480000614","0.14206035480000614","0.14206035480000614"
"11477","0.14206035480000614","0.14206035480000614","0.14206035480000614"
"11486","0.14206035480000614","0.14206035480000614","0.14206035480000614"
"11513","0.14206035480000614","0.14206035480000614","0.14206035480000614"
"11519","0.14206035480000614","0.14206035480000614","0.14206035480000614"
"11530","0.14206035480000614","0.14206035480000614","0.14206035480000614"
"11532","0.14206035480000614","0.14206035480000614","0.14206035480000614"
"11543","0.14236337123177653","0.14236337123177653","0.14236337123177653"
"11544","0.14246487592002724","0.14246487592002724","0.14246487592002724"
"11551","0.14307385499355485","0.14307385499355485","0.14307385499355485"
"11552","0.14307385499355485","0.14307385499355485","0.14307385499355485"
"11557","0.14307385499355485","0.14307385499355485","0.14307385499355485"
"11560","0.14307385499355485","0.14307385499355485","0.14307385499355485"
"11565","0.14307385499355485","0.14307385499355485","0.14307385499355485"
"11568","0.14307385499355485","0.14307385499355485","0.14307385499355485"
"11570","0.14307385499355485","0.14307385499355485","0.14307385499355485"
"11584","0.14307385499355485","0.14307385499355485","0.14307385499355485"
"11587","0.14307385499355485","0.14307385499355485","0.14307385499355485"
"11588","0.14307385499355485","0.14307385499355485","0.14307385499355485"
"11591","0.14307385499355485","0.14307385499355485","0.14307385499355485"
"11594","0.14307385499355485","0.14307385499355485","0.14307385499355485"
"11595","0.14307385499355485","0.14307385499355485","0.14307385499355485"
"11606","0.14307385499355485","0.14307385499355485","0.14307385499355485"
"11607","0.14307385499355485","0.14307385499355485","0.14307385499355485"
"11608","0.14307385499355485","0.14307385499355485","0.14307385499355485"
"11616","0.14307385499355485","0.14307385499355485","0.14307385499355485"
"11617","0.14307385499355485","0.14307385499355485","0.14307385499355485"
"11620","0.14307385499355485","0.14307385499355485","0.14307385499355485"
"11624","0.14307385499355485","0.14307385499355485","0.14307385499355485"
"11626","0.14307385499355485","0.14307385499355485","0.14307385499355485"
"11630","0.14307385499355485","0.14307385499355485","0.14307385499355485"
"11633","0.14307385499355485","0.14307385499355485","0.14307385499355485"
"11635","0.14307385499355485","0.14307385499355485","0.14307385499355485"
"11639","0.14307385499355485","0.14307385499355485","0.14307385499355485"
"11642","0.14307385499355485","0.14307385499355485","0.14307385499355485"
"11648","0.14307385499355485","0.14307385499355485","0.14307385499355485"
"11652","0.1432753488915465","0.1432753488915465","0.1432753488915465"
"11657","0.14377831872876157","0.14377831872876157","0.14377831872876157"
"11660","0.14408201535899393","0.14408201535899393","0.14408201535899393"
"11662","0.14408201535899393","0.14408201535899393","0.14408201535899393"
"11667","0.14408201535899393","0.14408201535899393","0.14408201535899393"
"11670","0.14408201535899393","0.14408201535899393","0.14408201535899393"
"11673","0.14408201535899393","0.14408201535899393","0.14408201535899393"
"11676","0.14408201535899393","0.14408201535899393","0.14408201535899393"
"11706","0.14408201535899393","0.14408201535899393","0.14408201535899393"
"11713","0.14408201535899393","0.14408201535899393","0.14408201535899393"
"11718","0.14408201535899393","0.14408201535899393","0.14408201535899393"
"11722","0.14408201535899393","0.14408201535899393","0.14408201535899393"
"11733","0.14408201535899393","0.14408201535899393","0.14408201535899393"
"11743","0.14408201535899393","0.14408201535899393","0.14408201535899393"
"11745","0.14408201535899393","0.14408201535899393","0.14408201535899393"
"11748","0.14408201535899393","0.14408201535899393","0.14408201535899393"
"11754","0.14408201535899393","0.14408201535899393","0.14408201535899393"
"11757","0.14408201535899393","0.14408201535899393","0.14408201535899393"
"11783","0.14509229535869028","0.14509229535869028","0.14509229535869028"
"11790","0.14509229535869028","0.14509229535869028","0.14509229535869028"
"11795","0.14509229535869028","0.14509229535869028","0.14509229535869028"
"11798","0.14509229535869028","0.14509229535869028","0.14509229535869028"
"11800","0.14509229535869028","0.14509229535869028","0.14509229535869028"
"11801","0.14509229535869028","0.14509229535869028","0.14509229535869028"
"11810","0.14509229535869028","0.14509229535869028","0.14509229535869028"
"11814","0.14509229535869028","0.14509229535869028","0.14509229535869028"
"11816","0.14509229535869028","0.14509229535869028","0.14509229535869028"
"11817","0.14509229535869028","0.14509229535869028","0.14509229535869028"
"11839","0.14509229535869028","0.14509229535869028","0.14509229535869028"
"11863","0.14509229535869028","0.14509229535869028","0.14509229535869028"
"11864","0.14509229535869028","0.14509229535869028","0.14509229535869028"
"11869","0.14509229535869028","0.14509229535869028","0.14509229535869028"
"11875","0.14559666841182647","0.14559666841182647","0.14559666841182647"
"11877","0.1457995726349776","0.1457995726349776","0.1457995726349776"
"11880","0.14610391232979192","0.14610391232979192","0.14610391232979192"
"11890","0.14610391232979192","0.14610391232979192","0.14610391232979192"
"11891","0.14610391232979192","0.14610391232979192","0.14610391232979192"
"11906","0.14610391232979192","0.14610391232979192","0.14610391232979192"
"11920","0.14610391232979192","0.14610391232979192","0.14610391232979192"
"11934","0.14610391232979192","0.14610391232979192","0.14610391232979192"
"11939","0.14610391232979192","0.14610391232979192","0.14610391232979192"
"11940","0.14610391232979192","0.14610391232979192","0.14610391232979192"
"11951","0.14610391232979192","0.14610391232979192","0.14610391232979192"
"11953","0.14610391232979192","0.14610391232979192","0.14610391232979192"
"11954","0.14610391232979192","0.14610391232979192","0.14610391232979192"
"11956","0.14610391232979192","0.14610391232979192","0.14610391232979192"
"11969","0.14610391232979192","0.14610391232979192","0.14610391232979192"
"11983","0.1464053596496371","0.1464053596496371","0.1464053596496371"
"11986","0.14670823217126716","0.14670823217126716","0.14670823217126716"
"11989","0.1470111011099703","0.1470111011099703","0.1470111011099703"
"11990","0.14711253230814442","0.14711253230814442","0.14711253230814442"
"11991","0.14711253230814442","0.14711253230814442","0.14711253230814442"
"11992","0.14711253230814442","0.14711253230814442","0.14711253230814442"
"11993","0.14711253230814442","0.14711253230814442","0.14711253230814442"
"11997","0.14711253230814442","0.14711253230814442","0.14711253230814442"
"12018","0.14711253230814442","0.14711253230814442","0.14711253230814442"
"12019","0.14711253230814442","0.14711253230814442","0.14711253230814442"
"12025","0.14711253230814442","0.14711253230814442","0.14711253230814442"
"12039","0.14711253230814442","0.14711253230814442","0.14711253230814442"
"12047","0.14711253230814442","0.14711253230814442","0.14711253230814442"
"12049","0.14711253230814442","0.14711253230814442","0.14711253230814442"
"12057","0.14711253230814442","0.14711253230814442","0.14711253230814442"
"12059","0.14711253230814442","0.14711253230814442","0.14711253230814442"
"12065","0.14711253230814442","0.14711253230814442","0.14711253230814442"
"12070","0.14711253230814442","0.14711253230814442","0.14711253230814442"
"12079","0.14711253230814442","0.14711253230814442","0.14711253230814442"
"12085","0.14711253230814442","0.14711253230814442","0.14711253230814442"
"12086","0.14711253230814442","0.14711253230814442","0.14711253230814442"
"12096","0.14771823539639434","0.14771823539639434","0.14771823539639434"
"12102","0.1481210789943175","0.1481210789943175","0.1481210789943175"
"12112","0.1481210789943175","0.1481210789943175","0.1481210789943175"
"12115","0.1481210789943175","0.1481210789943175","0.1481210789943175"
"12120","0.1481210789943175","0.1481210789943175","0.1481210789943175"
"12124","0.1481210789943175","0.1481210789943175","0.1481210789943175"
"12132","0.1481210789943175","0.1481210789943175","0.1481210789943175"
"12140","0.1481210789943175","0.1481210789943175","0.1481210789943175"
"12141","0.1481210789943175","0.1481210789943175","0.1481210789943175"
"12144","0.1481210789943175","0.1481210789943175","0.1481210789943175"
"12145","0.1481210789943175","0.1481210789943175","0.1481210789943175"
"12152","0.1481210789943175","0.1481210789943175","0.1481210789943175"
"12157","0.1481210789943175","0.1481210789943175","0.1481210789943175"
"12161","0.1481210789943175","0.1481210789943175","0.1481210789943175"
"12171","0.1481210789943175","0.1481210789943175","0.1481210789943175"
"12172","0.1481210789943175","0.1481210789943175","0.1481210789943175"
"12173","0.1481210789943175","0.1481210789943175","0.1481210789943175"
"12177","0.1481210789943175","0.1481210789943175","0.1481210789943175"
"12187","0.1481210789943175","0.1481210789943175","0.1481210789943175"
"12189","0.1481210789943175","0.1481210789943175","0.1481210789943175"
"12190","0.1481210789943175","0.1481210789943175","0.1481210789943175"
"12197","0.1481210789943175","0.1481210789943175","0.1481210789943175"
"12215","0.1491246101682783","0.1491246101682783","0.1491246101682783"
"12239","0.1491246101682783","0.1491246101682783","0.1491246101682783"
"12240","0.1491246101682783","0.1491246101682783","0.1491246101682783"
"12241","0.1491246101682783","0.1491246101682783","0.1491246101682783"
"12243","0.1491246101682783","0.1491246101682783","0.1491246101682783"
"12257","0.1491246101682783","0.1491246101682783","0.1491246101682783"
"12275","0.1491246101682783","0.1491246101682783","0.1491246101682783"
"12277","0.1491246101682783","0.1491246101682783","0.1491246101682783"
"12279","0.1491246101682783","0.1491246101682783","0.1491246101682783"
"12293","0.1491246101682783","0.1491246101682783","0.1491246101682783"
"12295","0.1491246101682783","0.1491246101682783","0.1491246101682783"
"12297","0.1491246101682783","0.1491246101682783","0.1491246101682783"
"12305","0.1491246101682783","0.1491246101682783","0.1491246101682783"
"12312","0.14932742949360517","0.14932742949360517","0.14932742949360517"
"12313","0.1494274344303712","0.1494274344303712","0.1494274344303712"
"12317","0.14983164258884996","0.14983164258884996","0.14983164258884996"
"12319","0.15003304274561174","0.15003304274561174","0.15003304274561174"
"12329","0.15013444076653162","0.15013444076653162","0.15013444076653162"
"12330","0.15013444076653162","0.15013444076653162","0.15013444076653162"
"12331","0.15013444076653162","0.15013444076653162","0.15013444076653162"
"12337","0.15013444076653162","0.15013444076653162","0.15013444076653162"
"12342","0.15013444076653162","0.15013444076653162","0.15013444076653162"
"12345","0.15013444076653162","0.15013444076653162","0.15013444076653162"
"12346","0.15013444076653162","0.15013444076653162","0.15013444076653162"
"12349","0.15013444076653162","0.15013444076653162","0.15013444076653162"
"12353","0.15013444076653162","0.15013444076653162","0.15013444076653162"
"12367","0.15013444076653162","0.15013444076653162","0.15013444076653162"
"12373","0.15013444076653162","0.15013444076653162","0.15013444076653162"
"12378","0.15013444076653162","0.15013444076653162","0.15013444076653162"
"12380","0.15013444076653162","0.15013444076653162","0.15013444076653162"
"12389","0.15013444076653162","0.15013444076653162","0.15013444076653162"
"12397","0.15013444076653162","0.15013444076653162","0.15013444076653162"
"12411","0.15013444076653162","0.15013444076653162","0.15013444076653162"
"12415","0.15013444076653162","0.15013444076653162","0.15013444076653162"
"12435","0.151145549894012","0.151145549894012","0.151145549894012"
"12437","0.151145549894012","0.151145549894012","0.151145549894012"
"12466","0.151145549894012","0.151145549894012","0.151145549894012"
"12472","0.151145549894012","0.151145549894012","0.151145549894012"
"12477","0.151145549894012","0.151145549894012","0.151145549894012"
"12479","0.151145549894012","0.151145549894012","0.151145549894012"
"12498","0.151145549894012","0.151145549894012","0.151145549894012"
"12499","0.151145549894012","0.151145549894012","0.151145549894012"
"12502","0.151145549894012","0.151145549894012","0.151145549894012"
"12503","0.151145549894012","0.151145549894012","0.151145549894012"
"12512","0.151145549894012","0.151145549894012","0.151145549894012"
"12514","0.151145549894012","0.151145549894012","0.151145549894012"
"12524","0.151145549894012","0.151145549894012","0.151145549894012"
"12526","0.151145549894012","0.151145549894012","0.151145549894012"
"12527","0.151145549894012","0.151145549894012","0.151145549894012"
"12533","0.15144830644081975","0.15144830644081975","0.15144830644081975"
"12535","0.1516510547953679","0.1516510547953679","0.1516510547953679"
"12547","0.15215379498409917","0.15215379498409917","0.15215379498409917"
"12550","0.15215379498409917","0.15215379498409917","0.15215379498409917"
"12567","0.15215379498409917","0.15215379498409917","0.15215379498409917"
"12573","0.15215379498409917","0.15215379498409917","0.15215379498409917"
"12575","0.15215379498409917","0.15215379498409917","0.15215379498409917"
"12587","0.15215379498409917","0.15215379498409917","0.15215379498409917"
"12599","0.15215379498409917","0.15215379498409917","0.15215379498409917"
"12602","0.15215379498409917","0.15215379498409917","0.15215379498409917"
"12609","0.15215379498409917","0.15215379498409917","0.15215379498409917"
"12617","0.15215379498409917","0.15215379498409917","0.15215379498409917"
"12631","0.15215379498409917","0.15215379498409917","0.15215379498409917"
"12633","0.15215379498409917","0.15215379498409917","0.15215379498409917"
"12639","0.15215379498409917","0.15215379498409917","0.15215379498409917"
"12642","0.15235652701063232","0.15235652701063232","0.15235652701063232"
"12643","0.15245788999159973","0.15245788999159973","0.15245788999159973"
"12644","0.15255925095172984","0.15255925095172984","0.15255925095172984"
"12657","0.15316603013830388","0.15316603013830388","0.15316603013830388"
"12663","0.15316603013830388","0.15316603013830388","0.15316603013830388"
"12672","0.15316603013830388","0.15316603013830388","0.15316603013830388"
"12676","0.15316603013830388","0.15316603013830388","0.15316603013830388"
"12708","0.15316603013830388","0.15316603013830388","0.15316603013830388"
"12713","0.15316603013830388","0.15316603013830388","0.15316603013830388"
"12714","0.15316603013830388","0.15316603013830388","0.15316603013830388"
"12723","0.15316603013830388","0.15316603013830388","0.15316603013830388"
"12725","0.15316603013830388","0.15316603013830388","0.15316603013830388"
"12731","0.15316603013830388","0.15316603013830388","0.15316603013830388"
"12732","0.15316603013830388","0.15316603013830388","0.15316603013830388"
"12735","0.15316603013830388","0.15316603013830388","0.15316603013830388"
"12736","0.15316603013830388","0.15316603013830388","0.15316603013830388"
"12737","0.15316603013830388","0.15316603013830388","0.15316603013830388"
"12743","0.15316603013830388","0.15316603013830388","0.15316603013830388"
"12749","0.15316603013830388","0.15316603013830388","0.15316603013830388"
"12758","0.15397275038162378","0.15397275038162378","0.15397275038162378"
"12759","0.15407408940702155","0.15407408940702155","0.15407408940702155"
"12766","0.15417542646478102","0.15417542646478102","0.15417542646478102"
"12767","0.15417542646478102","0.15417542646478102","0.15417542646478102"
"12772","0.15417542646478102","0.15417542646478102","0.15417542646478102"
"12773","0.15417542646478102","0.15417542646478102","0.15417542646478102"
"12778","0.15417542646478102","0.15417542646478102","0.15417542646478102"
"12790","0.15417542646478102","0.15417542646478102","0.15417542646478102"
"12807","0.15417542646478102","0.15417542646478102","0.15417542646478102"
"12809","0.15417542646478102","0.15417542646478102","0.15417542646478102"
"12815","0.15417542646478102","0.15417542646478102","0.15417542646478102"
"12816","0.15417542646478102","0.15417542646478102","0.15417542646478102"
"12820","0.15417542646478102","0.15417542646478102","0.15417542646478102"
"12826","0.15417542646478102","0.15417542646478102","0.15417542646478102"
"12829","0.15417542646478102","0.15417542646478102","0.15417542646478102"
"12833","0.15417542646478102","0.15417542646478102","0.15417542646478102"
"12834","0.15417542646478102","0.15417542646478102","0.15417542646478102"
"12842","0.15417542646478102","0.15417542646478102","0.15417542646478102"
"12850","0.15417542646478102","0.15417542646478102","0.15417542646478102"
"12851","0.15417542646478102","0.15417542646478102","0.15417542646478102"
"12858","0.15417542646478102","0.15417542646478102","0.15417542646478102"
"12865","0.154679425870644","0.154679425870644","0.154679425870644"
"12882","0.1551827496877086","0.1551827496877086","0.1551827496877086"
"12883","0.1551827496877086","0.1551827496877086","0.1551827496877086"
"12885","0.1551827496877086","0.1551827496877086","0.1551827496877086"
"12889","0.1551827496877086","0.1551827496877086","0.1551827496877086"
"12894","0.1551827496877086","0.1551827496877086","0.1551827496877086"
"12898","0.1551827496877086","0.1551827496877086","0.1551827496877086"
"12904","0.1551827496877086","0.1551827496877086","0.1551827496877086"
"12924","0.1551827496877086","0.1551827496877086","0.1551827496877086"
"12930","0.1551827496877086","0.1551827496877086","0.1551827496877086"
"12931","0.1551827496877086","0.1551827496877086","0.1551827496877086"
"12932","0.1551827496877086","0.1551827496877086","0.1551827496877086"
"12935","0.1551827496877086","0.1551827496877086","0.1551827496877086"
"12942","0.1551827496877086","0.1551827496877086","0.1551827496877086"
"12957","0.1551827496877086","0.1551827496877086","0.1551827496877086"
"12960","0.1551827496877086","0.1551827496877086","0.1551827496877086"
"12966","0.1551827496877086","0.1551827496877086","0.1551827496877086"
"12971","0.15528406968124223","0.15528406968124223","0.15528406968124223"
"12972","0.1553853921049891","0.1553853921049891","0.1553853921049891"
"12973","0.15548539645692708","0.15548539645692708","0.15548539645692708"
"12976","0.15578671696057203","0.15578671696057203","0.15578671696057203"
"12982","0.15619066257914713","0.15619066257914713","0.15619066257914713"
"12998","0.15619066257914713","0.15619066257914713","0.15619066257914713"
"12999","0.15619066257914713","0.15619066257914713","0.15619066257914713"
"13002","0.15619066257914713","0.15619066257914713","0.15619066257914713"
"13010","0.15619066257914713","0.15619066257914713","0.15619066257914713"
"13012","0.15619066257914713","0.15619066257914713","0.15619066257914713"
"13016","0.15619066257914713","0.15619066257914713","0.15619066257914713"
"13021","0.15619066257914713","0.15619066257914713","0.15619066257914713"
"13026","0.15619066257914713","0.15619066257914713","0.15619066257914713"
"13035","0.15619066257914713","0.15619066257914713","0.15619066257914713"
"13036","0.15619066257914713","0.15619066257914713","0.15619066257914713"
"13039","0.15619066257914713","0.15619066257914713","0.15619066257914713"
"13040","0.15619066257914713","0.15619066257914713","0.15619066257914713"
"13043","0.15619066257914713","0.15619066257914713","0.15619066257914713"
"13047","0.15619066257914713","0.15619066257914713","0.15619066257914713"
"13057","0.15619066257914713","0.15619066257914713","0.15619066257914713"
"13062","0.15619066257914713","0.15619066257914713","0.15619066257914713"
"13066","0.15619066257914713","0.15619066257914713","0.15619066257914713"
"13073","0.15619066257914713","0.15619066257914713","0.15619066257914713"
"13082","0.1563932863191987","0.1563932863191987","0.1563932863191987"
"13091","0.15719981239635933","0.15719981239635933","0.15719981239635933"
"13098","0.15719981239635933","0.15719981239635933","0.15719981239635933"
"13101","0.15719981239635933","0.15719981239635933","0.15719981239635933"
"13105","0.15719981239635933","0.15719981239635933","0.15719981239635933"
"13110","0.15719981239635933","0.15719981239635933","0.15719981239635933"
"13112","0.15719981239635933","0.15719981239635933","0.15719981239635933"
"13114","0.15719981239635933","0.15719981239635933","0.15719981239635933"
"13116","0.15719981239635933","0.15719981239635933","0.15719981239635933"
"13130","0.15719981239635933","0.15719981239635933","0.15719981239635933"
"13137","0.15719981239635933","0.15719981239635933","0.15719981239635933"
"13139","0.15719981239635933","0.15719981239635933","0.15719981239635933"
"13143","0.15719981239635933","0.15719981239635933","0.15719981239635933"
"13150","0.15719981239635933","0.15719981239635933","0.15719981239635933"
"13159","0.15719981239635933","0.15719981239635933","0.15719981239635933"
"13173","0.15719981239635933","0.15719981239635933","0.15719981239635933"
"13175","0.15719981239635933","0.15719981239635933","0.15719981239635933"
"13177","0.15719981239635933","0.15719981239635933","0.15719981239635933"
"13183","0.15719981239635933","0.15719981239635933","0.15719981239635933"
"13186","0.15719981239635933","0.15719981239635933","0.15719981239635933"
"13191","0.15730111192499718","0.15730111192499718","0.15730111192499718"
"13199","0.15810758149572157","0.15810758149572157","0.15810758149572157"
"13205","0.15820886981314872","0.15820886981314872","0.15820886981314872"
"13209","0.15820886981314872","0.15820886981314872","0.15820886981314872"
"13210","0.15820886981314872","0.15820886981314872","0.15820886981314872"
"13223","0.15820886981314872","0.15820886981314872","0.15820886981314872"
"13233","0.15820886981314872","0.15820886981314872","0.15820886981314872"
"13237","0.15820886981314872","0.15820886981314872","0.15820886981314872"
"13238","0.15820886981314872","0.15820886981314872","0.15820886981314872"
"13239","0.15820886981314872","0.15820886981314872","0.15820886981314872"
"13254","0.15820886981314872","0.15820886981314872","0.15820886981314872"
"13259","0.15820886981314872","0.15820886981314872","0.15820886981314872"
"13268","0.15820886981314872","0.15820886981314872","0.15820886981314872"
"13279","0.15820886981314872","0.15820886981314872","0.15820886981314872"
"13290","0.15820886981314872","0.15820886981314872","0.15820886981314872"
"13296","0.15820886981314872","0.15820886981314872","0.15820886981314872"
"13300","0.15820886981314872","0.15820886981314872","0.15820886981314872"
"13304","0.15861272363943102","0.15861272363943102","0.15861272363943102"
"13305","0.15871400455446913","0.15871400455446913","0.15871400455446913"
"13311","0.15921910984604568","0.15921910984604568","0.15921910984604568"
"13312","0.15921910984604568","0.15921910984604568","0.15921910984604568"
"13319","0.15921910984604568","0.15921910984604568","0.15921910984604568"
"13322","0.15921910984604568","0.15921910984604568","0.15921910984604568"
"13324","0.15921910984604568","0.15921910984604568","0.15921910984604568"
"13325","0.15921910984604568","0.15921910984604568","0.15921910984604568"
"13329","0.15921910984604568","0.15921910984604568","0.15921910984604568"
"13333","0.15921910984604568","0.15921910984604568","0.15921910984604568"
"13336","0.15921910984604568","0.15921910984604568","0.15921910984604568"
"13337","0.15921910984604568","0.15921910984604568","0.15921910984604568"
"13339","0.15921910984604568","0.15921910984604568","0.15921910984604568"
"13341","0.15921910984604568","0.15921910984604568","0.15921910984604568"
"13348","0.15921910984604568","0.15921910984604568","0.15921910984604568"
"13350","0.15921910984604568","0.15921910984604568","0.15921910984604568"
"13353","0.15921910984604568","0.15921910984604568","0.15921910984604568"
"13355","0.15921910984604568","0.15921910984604568","0.15921910984604568"
"13358","0.15921910984604568","0.15921910984604568","0.15921910984604568"
"13376","0.15921910984604568","0.15921910984604568","0.15921910984604568"
"13382","0.15921910984604568","0.15921910984604568","0.15921910984604568"
"13389","0.15921910984604568","0.15921910984604568","0.15921910984604568"
"13394","0.15921910984604568","0.15921910984604568","0.15921910984604568"
"13399","0.15921910984604568","0.15921910984604568","0.15921910984604568"
"13401","0.15921910984604568","0.15921910984604568","0.15921910984604568"
"13403","0.15921910984604568","0.15921910984604568","0.15921910984604568"
"13423","0.16022797400016747","0.16022797400016747","0.16022797400016747"
"13453","0.16022797400016747","0.16022797400016747","0.16022797400016747"
"13454","0.16022797400016747","0.16022797400016747","0.16022797400016747"
"13457","0.16022797400016747","0.16022797400016747","0.16022797400016747"
"13466","0.16022797400016747","0.16022797400016747","0.16022797400016747"
"13468","0.16022797400016747","0.16022797400016747","0.16022797400016747"
"13470","0.16022797400016747","0.16022797400016747","0.16022797400016747"
"13478","0.16022797400016747","0.16022797400016747","0.16022797400016747"
"13489","0.16022797400016747","0.16022797400016747","0.16022797400016747"
"13494","0.16022797400016747","0.16022797400016747","0.16022797400016747"
"13497","0.16022797400016747","0.16022797400016747","0.16022797400016747"
"13499","0.16022797400016747","0.16022797400016747","0.16022797400016747"
"13501","0.16022797400016747","0.16022797400016747","0.16022797400016747"
"13514","0.16022797400016747","0.16022797400016747","0.16022797400016747"
"13515","0.16022797400016747","0.16022797400016747","0.16022797400016747"
"13519","0.16022797400016747","0.16022797400016747","0.16022797400016747"
"13520","0.16022797400016747","0.16022797400016747","0.16022797400016747"
"13523","0.1605304943165456","0.1605304943165456","0.1605304943165456"
"13533","0.16123675395709264","0.16123675395709264","0.16123675395709264"
"13543","0.16123675395709264","0.16123675395709264","0.16123675395709264"
"13547","0.16123675395709264","0.16123675395709264","0.16123675395709264"
"13548","0.16123675395709264","0.16123675395709264","0.16123675395709264"
"13554","0.16123675395709264","0.16123675395709264","0.16123675395709264"
"13563","0.16123675395709264","0.16123675395709264","0.16123675395709264"
"13564","0.16123675395709264","0.16123675395709264","0.16123675395709264"
"13567","0.16123675395709264","0.16123675395709264","0.16123675395709264"
"13569","0.16123675395709264","0.16123675395709264","0.16123675395709264"
"13570","0.16123675395709264","0.16123675395709264","0.16123675395709264"
"13587","0.16123675395709264","0.16123675395709264","0.16123675395709264"
"13591","0.16123675395709264","0.16123675395709264","0.16123675395709264"
"13594","0.16123675395709264","0.16123675395709264","0.16123675395709264"
"13597","0.16123675395709264","0.16123675395709264","0.16123675395709264"
"13598","0.16123675395709264","0.16123675395709264","0.16123675395709264"
"13604","0.16123675395709264","0.16123675395709264","0.16123675395709264"
"13605","0.16123675395709264","0.16123675395709264","0.16123675395709264"
"13615","0.16123675395709264","0.16123675395709264","0.16123675395709264"
"13617","0.16123675395709264","0.16123675395709264","0.16123675395709264"
"13618","0.16123675395709264","0.16123675395709264","0.16123675395709264"
"13621","0.16123675395709264","0.16123675395709264","0.16123675395709264"
"13625","0.16123675395709264","0.16123675395709264","0.16123675395709264"
"13627","0.16123675395709264","0.16123675395709264","0.16123675395709264"
"13632","0.16143800055645596","0.16143800055645596","0.16143800055645596"
"13637","0.1619392453932489","0.1619392453932489","0.1619392453932489"
"13648","0.1622417259372063","0.1622417259372063","0.1622417259372063"
"13660","0.1622417259372063","0.1622417259372063","0.1622417259372063"
"13693","0.1622417259372063","0.1622417259372063","0.1622417259372063"
"13698","0.1622417259372063","0.1622417259372063","0.1622417259372063"
"13699","0.1622417259372063","0.1622417259372063","0.1622417259372063"
"13709","0.1622417259372063","0.1622417259372063","0.1622417259372063"
"13727","0.1622417259372063","0.1622417259372063","0.1622417259372063"
"13728","0.1622417259372063","0.1622417259372063","0.1622417259372063"
"13743","0.16254358462158422","0.16254358462158422","0.16254358462158422"
"13749","0.16314913711801016","0.16314913711801016","0.16314913711801016"
"13768","0.1632503662294089","0.1632503662294089","0.1632503662294089"
"13776","0.1632503662294089","0.1632503662294089","0.1632503662294089"
"13783","0.1632503662294089","0.1632503662294089","0.1632503662294089"
"13801","0.1632503662294089","0.1632503662294089","0.1632503662294089"
"13803","0.1632503662294089","0.1632503662294089","0.1632503662294089"
"13813","0.1632503662294089","0.1632503662294089","0.1632503662294089"
"13817","0.1632503662294089","0.1632503662294089","0.1632503662294089"
"13822","0.1632503662294089","0.1632503662294089","0.1632503662294089"
"13843","0.1632503662294089","0.1632503662294089","0.1632503662294089"
"13845","0.1632503662294089","0.1632503662294089","0.1632503662294089"
"13849","0.1632503662294089","0.1632503662294089","0.1632503662294089"
"13850","0.1632503662294089","0.1632503662294089","0.1632503662294089"
"13854","0.16365404320854837","0.16365404320854837","0.16365404320854837"
"13862","0.16425892177234533","0.16425892177234533","0.16425892177234533"
"13867","0.16425892177234533","0.16425892177234533","0.16425892177234533"
"13882","0.16425892177234533","0.16425892177234533","0.16425892177234533"
"13888","0.16425892177234533","0.16425892177234533","0.16425892177234533"
"13891","0.16425892177234533","0.16425892177234533","0.16425892177234533"
"13901","0.16425892177234533","0.16425892177234533","0.16425892177234533"
"13909","0.16425892177234533","0.16425892177234533","0.16425892177234533"
"13933","0.16425892177234533","0.16425892177234533","0.16425892177234533"
"13948","0.16425892177234533","0.16425892177234533","0.16425892177234533"
"13949","0.16425892177234533","0.16425892177234533","0.16425892177234533"
"13958","0.16425892177234533","0.16425892177234533","0.16425892177234533"
"13963","0.1645613508303448","0.1645613508303448","0.1645613508303448"
"13975","0.16526498531230843","0.16526498531230843","0.16526498531230843"
"13977","0.16526498531230843","0.16526498531230843","0.16526498531230843"
"13986","0.16526498531230843","0.16526498531230843","0.16526498531230843"
"13996","0.16526498531230843","0.16526498531230843","0.16526498531230843"
"14000","0.16526498531230843","0.16526498531230843","0.16526498531230843"
"14001","0.16526498531230843","0.16526498531230843","0.16526498531230843"
"14019","0.16526498531230843","0.16526498531230843","0.16526498531230843"
"14029","0.16526498531230843","0.16526498531230843","0.16526498531230843"
"14050","0.16526498531230843","0.16526498531230843","0.16526498531230843"
"14059","0.16526498531230843","0.16526498531230843","0.16526498531230843"
"14067","0.16526498531230843","0.16526498531230843","0.16526498531230843"
"14068","0.16526498531230843","0.16526498531230843","0.16526498531230843"
"14079","0.16616980280277618","0.16616980280277618","0.16616980280277618"
"14080","0.16627099940092527","0.16627099940092527","0.16627099940092527"
"14081","0.16627099940092527","0.16627099940092527","0.16627099940092527"
"14083","0.16627099940092527","0.16627099940092527","0.16627099940092527"
"14091","0.16627099940092527","0.16627099940092527","0.16627099940092527"
"14093","0.16627099940092527","0.16627099940092527","0.16627099940092527"
"14094","0.16627099940092527","0.16627099940092527","0.16627099940092527"
"14097","0.16627099940092527","0.16627099940092527","0.16627099940092527"
"14112","0.16627099940092527","0.16627099940092527","0.16627099940092527"
"14117","0.16627099940092527","0.16627099940092527","0.16627099940092527"
"14131","0.16627099940092527","0.16627099940092527","0.16627099940092527"
"14137","0.16627099940092527","0.16627099940092527","0.16627099940092527"
"14138","0.16627099940092527","0.16627099940092527","0.16627099940092527"
"14142","0.16627099940092527","0.16627099940092527","0.16627099940092527"
"14149","0.16627099940092527","0.16627099940092527","0.16627099940092527"
"14153","0.16627099940092527","0.16627099940092527","0.16627099940092527"
"14154","0.16627099940092527","0.16627099940092527","0.16627099940092527"
"14162","0.16627099940092527","0.16627099940092527","0.16627099940092527"
"14170","0.16627099940092527","0.16627099940092527","0.16627099940092527"
"14171","0.16627099940092527","0.16627099940092527","0.16627099940092527"
"14178","0.16627099940092527","0.16627099940092527","0.16627099940092527"
"14182","0.16647219792541001","0.16647219792541001","0.16647219792541001"
"14186","0.1668757835252232","0.1668757835252232","0.1668757835252232"
"14192","0.167278169169408","0.167278169169408","0.167278169169408"
"14195","0.167278169169408","0.167278169169408","0.167278169169408"
"14207","0.167278169169408","0.167278169169408","0.167278169169408"
"14208","0.167278169169408","0.167278169169408","0.167278169169408"
"14214","0.167278169169408","0.167278169169408","0.167278169169408"
"14228","0.167278169169408","0.167278169169408","0.167278169169408"
"14230","0.167278169169408","0.167278169169408","0.167278169169408"
"14247","0.167278169169408","0.167278169169408","0.167278169169408"
"14251","0.167278169169408","0.167278169169408","0.167278169169408"
"14253","0.167278169169408","0.167278169169408","0.167278169169408"
"14254","0.167278169169408","0.167278169169408","0.167278169169408"
"14256","0.167278169169408","0.167278169169408","0.167278169169408"
"14276","0.167278169169408","0.167278169169408","0.167278169169408"
"14279","0.167278169169408","0.167278169169408","0.167278169169408"
"14281","0.167278169169408","0.167278169169408","0.167278169169408"
"14282","0.167278169169408","0.167278169169408","0.167278169169408"
"14292","0.16707876366463267","0.16707876366463267","0.16707876366463267"
"14298","0.16647757429272939","0.16647757429272939","0.16647757429272939"
"14299","0.16637757428481809","0.16637757428481809","0.16637757428481809"
"14307","0.16627757428731332","0.16627757428731332","0.16627757428731332"
"14319","0.16627757428731332","0.16627757428731332","0.16627757428731332"
"14322","0.16627757428731332","0.16627757428731332","0.16627757428731332"
"14337","0.16627757428731332","0.16627757428731332","0.16627757428731332"
"14338","0.16627757428731332","0.16627757428731332","0.16627757428731332"
"14344","0.16627757428731332","0.16627757428731332","0.16627757428731332"
"14345","0.16627757428731332","0.16627757428731332","0.16627757428731332"
"14349","0.16627757428731332","0.16627757428731332","0.16627757428731332"
"14359","0.16627757428731332","0.16627757428731332","0.16627757428731332"
"14367","0.16627757428731332","0.16627757428731332","0.16627757428731332"
"14378","0.16627757428731332","0.16627757428731332","0.16627757428731332"
"14380","0.16627757428731332","0.16627757428731332","0.16627757428731332"
"14383","0.16627757428731332","0.16627757428731332","0.16627757428731332"
"14390","0.16627757428731332","0.16627757428731332","0.16627757428731332"
"14392","0.16627757428731332","0.16627757428731332","0.16627757428731332"
"14419","0.1672840921618247","0.1672840921618247","0.1672840921618247"
"14423","0.1672840921618247","0.1672840921618247","0.1672840921618247"
"14437","0.1672840921618247","0.1672840921618247","0.1672840921618247"
"14440","0.1672840921618247","0.1672840921618247","0.1672840921618247"
"14443","0.1672840921618247","0.1672840921618247","0.1672840921618247"
"14449","0.1672840921618247","0.1672840921618247","0.1672840921618247"
"14452","0.1672840921618247","0.1672840921618247","0.1672840921618247"
"14458","0.1672840921618247","0.1672840921618247","0.1672840921618247"
"14462","0.1672840921618247","0.1672840921618247","0.1672840921618247"
"14479","0.1672840921618247","0.1672840921618247","0.1672840921618247"
"14482","0.1672840921618247","0.1672840921618247","0.1672840921618247"
"14483","0.1672840921618247","0.1672840921618247","0.1672840921618247"
"14484","0.1672840921618247","0.1672840921618247","0.1672840921618247"
"14485","0.1672840921618247","0.1672840921618247","0.1672840921618247"
"14495","0.1672840921618247","0.1672840921618247","0.1672840921618247"
"14508","0.1672840921618247","0.1672840921618247","0.1672840921618247"
"14510","0.1672840921618247","0.1672840921618247","0.1672840921618247"
"14512","0.1674864513279145","0.1674864513279145","0.1674864513279145"
"14513","0.16758762847279057","0.16758762847279057","0.16758762847279057"
"14516","0.16788880400178458","0.16788880400178458","0.16788880400178458"
"14518","0.16808880743882254","0.16808880743882254","0.16808880743882254"
"14530","0.16829115018495924","0.16829115018495924","0.16829115018495924"
"14540","0.16829115018495924","0.16829115018495924","0.16829115018495924"
"14553","0.16829115018495924","0.16829115018495924","0.16829115018495924"
"14568","0.16829115018495924","0.16829115018495924","0.16829115018495924"
"14571","0.16829115018495924","0.16829115018495924","0.16829115018495924"
"14576","0.16829115018495924","0.16829115018495924","0.16829115018495924"
"14590","0.16829115018495924","0.16829115018495924","0.16829115018495924"
"14594","0.16829115018495924","0.16829115018495924","0.16829115018495924"
"14611","0.16829115018495924","0.16829115018495924","0.16829115018495924"
"14612","0.16829115018495924","0.16829115018495924","0.16829115018495924"
"14613","0.16829115018495924","0.16829115018495924","0.16829115018495924"
"14627","0.16899466079391406","0.16899466079391406","0.16899466079391406"
"14630","0.16929815021372452","0.16929815021372452","0.16929815021372452"
"14631","0.16929815021372452","0.16929815021372452","0.16929815021372452"
"14635","0.16929815021372452","0.16929815021372452","0.16929815021372452"
"14641","0.16929815021372452","0.16929815021372452","0.16929815021372452"
"14647","0.16929815021372452","0.16929815021372452","0.16929815021372452"
"14653","0.16929815021372452","0.16929815021372452","0.16929815021372452"
"14654","0.16929815021372452","0.16929815021372452","0.16929815021372452"
"14656","0.16929815021372452","0.16929815021372452","0.16929815021372452"
"14664","0.16929815021372452","0.16929815021372452","0.16929815021372452"
"14666","0.16929815021372452","0.16929815021372452","0.16929815021372452"
"14668","0.16929815021372452","0.16929815021372452","0.16929815021372452"
"14672","0.16929815021372452","0.16929815021372452","0.16929815021372452"
"14673","0.16929815021372452","0.16929815021372452","0.16929815021372452"
"14678","0.16929815021372452","0.16929815021372452","0.16929815021372452"
"14688","0.16929815021372452","0.16929815021372452","0.16929815021372452"
"14690","0.16929815021372452","0.16929815021372452","0.16929815021372452"
"14693","0.16929815021372452","0.16929815021372452","0.16929815021372452"
"14698","0.16929815021372452","0.16929815021372452","0.16929815021372452"
"14709","0.16929815021372452","0.16929815021372452","0.16929815021372452"
"14711","0.16929815021372452","0.16929815021372452","0.16929815021372452"
"14716","0.16929815021372452","0.16929815021372452","0.16929815021372452"
"14718","0.16929815021372452","0.16929815021372452","0.16929815021372452"
"14719","0.16929815021372452","0.16929815021372452","0.16929815021372452"
"14724","0.16929815021372452","0.16929815021372452","0.16929815021372452"
"14725","0.16929815021372452","0.16929815021372452","0.16929815021372452"
"14734","0.16970162870635652","0.16970162870635652","0.16970162870635652"
"14737","0.1700027850423506","0.1700027850423506","0.1700027850423506"
"14738","0.17010393978609842","0.17010393978609842","0.17010393978609842"
"14747","0.17030624457157684","0.17030624457157684","0.17030624457157684"
"14748","0.17030624457157684","0.17030624457157684","0.17030624457157684"
"14750","0.17030624457157684","0.17030624457157684","0.17030624457157684"
"14754","0.17030624457157684","0.17030624457157684","0.17030624457157684"
"14757","0.17030624457157684","0.17030624457157684","0.17030624457157684"
"14758","0.17030624457157684","0.17030624457157684","0.17030624457157684"
"14763","0.17030624457157684","0.17030624457157684","0.17030624457157684"
"14772","0.17030624457157684","0.17030624457157684","0.17030624457157684"
"14779","0.17030624457157684","0.17030624457157684","0.17030624457157684"
"14783","0.17030624457157684","0.17030624457157684","0.17030624457157684"
"14785","0.17030624457157684","0.17030624457157684","0.17030624457157684"
"14788","0.17030624457157684","0.17030624457157684","0.17030624457157684"
"14793","0.17030624457157684","0.17030624457157684","0.17030624457157684"
"14799","0.17030624457157684","0.17030624457157684","0.17030624457157684"
"14801","0.17030624457157684","0.17030624457157684","0.17030624457157684"
"14805","0.17030624457157684","0.17030624457157684","0.17030624457157684"
"14806","0.17030624457157684","0.17030624457157684","0.17030624457157684"
"14826","0.17030624457157684","0.17030624457157684","0.17030624457157684"
"14831","0.17030624457157684","0.17030624457157684","0.17030624457157684"
"14850","0.17131312462983195","0.17131312462983195","0.17131312462983195"
"14862","0.17131312462983195","0.17131312462983195","0.17131312462983195"
"14870","0.17131312462983195","0.17131312462983195","0.17131312462983195"
"14875","0.17131312462983195","0.17131312462983195","0.17131312462983195"
"14877","0.17131312462983195","0.17131312462983195","0.17131312462983195"
"14879","0.17131312462983195","0.17131312462983195","0.17131312462983195"
"14885","0.17131312462983195","0.17131312462983195","0.17131312462983195"
"14889","0.17131312462983195","0.17131312462983195","0.17131312462983195"
"14895","0.17131312462983195","0.17131312462983195","0.17131312462983195"
"14900","0.17131312462983195","0.17131312462983195","0.17131312462983195"
"14906","0.17131312462983195","0.17131312462983195","0.17131312462983195"
"14907","0.17131312462983195","0.17131312462983195","0.17131312462983195"
"14908","0.17131312462983195","0.17131312462983195","0.17131312462983195"
"14910","0.17131312462983195","0.17131312462983195","0.17131312462983195"
"14917","0.17131312462983195","0.17131312462983195","0.17131312462983195"
"14925","0.17131312462983195","0.17131312462983195","0.17131312462983195"
"14929","0.17131312462983195","0.17131312462983195","0.17131312462983195"
"14932","0.17131312462983195","0.17131312462983195","0.17131312462983195"
"14940","0.17131312462983195","0.17131312462983195","0.17131312462983195"
"14956","0.1719182455661525","0.1719182455661525","0.1719182455661525"
"14960","0.1723227682227785","0.1723227682227785","0.1723227682227785"
"14968","0.1723227682227785","0.1723227682227785","0.1723227682227785"
"14978","0.1723227682227785","0.1723227682227785","0.1723227682227785"
"14981","0.1723227682227785","0.1723227682227785","0.1723227682227785"
"14983","0.1723227682227785","0.1723227682227785","0.1723227682227785"
"14989","0.1723227682227785","0.1723227682227785","0.1723227682227785"
"15004","0.1723227682227785","0.1723227682227785","0.1723227682227785"
"15012","0.1723227682227785","0.1723227682227785","0.1723227682227785"
"15014","0.1723227682227785","0.1723227682227785","0.1723227682227785"
"15017","0.1723227682227785","0.1723227682227785","0.1723227682227785"
"15021","0.1723227682227785","0.1723227682227785","0.1723227682227785"
"15033","0.1723227682227785","0.1723227682227785","0.1723227682227785"
"15034","0.1723227682227785","0.1723227682227785","0.1723227682227785"
"15042","0.1723227682227785","0.1723227682227785","0.1723227682227785"
"15048","0.1723227682227785","0.1723227682227785","0.1723227682227785"
"15055","0.1723227682227785","0.1723227682227785","0.1723227682227785"
"15064","0.17272614977643605","0.17272614977643605","0.17272614977643605"
"15077","0.1733317501794193","0.1733317501794193","0.1733317501794193"
"15078","0.1733317501794193","0.1733317501794193","0.1733317501794193"
"15084","0.1733317501794193","0.1733317501794193","0.1733317501794193"
"15086","0.1733317501794193","0.1733317501794193","0.1733317501794193"
"15088","0.1733317501794193","0.1733317501794193","0.1733317501794193"
"15092","0.1733317501794193","0.1733317501794193","0.1733317501794193"
"15099","0.1733317501794193","0.1733317501794193","0.1733317501794193"
"15111","0.1733317501794193","0.1733317501794193","0.1733317501794193"
"15114","0.1733317501794193","0.1733317501794193","0.1733317501794193"
"15124","0.1733317501794193","0.1733317501794193","0.1733317501794193"
"15132","0.1733317501794193","0.1733317501794193","0.1733317501794193"
"15140","0.1733317501794193","0.1733317501794193","0.1733317501794193"
"15150","0.1733317501794193","0.1733317501794193","0.1733317501794193"
"15151","0.1733317501794193","0.1733317501794193","0.1733317501794193"
"15158","0.1733317501794193","0.1733317501794193","0.1733317501794193"
"15159","0.1733317501794193","0.1733317501794193","0.1733317501794193"
"15165","0.1733317501794193","0.1733317501794193","0.1733317501794193"
"15177","0.1740362035192535","0.1740362035192535","0.1740362035192535"
"15179","0.17423841819196068","0.17423841819196068","0.17423841819196068"
"15183","0.1743395248486387","0.1743395248486387","0.1743395248486387"
"15187","0.1743395248486387","0.1743395248486387","0.1743395248486387"
"15198","0.1743395248486387","0.1743395248486387","0.1743395248486387"
"15219","0.1743395248486387","0.1743395248486387","0.1743395248486387"
"15223","0.1743395248486387","0.1743395248486387","0.1743395248486387"
"15226","0.1743395248486387","0.1743395248486387","0.1743395248486387"
"15228","0.1743395248486387","0.1743395248486387","0.1743395248486387"
"15230","0.1743395248486387","0.1743395248486387","0.1743395248486387"
"15234","0.1743395248486387","0.1743395248486387","0.1743395248486387"
"15235","0.1743395248486387","0.1743395248486387","0.1743395248486387"
"15240","0.1743395248486387","0.1743395248486387","0.1743395248486387"
"15243","0.1743395248486387","0.1743395248486387","0.1743395248486387"
"15245","0.1743395248486387","0.1743395248486387","0.1743395248486387"
"15249","0.1743395248486387","0.1743395248486387","0.1743395248486387"
"15261","0.1743395248486387","0.1743395248486387","0.1743395248486387"
"15283","0.17373952486379599","0.17373952486379599","0.17373952486379599"
"15290","0.17233952489916296","0.17233952489916296","0.17233952489916296"
"15303","0.17233952489916296","0.17233952489916296","0.17233952489916296"
"15307","0.17233952489916296","0.17233952489916296","0.17233952489916296"
"15308","0.17233952489916296","0.17233952489916296","0.17233952489916296"
"15310","0.17233952489916296","0.17233952489916296","0.17233952489916296"
"15330","0.17233952489916296","0.17233952489916296","0.17233952489916296"
"15347","0.17233952489916296","0.17233952489916296","0.17233952489916296"
"15350","0.17233952489916296","0.17233952489916296","0.17233952489916296"
"15354","0.17233952489916296","0.17233952489916296","0.17233952489916296"
"15363","0.17233952489916296","0.17233952489916296","0.17233952489916296"
"15367","0.17233952489916296","0.17233952489916296","0.17233952489916296"
"15386","0.17233952489916296","0.17233952489916296","0.17233952489916296"
"15390","0.17233952489916296","0.17233952489916296","0.17233952489916296"
"15405","0.1743395248486387","0.1743395248486387","0.1743395248486387"
"15417","0.1743395248486387","0.1743395248486387","0.1743395248486387"
"15422","0.1743395248486387","0.1743395248486387","0.1743395248486387"
"15435","0.1743395248486387","0.1743395248486387","0.1743395248486387"
"15442","0.1743395248486387","0.1743395248486387","0.1743395248486387"
"15444","0.1743395248486387","0.1743395248486387","0.1743395248486387"
"15445","0.1743395248486387","0.1743395248486387","0.1743395248486387"
"15449","0.1743395248486387","0.1743395248486387","0.1743395248486387"
"15451","0.1743395248486387","0.1743395248486387","0.1743395248486387"
"15455","0.1743395248486387","0.1743395248486387","0.1743395248486387"
"15460","0.1743395248486387","0.1743395248486387","0.1743395248486387"
"15465","0.1743395248486387","0.1743395248486387","0.1743395248486387"
"15468","0.1743395248486387","0.1743395248486387","0.1743395248486387"
"15469","0.1743395248486387","0.1743395248486387","0.1743395248486387"
"15475","0.1743395248486387","0.1743395248486387","0.1743395248486387"
"15476","0.1743395248486387","0.1743395248486387","0.1743395248486387"
"15477","0.1743395248486387","0.1743395248486387","0.1743395248486387"
"15482","0.1743395248486387","0.1743395248486387","0.1743395248486387"
"15491","0.1743395248486387","0.1743395248486387","0.1743395248486387"
"15505","0.17484967119913045","0.17484967119913045","0.17484967119913045"
"15507","0.1750518531156511","0.1750518531156511","0.1750518531156511"
"15513","0.1753550681996955","0.1753550681996955","0.1753550681996955"
"15517","0.1753550681996955","0.1753550681996955","0.1753550681996955"
"15536","0.1753550681996955","0.1753550681996955","0.1753550681996955"
"15546","0.1753550681996955","0.1753550681996955","0.1753550681996955"
"15550","0.1753550681996955","0.1753550681996955","0.1753550681996955"
"15553","0.1753550681996955","0.1753550681996955","0.1753550681996955"
"15567","0.1753550681996955","0.1753550681996955","0.1753550681996955"
"15568","0.1753550681996955","0.1753550681996955","0.1753550681996955"
"15574","0.1753550681996955","0.1753550681996955","0.1753550681996955"
"15582","0.1753550681996955","0.1753550681996955","0.1753550681996955"
"15584","0.1753550681996955","0.1753550681996955","0.1753550681996955"
"15594","0.1753550681996955","0.1753550681996955","0.1753550681996955"
"15606","0.1753550681996955","0.1753550681996955","0.1753550681996955"
"15607","0.1753550681996955","0.1753550681996955","0.1753550681996955"
"15620","0.1743534416815355","0.1743534416815355","0.1743534416815355"
"15631","0.1743534416815355","0.1743534416815355","0.1743534416815355"
"15641","0.1743534416815355","0.1743534416815355","0.1743534416815355"
"15644","0.1743534416815355","0.1743534416815355","0.1743534416815355"
"15646","0.1743534416815355","0.1743534416815355","0.1743534416815355"
"15662","0.1743534416815355","0.1743534416815355","0.1743534416815355"
"15663","0.1743534416815355","0.1743534416815355","0.1743534416815355"
"15667","0.1743534416815355","0.1743534416815355","0.1743534416815355"
"15674","0.1743534416815355","0.1743534416815355","0.1743534416815355"
"15682","0.1743534416815355","0.1743534416815355","0.1743534416815355"
"15684","0.1743534416815355","0.1743534416815355","0.1743534416815355"
"15685","0.1743534416815355","0.1743534416815355","0.1743534416815355"
"15687","0.1743534416815355","0.1743534416815355","0.1743534416815355"
"15688","0.1743534416815355","0.1743534416815355","0.1743534416815355"
"15692","0.1743534416815355","0.1743534416815355","0.1743534416815355"
"15693","0.1743534416815355","0.1743534416815355","0.1743534416815355"
"15701","0.1743534416815355","0.1743534416815355","0.1743534416815355"
"15707","0.1743534416815355","0.1743534416815355","0.1743534416815355"
"15712","0.1743534416815355","0.1743534416815355","0.1743534416815355"
"15713","0.1743534416815355","0.1743534416815355","0.1743534416815355"
"15714","0.1743534416815355","0.1743534416815355","0.1743534416815355"
"15716","0.1743534416815355","0.1743534416815355","0.1743534416815355"
"15736","0.1753583714055414","0.1753583714055414","0.1753583714055414"
"15741","0.1753583714055414","0.1753583714055414","0.1753583714055414"
"15747","0.1753583714055414","0.1753583714055414","0.1753583714055414"
"15748","0.1753583714055414","0.1753583714055414","0.1753583714055414"
"15749","0.1753583714055414","0.1753583714055414","0.1753583714055414"
"15750","0.1753583714055414","0.1753583714055414","0.1753583714055414"
"15774","0.1753583714055414","0.1753583714055414","0.1753583714055414"
"15777","0.1753583714055414","0.1753583714055414","0.1753583714055414"
"15789","0.1753583714055414","0.1753583714055414","0.1753583714055414"
"15801","0.1753583714055414","0.1753583714055414","0.1753583714055414"
"15803","0.1753583714055414","0.1753583714055414","0.1753583714055414"
"15805","0.1753583714055414","0.1753583714055414","0.1753583714055414"
"15808","0.1753583714055414","0.1753583714055414","0.1753583714055414"
"15816","0.1753583714055414","0.1753583714055414","0.1753583714055414"
"15817","0.1753583714055414","0.1753583714055414","0.1753583714055414"
"15819","0.1753583714055414","0.1753583714055414","0.1753583714055414"
"15827","0.1753583714055414","0.1753583714055414","0.1753583714055414"
"15829","0.1753583714055414","0.1753583714055414","0.1753583714055414"
"15832","0.17556052742324918","0.17556052742324918","0.17556052742324918"
"15838","0.17616375515968377","0.17616375515968377","0.17616375515968377"
"15845","0.17636536568945066","0.17636536568945066","0.17636536568945066"
"15846","0.17636536568945066","0.17636536568945066","0.17636536568945066"
"15857","0.17636536568945066","0.17636536568945066","0.17636536568945066"
"15861","0.17636536568945066","0.17636536568945066","0.17636536568945066"
"15879","0.17636536568945066","0.17636536568945066","0.17636536568945066"
"15889","0.17636536568945066","0.17636536568945066","0.17636536568945066"
"15890","0.17636536568945066","0.17636536568945066","0.17636536568945066"
"15891","0.17636536568945066","0.17636536568945066","0.17636536568945066"
"15898","0.17636536568945066","0.17636536568945066","0.17636536568945066"
"15899","0.17636536568945066","0.17636536568945066","0.17636536568945066"
"15900","0.17636536568945066","0.17636536568945066","0.17636536568945066"
"15901","0.17636536568945066","0.17636536568945066","0.17636536568945066"
"15904","0.17636536568945066","0.17636536568945066","0.17636536568945066"
"15912","0.17636536568945066","0.17636536568945066","0.17636536568945066"
"15913","0.17636536568945066","0.17636536568945066","0.17636536568945066"
"15917","0.17636536568945066","0.17636536568945066","0.17636536568945066"
"15919","0.17636536568945066","0.17636536568945066","0.17636536568945066"
"15923","0.17636536568945066","0.17636536568945066","0.17636536568945066"
"15924","0.17636536568945066","0.17636536568945066","0.17636536568945066"
"15927","0.17636536568945066","0.17636536568945066","0.17636536568945066"
"15928","0.17636536568945066","0.17636536568945066","0.17636536568945066"
"15942","0.17656750479032235","0.17656750479032235","0.17656750479032235"
"15953","0.1773728344197719","0.1773728344197719","0.1773728344197719"
"15955","0.1773728344197719","0.1773728344197719","0.1773728344197719"
"15957","0.1773728344197719","0.1773728344197719","0.1773728344197719"
"15961","0.1773728344197719","0.1773728344197719","0.1773728344197719"
"15976","0.1773728344197719","0.1773728344197719","0.1773728344197719"
"15987","0.1773728344197719","0.1773728344197719","0.1773728344197719"
"15992","0.1773728344197719","0.1773728344197719","0.1773728344197719"
"15997","0.1773728344197719","0.1773728344197719","0.1773728344197719"
"16000","0.1773728344197719","0.1773728344197719","0.1773728344197719"
"16001","0.1773728344197719","0.1773728344197719","0.1773728344197719"
"16012","0.1773728344197719","0.1773728344197719","0.1773728344197719"
"16020","0.1773728344197719","0.1773728344197719","0.1773728344197719"
"16032","0.1773728344197719","0.1773728344197719","0.1773728344197719"
"16036","0.1773728344197719","0.1773728344197719","0.1773728344197719"
"16052","0.17757490052062327","0.17757490052062327","0.17757490052062327"
"16056","0.17797912603125499","0.17797912603125499","0.17797912603125499"
"16059","0.17828228083655956","0.17828228083655956","0.17828228083655956"
"16071","0.17838332970385598","0.17838332970385598","0.17838332970385598"
"16074","0.17838332970385598","0.17838332970385598","0.17838332970385598"
"16076","0.17838332970385598","0.17838332970385598","0.17838332970385598"
"16087","0.17838332970385598","0.17838332970385598","0.17838332970385598"
"16089","0.17838332970385598","0.17838332970385598","0.17838332970385598"
"16092","0.17838332970385598","0.17838332970385598","0.17838332970385598"
"16101","0.17838332970385598","0.17838332970385598","0.17838332970385598"
"16104","0.17838332970385598","0.17838332970385598","0.17838332970385598"
"16118","0.17838332970385598","0.17838332970385598","0.17838332970385598"
"16143","0.17838332970385598","0.17838332970385598","0.17838332970385598"
"16146","0.17838332970385598","0.17838332970385598","0.17838332970385598"
"16148","0.17838332970385598","0.17838332970385598","0.17838332970385598"
"16155","0.17838332970385598","0.17838332970385598","0.17838332970385598"
"16164","0.17878751157178746","0.17878751157178746","0.17878751157178746"
"16165","0.17888855365171072","0.17888855365171072","0.17888855365171072"
"16182","0.17939270849966418","0.17939270849966418","0.17939270849966418"
"16184","0.17939270849966418","0.17939270849966418","0.17939270849966418"
"16190","0.17939270849966418","0.17939270849966418","0.17939270849966418"
"16194","0.17939270849966418","0.17939270849966418","0.17939270849966418"
"16195","0.17939270849966418","0.17939270849966418","0.17939270849966418"
"16203","0.17939270849966418","0.17939270849966418","0.17939270849966418"
"16204","0.17939270849966418","0.17939270849966418","0.17939270849966418"
"16206","0.17939270849966418","0.17939270849966418","0.17939270849966418"
"16208","0.17939270849966418","0.17939270849966418","0.17939270849966418"
"16215","0.17939270849966418","0.17939270849966418","0.17939270849966418"
"16216","0.17939270849966418","0.17939270849966418","0.17939270849966418"
"16224","0.17939270849966418","0.17939270849966418","0.17939270849966418"
"16226","0.17939270849966418","0.17939270849966418","0.17939270849966418"
"16239","0.17939270849966418","0.17939270849966418","0.17939270849966418"
"16241","0.17939270849966418","0.17939270849966418","0.17939270849966418"
"16243","0.17939270849966418","0.17939270849966418","0.17939270849966418"
"16250","0.17939270849966418","0.17939270849966418","0.17939270849966418"
"16255","0.17939270849966418","0.17939270849966418","0.17939270849966418"
"16261","0.17939270849966418","0.17939270849966418","0.17939270849966418"
"16269","0.17939270849966418","0.17939270849966418","0.17939270849966418"
"16273","0.17969426369994093","0.17969426369994093","0.17969426369994093"
"16274","0.17979426370428453","0.17979426370428453","0.17979426370428453"
"16279","0.18029838910085128","0.18029838910085128","0.18029838910085128"
"16281","0.18039941450686678","0.18039941450686678","0.18039941450686678"
"16285","0.18039941450686678","0.18039941450686678","0.18039941450686678"
"16288","0.18039941450686678","0.18039941450686678","0.18039941450686678"
"16291","0.18039941450686678","0.18039941450686678","0.18039941450686678"
"16309","0.18039941450686678","0.18039941450686678","0.18039941450686678"
"16315","0.18039941450686678","0.18039941450686678","0.18039941450686678"
"16317","0.18039941450686678","0.18039941450686678","0.18039941450686678"
"16319","0.18039941450686678","0.18039941450686678","0.18039941450686678"
"16320","0.18039941450686678","0.18039941450686678","0.18039941450686678"
"16330","0.18039941450686678","0.18039941450686678","0.18039941450686678"
"16334","0.18039941450686678","0.18039941450686678","0.18039941450686678"
"16337","0.18039941450686678","0.18039941450686678","0.18039941450686678"
"16340","0.18039941450686678","0.18039941450686678","0.18039941450686678"
"16342","0.18039941450686678","0.18039941450686678","0.18039941450686678"
"16343","0.18039941450686678","0.18039941450686678","0.18039941450686678"
"16349","0.18039941450686678","0.18039941450686678","0.18039941450686678"
"16351","0.18039941450686678","0.18039941450686678","0.18039941450686678"
"16353","0.18039941450686678","0.18039941450686678","0.18039941450686678"
"16358","0.18039941450686678","0.18039941450686678","0.18039941450686678"
"16370","0.18039941450686678","0.18039941450686678","0.18039941450686678"
"16382","0.18060044122174407","0.18060044122174407","0.18060044122174407"
"16396","0.18140759142386614","0.18140759142386614","0.18140759142386614"
"16400","0.18140759142386614","0.18140759142386614","0.18140759142386614"
"16411","0.18140759142386614","0.18140759142386614","0.18140759142386614"
"16431","0.18140759142386614","0.18140759142386614","0.18140759142386614"
"16453","0.18140759142386614","0.18140759142386614","0.18140759142386614"
"16458","0.18140759142386614","0.18140759142386614","0.18140759142386614"
"16467","0.18140759142386614","0.18140759142386614","0.18140759142386614"
"16470","0.18140759142386614","0.18140759142386614","0.18140759142386614"
"16474","0.18140759142386614","0.18140759142386614","0.18140759142386614"
"16484","0.18140759142386614","0.18140759142386614","0.18140759142386614"
"16486","0.18140759142386614","0.18140759142386614","0.18140759142386614"
"16488","0.18140759142386614","0.18140759142386614","0.18140759142386614"
"16489","0.18140759142386614","0.18140759142386614","0.18140759142386614"
"16491","0.18150860765433383","0.18150860765433383","0.18150860765433383"
"16492","0.1816096225852668","0.1816096225852668","0.1816096225852668"
"16498","0.18221367189945895","0.18221367189945895","0.18221367189945895"
"16502","0.18241467783292067","0.18241467783292067","0.18241467783292067"
"16503","0.18241467783292067","0.18241467783292067","0.18241467783292067"
"16517","0.18241467783292067","0.18241467783292067","0.18241467783292067"
"16519","0.18241467783292067","0.18241467783292067","0.18241467783292067"
"16523","0.18241467783292067","0.18241467783292067","0.18241467783292067"
"16528","0.18241467783292067","0.18241467783292067","0.18241467783292067"
"16530","0.18241467783292067","0.18241467783292067","0.18241467783292067"
"16531","0.18241467783292067","0.18241467783292067","0.18241467783292067"
"16535","0.18241467783292067","0.18241467783292067","0.18241467783292067"
"16541","0.18241467783292067","0.18241467783292067","0.18241467783292067"
"16542","0.18241467783292067","0.18241467783292067","0.18241467783292067"
"16545","0.18241467783292067","0.18241467783292067","0.18241467783292067"
"16555","0.18241467783292067","0.18241467783292067","0.18241467783292067"
"16557","0.18241467783292067","0.18241467783292067","0.18241467783292067"
"16572","0.18241467783292067","0.18241467783292067","0.18241467783292067"
"16586","0.18241467783292067","0.18241467783292067","0.18241467783292067"
"16587","0.18241467783292067","0.18241467783292067","0.18241467783292067"
"16588","0.18241467783292067","0.18241467783292067","0.18241467783292067"
"16597","0.18241467783292067","0.18241467783292067","0.18241467783292067"
"16614","0.1834197034550163","0.1834197034550163","0.1834197034550163"
"16616","0.1834197034550163","0.1834197034550163","0.1834197034550163"
"16617","0.1834197034550163","0.1834197034550163","0.1834197034550163"
"16618","0.1834197034550163","0.1834197034550163","0.1834197034550163"
"16622","0.1834197034550163","0.1834197034550163","0.1834197034550163"
"16624","0.1834197034550163","0.1834197034550163","0.1834197034550163"
"16626","0.1834197034550163","0.1834197034550163","0.1834197034550163"
"16629","0.1834197034550163","0.1834197034550163","0.1834197034550163"
"16631","0.1834197034550163","0.1834197034550163","0.1834197034550163"
"16637","0.1834197034550163","0.1834197034550163","0.1834197034550163"
"16640","0.1834197034550163","0.1834197034550163","0.1834197034550163"
"16649","0.1834197034550163","0.1834197034550163","0.1834197034550163"
"16650","0.1834197034550163","0.1834197034550163","0.1834197034550163"
"16655","0.1834197034550163","0.1834197034550163","0.1834197034550163"
"16656","0.1834197034550163","0.1834197034550163","0.1834197034550163"
"16671","0.1834197034550163","0.1834197034550163","0.1834197034550163"
"16673","0.1834197034550163","0.1834197034550163","0.1834197034550163"
"16686","0.1834197034550163","0.1834197034550163","0.1834197034550163"
"16687","0.1834197034550163","0.1834197034550163","0.1834197034550163"
"16692","0.1834197034550163","0.1834197034550163","0.1834197034550163"
"16694","0.1834197034550163","0.1834197034550163","0.1834197034550163"
"16706","0.1834197034550163","0.1834197034550163","0.1834197034550163"
"16725","0.18442866262229446","0.18442866262229446","0.18442866262229446"
"16726","0.18442866262229446","0.18442866262229446","0.18442866262229446"
"16732","0.18442866262229446","0.18442866262229446","0.18442866262229446"
"16735","0.18442866262229446","0.18442866262229446","0.18442866262229446"
"16737","0.18442866262229446","0.18442866262229446","0.18442866262229446"
"16740","0.18442866262229446","0.18442866262229446","0.18442866262229446"
"16746","0.18442866262229446","0.18442866262229446","0.18442866262229446"
"16753","0.18442866262229446","0.18442866262229446","0.18442866262229446"
"16759","0.18442866262229446","0.18442866262229446","0.18442866262229446"
"16760","0.18442866262229446","0.18442866262229446","0.18442866262229446"
"16763","0.18442866262229446","0.18442866262229446","0.18442866262229446"
"16765","0.18442866262229446","0.18442866262229446","0.18442866262229446"
"16768","0.18442866262229446","0.18442866262229446","0.18442866262229446"
"16781","0.18442866262229446","0.18442866262229446","0.18442866262229446"
"16784","0.18442866262229446","0.18442866262229446","0.18442866262229446"
"16787","0.18442866262229446","0.18442866262229446","0.18442866262229446"
"16793","0.18442866262229446","0.18442866262229446","0.18442866262229446"
"16795","0.18442866262229446","0.18442866262229446","0.18442866262229446"
"16796","0.18442866262229446","0.18442866262229446","0.18442866262229446"
"16799","0.18442866262229446","0.18442866262229446","0.18442866262229446"
"16802","0.18442866262229446","0.18442866262229446","0.18442866262229446"
"16805","0.18442866262229446","0.18442866262229446","0.18442866262229446"
"16815","0.18442866262229446","0.18442866262229446","0.18442866262229446"
"16823","0.18472965451953757","0.18472965451953757","0.18472965451953757"
"16824","0.18482965451702618","0.18482965451702618","0.18482965451702618"
"16826","0.18503064028239574","0.18503064028239574","0.18503064028239574"
"16833","0.18543261295134586","0.18543261295134586","0.18543261295134586"
"16854","0.18543261295134586","0.18543261295134586","0.18543261295134586"
"16862","0.18543261295134586","0.18543261295134586","0.18543261295134586"
"16867","0.18543261295134586","0.18543261295134586","0.18543261295134586"
"16877","0.18543261295134586","0.18543261295134586","0.18543261295134586"
"16878","0.18543261295134586","0.18543261295134586","0.18543261295134586"
"16881","0.18543261295134586","0.18543261295134586","0.18543261295134586"
"16883","0.18543261295134586","0.18543261295134586","0.18543261295134586"
"16885","0.18543261295134586","0.18543261295134586","0.18543261295134586"
"16893","0.18543261295134586","0.18543261295134586","0.18543261295134586"
"16894","0.18543261295134586","0.18543261295134586","0.18543261295134586"
"16900","0.18543261295134586","0.18543261295134586","0.18543261295134586"
"16902","0.18543261295134586","0.18543261295134586","0.18543261295134586"
"16905","0.18543261295134586","0.18543261295134586","0.18543261295134586"
"16909","0.18543261295134586","0.18543261295134586","0.18543261295134586"
"16914","0.18543261295134586","0.18543261295134586","0.18543261295134586"
"16917","0.18543261295134586","0.18543261295134586","0.18543261295134586"
"16919","0.18543261295134586","0.18543261295134586","0.18543261295134586"
"16924","0.18543261295134586","0.18543261295134586","0.18543261295134586"
"16928","0.18543261295134586","0.18543261295134586","0.18543261295134586"
"16932","0.185633599841167","0.185633599841167","0.185633599841167"
"16936","0.1860375229666548","0.1860375229666548","0.1860375229666548"
"16941","0.18643850365559958","0.18643850365559958","0.18643850365559958"
"16952","0.18643850365559958","0.18643850365559958","0.18643850365559958"
"16955","0.18643850365559958","0.18643850365559958","0.18643850365559958"
"16971","0.18643850365559958","0.18643850365559958","0.18643850365559958"
"16981","0.18643850365559958","0.18643850365559958","0.18643850365559958"
"16982","0.18643850365559958","0.18643850365559958","0.18643850365559958"
"16983","0.18643850365559958","0.18643850365559958","0.18643850365559958"
"16991","0.18643850365559958","0.18643850365559958","0.18643850365559958"
"16994","0.18643850365559958","0.18643850365559958","0.18643850365559958"
"17007","0.18643850365559958","0.18643850365559958","0.18643850365559958"
"17014","0.18643850365559958","0.18643850365559958","0.18643850365559958"
"17026","0.18643850365559958","0.18643850365559958","0.18643850365559958"
"17031","0.18643850365559958","0.18643850365559958","0.18643850365559958"
"17034","0.18643850365559958","0.18643850365559958","0.18643850365559958"
"17038","0.18643850365559958","0.18643850365559958","0.18643850365559958"
"17042","0.18664045419545106","0.18664045419545106","0.18664045419545106"
"17064","0.18744725106260915","0.18744725106260915","0.18744725106260915"
"17065","0.18744725106260915","0.18744725106260915","0.18744725106260915"
"17068","0.18744725106260915","0.18744725106260915","0.18744725106260915"
"17078","0.18744725106260915","0.18744725106260915","0.18744725106260915"
"17102","0.18744725106260915","0.18744725106260915","0.18744725106260915"
"17104","0.18744725106260915","0.18744725106260915","0.18744725106260915"
"17112","0.18744725106260915","0.18744725106260915","0.18744725106260915"
"17113","0.18744725106260915","0.18744725106260915","0.18744725106260915"
"17114","0.18744725106260915","0.18744725106260915","0.18744725106260915"
"17133","0.18744725106260915","0.18744725106260915","0.18744725106260915"
"17140","0.18744725106260915","0.18744725106260915","0.18744725106260915"
"17143","0.18744725106260915","0.18744725106260915","0.18744725106260915"
"17161","0.18845207200924563","0.18845207200924563","0.18845207200924563"
"17169","0.18845207200924563","0.18845207200924563","0.18845207200924563"
"17179","0.18845207200924563","0.18845207200924563","0.18845207200924563"
"17206","0.18845207200924563","0.18845207200924563","0.18845207200924563"
"17207","0.18845207200924563","0.18845207200924563","0.18845207200924563"
"17226","0.18845207200924563","0.18845207200924563","0.18845207200924563"
"17230","0.18845207200924563","0.18845207200924563","0.18845207200924563"
"17236","0.18845207200924563","0.18845207200924563","0.18845207200924563"
"17248","0.18845207200924563","0.18845207200924563","0.18845207200924563"
"17249","0.18845207200924563","0.18845207200924563","0.18845207200924563"
"17257","0.18845207200924563","0.18845207200924563","0.18845207200924563"
"17258","0.18845207200924563","0.18845207200924563","0.18845207200924563"
"17260","0.18845207200924563","0.18845207200924563","0.18845207200924563"
"17286","0.1894590347170865","0.1894590347170865","0.1894590347170865"
"17292","0.1894590347170865","0.1894590347170865","0.1894590347170865"
"17299","0.1894590347170865","0.1894590347170865","0.1894590347170865"
"17307","0.1894590347170865","0.1894590347170865","0.1894590347170865"
"17313","0.1894590347170865","0.1894590347170865","0.1894590347170865"
"17317","0.1894590347170865","0.1894590347170865","0.1894590347170865"
"17323","0.1894590347170865","0.1894590347170865","0.1894590347170865"
"17324","0.1894590347170865","0.1894590347170865","0.1894590347170865"
"17329","0.1894590347170865","0.1894590347170865","0.1894590347170865"
"17332","0.1894590347170865","0.1894590347170865","0.1894590347170865"
"17337","0.1894590347170865","0.1894590347170865","0.1894590347170865"
"17346","0.1894590347170865","0.1894590347170865","0.1894590347170865"
"17349","0.1894590347170865","0.1894590347170865","0.1894590347170865"
"17354","0.1894590347170865","0.1894590347170865","0.1894590347170865"
"17357","0.1894590347170865","0.1894590347170865","0.1894590347170865"
"17358","0.1894590347170865","0.1894590347170865","0.1894590347170865"
"17361","0.1894590347170865","0.1894590347170865","0.1894590347170865"
"17364","0.1894590347170865","0.1894590347170865","0.1894590347170865"
"17369","0.1894590347170865","0.1894590347170865","0.1894590347170865"
"17370","0.1894590347170865","0.1894590347170865","0.1894590347170865"
"17373","0.18975998847095799","0.18975998847095799","0.18975998847095799"
"17382","0.19046567054526534","0.19046567054526534","0.19046567054526534"
"17384","0.19046567054526534","0.19046567054526534","0.19046567054526534"
"17387","0.19046567054526534","0.19046567054526534","0.19046567054526534"
"17390","0.19046567054526534","0.19046567054526534","0.19046567054526534"
"17400","0.19046567054526534","0.19046567054526534","0.19046567054526534"
"17406","0.19046567054526534","0.19046567054526534","0.19046567054526534"
"17409","0.19046567054526534","0.19046567054526534","0.19046567054526534"
"17411","0.19046567054526534","0.19046567054526534","0.19046567054526534"
"17418","0.19046567054526534","0.19046567054526534","0.19046567054526534"
"17431","0.19046567054526534","0.19046567054526534","0.19046567054526534"
"17449","0.19046567054526534","0.19046567054526534","0.19046567054526534"
"17451","0.19046567054526534","0.19046567054526534","0.19046567054526534"
"17459","0.19046567054526534","0.19046567054526534","0.19046567054526534"
"17467","0.19046567054526534","0.19046567054526534","0.19046567054526534"
"17475","0.19046567054526534","0.19046567054526534","0.19046567054526534"
"17483","0.19076661384837648","0.19076661384837648","0.19076661384837648"
"17485","0.1909684969653985","0.1909684969653985","0.1909684969653985"
"17489","0.1913713129694935","0.1913713129694935","0.1913713129694935"
"17500","0.1914721853857631","0.1914721853857631","0.1914721853857631"
"17515","0.1914721853857631","0.1914721853857631","0.1914721853857631"
"17518","0.1914721853857631","0.1914721853857631","0.1914721853857631"
"17522","0.1914721853857631","0.1914721853857631","0.1914721853857631"
"17523","0.1914721853857631","0.1914721853857631","0.1914721853857631"
"17528","0.1914721853857631","0.1914721853857631","0.1914721853857631"
"17541","0.1914721853857631","0.1914721853857631","0.1914721853857631"
"17544","0.1914721853857631","0.1914721853857631","0.1914721853857631"
"17546","0.1914721853857631","0.1914721853857631","0.1914721853857631"
"17549","0.1914721853857631","0.1914721853857631","0.1914721853857631"
"17566","0.1914721853857631","0.1914721853857631","0.1914721853857631"
"17568","0.1914721853857631","0.1914721853857631","0.1914721853857631"
"17572","0.1914721853857631","0.1914721853857631","0.1914721853857631"
"17582","0.1914721853857631","0.1914721853857631","0.1914721853857631"
"17587","0.1914721853857631","0.1914721853857631","0.1914721853857631"
"17595","0.19197472307396318","0.19197472307396318","0.19197472307396318"
"17600","0.1924793719780697","0.1924793719780697","0.1924793719780697"
"17609","0.1924793719780697","0.1924793719780697","0.1924793719780697"
"17618","0.1924793719780697","0.1924793719780697","0.1924793719780697"
"17621","0.1924793719780697","0.1924793719780697","0.1924793719780697"
"17634","0.1924793719780697","0.1924793719780697","0.1924793719780697"
"17639","0.1924793719780697","0.1924793719780697","0.1924793719780697"
"17647","0.1924793719780697","0.1924793719780697","0.1924793719780697"
"17650","0.1924793719780697","0.1924793719780697","0.1924793719780697"
"17652","0.1924793719780697","0.1924793719780697","0.1924793719780697"
"17658","0.1924793719780697","0.1924793719780697","0.1924793719780697"
"17660","0.1924793719780697","0.1924793719780697","0.1924793719780697"
"17662","0.1924793719780697","0.1924793719780697","0.1924793719780697"
"17665","0.1924793719780697","0.1924793719780697","0.1924793719780697"
"17673","0.1924793719780697","0.1924793719780697","0.1924793719780697"
"17683","0.1924793719780697","0.1924793719780697","0.1924793719780697"
"17685","0.1924793719780697","0.1924793719780697","0.1924793719780697"
"17689","0.1924793719780697","0.1924793719780697","0.1924793719780697"
"17690","0.1924793719780697","0.1924793719780697","0.1924793719780697"
"17695","0.1924793719780697","0.1924793719780697","0.1924793719780697"
"17699","0.1924793719780697","0.1924793719780697","0.1924793719780697"
"17702","0.19268115864335472","0.19268115864335472","0.19268115864335472"
"17727","0.1934857689700607","0.1934857689700607","0.1934857689700607"
"17734","0.1934857689700607","0.1934857689700607","0.1934857689700607"
"17735","0.1934857689700607","0.1934857689700607","0.1934857689700607"
"17742","0.1934857689700607","0.1934857689700607","0.1934857689700607"
"17749","0.1934857689700607","0.1934857689700607","0.1934857689700607"
"17750","0.1934857689700607","0.1934857689700607","0.1934857689700607"
"17757","0.1934857689700607","0.1934857689700607","0.1934857689700607"
"17761","0.1934857689700607","0.1934857689700607","0.1934857689700607"
"17763","0.1934857689700607","0.1934857689700607","0.1934857689700607"
"17766","0.1934857689700607","0.1934857689700607","0.1934857689700607"
"17768","0.1934857689700607","0.1934857689700607","0.1934857689700607"
"17777","0.1934857689700607","0.1934857689700607","0.1934857689700607"
"17779","0.1934857689700607","0.1934857689700607","0.1934857689700607"
"17782","0.1934857689700607","0.1934857689700607","0.1934857689700607"
"17785","0.1934857689700607","0.1934857689700607","0.1934857689700607"
"17786","0.1934857689700607","0.1934857689700607","0.1934857689700607"
"17792","0.1934857689700607","0.1934857689700607","0.1934857689700607"
"17796","0.1934857689700607","0.1934857689700607","0.1934857689700607"
"17798","0.1934857689700607","0.1934857689700607","0.1934857689700607"
"17799","0.1934857689700607","0.1934857689700607","0.1934857689700607"
"17807","0.1934857689700607","0.1934857689700607","0.1934857689700607"
"17810","0.1934857689700607","0.1934857689700607","0.1934857689700607"
"17820","0.19449152736869102","0.19449152736869102","0.19449152736869102"
"17825","0.19449152736869102","0.19449152736869102","0.19449152736869102"
"17836","0.19449152736869102","0.19449152736869102","0.19449152736869102"
"17841","0.19449152736869102","0.19449152736869102","0.19449152736869102"
"17845","0.19449152736869102","0.19449152736869102","0.19449152736869102"
"17855","0.19449152736869102","0.19449152736869102","0.19449152736869102"
"17858","0.19449152736869102","0.19449152736869102","0.19449152736869102"
"17862","0.19449152736869102","0.19449152736869102","0.19449152736869102"
"17866","0.19449152736869102","0.19449152736869102","0.19449152736869102"
"17874","0.19449152736869102","0.19449152736869102","0.19449152736869102"
"17878","0.19449152736869102","0.19449152736869102","0.19449152736869102"
"17884","0.19449152736869102","0.19449152736869102","0.19449152736869102"
"17899","0.19449152736869102","0.19449152736869102","0.19449152736869102"
"17916","0.19449152736869102","0.19449152736869102","0.19449152736869102"
"17934","0.19549607284994383","0.19549607284994383","0.19549607284994383"
"17945","0.19549607284994383","0.19549607284994383","0.19549607284994383"
"17950","0.19549607284994383","0.19549607284994383","0.19549607284994383"
"17953","0.19549607284994383","0.19549607284994383","0.19549607284994383"
"17954","0.19549607284994383","0.19549607284994383","0.19549607284994383"
"17962","0.19549607284994383","0.19549607284994383","0.19549607284994383"
"17966","0.19549607284994383","0.19549607284994383","0.19549607284994383"
"17975","0.19549607284994383","0.19549607284994383","0.19549607284994383"
"17986","0.19549607284994383","0.19549607284994383","0.19549607284994383"
"17991","0.19549607284994383","0.19549607284994383","0.19549607284994383"
"17995","0.19549607284994383","0.19549607284994383","0.19549607284994383"
"18001","0.19549607284994383","0.19549607284994383","0.19549607284994383"
"18007","0.19549607284994383","0.19549607284994383","0.19549607284994383"
"18013","0.19549607284994383","0.19549607284994383","0.19549607284994383"
"18023","0.19549607284994383","0.19549607284994383","0.19549607284994383"
"18027","0.19549607284994383","0.19549607284994383","0.19549607284994383"
"18034","0.1958969811070417","0.1958969811070417","0.1958969811070417"
"18037","0.19619878820786985","0.19619878820786985","0.19619878820786985"
"18046","0.19649879024223427","0.19649879024223427","0.19649879024223427"
"18054","0.19649879024223427","0.19649879024223427","0.19649879024223427"
"18055","0.19649879024223427","0.19649879024223427","0.19649879024223427"
"18062","0.19649879024223427","0.19649879024223427","0.19649879024223427"
"18068","0.19649879024223427","0.19649879024223427","0.19649879024223427"
"18069","0.19649879024223427","0.19649879024223427","0.19649879024223427"
"18086","0.19649879024223427","0.19649879024223427","0.19649879024223427"
"18091","0.19649879024223427","0.19649879024223427","0.19649879024223427"
"18094","0.19649879024223427","0.19649879024223427","0.19649879024223427"
"18102","0.19649879024223427","0.19649879024223427","0.19649879024223427"
"18108","0.19649879024223427","0.19649879024223427","0.19649879024223427"
"18109","0.19649879024223427","0.19649879024223427","0.19649879024223427"
"18117","0.19649879024223427","0.19649879024223427","0.19649879024223427"
"18118","0.19649879024223427","0.19649879024223427","0.19649879024223427"
"18119","0.19649879024223427","0.19649879024223427","0.19649879024223427"
"18121","0.19649879024223427","0.19649879024223427","0.19649879024223427"
"18122","0.19649879024223427","0.19649879024223427","0.19649879024223427"
"18136","0.19649879024223427","0.19649879024223427","0.19649879024223427"
"18137","0.19649879024223427","0.19649879024223427","0.19649879024223427"
"18145","0.1970023934441635","0.1970023934441635","0.1970023934441635"
"18161","0.1975050880082537","0.1975050880082537","0.1975050880082537"
"18171","0.1975050880082537","0.1975050880082537","0.1975050880082537"
"18173","0.1975050880082537","0.1975050880082537","0.1975050880082537"
"18177","0.1975050880082537","0.1975050880082537","0.1975050880082537"
"18181","0.1975050880082537","0.1975050880082537","0.1975050880082537"
"18182","0.1975050880082537","0.1975050880082537","0.1975050880082537"
"18185","0.1975050880082537","0.1975050880082537","0.1975050880082537"
"18192","0.1975050880082537","0.1975050880082537","0.1975050880082537"
"18193","0.1975050880082537","0.1975050880082537","0.1975050880082537"
"18203","0.1975050880082537","0.1975050880082537","0.1975050880082537"
"18205","0.1975050880082537","0.1975050880082537","0.1975050880082537"
"18217","0.1975050880082537","0.1975050880082537","0.1975050880082537"
"18218","0.1975050880082537","0.1975050880082537","0.1975050880082537"
"18236","0.1975050880082537","0.1975050880082537","0.1975050880082537"
"18254","0.19790694303378875","0.19790694303378875","0.19790694303378875"
"18260","0.19850872822769178","0.19850872822769178","0.19850872822769178"
"18262","0.19850872822769178","0.19850872822769178","0.19850872822769178"
"18265","0.19850872822769178","0.19850872822769178","0.19850872822769178"
"18277","0.19850872822769178","0.19850872822769178","0.19850872822769178"
"18308","0.19850872822769178","0.19850872822769178","0.19850872822769178"
"18312","0.19850872822769178","0.19850872822769178","0.19850872822769178"
"18319","0.19850872822769178","0.19850872822769178","0.19850872822769178"
"18322","0.19850872822769178","0.19850872822769178","0.19850872822769178"
"18330","0.19850872822769178","0.19850872822769178","0.19850872822769178"
"18332","0.19850872822769178","0.19850872822769178","0.19850872822769178"
"18334","0.19850872822769178","0.19850872822769178","0.19850872822769178"
"18347","0.19850872822769178","0.19850872822769178","0.19850872822769178"
"18363","0.19881050718101548","0.19881050718101548","0.19881050718101548"
"18364","0.19891139604874292","0.19891139604874292","0.19891139604874292"
"18365","0.19901228385822023","0.19901228385822023","0.19901228385822023"
"18370","0.1995167070329715","0.1995167070329715","0.1995167070329715"
"18373","0.1995167070329715","0.1995167070329715","0.1995167070329715"
"18385","0.1995167070329715","0.1995167070329715","0.1995167070329715"
"18391","0.1995167070329715","0.1995167070329715","0.1995167070329715"
"18397","0.1995167070329715","0.1995167070329715","0.1995167070329715"
"18405","0.1995167070329715","0.1995167070329715","0.1995167070329715"
"18409","0.1995167070329715","0.1995167070329715","0.1995167070329715"
"18413","0.1995167070329715","0.1995167070329715","0.1995167070329715"
"18416","0.1995167070329715","0.1995167070329715","0.1995167070329715"
"18431","0.1995167070329715","0.1995167070329715","0.1995167070329715"
"18432","0.1995167070329715","0.1995167070329715","0.1995167070329715"
"18436","0.1995167070329715","0.1995167070329715","0.1995167070329715"
"18437","0.1995167070329715","0.1995167070329715","0.1995167070329715"
"18442","0.1995167070329715","0.1995167070329715","0.1995167070329715"
"18447","0.1995167070329715","0.1995167070329715","0.1995167070329715"
"18450","0.1995167070329715","0.1995167070329715","0.1995167070329715"
"18452","0.1995167070329715","0.1995167070329715","0.1995167070329715"
"18453","0.1995167070329715","0.1995167070329715","0.1995167070329715"
"18456","0.1995167070329715","0.1995167070329715","0.1995167070329715"
"18471","0.1996167089721326","0.1996167089721326","0.1996167089721326"
"18477","0.20021759043282827","0.20021759043282827","0.20021759043282827"
"18479","0.20041934829266214","0.20041934829266214","0.20041934829266214"
"18483","0.20052022662388497","0.20052022662388497","0.20052022662388497"
"18487","0.20052022662388497","0.20052022662388497","0.20052022662388497"
"18489","0.20052022662388497","0.20052022662388497","0.20052022662388497"
"18494","0.20052022662388497","0.20052022662388497","0.20052022662388497"
"18500","0.20052022662388497","0.20052022662388497","0.20052022662388497"
"18507","0.20052022662388497","0.20052022662388497","0.20052022662388497"
"18522","0.20052022662388497","0.20052022662388497","0.20052022662388497"
"18531","0.20052022662388497","0.20052022662388497","0.20052022662388497"
"18533","0.20052022662388497","0.20052022662388497","0.20052022662388497"
"18536","0.20052022662388497","0.20052022662388497","0.20052022662388497"
"18542","0.20052022662388497","0.20052022662388497","0.20052022662388497"
"18550","0.20052022662388497","0.20052022662388497","0.20052022662388497"
"18551","0.20052022662388497","0.20052022662388497","0.20052022662388497"
"18571","0.20052022662388497","0.20052022662388497","0.20052022662388497"
"18577","0.20052022662388497","0.20052022662388497","0.20052022662388497"
"18581","0.20062110391137689","0.20062110391137689","0.20062110391137689"
"18584","0.2009219820661378","0.2009219820661378","0.2009219820661378"
"18585","0.20102285536171366","0.20102285536171366","0.20102285536171366"
"18590","0.20152547475183438","0.20152547475183438","0.20152547475183438"
"18594","0.20152547475183438","0.20152547475183438","0.20152547475183438"
"18613","0.20152547475183438","0.20152547475183438","0.20152547475183438"
"18620","0.20152547475183438","0.20152547475183438","0.20152547475183438"
"18635","0.20152547475183438","0.20152547475183438","0.20152547475183438"
"18637","0.20152547475183438","0.20152547475183438","0.20152547475183438"
"18651","0.20152547475183438","0.20152547475183438","0.20152547475183438"
"18664","0.20152547475183438","0.20152547475183438","0.20152547475183438"
"18667","0.20152547475183438","0.20152547475183438","0.20152547475183438"
"18668","0.20152547475183438","0.20152547475183438","0.20152547475183438"
"18669","0.20152547475183438","0.20152547475183438","0.20152547475183438"
"18670","0.20152547475183438","0.20152547475183438","0.20152547475183438"
"18672","0.20152547475183438","0.20152547475183438","0.20152547475183438"
"18673","0.20152547475183438","0.20152547475183438","0.20152547475183438"
"18678","0.20152547475183438","0.20152547475183438","0.20152547475183438"
"18685","0.20152547475183438","0.20152547475183438","0.20152547475183438"
"18689","0.20152547475183438","0.20152547475183438","0.20152547475183438"
"18692","0.20112547476193923","0.20112547476193923","0.20112547476193923"
"18705","0.19952547480235863","0.19952547480235863","0.19952547480235863"
"18711","0.19952547480235863","0.19952547480235863","0.19952547480235863"
"18722","0.19952547480235863","0.19952547480235863","0.19952547480235863"
"18740","0.19952547480235863","0.19952547480235863","0.19952547480235863"
"18743","0.19952547480235863","0.19952547480235863","0.19952547480235863"
"18755","0.19952547480235863","0.19952547480235863","0.19952547480235863"
"18776","0.19952547480235863","0.19952547480235863","0.19952547480235863"
"18780","0.19952547480235863","0.19952547480235863","0.19952547480235863"
"18781","0.19952547480235863","0.19952547480235863","0.19952547480235863"
"18793","0.19952547480235863","0.19952547480235863","0.19952547480235863"
"18800","0.19952547480235863","0.19952547480235863","0.19952547480235863"
"18803","0.20012547478720136","0.20012547478720136","0.20012547478720136"
"18806","0.20072547477204408","0.20072547477204408","0.20072547477204408"
"18818","0.20152547475183438","0.20152547475183438","0.20152547475183438"
"18820","0.20152547475183438","0.20152547475183438","0.20152547475183438"
"18821","0.20152547475183438","0.20152547475183438","0.20152547475183438"
"18825","0.20152547475183438","0.20152547475183438","0.20152547475183438"
"18826","0.20152547475183438","0.20152547475183438","0.20152547475183438"
"18841","0.20152547475183438","0.20152547475183438","0.20152547475183438"
"18844","0.20152547475183438","0.20152547475183438","0.20152547475183438"
"18849","0.20152547475183438","0.20152547475183438","0.20152547475183438"
"18864","0.20152547475183438","0.20152547475183438","0.20152547475183438"
"18870","0.20152547475183438","0.20152547475183438","0.20152547475183438"
"18872","0.20152547475183438","0.20152547475183438","0.20152547475183438"
"18874","0.20152547475183438","0.20152547475183438","0.20152547475183438"
"18876","0.20152547475183438","0.20152547475183438","0.20152547475183438"
"18878","0.20152547475183438","0.20152547475183438","0.20152547475183438"
"18879","0.20152547475183438","0.20152547475183438","0.20152547475183438"
"18888","0.20152547475183438","0.20152547475183438","0.20152547475183438"
"18891","0.20152547475183438","0.20152547475183438","0.20152547475183438"
"18894","0.20152547475183438","0.20152547475183438","0.20152547475183438"
"18898","0.20152547475183438","0.20152547475183438","0.20152547475183438"
"18904","0.20152547475183438","0.20152547475183438","0.20152547475183438"
"18913","0.20182808485332","0.20182808485332","0.20182808485332"
"18920","0.20253235100694542","0.20253235100694542","0.20253235100694542"
"18923","0.20253235100694542","0.20253235100694542","0.20253235100694542"
"18925","0.20253235100694542","0.20253235100694542","0.20253235100694542"
"18934","0.20253235100694542","0.20253235100694542","0.20253235100694542"
"18935","0.20253235100694542","0.20253235100694542","0.20253235100694542"
"18938","0.20253235100694542","0.20253235100694542","0.20253235100694542"
"18946","0.20253235100694542","0.20253235100694542","0.20253235100694542"
"18949","0.20253235100694542","0.20253235100694542","0.20253235100694542"
"18950","0.20253235100694542","0.20253235100694542","0.20253235100694542"
"18951","0.20253235100694542","0.20253235100694542","0.20253235100694542"
"18975","0.20253235100694542","0.20253235100694542","0.20253235100694542"
"18976","0.20253235100694542","0.20253235100694542","0.20253235100694542"
"18983","0.20253235100694542","0.20253235100694542","0.20253235100694542"
"18985","0.20253235100694542","0.20253235100694542","0.20253235100694542"
"18987","0.20253235100694542","0.20253235100694542","0.20253235100694542"
"18990","0.20253235100694542","0.20253235100694542","0.20253235100694542"
"18996","0.20253235100694542","0.20253235100694542","0.20253235100694542"
"19003","0.20253235100694542","0.20253235100694542","0.20253235100694542"
"19006","0.20253235100694542","0.20253235100694542","0.20253235100694542"
"19007","0.20253235100694542","0.20253235100694542","0.20253235100694542"
"19010","0.20253235100694542","0.20253235100694542","0.20253235100694542"
"19027","0.20183019108015574","0.20183019108015574","0.20183019108015574"
"19032","0.2015275884834194","0.2015275884834194","0.2015275884834194"
"19040","0.2015275884834194","0.2015275884834194","0.2015275884834194"
"19042","0.2015275884834194","0.2015275884834194","0.2015275884834194"
"19044","0.2015275884834194","0.2015275884834194","0.2015275884834194"
"19046","0.2015275884834194","0.2015275884834194","0.2015275884834194"
"19062","0.2015275884834194","0.2015275884834194","0.2015275884834194"
"19069","0.2015275884834194","0.2015275884834194","0.2015275884834194"
"19073","0.2015275884834194","0.2015275884834194","0.2015275884834194"
"19076","0.2015275884834194","0.2015275884834194","0.2015275884834194"
"19093","0.2015275884834194","0.2015275884834194","0.2015275884834194"
"19095","0.2015275884834194","0.2015275884834194","0.2015275884834194"
"19109","0.2015275884834194","0.2015275884834194","0.2015275884834194"
"19111","0.2015275884834194","0.2015275884834194","0.2015275884834194"
"19116","0.2015275884834194","0.2015275884834194","0.2015275884834194"
"19126","0.2015275884834194","0.2015275884834194","0.2015275884834194"
"19136","0.20213062207288246","0.20213062207288246","0.20213062207288246"
"19139","0.20243321209680062","0.20243321209680062","0.20243321209680062"
"19140","0.2025340740261883","0.2025340740261883","0.2025340740261883"
"19148","0.2025340740261883","0.2025340740261883","0.2025340740261883"
"19167","0.2025340740261883","0.2025340740261883","0.2025340740261883"
"19168","0.2025340740261883","0.2025340740261883","0.2025340740261883"
"19170","0.2025340740261883","0.2025340740261883","0.2025340740261883"
"19177","0.2025340740261883","0.2025340740261883","0.2025340740261883"
"19180","0.2025340740261883","0.2025340740261883","0.2025340740261883"
"19197","0.2025340740261883","0.2025340740261883","0.2025340740261883"
"19199","0.2025340740261883","0.2025340740261883","0.2025340740261883"
"19201","0.2025340740261883","0.2025340740261883","0.2025340740261883"
"19208","0.2025340740261883","0.2025340740261883","0.2025340740261883"
"19210","0.2025340740261883","0.2025340740261883","0.2025340740261883"
"19216","0.2025340740261883","0.2025340740261883","0.2025340740261883"
"19222","0.2025340740261883","0.2025340740261883","0.2025340740261883"
"19225","0.2025340740261883","0.2025340740261883","0.2025340740261883"
"19236","0.2025340740261883","0.2025340740261883","0.2025340740261883"
"19251","0.20353861571221354","0.20353861571221354","0.20353861571221354"
"19256","0.20353861571221354","0.20353861571221354","0.20353861571221354"
"19258","0.20353861571221354","0.20353861571221354","0.20353861571221354"
"19261","0.20353861571221354","0.20353861571221354","0.20353861571221354"
"19263","0.20353861571221354","0.20353861571221354","0.20353861571221354"
"19266","0.20353861571221354","0.20353861571221354","0.20353861571221354"
"19281","0.20353861571221354","0.20353861571221354","0.20353861571221354"
"19290","0.20353861571221354","0.20353861571221354","0.20353861571221354"
"19296","0.20353861571221354","0.20353861571221354","0.20353861571221354"
"19297","0.20353861571221354","0.20353861571221354","0.20353861571221354"
"19320","0.20353861571221354","0.20353861571221354","0.20353861571221354"
"19326","0.20353861571221354","0.20353861571221354","0.20353861571221354"
"19350","0.20353861571221354","0.20353861571221354","0.20353861571221354"
"19359","0.2026343254959837","0.2026343254959837","0.2026343254959837"
"19371","0.20253432457187714","0.20253432457187714","0.20253432457187714"
"19377","0.20253432457187714","0.20253432457187714","0.20253432457187714"
"19381","0.20253432457187714","0.20253432457187714","0.20253432457187714"
"19388","0.20253432457187714","0.20253432457187714","0.20253432457187714"
"19389","0.20253432457187714","0.20253432457187714","0.20253432457187714"
"19396","0.20253432457187714","0.20253432457187714","0.20253432457187714"
"19405","0.20253432457187714","0.20253432457187714","0.20253432457187714"
"19408","0.20253432457187714","0.20253432457187714","0.20253432457187714"
"19411","0.20253432457187714","0.20253432457187714","0.20253432457187714"
"19414","0.20253432457187714","0.20253432457187714","0.20253432457187714"
"19416","0.20253432457187714","0.20253432457187714","0.20253432457187714"
"19435","0.20253432457187714","0.20253432457187714","0.20253432457187714"
"19446","0.20253432457187714","0.20253432457187714","0.20253432457187714"
"19450","0.20253432457187714","0.20253432457187714","0.20253432457187714"
"19464","0.20293733046649493","0.20293733046649493","0.20293733046649493"
"19471","0.20353989870368605","0.20353989870368605","0.20353989870368605"
"19478","0.20353989870368605","0.20353989870368605","0.20353989870368605"
"19481","0.20353989870368605","0.20353989870368605","0.20353989870368605"
"19486","0.20353989870368605","0.20353989870368605","0.20353989870368605"
"19489","0.20353989870368605","0.20353989870368605","0.20353989870368605"
"19494","0.20353989870368605","0.20353989870368605","0.20353989870368605"
"19499","0.20353989870368605","0.20353989870368605","0.20353989870368605"
"19507","0.20353989870368605","0.20353989870368605","0.20353989870368605"
"19510","0.20353989870368605","0.20353989870368605","0.20353989870368605"
"19511","0.20353989870368605","0.20353989870368605","0.20353989870368605"
"19516","0.20353989870368605","0.20353989870368605","0.20353989870368605"
"19518","0.20353989870368605","0.20353989870368605","0.20353989870368605"
"19525","0.20353989870368605","0.20353989870368605","0.20353989870368605"
"19529","0.20353989870368605","0.20353989870368605","0.20353989870368605"
"19534","0.20353989870368605","0.20353989870368605","0.20353989870368605"
"19545","0.20353989870368605","0.20353989870368605","0.20353989870368605"
"19546","0.20353989870368605","0.20353989870368605","0.20353989870368605"
"19548","0.20353989870368605","0.20353989870368605","0.20353989870368605"
"19564","0.20353989870368605","0.20353989870368605","0.20353989870368605"
"19567","0.20353989870368605","0.20353989870368605","0.20353989870368605"
"19570","0.20353989870368605","0.20353989870368605","0.20353989870368605"
"19572","0.2037413595626659","0.2037413595626659","0.2037413595626659"
"19581","0.20454433794055518","0.20454433794055518","0.20454433794055518"
"19582","0.20454433794055518","0.20454433794055518","0.20454433794055518"
"19585","0.20454433794055518","0.20454433794055518","0.20454433794055518"
"19592","0.20454433794055518","0.20454433794055518","0.20454433794055518"
"19595","0.20454433794055518","0.20454433794055518","0.20454433794055518"
"19603","0.20454433794055518","0.20454433794055518","0.20454433794055518"
"19604","0.20454433794055518","0.20454433794055518","0.20454433794055518"
"19618","0.20454433794055518","0.20454433794055518","0.20454433794055518"
"19620","0.20454433794055518","0.20454433794055518","0.20454433794055518"
"19627","0.20454433794055518","0.20454433794055518","0.20454433794055518"
"19634","0.20454433794055518","0.20454433794055518","0.20454433794055518"
"19653","0.20454433794055518","0.20454433794055518","0.20454433794055518"
"19654","0.20454433794055518","0.20454433794055518","0.20454433794055518"
"19659","0.20454433794055518","0.20454433794055518","0.20454433794055518"
"19660","0.20454433794055518","0.20454433794055518","0.20454433794055518"
"19673","0.20454433794055518","0.20454433794055518","0.20454433794055518"
"19676","0.20454433794055518","0.20454433794055518","0.20454433794055518"
"19680","0.20454433794055518","0.20454433794055518","0.20454433794055518"
"19681","0.20464518681592242","0.20464518681592242","0.20464518681592242"
"19683","0.20484518861129478","0.20484518861129478","0.20484518861129478"
"19686","0.20514688159369557","0.20514688159369557","0.20514688159369557"
"19695","0.2055494163626491","0.2055494163626491","0.2055494163626491"
"19704","0.2055494163626491","0.2055494163626491","0.2055494163626491"
"19709","0.2055494163626491","0.2055494163626491","0.2055494163626491"
"19711","0.2055494163626491","0.2055494163626491","0.2055494163626491"
"19712","0.2055494163626491","0.2055494163626491","0.2055494163626491"
"19716","0.2055494163626491","0.2055494163626491","0.2055494163626491"
"19718","0.2055494163626491","0.2055494163626491","0.2055494163626491"
"19725","0.2055494163626491","0.2055494163626491","0.2055494163626491"
"19740","0.2055494163626491","0.2055494163626491","0.2055494163626491"
"19761","0.2055494163626491","0.2055494163626491","0.2055494163626491"
"19768","0.2055494163626491","0.2055494163626491","0.2055494163626491"
"19777","0.2055494163626491","0.2055494163626491","0.2055494163626491"
"19787","0.2055494163626491","0.2055494163626491","0.2055494163626491"
"19805","0.20655529649922383","0.20655529649922383","0.20655529649922383"
"19809","0.20655529649922383","0.20655529649922383","0.20655529649922383"
"19836","0.20655529649922383","0.20655529649922383","0.20655529649922383"
"19839","0.20655529649922383","0.20655529649922383","0.20655529649922383"
"19841","0.20655529649922383","0.20655529649922383","0.20655529649922383"
"19843","0.20655529649922383","0.20655529649922383","0.20655529649922383"
"19864","0.20655529649922383","0.20655529649922383","0.20655529649922383"
"19878","0.20655529649922383","0.20655529649922383","0.20655529649922383"
"19883","0.20655529649922383","0.20655529649922383","0.20655529649922383"
"19891","0.20655529649922383","0.20655529649922383","0.20655529649922383"
"19899","0.20655529649922383","0.20655529649922383","0.20655529649922383"
"19900","0.20655529649922383","0.20655529649922383","0.20655529649922383"
"19901","0.20635529650427625","0.20635529650427625","0.20635529650427625"
"19906","0.20535529652953838","0.20535529652953838","0.20535529652953838"
"19911","0.20455529654974808","0.20455529654974808","0.20455529654974808"
"19912","0.20455529654974808","0.20455529654974808","0.20455529654974808"
"19916","0.20455529654974808","0.20455529654974808","0.20455529654974808"
"19918","0.20455529654974808","0.20455529654974808","0.20455529654974808"
"19924","0.20455529654974808","0.20455529654974808","0.20455529654974808"
"19929","0.20455529654974808","0.20455529654974808","0.20455529654974808"
"19931","0.20455529654974808","0.20455529654974808","0.20455529654974808"
"19934","0.20455529654974808","0.20455529654974808","0.20455529654974808"
"19935","0.20455529654974808","0.20455529654974808","0.20455529654974808"
"19937","0.20455529654974808","0.20455529654974808","0.20455529654974808"
"19938","0.20455529654974808","0.20455529654974808","0.20455529654974808"
"19939","0.20455529654974808","0.20455529654974808","0.20455529654974808"
"19946","0.20455529654974808","0.20455529654974808","0.20455529654974808"
"19950","0.20455529654974808","0.20455529654974808","0.20455529654974808"
"19981","0.20455529654974808","0.20455529654974808","0.20455529654974808"
"19986","0.20455529654974808","0.20455529654974808","0.20455529654974808"
"19992","0.20455529654974808","0.20455529654974808","0.20455529654974808"
"20001","0.20455529654974808","0.20455529654974808","0.20455529654974808"
"20010","0.20455529654974808","0.20455529654974808","0.20455529654974808"
"20011","0.20475529654469565","0.20475529654469565","0.20475529654469565"
"20014","0.20535529652953838","0.20535529652953838","0.20535529652953838"
"20018","0.20615529650932868","0.20615529650932868","0.20615529650932868"
"20019","0.20635529650427625","0.20635529650427625","0.20635529650427625"
"20026","0.20655529649922383","0.20655529649922383","0.20655529649922383"
"20029","0.20655529649922383","0.20655529649922383","0.20655529649922383"
"20033","0.20655529649922383","0.20655529649922383","0.20655529649922383"
"20043","0.20655529649922383","0.20655529649922383","0.20655529649922383"
"20046","0.20655529649922383","0.20655529649922383","0.20655529649922383"
"20054","0.20655529649922383","0.20655529649922383","0.20655529649922383"
"20062","0.20655529649922383","0.20655529649922383","0.20655529649922383"
"20069","0.20655529649922383","0.20655529649922383","0.20655529649922383"
"20072","0.20655529649922383","0.20655529649922383","0.20655529649922383"
"20079","0.20655529649922383","0.20655529649922383","0.20655529649922383"
"20088","0.20655529649922383","0.20655529649922383","0.20655529649922383"
"20092","0.20655529649922383","0.20655529649922383","0.20655529649922383"
"20101","0.20655529649922383","0.20655529649922383","0.20655529649922383"
"20118","0.20655529649922383","0.20655529649922383","0.20655529649922383"
"20120","0.20655529649922383","0.20655529649922383","0.20655529649922383"
"20122","0.20675828704400678","0.20675828704400678","0.20675828704400678"
"20129","0.2074624407231732","0.2074624407231732","0.2074624407231732"
"20130","0.20756326858245408","0.20756326858245408","0.20756326858245408"
"20131","0.20756326858245408","0.20756326858245408","0.20756326858245408"
"20135","0.20756326858245408","0.20756326858245408","0.20756326858245408"
"20137","0.20756326858245408","0.20756326858245408","0.20756326858245408"
"20156","0.20756326858245408","0.20756326858245408","0.20756326858245408"
"20166","0.20756326858245408","0.20756326858245408","0.20756326858245408"
"20170","0.20756326858245408","0.20756326858245408","0.20756326858245408"
"20178","0.20756326858245408","0.20756326858245408","0.20756326858245408"
"20184","0.20756326858245408","0.20756326858245408","0.20756326858245408"
"20192","0.20756326858245408","0.20756326858245408","0.20756326858245408"
"20199","0.20756326858245408","0.20756326858245408","0.20756326858245408"
"20205","0.20756326858245408","0.20756326858245408","0.20756326858245408"
"20208","0.20756326858245408","0.20756326858245408","0.20756326858245408"
"20209","0.20756326858245408","0.20756326858245408","0.20756326858245408"
"20213","0.20756326858245408","0.20756326858245408","0.20756326858245408"
"20231","0.20766327028878626","0.20766327028878626","0.20766327028878626"
"20232","0.20776327028978744","0.20776327028978744","0.20776327028978744"
"20233","0.2078636830048065","0.2078636830048065","0.2078636830048065"
"20241","0.20856698383325956","0.20856698383325956","0.20856698383325956"
"20249","0.20856698383325956","0.20856698383325956","0.20856698383325956"
"20252","0.20856698383325956","0.20856698383325956","0.20856698383325956"
"20253","0.20856698383325956","0.20856698383325956","0.20856698383325956"
"20257","0.20856698383325956","0.20856698383325956","0.20856698383325956"
"20259","0.20856698383325956","0.20856698383325956","0.20856698383325956"
"20265","0.20856698383325956","0.20856698383325956","0.20856698383325956"
"20266","0.20856698383325956","0.20856698383325956","0.20856698383325956"
"20277","0.20856698383325956","0.20856698383325956","0.20856698383325956"
"20278","0.20856698383325956","0.20856698383325956","0.20856698383325956"
"20285","0.20856698383325956","0.20856698383325956","0.20856698383325956"
"20290","0.20856698383325956","0.20856698383325956","0.20856698383325956"
"20297","0.20856698383325956","0.20856698383325956","0.20856698383325956"
"20302","0.20856698383325956","0.20856698383325956","0.20856698383325956"
"20315","0.20856698383325956","0.20856698383325956","0.20856698383325956"
"20317","0.20856698383325956","0.20856698383325956","0.20856698383325956"
"20337","0.20856698383325956","0.20856698383325956","0.20856698383325956"
"20338","0.20856698383325956","0.20856698383325956","0.20856698383325956"
"20345","0.20906944886348988","0.20906944886348988","0.20906944886348988"
"20350","0.20957190394849146","0.20957190394849146","0.20957190394849146"
"20355","0.20957190394849146","0.20957190394849146","0.20957190394849146"
"20372","0.20957190394849146","0.20957190394849146","0.20957190394849146"
"20381","0.20957190394849146","0.20957190394849146","0.20957190394849146"
"20384","0.20957190394849146","0.20957190394849146","0.20957190394849146"
"20386","0.20957190394849146","0.20957190394849146","0.20957190394849146"
"20387","0.20957190394849146","0.20957190394849146","0.20957190394849146"
"20390","0.20957190394849146","0.20957190394849146","0.20957190394849146"
"20392","0.20957190394849146","0.20957190394849146","0.20957190394849146"
"20393","0.20957190394849146","0.20957190394849146","0.20957190394849146"
"20397","0.20957190394849146","0.20957190394849146","0.20957190394849146"
"20399","0.20957190394849146","0.20957190394849146","0.20957190394849146"
"20401","0.20957190394849146","0.20957190394849146","0.20957190394849146"
"20407","0.20957190394849146","0.20957190394849146","0.20957190394849146"
"20411","0.20957190394849146","0.20957190394849146","0.20957190394849146"
"20421","0.20957190394849146","0.20957190394849146","0.20957190394849146"
"20423","0.20957190394849146","0.20957190394849146","0.20957190394849146"
"20425","0.20957190394849146","0.20957190394849146","0.20957190394849146"
"20434","0.20957190394849146","0.20957190394849146","0.20957190394849146"
"20435","0.20957190394849146","0.20957190394849146","0.20957190394849146"
"20437","0.20957190394849146","0.20957190394849146","0.20957190394849146"
"20442","0.20957190394849146","0.20957190394849146","0.20957190394849146"
"20462","0.20856852806528745","0.20856852806528745","0.20856852806528745"
"20463","0.20856852806528745","0.20856852806528745","0.20856852806528745"
"20484","0.20856852806528745","0.20856852806528745","0.20856852806528745"
"20494","0.20856852806528745","0.20856852806528745","0.20856852806528745"
"20525","0.20856852806528745","0.20856852806528745","0.20856852806528745"
"20535","0.20856852806528745","0.20856852806528745","0.20856852806528745"
"20548","0.20856852806528745","0.20856852806528745","0.20856852806528745"
"20554","0.20856852806528745","0.20856852806528745","0.20856852806528745"
"20557","0.20856852806528745","0.20856852806528745","0.20856852806528745"
"20568","0.20937384509569507","0.20937384509569507","0.20937384509569507"
"20569","0.2094746581951681","0.2094746581951681","0.2094746581951681"
"20574","0.20957547201464713","0.20957547201464713","0.20957547201464713"
"20577","0.20957547201464713","0.20957547201464713","0.20957547201464713"
"20579","0.20957547201464713","0.20957547201464713","0.20957547201464713"
"20587","0.20957547201464713","0.20957547201464713","0.20957547201464713"
"20588","0.20957547201464713","0.20957547201464713","0.20957547201464713"
"20596","0.20957547201464713","0.20957547201464713","0.20957547201464713"
"20597","0.20957547201464713","0.20957547201464713","0.20957547201464713"
"20602","0.20957547201464713","0.20957547201464713","0.20957547201464713"
"20607","0.20957547201464713","0.20957547201464713","0.20957547201464713"
"20609","0.20957547201464713","0.20957547201464713","0.20957547201464713"
"20621","0.20957547201464713","0.20957547201464713","0.20957547201464713"
"20628","0.20957547201464713","0.20957547201464713","0.20957547201464713"
"20633","0.20957547201464713","0.20957547201464713","0.20957547201464713"
"20652","0.20957547201464713","0.20957547201464713","0.20957547201464713"
"20655","0.20957547201464713","0.20957547201464713","0.20957547201464713"
"20659","0.20957547201464713","0.20957547201464713","0.20957547201464713"
"20667","0.20957547201464713","0.20957547201464713","0.20957547201464713"
"20668","0.20957547201464713","0.20957547201464713","0.20957547201464713"
"20683","0.21058033545602528","0.21058033545602528","0.21058033545602528"
"20695","0.21058033545602528","0.21058033545602528","0.21058033545602528"
"20706","0.21058033545602528","0.21058033545602528","0.21058033545602528"
"20713","0.21058033545602528","0.21058033545602528","0.21058033545602528"
"20721","0.21058033545602528","0.21058033545602528","0.21058033545602528"
"20723","0.21058033545602528","0.21058033545602528","0.21058033545602528"
"20725","0.21058033545602528","0.21058033545602528","0.21058033545602528"
"20731","0.21058033545602528","0.21058033545602528","0.21058033545602528"
"20748","0.21058033545602528","0.21058033545602528","0.21058033545602528"
"20756","0.21058033545602528","0.21058033545602528","0.21058033545602528"
"20763","0.21058033545602528","0.21058033545602528","0.21058033545602528"
"20766","0.21058033545602528","0.21058033545602528","0.21058033545602528"
"20772","0.21058033545602528","0.21058033545602528","0.21058033545602528"
"20774","0.21058033545602528","0.21058033545602528","0.21058033545602528"
"20781","0.21068114279413575","0.21068114279413575","0.21068114279413575"
"20792","0.211584434732334","0.211584434732334","0.211584434732334"
"20795","0.211584434732334","0.211584434732334","0.211584434732334"
"20797","0.211584434732334","0.211584434732334","0.211584434732334"
"20814","0.211584434732334","0.211584434732334","0.211584434732334"
"20817","0.211584434732334","0.211584434732334","0.211584434732334"
"20820","0.211584434732334","0.211584434732334","0.211584434732334"
"20828","0.211584434732334","0.211584434732334","0.211584434732334"
"20833","0.211584434732334","0.211584434732334","0.211584434732334"
"20835","0.211584434732334","0.211584434732334","0.211584434732334"
"20847","0.211584434732334","0.211584434732334","0.211584434732334"
"20851","0.211584434732334","0.211584434732334","0.211584434732334"
"20853","0.211584434732334","0.211584434732334","0.211584434732334"
"20854","0.211584434732334","0.211584434732334","0.211584434732334"
"20855","0.211584434732334","0.211584434732334","0.211584434732334"
"20868","0.211584434732334","0.211584434732334","0.211584434732334"
"20872","0.211584434732334","0.211584434732334","0.211584434732334"
"20873","0.211584434732334","0.211584434732334","0.211584434732334"
"20891","0.21168523580476536","0.21168523580476536","0.21168523580476536"
"20893","0.2118852374063088","0.2118852374063088","0.2118852374063088"
"20895","0.21208603916478483","0.21208603916478483","0.21208603916478483"
"20926","0.21258843740616287","0.21258843740616287","0.21258843740616287"
"20930","0.21258843740616287","0.21258843740616287","0.21258843740616287"
"20944","0.21258843740616287","0.21258843740616287","0.21258843740616287"
"20971","0.21258843740616287","0.21258843740616287","0.21258843740616287"
"20973","0.21258843740616287","0.21258843740616287","0.21258843740616287"
"20978","0.21258843740616287","0.21258843740616287","0.21258843740616287"
"20982","0.21258843740616287","0.21258843740616287","0.21258843740616287"
"20984","0.21258843740616287","0.21258843740616287","0.21258843740616287"
"20987","0.21258843740616287","0.21258843740616287","0.21258843740616287"
"20993","0.21258843740616287","0.21258843740616287","0.21258843740616287"
"20995","0.21258843740616287","0.21258843740616287","0.21258843740616287"
"21001","0.21268923554306685","0.21268923554306685","0.21268923554306685"
"21018","0.2135947988372365","0.2135947988372365","0.2135947988372365"
"21022","0.2135947988372365","0.2135947988372365","0.2135947988372365"
"21047","0.2135947988372365","0.2135947988372365","0.2135947988372365"
"21048","0.2135947988372365","0.2135947988372365","0.2135947988372365"
"21051","0.2135947988372365","0.2135947988372365","0.2135947988372365"
"21056","0.2135947988372365","0.2135947988372365","0.2135947988372365"
"21059","0.2135947988372365","0.2135947988372365","0.2135947988372365"
"21069","0.2135947988372365","0.2135947988372365","0.2135947988372365"
"21071","0.2135947988372365","0.2135947988372365","0.2135947988372365"
"21075","0.2135947988372365","0.2135947988372365","0.2135947988372365"
"21077","0.2135947988372365","0.2135947988372365","0.2135947988372365"
"21079","0.2135947988372365","0.2135947988372365","0.2135947988372365"
"21083","0.2135947988372365","0.2135947988372365","0.2135947988372365"
"21084","0.2135947988372365","0.2135947988372365","0.2135947988372365"
"21089","0.2135947988372365","0.2135947988372365","0.2135947988372365"
"21092","0.2135947988372365","0.2135947988372365","0.2135947988372365"
"21093","0.2135947988372365","0.2135947988372365","0.2135947988372365"
"21096","0.2135947988372365","0.2135947988372365","0.2135947988372365"
"21098","0.2135947988372365","0.2135947988372365","0.2135947988372365"
"21102","0.2135947988372365","0.2135947988372365","0.2135947988372365"
"21115","0.21309361075616626","0.21309361075616626","0.21309361075616626"
"21116","0.21299281914577475","0.21299281914577475","0.21299281914577475"
"21118","0.21279281758021215","0.21279281758021215","0.21279281758021215"
"21123","0.2125914230127138","0.2125914230127138","0.2125914230127138"
"21128","0.2125914230127138","0.2125914230127138","0.2125914230127138"
"21141","0.2125914230127138","0.2125914230127138","0.2125914230127138"
"21144","0.2125914230127138","0.2125914230127138","0.2125914230127138"
"21149","0.2125914230127138","0.2125914230127138","0.2125914230127138"
"21157","0.2125914230127138","0.2125914230127138","0.2125914230127138"
"21160","0.2125914230127138","0.2125914230127138","0.2125914230127138"
"21164","0.2125914230127138","0.2125914230127138","0.2125914230127138"
"21194","0.2125914230127138","0.2125914230127138","0.2125914230127138"
"21201","0.2125914230127138","0.2125914230127138","0.2125914230127138"
"21218","0.2125914230127138","0.2125914230127138","0.2125914230127138"
"21226","0.21139142304302835","0.21139142304302835","0.21139142304302835"
"21230","0.21059142306323805","0.21059142306323805","0.21059142306323805"
"21243","0.21059142306323805","0.21059142306323805","0.21059142306323805"
"21254","0.21059142306323805","0.21059142306323805","0.21059142306323805"
"21268","0.21059142306323805","0.21059142306323805","0.21059142306323805"
"21271","0.21059142306323805","0.21059142306323805","0.21059142306323805"
"21276","0.21059142306323805","0.21059142306323805","0.21059142306323805"
"21278","0.21059142306323805","0.21059142306323805","0.21059142306323805"
"21279","0.21059142306323805","0.21059142306323805","0.21059142306323805"
"21284","0.21059142306323805","0.21059142306323805","0.21059142306323805"
"21290","0.21059142306323805","0.21059142306323805","0.21059142306323805"
"21312","0.21059142306323805","0.21059142306323805","0.21059142306323805"
"21314","0.21059142306323805","0.21059142306323805","0.21059142306323805"
"21324","0.21059142306323805","0.21059142306323805","0.21059142306323805"
"21327","0.21059142306323805","0.21059142306323805","0.21059142306323805"
"21338","0.21219142302281865","0.21219142302281865","0.21219142302281865"
"21341","0.2125914230127138","0.2125914230127138","0.2125914230127138"
"21352","0.2125914230127138","0.2125914230127138","0.2125914230127138"
"21355","0.2125914230127138","0.2125914230127138","0.2125914230127138"
"21356","0.2125914230127138","0.2125914230127138","0.2125914230127138"
"21357","0.2125914230127138","0.2125914230127138","0.2125914230127138"
"21364","0.2125914230127138","0.2125914230127138","0.2125914230127138"
"21370","0.2125914230127138","0.2125914230127138","0.2125914230127138"
"21382","0.2125914230127138","0.2125914230127138","0.2125914230127138"
"21383","0.2125914230127138","0.2125914230127138","0.2125914230127138"
"21392","0.2125914230127138","0.2125914230127138","0.2125914230127138"
"21404","0.2125914230127138","0.2125914230127138","0.2125914230127138"
"21410","0.2125914230127138","0.2125914230127138","0.2125914230127138"
"21435","0.2125914230127138","0.2125914230127138","0.2125914230127138"
"21441","0.21269498451556526","0.21269498451556526","0.21269498451556526"
"21444","0.212995780723763","0.212995780723763","0.212995780723763"
"21447","0.2132965721114704","0.2132965721114704","0.2132965721114704"
"21449","0.21349814756824947","0.21349814756824947","0.21349814756824947"
"21459","0.2135989347435383","0.2135989347435383","0.2135989347435383"
"21472","0.2135989347435383","0.2135989347435383","0.2135989347435383"
"21474","0.2135989347435383","0.2135989347435383","0.2135989347435383"
"21487","0.2135989347435383","0.2135989347435383","0.2135989347435383"
"21491","0.2135989347435383","0.2135989347435383","0.2135989347435383"
"21493","0.2135989347435383","0.2135989347435383","0.2135989347435383"
"21495","0.2135989347435383","0.2135989347435383","0.2135989347435383"
"21500","0.2135989347435383","0.2135989347435383","0.2135989347435383"
"21504","0.2135989347435383","0.2135989347435383","0.2135989347435383"
"21505","0.2135989347435383","0.2135989347435383","0.2135989347435383"
"21513","0.2135989347435383","0.2135989347435383","0.2135989347435383"
"21530","0.2135989347435383","0.2135989347435383","0.2135989347435383"
"21547","0.2135989347435383","0.2135989347435383","0.2135989347435383"
"21549","0.2135989347435383","0.2135989347435383","0.2135989347435383"
"21573","0.21299859043287173","0.21299859043287173","0.21299859043287173"
"21574","0.21299859043287173","0.21299859043287173","0.21299859043287173"
"21587","0.21299859043287173","0.21299859043287173","0.21299859043287173"
"21588","0.21299859043287173","0.21299859043287173","0.21299859043287173"
"21590","0.21299859043287173","0.21299859043287173","0.21299859043287173"
"21593","0.21299859043287173","0.21299859043287173","0.21299859043287173"
"21594","0.21299859043287173","0.21299859043287173","0.21299859043287173"
"21597","0.21299859043287173","0.21299859043287173","0.21299859043287173"
"21598","0.21299859043287173","0.21299859043287173","0.21299859043287173"
"21603","0.21299859043287173","0.21299859043287173","0.21299859043287173"
"21614","0.21299859043287173","0.21299859043287173","0.21299859043287173"
"21622","0.21299859043287173","0.21299859043287173","0.21299859043287173"
"21625","0.21299859043287173","0.21299859043287173","0.21299859043287173"
"21630","0.21299859043287173","0.21299859043287173","0.21299859043287173"
"21639","0.21299859043287173","0.21299859043287173","0.21299859043287173"
"21641","0.21299859043287173","0.21299859043287173","0.21299859043287173"
"21651","0.21299859043287173","0.21299859043287173","0.21299859043287173"
"21657","0.21299859043287173","0.21299859043287173","0.21299859043287173"
"21666","0.21360244159997654","0.21360244159997654","0.21360244159997654"
"21667","0.21370322395213157","0.21370322395213157","0.21370322395213157"
"21684","0.21400400542506373","0.21400400542506373","0.21400400542506373"
"21693","0.21400400542506373","0.21400400542506373","0.21400400542506373"
"21703","0.21400400542506373","0.21400400542506373","0.21400400542506373"
"21708","0.21400400542506373","0.21400400542506373","0.21400400542506373"
"21714","0.21400400542506373","0.21400400542506373","0.21400400542506373"
"21716","0.21400400542506373","0.21400400542506373","0.21400400542506373"
"21723","0.21400400542506373","0.21400400542506373","0.21400400542506373"
"21729","0.21400400542506373","0.21400400542506373","0.21400400542506373"
"21730","0.21400400542506373","0.21400400542506373","0.21400400542506373"
"21737","0.21400400542506373","0.21400400542506373","0.21400400542506373"
"21740","0.21400400542506373","0.21400400542506373","0.21400400542506373"
"21747","0.21400400542506373","0.21400400542506373","0.21400400542506373"
"21757","0.21400400542506373","0.21400400542506373","0.21400400542506373"
"21765","0.21400400542506373","0.21400400542506373","0.21400400542506373"
"21770","0.21400400542506373","0.21400400542506373","0.21400400542506373"
"21778","0.21240400546548313","0.21240400546548313","0.21240400546548313"
"21784","0.21200400547558798","0.21200400547558798","0.21200400547558798"
"21788","0.21200400547558798","0.21200400547558798","0.21200400547558798"
"21801","0.21200400547558798","0.21200400547558798","0.21200400547558798"
"21806","0.21200400547558798","0.21200400547558798","0.21200400547558798"
"21809","0.21200400547558798","0.21200400547558798","0.21200400547558798"
"21816","0.21200400547558798","0.21200400547558798","0.21200400547558798"
"21829","0.21200400547558798","0.21200400547558798","0.21200400547558798"
"21831","0.21200400547558798","0.21200400547558798","0.21200400547558798"
"21853","0.21200400547558798","0.21200400547558798","0.21200400547558798"
"21856","0.21200400547558798","0.21200400547558798","0.21200400547558798"
"21866","0.21200400547558798","0.21200400547558798","0.21200400547558798"
"21876","0.21200400547558798","0.21200400547558798","0.21200400547558798"
"21881","0.2118040054806404","0.2118040054806404","0.2118040054806404"
"21887","0.21060400551095496","0.21060400551095496","0.21060400551095496"
"21890","0.21000400552611223","0.21000400552611223","0.21000400552611223"
"21892","0.21000400552611223","0.21000400552611223","0.21000400552611223"
"21893","0.21000400552611223","0.21000400552611223","0.21000400552611223"
"21898","0.21000400552611223","0.21000400552611223","0.21000400552611223"
"21901","0.21000400552611223","0.21000400552611223","0.21000400552611223"
"21907","0.21000400552611223","0.21000400552611223","0.21000400552611223"
"21915","0.21000400552611223","0.21000400552611223","0.21000400552611223"
"21920","0.21000400552611223","0.21000400552611223","0.21000400552611223"
"21925","0.21000400552611223","0.21000400552611223","0.21000400552611223"
"21947","0.21000400552611223","0.21000400552611223","0.21000400552611223"
"21953","0.21000400552611223","0.21000400552611223","0.21000400552611223"
"21955","0.21000400552611223","0.21000400552611223","0.21000400552611223"
"21962","0.21000400552611223","0.21000400552611223","0.21000400552611223"
"21970","0.21000400552611223","0.21000400552611223","0.21000400552611223"
"21976","0.21000400552611223","0.21000400552611223","0.21000400552611223"
"21985","0.21000400552611223","0.21000400552611223","0.21000400552611223"
"21986","0.21000400552611223","0.21000400552611223","0.21000400552611223"
"21988","0.21000400552611223","0.21000400552611223","0.21000400552611223"
"22003","0.21200400547558798","0.21200400547558798","0.21200400547558798"
"22005","0.21200400547558798","0.21200400547558798","0.21200400547558798"
"22011","0.21200400547558798","0.21200400547558798","0.21200400547558798"
"22022","0.21200400547558798","0.21200400547558798","0.21200400547558798"
"22024","0.21200400547558798","0.21200400547558798","0.21200400547558798"
"22026","0.21200400547558798","0.21200400547558798","0.21200400547558798"
"22028","0.21200400547558798","0.21200400547558798","0.21200400547558798"
"22033","0.21200400547558798","0.21200400547558798","0.21200400547558798"
"22060","0.21200400547558798","0.21200400547558798","0.21200400547558798"
"22064","0.21200400547558798","0.21200400547558798","0.21200400547558798"
"22065","0.21200400547558798","0.21200400547558798","0.21200400547558798"
"22076","0.21200400547558798","0.21200400547558798","0.21200400547558798"
"22081","0.21200400547558798","0.21200400547558798","0.21200400547558798"
"22087","0.21200400547558798","0.21200400547558798","0.21200400547558798"
"22088","0.21200400547558798","0.21200400547558798","0.21200400547558798"
"22106","0.21080400550590253","0.21080400550590253","0.21080400550590253"
"22118","0.21000400552611223","0.21000400552611223","0.21000400552611223"
"22133","0.21000400552611223","0.21000400552611223","0.21000400552611223"
"22134","0.21000400552611223","0.21000400552611223","0.21000400552611223"
"22141","0.21000400552611223","0.21000400552611223","0.21000400552611223"
"22152","0.21000400552611223","0.21000400552611223","0.21000400552611223"
"22153","0.21000400552611223","0.21000400552611223","0.21000400552611223"
"22173","0.21000400552611223","0.21000400552611223","0.21000400552611223"
"22195","0.21000400552611223","0.21000400552611223","0.21000400552611223"
"22197","0.21000400552611223","0.21000400552611223","0.21000400552611223"
"22205","0.21000400552611223","0.21000400552611223","0.21000400552611223"
"22218","0.21119524762127176","0.21119524762127176","0.21119524762127176"
"22228","0.21099406026182513","0.21099406026182513","0.21099406026182513"
"22229","0.21099406026182513","0.21099406026182513","0.21099406026182513"
"22245","0.21099406026182513","0.21099406026182513","0.21099406026182513"
"22272","0.21099406026182513","0.21099406026182513","0.21099406026182513"
"22284","0.21099406026182513","0.21099406026182513","0.21099406026182513"
"22285","0.21099406026182513","0.21099406026182513","0.21099406026182513"
"22288","0.21099406026182513","0.21099406026182513","0.21099406026182513"
"22289","0.21099406026182513","0.21099406026182513","0.21099406026182513"
"22291","0.21099406026182513","0.21099406026182513","0.21099406026182513"
"22301","0.21099406026182513","0.21099406026182513","0.21099406026182513"
"22309","0.21099406026182513","0.21099406026182513","0.21099406026182513"
"22312","0.21099406026182513","0.21099406026182513","0.21099406026182513"
"22317","0.21099406026182513","0.21099406026182513","0.21099406026182513"
"22318","0.21099406026182513","0.21099406026182513","0.21099406026182513"
"22321","0.21079406026687755","0.21079406026687755","0.21079406026687755"
"22335","0.20899406031234938","0.20899406031234938","0.20899406031234938"
"22337","0.20899406031234938","0.20899406031234938","0.20899406031234938"
"22340","0.20899406031234938","0.20899406031234938","0.20899406031234938"
"22345","0.20899406031234938","0.20899406031234938","0.20899406031234938"
"22352","0.20899406031234938","0.20899406031234938","0.20899406031234938"
"22358","0.20899406031234938","0.20899406031234938","0.20899406031234938"
"22361","0.20899406031234938","0.20899406031234938","0.20899406031234938"
"22365","0.20899406031234938","0.20899406031234938","0.20899406031234938"
"22375","0.20899406031234938","0.20899406031234938","0.20899406031234938"
"22379","0.20899406031234938","0.20899406031234938","0.20899406031234938"
"22384","0.20899406031234938","0.20899406031234938","0.20899406031234938"
"22387","0.20899406031234938","0.20899406031234938","0.20899406031234938"
"22392","0.20899406031234938","0.20899406031234938","0.20899406031234938"
"22393","0.20899406031234938","0.20899406031234938","0.20899406031234938"
"22401","0.20899406031234938","0.20899406031234938","0.20899406031234938"
"22406","0.20899406031234938","0.20899406031234938","0.20899406031234938"
"22427","0.20899406031234938","0.20899406031234938","0.20899406031234938"
"22429","0.20899406031234938","0.20899406031234938","0.20899406031234938"
"22452","0.21099337710372382","0.21099337710372382","0.21099337710372382"
"22467","0.21099337710372382","0.21099337710372382","0.21099337710372382"
"22481","0.21099337710372382","0.21099337710372382","0.21099337710372382"
"22486","0.21099337710372382","0.21099337710372382","0.21099337710372382"
"22487","0.21099337710372382","0.21099337710372382","0.21099337710372382"
"22493","0.21099337710372382","0.21099337710372382","0.21099337710372382"
"22502","0.21099337710372382","0.21099337710372382","0.21099337710372382"
"22524","0.21099337710372382","0.21099337710372382","0.21099337710372382"
"22527","0.21099337710372382","0.21099337710372382","0.21099337710372382"
"22531","0.21099337710372382","0.21099337710372382","0.21099337710372382"
"22535","0.21099337710372382","0.21099337710372382","0.21099337710372382"
"22536","0.21099337710372382","0.21099337710372382","0.21099337710372382"
"22538","0.21099337710372382","0.21099337710372382","0.21099337710372382"
"22544","0.21139515772376377","0.21139515772376377","0.21139515772376377"
"22552","0.211998312996556","0.211998312996556","0.211998312996556"
"22566","0.211998312996556","0.211998312996556","0.211998312996556"
"22574","0.211998312996556","0.211998312996556","0.211998312996556"
"22578","0.211998312996556","0.211998312996556","0.211998312996556"
"22581","0.211998312996556","0.211998312996556","0.211998312996556"
"22594","0.211998312996556","0.211998312996556","0.211998312996556"
"22598","0.211998312996556","0.211998312996556","0.211998312996556"
"22599","0.211998312996556","0.211998312996556","0.211998312996556"
"22600","0.211998312996556","0.211998312996556","0.211998312996556"
"22608","0.211998312996556","0.211998312996556","0.211998312996556"
"22615","0.211998312996556","0.211998312996556","0.211998312996556"
"22618","0.211998312996556","0.211998312996556","0.211998312996556"
"22632","0.211998312996556","0.211998312996556","0.211998312996556"
"22635","0.211998312996556","0.211998312996556","0.211998312996556"
"22644","0.211998312996556","0.211998312996556","0.211998312996556"
"22645","0.211998312996556","0.211998312996556","0.211998312996556"
"22647","0.211998312996556","0.211998312996556","0.211998312996556"
"22649","0.211998312996556","0.211998312996556","0.211998312996556"
"22651","0.21189792149170703","0.21189792149170703","0.21189792149170703"
"22661","0.21099689745918915","0.21099689745918915","0.21099689745918915"
"22667","0.21099689745918915","0.21099689745918915","0.21099689745918915"
"22670","0.21099689745918915","0.21099689745918915","0.21099689745918915"
"22689","0.21099689745918915","0.21099689745918915","0.21099689745918915"
"22694","0.21099689745918915","0.21099689745918915","0.21099689745918915"
"22705","0.21099689745918915","0.21099689745918915","0.21099689745918915"
"22712","0.21099689745918915","0.21099689745918915","0.21099689745918915"
"22714","0.21099689745918915","0.21099689745918915","0.21099689745918915"
"22716","0.21099689745918915","0.21099689745918915","0.21099689745918915"
"22718","0.21099689745918915","0.21099689745918915","0.21099689745918915"
"22724","0.21099689745918915","0.21099689745918915","0.21099689745918915"
"22730","0.21099689745918915","0.21099689745918915","0.21099689745918915"
"22736","0.21099689745918915","0.21099689745918915","0.21099689745918915"
"22747","0.21099689745918915","0.21099689745918915","0.21099689745918915"
"22759","0.21099689745918915","0.21099689745918915","0.21099689745918915"
"22781","0.21200317980140826","0.21200317980140826","0.21200317980140826"
"22790","0.21200317980140826","0.21200317980140826","0.21200317980140826"
"22807","0.21200317980140826","0.21200317980140826","0.21200317980140826"
"22814","0.21200317980140826","0.21200317980140826","0.21200317980140826"
"22815","0.21200317980140826","0.21200317980140826","0.21200317980140826"
"22820","0.21200317980140826","0.21200317980140826","0.21200317980140826"
"22821","0.21200317980140826","0.21200317980140826","0.21200317980140826"
"22827","0.21200317980140826","0.21200317980140826","0.21200317980140826"
"22833","0.21200317980140826","0.21200317980140826","0.21200317980140826"
"22836","0.21200317980140826","0.21200317980140826","0.21200317980140826"
"22838","0.21200317980140826","0.21200317980140826","0.21200317980140826"
"22844","0.21200317980140826","0.21200317980140826","0.21200317980140826"
"22847","0.21200317980140826","0.21200317980140826","0.21200317980140826"
"22849","0.21200317980140826","0.21200317980140826","0.21200317980140826"
"22853","0.21200317980140826","0.21200317980140826","0.21200317980140826"
"22862","0.21200317980140826","0.21200317980140826","0.21200317980140826"
"22866","0.21200317980140826","0.21200317980140826","0.21200317980140826"
"22867","0.21200317980140826","0.21200317980140826","0.21200317980140826"
"22869","0.21200317980140826","0.21200317980140826","0.21200317980140826"
"22870","0.21200317980140826","0.21200317980140826","0.21200317980140826"
"22880","0.2100031798519325","0.2100031798519325","0.2100031798519325"
"22893","0.2100031798519325","0.2100031798519325","0.2100031798519325"
"22900","0.2100031798519325","0.2100031798519325","0.2100031798519325"
"22901","0.2100031798519325","0.2100031798519325","0.2100031798519325"
"22917","0.2100031798519325","0.2100031798519325","0.2100031798519325"
"22924","0.2100031798519325","0.2100031798519325","0.2100031798519325"
"22931","0.2100031798519325","0.2100031798519325","0.2100031798519325"
"22936","0.2100031798519325","0.2100031798519325","0.2100031798519325"
"22957","0.2100031798519325","0.2100031798519325","0.2100031798519325"
"22959","0.2100031798519325","0.2100031798519325","0.2100031798519325"
"22960","0.2100031798519325","0.2100031798519325","0.2100031798519325"
"22961","0.2100031798519325","0.2100031798519325","0.2100031798519325"
"22966","0.2100031798519325","0.2100031798519325","0.2100031798519325"
"22967","0.2100031798519325","0.2100031798519325","0.2100031798519325"
"22972","0.2100031798519325","0.2100031798519325","0.2100031798519325"
"22974","0.2100031798519325","0.2100031798519325","0.2100031798519325"
"22976","0.2100031798519325","0.2100031798519325","0.2100031798519325"
"22978","0.2100031798519325","0.2100031798519325","0.2100031798519325"
"22994","0.2120027120170115","0.2120027120170115","0.2120027120170115"
"23000","0.2120027120170115","0.2120027120170115","0.2120027120170115"
"23001","0.2120027120170115","0.2120027120170115","0.2120027120170115"
"23003","0.2120027120170115","0.2120027120170115","0.2120027120170115"
"23005","0.2120027120170115","0.2120027120170115","0.2120027120170115"
"23006","0.2120027120170115","0.2120027120170115","0.2120027120170115"
"23010","0.2120027120170115","0.2120027120170115","0.2120027120170115"
"23012","0.2120027120170115","0.2120027120170115","0.2120027120170115"
"23014","0.2120027120170115","0.2120027120170115","0.2120027120170115"
"23018","0.2120027120170115","0.2120027120170115","0.2120027120170115"
"23020","0.2120027120170115","0.2120027120170115","0.2120027120170115"
"23021","0.2120027120170115","0.2120027120170115","0.2120027120170115"
"23024","0.2120027120170115","0.2120027120170115","0.2120027120170115"
"23031","0.2120027120170115","0.2120027120170115","0.2120027120170115"
"23034","0.2120027120170115","0.2120027120170115","0.2120027120170115"
"23036","0.2120027120170115","0.2120027120170115","0.2120027120170115"
"23048","0.2120027120170115","0.2120027120170115","0.2120027120170115"
"23056","0.2120027120170115","0.2120027120170115","0.2120027120170115"
"23067","0.2120027120170115","0.2120027120170115","0.2120027120170115"
"23084","0.2120027120170115","0.2120027120170115","0.2120027120170115"
"23087","0.2120027120170115","0.2120027120170115","0.2120027120170115"
"23090","0.2120027120170115","0.2120027120170115","0.2120027120170115"
"23091","0.2121029063143721","0.2121029063143721","0.2121029063143721"
"23120","0.21300797144400493","0.21300797144400493","0.21300797144400493"
"23125","0.21300797144400493","0.21300797144400493","0.21300797144400493"
"23132","0.21300797144400493","0.21300797144400493","0.21300797144400493"
"23136","0.21300797144400493","0.21300797144400493","0.21300797144400493"
"23139","0.21300797144400493","0.21300797144400493","0.21300797144400493"
"23142","0.21300797144400493","0.21300797144400493","0.21300797144400493"
"23143","0.21300797144400493","0.21300797144400493","0.21300797144400493"
"23150","0.21300797144400493","0.21300797144400493","0.21300797144400493"
"23154","0.21300797144400493","0.21300797144400493","0.21300797144400493"
"23159","0.21300797144400493","0.21300797144400493","0.21300797144400493"
"23163","0.21300797144400493","0.21300797144400493","0.21300797144400493"
"23165","0.21300797144400493","0.21300797144400493","0.21300797144400493"
"23171","0.21300797144400493","0.21300797144400493","0.21300797144400493"
"23176","0.21300797144400493","0.21300797144400493","0.21300797144400493"
"23179","0.21300797144400493","0.21300797144400493","0.21300797144400493"
"23182","0.21300797144400493","0.21300797144400493","0.21300797144400493"
"23195","0.21300797144400493","0.21300797144400493","0.21300797144400493"
"23215","0.2140114588391281","0.2140114588391281","0.2140114588391281"
"23224","0.2140114588391281","0.2140114588391281","0.2140114588391281"
"23226","0.2140114588391281","0.2140114588391281","0.2140114588391281"
"23227","0.2140114588391281","0.2140114588391281","0.2140114588391281"
"23231","0.2140114588391281","0.2140114588391281","0.2140114588391281"
"23232","0.2140114588391281","0.2140114588391281","0.2140114588391281"
"23236","0.2140114588391281","0.2140114588391281","0.2140114588391281"
"23246","0.2140114588391281","0.2140114588391281","0.2140114588391281"
"23277","0.2140114588391281","0.2140114588391281","0.2140114588391281"
"23278","0.2140114588391281","0.2140114588391281","0.2140114588391281"
"23285","0.2140114588391281","0.2140114588391281","0.2140114588391281"
"23286","0.2140114588391281","0.2140114588391281","0.2140114588391281"
"23295","0.2140114588391281","0.2140114588391281","0.2140114588391281"
"23300","0.2140114588391281","0.2140114588391281","0.2140114588391281"
"23303","0.2140114588391281","0.2140114588391281","0.2140114588391281"
"23304","0.2140114588391281","0.2140114588391281","0.2140114588391281"
"23308","0.2140114588391281","0.2140114588391281","0.2140114588391281"
"23323","0.2150156962605227","0.2150156962605227","0.2150156962605227"
"23325","0.2150156962605227","0.2150156962605227","0.2150156962605227"
"23326","0.2150156962605227","0.2150156962605227","0.2150156962605227"
"23329","0.2150156962605227","0.2150156962605227","0.2150156962605227"
"23332","0.2150156962605227","0.2150156962605227","0.2150156962605227"
"23335","0.2150156962605227","0.2150156962605227","0.2150156962605227"
"23342","0.2150156962605227","0.2150156962605227","0.2150156962605227"
"23346","0.2150156962605227","0.2150156962605227","0.2150156962605227"
"23348","0.2150156962605227","0.2150156962605227","0.2150156962605227"
"23364","0.2150156962605227","0.2150156962605227","0.2150156962605227"
"23376","0.2150156962605227","0.2150156962605227","0.2150156962605227"
"23385","0.2150156962605227","0.2150156962605227","0.2150156962605227"
"23402","0.2150156962605227","0.2150156962605227","0.2150156962605227"
"23410","0.2150156962605227","0.2150156962605227","0.2150156962605227"
"23411","0.2150156962605227","0.2150156962605227","0.2150156962605227"
"23414","0.2150156962605227","0.2150156962605227","0.2150156962605227"
"23419","0.2150156962605227","0.2150156962605227","0.2150156962605227"
"23425","0.21401569628578482","0.21401569628578482","0.21401569628578482"
"23430","0.21301569631104694","0.21301569631104694","0.21301569631104694"
"23435","0.21301569631104694","0.21301569631104694","0.21301569631104694"
"23437","0.21301569631104694","0.21301569631104694","0.21301569631104694"
"23442","0.21301569631104694","0.21301569631104694","0.21301569631104694"
"23443","0.21301569631104694","0.21301569631104694","0.21301569631104694"
"23450","0.21301569631104694","0.21301569631104694","0.21301569631104694"
"23455","0.21301569631104694","0.21301569631104694","0.21301569631104694"
"23462","0.21301569631104694","0.21301569631104694","0.21301569631104694"
"23463","0.21301569631104694","0.21301569631104694","0.21301569631104694"
"23468","0.21301569631104694","0.21301569631104694","0.21301569631104694"
"23474","0.21301569631104694","0.21301569631104694","0.21301569631104694"
"23477","0.21301569631104694","0.21301569631104694","0.21301569631104694"
"23479","0.21301569631104694","0.21301569631104694","0.21301569631104694"
"23482","0.21301569631104694","0.21301569631104694","0.21301569631104694"
"23498","0.21301569631104694","0.21301569631104694","0.21301569631104694"
"23509","0.21301569631104694","0.21301569631104694","0.21301569631104694"
"23514","0.21301569631104694","0.21301569631104694","0.21301569631104694"
"23521","0.21301569631104694","0.21301569631104694","0.21301569631104694"
"23527","0.21301569631104694","0.21301569631104694","0.21301569631104694"
"23533","0.21361569629588967","0.21361569629588967","0.21361569629588967"
"23543","0.2150156962605227","0.2150156962605227","0.2150156962605227"
"23549","0.2150156962605227","0.2150156962605227","0.2150156962605227"
"23554","0.2150156962605227","0.2150156962605227","0.2150156962605227"
"23561","0.2150156962605227","0.2150156962605227","0.2150156962605227"
"23580","0.2150156962605227","0.2150156962605227","0.2150156962605227"
"23586","0.2150156962605227","0.2150156962605227","0.2150156962605227"
"23589","0.2150156962605227","0.2150156962605227","0.2150156962605227"
"23590","0.2150156962605227","0.2150156962605227","0.2150156962605227"
"23597","0.2150156962605227","0.2150156962605227","0.2150156962605227"
"23598","0.2150156962605227","0.2150156962605227","0.2150156962605227"
"23602","0.2150156962605227","0.2150156962605227","0.2150156962605227"
"23606","0.2150156962605227","0.2150156962605227","0.2150156962605227"
"23610","0.2150156962605227","0.2150156962605227","0.2150156962605227"
"23611","0.2150156962605227","0.2150156962605227","0.2150156962605227"
"23617","0.2150156962605227","0.2150156962605227","0.2150156962605227"
"23619","0.2150156962605227","0.2150156962605227","0.2150156962605227"
"23620","0.2150156962605227","0.2150156962605227","0.2150156962605227"
"23625","0.2150156962605227","0.2150156962605227","0.2150156962605227"
"23636","0.2150156962605227","0.2150156962605227","0.2150156962605227"
"23645","0.21551807128272438","0.21551807128272438","0.21551807128272438"
"23652","0.2160198309270053","0.2160198309270053","0.2160198309270053"
"23654","0.2160198309270053","0.2160198309270053","0.2160198309270053"
"23660","0.2160198309270053","0.2160198309270053","0.2160198309270053"
"23662","0.2160198309270053","0.2160198309270053","0.2160198309270053"
"23664","0.2160198309270053","0.2160198309270053","0.2160198309270053"
"23670","0.2160198309270053","0.2160198309270053","0.2160198309270053"
"23699","0.2160198309270053","0.2160198309270053","0.2160198309270053"
"23708","0.2160198309270053","0.2160198309270053","0.2160198309270053"
"23713","0.2160198309270053","0.2160198309270053","0.2160198309270053"
"23725","0.2160198309270053","0.2160198309270053","0.2160198309270053"
"23727","0.2160198309270053","0.2160198309270053","0.2160198309270053"
"23737","0.2160198309270053","0.2160198309270053","0.2160198309270053"
"23744","0.2160198309270053","0.2160198309270053","0.2160198309270053"
"23748","0.2160198309270053","0.2160198309270053","0.2160198309270053"
"23753","0.21541983094216258","0.21541983094216258","0.21541983094216258"
"23755","0.21501983095226743","0.21501983095226743","0.21501983095226743"
"23764","0.21401983097752955","0.21401983097752955","0.21401983097752955"
"23766","0.21401983097752955","0.21401983097752955","0.21401983097752955"
"23774","0.21401983097752955","0.21401983097752955","0.21401983097752955"
"23784","0.21401983097752955","0.21401983097752955","0.21401983097752955"
"23796","0.21401983097752955","0.21401983097752955","0.21401983097752955"
"23797","0.21401983097752955","0.21401983097752955","0.21401983097752955"
"23801","0.21401983097752955","0.21401983097752955","0.21401983097752955"
"23803","0.21401983097752955","0.21401983097752955","0.21401983097752955"
"23814","0.21401983097752955","0.21401983097752955","0.21401983097752955"
"23815","0.21401983097752955","0.21401983097752955","0.21401983097752955"
"23819","0.21401983097752955","0.21401983097752955","0.21401983097752955"
"23824","0.21401983097752955","0.21401983097752955","0.21401983097752955"
"23829","0.21401983097752955","0.21401983097752955","0.21401983097752955"
"23844","0.21401983097752955","0.21401983097752955","0.21401983097752955"
"23850","0.21401983097752955","0.21401983097752955","0.21401983097752955"
"23852","0.21401983097752955","0.21401983097752955","0.21401983097752955"
"23857","0.21401983097752955","0.21401983097752955","0.21401983097752955"
"23858","0.21401983097752955","0.21401983097752955","0.21401983097752955"
"23859","0.21401983097752955","0.21401983097752955","0.21401983097752955"
"23865","0.21301983100279168","0.21301983100279168","0.21301983100279168"
"23873","0.2120198310280538","0.2120198310280538","0.2120198310280538"
"23876","0.2120198310280538","0.2120198310280538","0.2120198310280538"
"23877","0.2120198310280538","0.2120198310280538","0.2120198310280538"
"23880","0.2120198310280538","0.2120198310280538","0.2120198310280538"
"23883","0.2120198310280538","0.2120198310280538","0.2120198310280538"
"23894","0.2120198310280538","0.2120198310280538","0.2120198310280538"
"23895","0.2120198310280538","0.2120198310280538","0.2120198310280538"
"23903","0.2120198310280538","0.2120198310280538","0.2120198310280538"
"23910","0.2120198310280538","0.2120198310280538","0.2120198310280538"
"23913","0.2120198310280538","0.2120198310280538","0.2120198310280538"
"23919","0.2120198310280538","0.2120198310280538","0.2120198310280538"
"23921","0.2120198310280538","0.2120198310280538","0.2120198310280538"
"23922","0.2120198310280538","0.2120198310280538","0.2120198310280538"
"23936","0.2120198310280538","0.2120198310280538","0.2120198310280538"
"23942","0.2120198310280538","0.2120198310280538","0.2120198310280538"
"23945","0.2120198310280538","0.2120198310280538","0.2120198310280538"
"23946","0.2120198310280538","0.2120198310280538","0.2120198310280538"
"23952","0.2120198310280538","0.2120198310280538","0.2120198310280538"
"23961","0.2120198310280538","0.2120198310280538","0.2120198310280538"
"23963","0.2120198310280538","0.2120198310280538","0.2120198310280538"
"23974","0.2128198310078441","0.2128198310078441","0.2128198310078441"
"23985","0.21401983097752955","0.21401983097752955","0.21401983097752955"
"24000","0.21401983097752955","0.21401983097752955","0.21401983097752955"
"24003","0.21401983097752955","0.21401983097752955","0.21401983097752955"
"24031","0.21401983097752955","0.21401983097752955","0.21401983097752955"
"24032","0.21401983097752955","0.21401983097752955","0.21401983097752955"
"24033","0.21401983097752955","0.21401983097752955","0.21401983097752955"
"24037","0.21401983097752955","0.21401983097752955","0.21401983097752955"
"24045","0.21401983097752955","0.21401983097752955","0.21401983097752955"
"24047","0.21401983097752955","0.21401983097752955","0.21401983097752955"
"24055","0.21401983097752955","0.21401983097752955","0.21401983097752955"
"24079","0.21401983097752955","0.21401983097752955","0.21401983097752955"
"24082","0.2144198309674247","0.2144198309674247","0.2144198309674247"
"24087","0.21541983094216258","0.21541983094216258","0.21541983094216258"
"24096","0.21601964213801098","0.21601964213801098","0.21601964213801098"
"24100","0.21601964213801098","0.21601964213801098","0.21601964213801098"
"24103","0.21601964213801098","0.21601964213801098","0.21601964213801098"
"24119","0.21601964213801098","0.21601964213801098","0.21601964213801098"
"24120","0.21601964213801098","0.21601964213801098","0.21601964213801098"
"24129","0.21601964213801098","0.21601964213801098","0.21601964213801098"
"24130","0.21601964213801098","0.21601964213801098","0.21601964213801098"
"24132","0.21601964213801098","0.21601964213801098","0.21601964213801098"
"24139","0.21601964213801098","0.21601964213801098","0.21601964213801098"
"24140","0.21601964213801098","0.21601964213801098","0.21601964213801098"
"24165","0.21601964213801098","0.21601964213801098","0.21601964213801098"
"24166","0.21601964213801098","0.21601964213801098","0.21601964213801098"
"24167","0.21601964213801098","0.21601964213801098","0.21601964213801098"
"24171","0.21601964213801098","0.21601964213801098","0.21601964213801098"
"24180","0.21601964213801098","0.21601964213801098","0.21601964213801098"
"24181","0.21601964213801098","0.21601964213801098","0.21601964213801098"
"24182","0.21601964213801098","0.21601964213801098","0.21601964213801098"
"24190","0.21601964213801098","0.21601964213801098","0.21601964213801098"
"24194","0.21642230802508175","0.21642230802508175","0.21642230802508175"
"24197","0.21672382764637546","0.21672382764637546","0.21672382764637546"
"24199","0.21692458762885453","0.21692458762885453","0.21692458762885453"
"24209","0.21702458762904295","0.21702458762904295","0.21702458762904295"
"24217","0.21702458762904295","0.21702458762904295","0.21702458762904295"
"24224","0.21702458762904295","0.21702458762904295","0.21702458762904295"
"24231","0.21702458762904295","0.21702458762904295","0.21702458762904295"
"24240","0.21702458762904295","0.21702458762904295","0.21702458762904295"
"24246","0.21702458762904295","0.21702458762904295","0.21702458762904295"
"24252","0.21702458762904295","0.21702458762904295","0.21702458762904295"
"24255","0.21702458762904295","0.21702458762904295","0.21702458762904295"
"24267","0.21702458762904295","0.21702458762904295","0.21702458762904295"
"24275","0.21702458762904295","0.21702458762904295","0.21702458762904295"
"24284","0.21702458762904295","0.21702458762904295","0.21702458762904295"
"24291","0.21702458762904295","0.21702458762904295","0.21702458762904295"
"24298","0.21702458762904295","0.21702458762904295","0.21702458762904295"
"24299","0.21702458762904295","0.21702458762904295","0.21702458762904295"
"24312","0.2180273866172659","0.2180273866172659","0.2180273866172659"
"24315","0.2180273866172659","0.2180273866172659","0.2180273866172659"
"24334","0.2180273866172659","0.2180273866172659","0.2180273866172659"
"24349","0.2180273866172659","0.2180273866172659","0.2180273866172659"
"24366","0.2180273866172659","0.2180273866172659","0.2180273866172659"
"24372","0.2180273866172659","0.2180273866172659","0.2180273866172659"
"24380","0.2180273866172659","0.2180273866172659","0.2180273866172659"
"24382","0.2180273866172659","0.2180273866172659","0.2180273866172659"
"24384","0.2180273866172659","0.2180273866172659","0.2180273866172659"
"24388","0.2180273866172659","0.2180273866172659","0.2180273866172659"
"24389","0.2180273866172659","0.2180273866172659","0.2180273866172659"
"24391","0.2180273866172659","0.2180273866172659","0.2180273866172659"
"24392","0.2180273866172659","0.2180273866172659","0.2180273866172659"
"24396","0.2180273866172659","0.2180273866172659","0.2180273866172659"
"24397","0.2180273866172659","0.2180273866172659","0.2180273866172659"
"24402","0.2180273866172659","0.2180273866172659","0.2180273866172659"
"24411","0.21782738662231832","0.21782738662231832","0.21782738662231832"
"24416","0.21682738664758044","0.21682738664758044","0.21682738664758044"
"24417","0.21662738665263287","0.21662738665263287","0.21662738665263287"
"24425","0.21602738666779014","0.21602738666779014","0.21602738666779014"
"24428","0.21602738666779014","0.21602738666779014","0.21602738666779014"
"24429","0.21602738666779014","0.21602738666779014","0.21602738666779014"
"24431","0.21602738666779014","0.21602738666779014","0.21602738666779014"
"24434","0.21602738666779014","0.21602738666779014","0.21602738666779014"
"24439","0.21602738666779014","0.21602738666779014","0.21602738666779014"
"24443","0.21602738666779014","0.21602738666779014","0.21602738666779014"
"24450","0.21602738666779014","0.21602738666779014","0.21602738666779014"
"24456","0.21602738666779014","0.21602738666779014","0.21602738666779014"
"24461","0.21602738666779014","0.21602738666779014","0.21602738666779014"
"24463","0.21602738666779014","0.21602738666779014","0.21602738666779014"
"24465","0.21602738666779014","0.21602738666779014","0.21602738666779014"
"24471","0.21602738666779014","0.21602738666779014","0.21602738666779014"
"24480","0.21602738666779014","0.21602738666779014","0.21602738666779014"
"24481","0.21602738666779014","0.21602738666779014","0.21602738666779014"
"24486","0.21602738666779014","0.21602738666779014","0.21602738666779014"
"24487","0.21602738666779014","0.21602738666779014","0.21602738666779014"
"24488","0.21602738666779014","0.21602738666779014","0.21602738666779014"
"24499","0.21602738666779014","0.21602738666779014","0.21602738666779014"
"24501","0.21602738666779014","0.21602738666779014","0.21602738666779014"
"24504","0.21602738666779014","0.21602738666779014","0.21602738666779014"
"24509","0.21602738666779014","0.21602738666779014","0.21602738666779014"
"24512","0.21602738666779014","0.21602738666779014","0.21602738666779014"
"24518","0.21602738666779014","0.21602738666779014","0.21602738666779014"
"24522","0.2164273866576853","0.2164273866576853","0.2164273866576853"
"24523","0.21662738665263287","0.21662738665263287","0.21662738665263287"
"24538","0.2180273866172659","0.2180273866172659","0.2180273866172659"
"24544","0.2180273866172659","0.2180273866172659","0.2180273866172659"
"24554","0.2180273866172659","0.2180273866172659","0.2180273866172659"
"24556","0.2180273866172659","0.2180273866172659","0.2180273866172659"
"24558","0.2180273866172659","0.2180273866172659","0.2180273866172659"
"24561","0.2180273866172659","0.2180273866172659","0.2180273866172659"
"24566","0.2180273866172659","0.2180273866172659","0.2180273866172659"
"24573","0.2180273866172659","0.2180273866172659","0.2180273866172659"
"24577","0.2180273866172659","0.2180273866172659","0.2180273866172659"
"24584","0.2180273866172659","0.2180273866172659","0.2180273866172659"
"24585","0.2180273866172659","0.2180273866172659","0.2180273866172659"
"24589","0.2180273866172659","0.2180273866172659","0.2180273866172659"
"24590","0.2180273866172659","0.2180273866172659","0.2180273866172659"
"24592","0.2180273866172659","0.2180273866172659","0.2180273866172659"
"24595","0.2180273866172659","0.2180273866172659","0.2180273866172659"
"24621","0.2180273866172659","0.2180273866172659","0.2180273866172659"
"24628","0.2180273866172659","0.2180273866172659","0.2180273866172659"
"24645","0.21702598780784432","0.21702598780784432","0.21702598780784432"
"24653","0.21702598780784432","0.21702598780784432","0.21702598780784432"
"24654","0.21702598780784432","0.21702598780784432","0.21702598780784432"
"24662","0.21702598780784432","0.21702598780784432","0.21702598780784432"
"24673","0.21702598780784432","0.21702598780784432","0.21702598780784432"
"24678","0.21702598780784432","0.21702598780784432","0.21702598780784432"
"24682","0.21702598780784432","0.21702598780784432","0.21702598780784432"
"24685","0.21702598780784432","0.21702598780784432","0.21702598780784432"
"24690","0.21702598780784432","0.21702598780784432","0.21702598780784432"
"24695","0.21702598780784432","0.21702598780784432","0.21702598780784432"
"24715","0.21702598780784432","0.21702598780784432","0.21702598780784432"
"24719","0.21702598780784432","0.21702598780784432","0.21702598780784432"
"24723","0.21702598780784432","0.21702598780784432","0.21702598780784432"
"24735","0.21702598780784432","0.21702598780784432","0.21702598780784432"
"24737","0.21702598780784432","0.21702598780784432","0.21702598780784432"
"24738","0.21702598780784432","0.21702598780784432","0.21702598780784432"
"24740","0.21702598780784432","0.21702598780784432","0.21702598780784432"
"24756","0.21502598785836857","0.21502598785836857","0.21502598785836857"
"24759","0.21502598785836857","0.21502598785836857","0.21502598785836857"
"24776","0.21502598785836857","0.21502598785836857","0.21502598785836857"
"24777","0.21502598785836857","0.21502598785836857","0.21502598785836857"
"24779","0.21502598785836857","0.21502598785836857","0.21502598785836857"
"24795","0.21502598785836857","0.21502598785836857","0.21502598785836857"
"24796","0.21502598785836857","0.21502598785836857","0.21502598785836857"
"24802","0.21502598785836857","0.21502598785836857","0.21502598785836857"
"24803","0.21502598785836857","0.21502598785836857","0.21502598785836857"
"24810","0.21502598785836857","0.21502598785836857","0.21502598785836857"
"24811","0.21502598785836857","0.21502598785836857","0.21502598785836857"
"24812","0.21502598785836857","0.21502598785836857","0.21502598785836857"
"24817","0.21502598785836857","0.21502598785836857","0.21502598785836857"
"24820","0.21502598785836857","0.21502598785836857","0.21502598785836857"
"24831","0.21502598785836857","0.21502598785836857","0.21502598785836857"
"24834","0.21502598785836857","0.21502598785836857","0.21502598785836857"
"24842","0.21502598785836857","0.21502598785836857","0.21502598785836857"
"24843","0.21502598785836857","0.21502598785836857","0.21502598785836857"
"24844","0.21502598785836857","0.21502598785836857","0.21502598785836857"
"24852","0.21462598786847342","0.21462598786847342","0.21462598786847342"
"24859","0.2132259879038404","0.2132259879038404","0.2132259879038404"
"24868","0.21302598790889282","0.21302598790889282","0.21302598790889282"
"24875","0.21302598790889282","0.21302598790889282","0.21302598790889282"
"24876","0.21302598790889282","0.21302598790889282","0.21302598790889282"
"24887","0.21302598790889282","0.21302598790889282","0.21302598790889282"
"24890","0.21302598790889282","0.21302598790889282","0.21302598790889282"
"24894","0.21302598790889282","0.21302598790889282","0.21302598790889282"
"24896","0.21302598790889282","0.21302598790889282","0.21302598790889282"
"24897","0.21302598790889282","0.21302598790889282","0.21302598790889282"
"24899","0.21302598790889282","0.21302598790889282","0.21302598790889282"
"24904","0.21302598790889282","0.21302598790889282","0.21302598790889282"
"24907","0.21302598790889282","0.21302598790889282","0.21302598790889282"
"24914","0.21302598790889282","0.21302598790889282","0.21302598790889282"
"24920","0.21302598790889282","0.21302598790889282","0.21302598790889282"
"24926","0.21302598790889282","0.21302598790889282","0.21302598790889282"
"24927","0.21302598790889282","0.21302598790889282","0.21302598790889282"
"24932","0.21302598790889282","0.21302598790889282","0.21302598790889282"
"24934","0.21302598790889282","0.21302598790889282","0.21302598790889282"
"24935","0.21302598790889282","0.21302598790889282","0.21302598790889282"
"24942","0.21302598790889282","0.21302598790889282","0.21302598790889282"
"24960","0.21302598790889282","0.21302598790889282","0.21302598790889282"
"24964","0.21382598788868312","0.21382598788868312","0.21382598788868312"
"24967","0.21442598787352585","0.21442598787352585","0.21442598787352585"
"24970","0.21502598785836857","0.21502598785836857","0.21502598785836857"
"24975","0.21502598785836857","0.21502598785836857","0.21502598785836857"
"24977","0.21502598785836857","0.21502598785836857","0.21502598785836857"
"24988","0.21502598785836857","0.21502598785836857","0.21502598785836857"
"25005","0.21502598785836857","0.21502598785836857","0.21502598785836857"
"25006","0.21502598785836857","0.21502598785836857","0.21502598785836857"
"25008","0.21502598785836857","0.21502598785836857","0.21502598785836857"
"25009","0.21502598785836857","0.21502598785836857","0.21502598785836857"
"25016","0.21502598785836857","0.21502598785836857","0.21502598785836857"
"25026","0.21502598785836857","0.21502598785836857","0.21502598785836857"
"25027","0.21502598785836857","0.21502598785836857","0.21502598785836857"
"25032","0.21502598785836857","0.21502598785836857","0.21502598785836857"
"25033","0.21502598785836857","0.21502598785836857","0.21502598785836857"
"25035","0.21502598785836857","0.21502598785836857","0.21502598785836857"
"25038","0.21502598785836857","0.21502598785836857","0.21502598785836857"
"25053","0.21502598785836857","0.21502598785836857","0.21502598785836857"
"25055","0.21502598785836857","0.21502598785836857","0.21502598785836857"
"25056","0.21502598785836857","0.21502598785836857","0.21502598785836857"
"25060","0.21502598785836857","0.21502598785836857","0.21502598785836857"
"25062","0.21502598785836857","0.21502598785836857","0.21502598785836857"
"25067","0.21502598785836857","0.21502598785836857","0.21502598785836857"
"25077","0.21362598789373555","0.21362598789373555","0.21362598789373555"
"25092","0.21302598790889282","0.21302598790889282","0.21302598790889282"
"25105","0.21302598790889282","0.21302598790889282","0.21302598790889282"
"25106","0.21302598790889282","0.21302598790889282","0.21302598790889282"
"25114","0.21302598790889282","0.21302598790889282","0.21302598790889282"
"25126","0.21302598790889282","0.21302598790889282","0.21302598790889282"
"25137","0.21302598790889282","0.21302598790889282","0.21302598790889282"
"25140","0.21302598790889282","0.21302598790889282","0.21302598790889282"
"25141","0.21302598790889282","0.21302598790889282","0.21302598790889282"
"25142","0.21302598790889282","0.21302598790889282","0.21302598790889282"
"25145","0.21302598790889282","0.21302598790889282","0.21302598790889282"
"25161","0.21302598790889282","0.21302598790889282","0.21302598790889282"
"25162","0.21302598790889282","0.21302598790889282","0.21302598790889282"
"25168","0.21302598790889282","0.21302598790889282","0.21302598790889282"
"25172","0.21302598790889282","0.21302598790889282","0.21302598790889282"
"25179","0.21302598790889282","0.21302598790889282","0.21302598790889282"
"25180","0.21302598790889282","0.21302598790889282","0.21302598790889282"
"25181","0.2132259879038404","0.2132259879038404","0.2132259879038404"
"25182","0.21342598789878797","0.21342598789878797","0.21342598789878797"
"25190","0.21502598785836857","0.21502598785836857","0.21502598785836857"
"25196","0.21502598785836857","0.21502598785836857","0.21502598785836857"
"25203","0.21502598785836857","0.21502598785836857","0.21502598785836857"
"25206","0.21502598785836857","0.21502598785836857","0.21502598785836857"
"25213","0.21502598785836857","0.21502598785836857","0.21502598785836857"
"25217","0.21502598785836857","0.21502598785836857","0.21502598785836857"
"25228","0.21502598785836857","0.21502598785836857","0.21502598785836857"
"25230","0.21502598785836857","0.21502598785836857","0.21502598785836857"
"25231","0.21502598785836857","0.21502598785836857","0.21502598785836857"
"25238","0.21502598785836857","0.21502598785836857","0.21502598785836857"
"25239","0.21502598785836857","0.21502598785836857","0.21502598785836857"
"25252","0.21502598785836857","0.21502598785836857","0.21502598785836857"
"25258","0.21502598785836857","0.21502598785836857","0.21502598785836857"
"25262","0.21502598785836857","0.21502598785836857","0.21502598785836857"
"25265","0.21502598785836857","0.21502598785836857","0.21502598785836857"
"25277","0.21502598785836857","0.21502598785836857","0.21502598785836857"
"25289","0.21502598785836857","0.21502598785836857","0.21502598785836857"
"25300","0.21639393549810026","0.21639393549810026","0.21639393549810026"
"25302","0.21639393549810026","0.21639393549810026","0.21639393549810026"
"25304","0.21639393549810026","0.21639393549810026","0.21639393549810026"
"25310","0.21639393549810026","0.21639393549810026","0.21639393549810026"
"25330","0.21639393549810026","0.21639393549810026","0.21639393549810026"
"25335","0.21639393549810026","0.21639393549810026","0.21639393549810026"
"25339","0.21639393549810026","0.21639393549810026","0.21639393549810026"
"25340","0.21639393549810026","0.21639393549810026","0.21639393549810026"
"25346","0.21639393549810026","0.21639393549810026","0.21639393549810026"
"25347","0.21639393549810026","0.21639393549810026","0.21639393549810026"
"25349","0.21639393549810026","0.21639393549810026","0.21639393549810026"
"25352","0.21639393549810026","0.21639393549810026","0.21639393549810026"
"25358","0.21639393549810026","0.21639393549810026","0.21639393549810026"
"25371","0.21639393549810026","0.21639393549810026","0.21639393549810026"
"25381","0.21639393549810026","0.21639393549810026","0.21639393549810026"
"25386","0.21639393549810026","0.21639393549810026","0.21639393549810026"
"25388","0.21639393549810026","0.21639393549810026","0.21639393549810026"
"25391","0.21639393549810026","0.21639393549810026","0.21639393549810026"
"25401","0.21649393620410337","0.21649393620410337","0.21649393620410337"
"25409","0.21729694960284993","0.21729694960284993","0.21729694960284993"
"25423","0.2173969510097486","0.2173969510097486","0.2173969510097486"
"25437","0.2173969510097486","0.2173969510097486","0.2173969510097486"
"25440","0.2173969510097486","0.2173969510097486","0.2173969510097486"
"25447","0.2173969510097486","0.2173969510097486","0.2173969510097486"
"25457","0.2173969510097486","0.2173969510097486","0.2173969510097486"
"25468","0.2173969510097486","0.2173969510097486","0.2173969510097486"
"25469","0.2173969510097486","0.2173969510097486","0.2173969510097486"
"25474","0.2173969510097486","0.2173969510097486","0.2173969510097486"
"25479","0.2173969510097486","0.2173969510097486","0.2173969510097486"
"25494","0.2173969510097486","0.2173969510097486","0.2173969510097486"
"25500","0.2173969510097486","0.2173969510097486","0.2173969510097486"
"25503","0.2173969510097486","0.2173969510097486","0.2173969510097486"
"25523","0.21840077684227838","0.21840077684227838","0.21840077684227838"
"25539","0.21840077684227838","0.21840077684227838","0.21840077684227838"
"25540","0.21840077684227838","0.21840077684227838","0.21840077684227838"
"25543","0.21840077684227838","0.21840077684227838","0.21840077684227838"
"25566","0.21840077684227838","0.21840077684227838","0.21840077684227838"
"25567","0.21840077684227838","0.21840077684227838","0.21840077684227838"
"25575","0.21840077684227838","0.21840077684227838","0.21840077684227838"
"25581","0.21840077684227838","0.21840077684227838","0.21840077684227838"
"25591","0.21840077684227838","0.21840077684227838","0.21840077684227838"
"25592","0.21840077684227838","0.21840077684227838","0.21840077684227838"
"25596","0.21840077684227838","0.21840077684227838","0.21840077684227838"
"25597","0.21840077684227838","0.21840077684227838","0.21840077684227838"
"25607","0.21840077684227838","0.21840077684227838","0.21840077684227838"
"25617","0.21840077684227838","0.21840077684227838","0.21840077684227838"
"25621","0.21850122526685883","0.21850122526685883","0.21850122526685883"
"25626","0.21900401418598162","0.21900401418598162","0.21900401418598162"
"25628","0.21920401556563787","0.21920401556563787","0.21920401556563787"
"25640","0.21940476331135558","0.21940476331135558","0.21940476331135558"
"25646","0.21940476331135558","0.21940476331135558","0.21940476331135558"
"25653","0.21940476331135558","0.21940476331135558","0.21940476331135558"
"25662","0.21940476331135558","0.21940476331135558","0.21940476331135558"
"25670","0.21940476331135558","0.21940476331135558","0.21940476331135558"
"25675","0.21940476331135558","0.21940476331135558","0.21940476331135558"
"25679","0.21940476331135558","0.21940476331135558","0.21940476331135558"
"25683","0.21940476331135558","0.21940476331135558","0.21940476331135558"
"25693","0.21940476331135558","0.21940476331135558","0.21940476331135558"
"25695","0.21940476331135558","0.21940476331135558","0.21940476331135558"
"25706","0.21940476331135558","0.21940476331135558","0.21940476331135558"
"25710","0.21940476331135558","0.21940476331135558","0.21940476331135558"
"25722","0.21940476331135558","0.21940476331135558","0.21940476331135558"
"25725","0.21940476331135558","0.21940476331135558","0.21940476331135558"
"25730","0.21940476331135558","0.21940476331135558","0.21940476331135558"
"25733","0.21970620715104447","0.21970620715104447","0.21970620715104447"
"25740","0.2204081949576177","0.2204081949576177","0.2204081949576177"
"25751","0.2204081949576177","0.2204081949576177","0.2204081949576177"
"25758","0.2204081949576177","0.2204081949576177","0.2204081949576177"
"25759","0.2204081949576177","0.2204081949576177","0.2204081949576177"
"25764","0.2204081949576177","0.2204081949576177","0.2204081949576177"
"25765","0.2204081949576177","0.2204081949576177","0.2204081949576177"
"25771","0.2204081949576177","0.2204081949576177","0.2204081949576177"
"25774","0.2204081949576177","0.2204081949576177","0.2204081949576177"
"25775","0.2204081949576177","0.2204081949576177","0.2204081949576177"
"25779","0.2204081949576177","0.2204081949576177","0.2204081949576177"
"25781","0.2204081949576177","0.2204081949576177","0.2204081949576177"
"25785","0.2204081949576177","0.2204081949576177","0.2204081949576177"
"25791","0.2204081949576177","0.2204081949576177","0.2204081949576177"
"25805","0.2204081949576177","0.2204081949576177","0.2204081949576177"
"25815","0.2204081949576177","0.2204081949576177","0.2204081949576177"
"25822","0.2204081949576177","0.2204081949576177","0.2204081949576177"
"25829","0.2204081949576177","0.2204081949576177","0.2204081949576177"
"25836","0.2204081949576177","0.2204081949576177","0.2204081949576177"
"25839","0.2204081949576177","0.2204081949576177","0.2204081949576177"
"25846","0.21920819498793226","0.21920819498793226","0.21920819498793226"
"25850","0.21840819500814196","0.21840819500814196","0.21840819500814196"
"25858","0.21840819500814196","0.21840819500814196","0.21840819500814196"
"25871","0.21840819500814196","0.21840819500814196","0.21840819500814196"
"25897","0.21840819500814196","0.21840819500814196","0.21840819500814196"
"25899","0.21840819500814196","0.21840819500814196","0.21840819500814196"
"25906","0.21840819500814196","0.21840819500814196","0.21840819500814196"
"25912","0.21840819500814196","0.21840819500814196","0.21840819500814196"
"25914","0.21840819500814196","0.21840819500814196","0.21840819500814196"
"25925","0.21840819500814196","0.21840819500814196","0.21840819500814196"
"25926","0.21840819500814196","0.21840819500814196","0.21840819500814196"
"25932","0.21840819500814196","0.21840819500814196","0.21840819500814196"
"25934","0.21840819500814196","0.21840819500814196","0.21840819500814196"
"25938","0.21840819500814196","0.21840819500814196","0.21840819500814196"
"25940","0.21840819500814196","0.21840819500814196","0.21840819500814196"
"25941","0.21840819500814196","0.21840819500814196","0.21840819500814196"
"25943","0.21840819500814196","0.21840819500814196","0.21840819500814196"
"25951","0.21820819501319438","0.21820819501319438","0.21820819501319438"
"25958","0.21680819504856136","0.21680819504856136","0.21680819504856136"
"25961","0.2164081950586662","0.2164081950586662","0.2164081950586662"
"25964","0.2164081950586662","0.2164081950586662","0.2164081950586662"
"25965","0.2164081950586662","0.2164081950586662","0.2164081950586662"
"25966","0.2164081950586662","0.2164081950586662","0.2164081950586662"
"25971","0.2164081950586662","0.2164081950586662","0.2164081950586662"
"25985","0.2164081950586662","0.2164081950586662","0.2164081950586662"
"26016","0.2164081950586662","0.2164081950586662","0.2164081950586662"
"26019","0.2164081950586662","0.2164081950586662","0.2164081950586662"
"26029","0.2164081950586662","0.2164081950586662","0.2164081950586662"
"26032","0.2164081950586662","0.2164081950586662","0.2164081950586662"
"26042","0.2164081950586662","0.2164081950586662","0.2164081950586662"
"26044","0.2164081950586662","0.2164081950586662","0.2164081950586662"
"26046","0.2164081950586662","0.2164081950586662","0.2164081950586662"
"26050","0.2164081950586662","0.2164081950586662","0.2164081950586662"
"26068","0.2148081950990856","0.2148081950990856","0.2148081950990856"
"26071","0.21440819510919046","0.21440819510919046","0.21440819510919046"
"26075","0.21440819510919046","0.21440819510919046","0.21440819510919046"
"26079","0.21440819510919046","0.21440819510919046","0.21440819510919046"
"26082","0.21440819510919046","0.21440819510919046","0.21440819510919046"
"26085","0.21440819510919046","0.21440819510919046","0.21440819510919046"
"26090","0.21440819510919046","0.21440819510919046","0.21440819510919046"
"26094","0.21440819510919046","0.21440819510919046","0.21440819510919046"
"26106","0.21440819510919046","0.21440819510919046","0.21440819510919046"
"26113","0.21440819510919046","0.21440819510919046","0.21440819510919046"
"26115","0.21440819510919046","0.21440819510919046","0.21440819510919046"
"26121","0.21440819510919046","0.21440819510919046","0.21440819510919046"
"26132","0.21440819510919046","0.21440819510919046","0.21440819510919046"
"26154","0.21440819510919046","0.21440819510919046","0.21440819510919046"
"26155","0.21440819510919046","0.21440819510919046","0.21440819510919046"
"26159","0.21440819510919046","0.21440819510919046","0.21440819510919046"
"26164","0.21440819510919046","0.21440819510919046","0.21440819510919046"
"26167","0.21440819510919046","0.21440819510919046","0.21440819510919046"
"26169","0.21440819510919046","0.21440819510919046","0.21440819510919046"
"26210","0.2164081950586662","0.2164081950586662","0.2164081950586662"
"26217","0.2164081950586662","0.2164081950586662","0.2164081950586662"
"26227","0.2164081950586662","0.2164081950586662","0.2164081950586662"
"26235","0.2164081950586662","0.2164081950586662","0.2164081950586662"
"26239","0.2164081950586662","0.2164081950586662","0.2164081950586662"
"26240","0.2164081950586662","0.2164081950586662","0.2164081950586662"
"26253","0.2164081950586662","0.2164081950586662","0.2164081950586662"
"26260","0.2164081950586662","0.2164081950586662","0.2164081950586662"
"26264","0.2164081950586662","0.2164081950586662","0.2164081950586662"
"26266","0.2164081950586662","0.2164081950586662","0.2164081950586662"
"26267","0.2164081950586662","0.2164081950586662","0.2164081950586662"
"26295","0.21840819500814196","0.21840819500814196","0.21840819500814196"
"26298","0.21840819500814196","0.21840819500814196","0.21840819500814196"
"26307","0.21840819500814196","0.21840819500814196","0.21840819500814196"
"26311","0.21840819500814196","0.21840819500814196","0.21840819500814196"
"26320","0.21840819500814196","0.21840819500814196","0.21840819500814196"
"26332","0.21840819500814196","0.21840819500814196","0.21840819500814196"
"26333","0.21840819500814196","0.21840819500814196","0.21840819500814196"
"26343","0.21840819500814196","0.21840819500814196","0.21840819500814196"
"26348","0.21840819500814196","0.21840819500814196","0.21840819500814196"
"26357","0.21840819500814196","0.21840819500814196","0.21840819500814196"
"26365","0.21840819500814196","0.21840819500814196","0.21840819500814196"
"26366","0.21840819500814196","0.21840819500814196","0.21840819500814196"
"26370","0.21840819500814196","0.21840819500814196","0.21840819500814196"
"26377","0.21840819500814196","0.21840819500814196","0.21840819500814196"
"26383","0.21840819500814196","0.21840819500814196","0.21840819500814196"
"26387","0.21840819500814196","0.21840819500814196","0.21840819500814196"
"26393","0.21780819502329923","0.21780819502329923","0.21780819502329923"
"26398","0.21680819504856136","0.21680819504856136","0.21680819504856136"
"26411","0.2164081950586662","0.2164081950586662","0.2164081950586662"
"26423","0.2164081950586662","0.2164081950586662","0.2164081950586662"
"26431","0.2164081950586662","0.2164081950586662","0.2164081950586662"
"26444","0.2164081950586662","0.2164081950586662","0.2164081950586662"
"26453","0.2164081950586662","0.2164081950586662","0.2164081950586662"
"26464","0.2164081950586662","0.2164081950586662","0.2164081950586662"
"26481","0.2164081950586662","0.2164081950586662","0.2164081950586662"
"26482","0.2164081950586662","0.2164081950586662","0.2164081950586662"
"26483","0.2164081950586662","0.2164081950586662","0.2164081950586662"
"26484","0.2164081950586662","0.2164081950586662","0.2164081950586662"
"26502","0.21680819504856136","0.21680819504856136","0.21680819504856136"
"26507","0.21780819502329923","0.21780819502329923","0.21780819502329923"
"26510","0.21840819500814196","0.21840819500814196","0.21840819500814196"
"26511","0.21840819500814196","0.21840819500814196","0.21840819500814196"
"26529","0.21840819500814196","0.21840819500814196","0.21840819500814196"
"26546","0.21840819500814196","0.21840819500814196","0.21840819500814196"
"26547","0.21840819500814196","0.21840819500814196","0.21840819500814196"
"26557","0.21840819500814196","0.21840819500814196","0.21840819500814196"
"26565","0.21840819500814196","0.21840819500814196","0.21840819500814196"
"26569","0.21840819500814196","0.21840819500814196","0.21840819500814196"
"26572","0.21840819500814196","0.21840819500814196","0.21840819500814196"
"26578","0.21840819500814196","0.21840819500814196","0.21840819500814196"
"26589","0.21840819500814196","0.21840819500814196","0.21840819500814196"
"26591","0.21840819500814196","0.21840819500814196","0.21840819500814196"
"26598","0.21840819500814196","0.21840819500814196","0.21840819500814196"
"26602","0.21840819500814196","0.21840819500814196","0.21840819500814196"
"26625","0.21861226331224268","0.21861226331224268","0.21861226331224268"
"26626","0.21861226331224268","0.21861226331224268","0.21861226331224268"
"26628","0.21861226331224268","0.21861226331224268","0.21861226331224268"
"26629","0.21861226331224268","0.21861226331224268","0.21861226331224268"
"26635","0.21861226331224268","0.21861226331224268","0.21861226331224268"
"26660","0.21861226331224268","0.21861226331224268","0.21861226331224268"
"26663","0.21861226331224268","0.21861226331224268","0.21861226331224268"
"26669","0.21861226331224268","0.21861226331224268","0.21861226331224268"
"26674","0.21861226331224268","0.21861226331224268","0.21861226331224268"
"26686","0.21861226331224268","0.21861226331224268","0.21861226331224268"
"26691","0.21861226331224268","0.21861226331224268","0.21861226331224268"
"26694","0.21861226331224268","0.21861226331224268","0.21861226331224268"
"26701","0.21861226331224268","0.21861226331224268","0.21861226331224268"
"26708","0.21861226331224268","0.21861226331224268","0.21861226331224268"
"26709","0.21861226331224268","0.21861226331224268","0.21861226331224268"
"26737","0.21760942284769708","0.21760942284769708","0.21760942284769708"
"26738","0.21760942284769708","0.21760942284769708","0.21760942284769708"
"26741","0.21760942284769708","0.21760942284769708","0.21760942284769708"
"26752","0.21760942284769708","0.21760942284769708","0.21760942284769708"
"26753","0.21760942284769708","0.21760942284769708","0.21760942284769708"
"26759","0.21760942284769708","0.21760942284769708","0.21760942284769708"
"26762","0.21760942284769708","0.21760942284769708","0.21760942284769708"
"26763","0.21760942284769708","0.21760942284769708","0.21760942284769708"
"26767","0.21760942284769708","0.21760942284769708","0.21760942284769708"
"26768","0.21760942284769708","0.21760942284769708","0.21760942284769708"
"26777","0.21760942284769708","0.21760942284769708","0.21760942284769708"
"26782","0.21760942284769708","0.21760942284769708","0.21760942284769708"
"26790","0.21760942284769708","0.21760942284769708","0.21760942284769708"
"26798","0.21760942284769708","0.21760942284769708","0.21760942284769708"
"26799","0.21760942284769708","0.21760942284769708","0.21760942284769708"
"26809","0.21760942284769708","0.21760942284769708","0.21760942284769708"
"26819","0.21760942284769708","0.21760942284769708","0.21760942284769708"
"26821","0.21760942284769708","0.21760942284769708","0.21760942284769708"
"26834","0.21680942286790678","0.21680942286790678","0.21680942286790678"
"26835","0.2166094228729592","0.2166094228729592","0.2166094228729592"
"26837","0.21620942288306405","0.21620942288306405","0.21620942288306405"
"26847","0.21560942289822133","0.21560942289822133","0.21560942289822133"
"26862","0.21560942289822133","0.21560942289822133","0.21560942289822133"
"26868","0.21560942289822133","0.21560942289822133","0.21560942289822133"
"26877","0.21560942289822133","0.21560942289822133","0.21560942289822133"
"26888","0.21560942289822133","0.21560942289822133","0.21560942289822133"
"26891","0.21560942289822133","0.21560942289822133","0.21560942289822133"
"26925","0.21560942289822133","0.21560942289822133","0.21560942289822133"
"26929","0.21560942289822133","0.21560942289822133","0.21560942289822133"
"26934","0.21560942289822133","0.21560942289822133","0.21560942289822133"
"26938","0.21560942289822133","0.21560942289822133","0.21560942289822133"
"26945","0.21460942292348345","0.21460942292348345","0.21460942292348345"
"26951","0.21360942294874558","0.21360942294874558","0.21360942294874558"
"26952","0.21360942294874558","0.21360942294874558","0.21360942294874558"
"26959","0.21360942294874558","0.21360942294874558","0.21360942294874558"
"26960","0.21360942294874558","0.21360942294874558","0.21360942294874558"
"26969","0.21360942294874558","0.21360942294874558","0.21360942294874558"
"26973","0.21360942294874558","0.21360942294874558","0.21360942294874558"
"26980","0.21360942294874558","0.21360942294874558","0.21360942294874558"
"26981","0.21360942294874558","0.21360942294874558","0.21360942294874558"
"26990","0.21360942294874558","0.21360942294874558","0.21360942294874558"
"26993","0.21360942294874558","0.21360942294874558","0.21360942294874558"
"27004","0.21360942294874558","0.21360942294874558","0.21360942294874558"
"27014","0.21360942294874558","0.21360942294874558","0.21360942294874558"
"27015","0.21360942294874558","0.21360942294874558","0.21360942294874558"
"27033","0.21360942294874558","0.21360942294874558","0.21360942294874558"
"27041","0.21360942294874558","0.21360942294874558","0.21360942294874558"
"27046","0.21360942294874558","0.21360942294874558","0.21360942294874558"
"27067","0.21160942299926983","0.21160942299926983","0.21160942299926983"
"27070","0.21160942299926983","0.21160942299926983","0.21160942299926983"
"27085","0.21160942299926983","0.21160942299926983","0.21160942299926983"
"27087","0.21160942299926983","0.21160942299926983","0.21160942299926983"
"27093","0.21160942299926983","0.21160942299926983","0.21160942299926983"
"27104","0.21160942299926983","0.21160942299926983","0.21160942299926983"
"27128","0.21160942299926983","0.21160942299926983","0.21160942299926983"
"27132","0.21160942299926983","0.21160942299926983","0.21160942299926983"
"27139","0.21160942299926983","0.21160942299926983","0.21160942299926983"
"27140","0.21160942299926983","0.21160942299926983","0.21160942299926983"
"27142","0.21160942299926983","0.21160942299926983","0.21160942299926983"
"27170","0.21360942294874558","0.21360942294874558","0.21360942294874558"
"27180","0.21360942294874558","0.21360942294874558","0.21360942294874558"
"27181","0.21360942294874558","0.21360942294874558","0.21360942294874558"
"27185","0.21360942294874558","0.21360942294874558","0.21360942294874558"
"27188","0.21360942294874558","0.21360942294874558","0.21360942294874558"
"27190","0.21360942294874558","0.21360942294874558","0.21360942294874558"
"27192","0.21360942294874558","0.21360942294874558","0.21360942294874558"
"27200","0.21360942294874558","0.21360942294874558","0.21360942294874558"
"27201","0.21360942294874558","0.21360942294874558","0.21360942294874558"
"27204","0.21360942294874558","0.21360942294874558","0.21360942294874558"
"27209","0.21360942294874558","0.21360942294874558","0.21360942294874558"
"27214","0.21360942294874558","0.21360942294874558","0.21360942294874558"
"27217","0.21360942294874558","0.21360942294874558","0.21360942294874558"
"27225","0.21360942294874558","0.21360942294874558","0.21360942294874558"
"27236","0.21360942294874558","0.21360942294874558","0.21360942294874558"
"27240","0.21360942294874558","0.21360942294874558","0.21360942294874558"
"27248","0.21360942294874558","0.21360942294874558","0.21360942294874558"
"27252","0.21360942294874558","0.21360942294874558","0.21360942294874558"
"27255","0.21360942294874558","0.21360942294874558","0.21360942294874558"
"27263","0.21360942294874558","0.21360942294874558","0.21360942294874558"
"27273","0.2142094229335883","0.2142094229335883","0.2142094229335883"
"27278","0.21520942290832618","0.21520942290832618","0.21520942290832618"
"27286","0.21560942289822133","0.21560942289822133","0.21560942289822133"
"27287","0.21560942289822133","0.21560942289822133","0.21560942289822133"
"27305","0.21560942289822133","0.21560942289822133","0.21560942289822133"
"27316","0.21560942289822133","0.21560942289822133","0.21560942289822133"
"27318","0.21560942289822133","0.21560942289822133","0.21560942289822133"
"27327","0.21560942289822133","0.21560942289822133","0.21560942289822133"
"27337","0.21560942289822133","0.21560942289822133","0.21560942289822133"
"27351","0.21560942289822133","0.21560942289822133","0.21560942289822133"
"27367","0.21560942289822133","0.21560942289822133","0.21560942289822133"
"27373","0.21560942289822133","0.21560942289822133","0.21560942289822133"
"27380","0.21560942289822133","0.21560942289822133","0.21560942289822133"
"27392","0.21760923354076858","0.21760923354076858","0.21760923354076858"
"27396","0.21760923354076858","0.21760923354076858","0.21760923354076858"
"27401","0.21760923354076858","0.21760923354076858","0.21760923354076858"
"27402","0.21760923354076858","0.21760923354076858","0.21760923354076858"
"27409","0.21760923354076858","0.21760923354076858","0.21760923354076858"
"27415","0.21760923354076858","0.21760923354076858","0.21760923354076858"
"27433","0.21760923354076858","0.21760923354076858","0.21760923354076858"
"27436","0.21760923354076858","0.21760923354076858","0.21760923354076858"
"27443","0.21760923354076858","0.21760923354076858","0.21760923354076858"
"27446","0.21760923354076858","0.21760923354076858","0.21760923354076858"
"27454","0.21760923354076858","0.21760923354076858","0.21760923354076858"
"27458","0.21760923354076858","0.21760923354076858","0.21760923354076858"
"27464","0.21760923354076858","0.21760923354076858","0.21760923354076858"
"27467","0.21760923354076858","0.21760923354076858","0.21760923354076858"
"27470","0.21760923354076858","0.21760923354076858","0.21760923354076858"
"27473","0.21760923354076858","0.21760923354076858","0.21760923354076858"
"27476","0.21760923354076858","0.21760923354076858","0.21760923354076858"
"27477","0.21760923354076858","0.21760923354076858","0.21760923354076858"
"27480","0.21760923354076858","0.21760923354076858","0.21760923354076858"
"27481","0.21760923354076858","0.21760923354076858","0.21760923354076858"
"27494","0.21801078198073554","0.21801078198073554","0.21801078198073554"
"27506","0.21861301528227842","0.21861301528227842","0.21861301528227842"
"27509","0.21861301528227842","0.21861301528227842","0.21861301528227842"
"27511","0.21861301528227842","0.21861301528227842","0.21861301528227842"
"27513","0.21861301528227842","0.21861301528227842","0.21861301528227842"
"27515","0.21861301528227842","0.21861301528227842","0.21861301528227842"
"27517","0.21861301528227842","0.21861301528227842","0.21861301528227842"
"27526","0.21861301528227842","0.21861301528227842","0.21861301528227842"
"27528","0.21861301528227842","0.21861301528227842","0.21861301528227842"
"27531","0.21861301528227842","0.21861301528227842","0.21861301528227842"
"27542","0.21861301528227842","0.21861301528227842","0.21861301528227842"
"27545","0.21861301528227842","0.21861301528227842","0.21861301528227842"
"27549","0.21861301528227842","0.21861301528227842","0.21861301528227842"
"27554","0.21861301528227842","0.21861301528227842","0.21861301528227842"
"27556","0.21861301528227842","0.21861301528227842","0.21861301528227842"
"27567","0.21861301528227842","0.21861301528227842","0.21861301528227842"
"27570","0.21861301528227842","0.21861301528227842","0.21861301528227842"
"27590","0.21861301528227842","0.21861301528227842","0.21861301528227842"
"27591","0.21861301528227842","0.21861301528227842","0.21861301528227842"
"27592","0.21861301528227842","0.21861301528227842","0.21861301528227842"
"27595","0.21861301528227842","0.21861301528227842","0.21861301528227842"
"27596","0.21861301528227842","0.21861301528227842","0.21861301528227842"
"27601","0.21841301528733084","0.21841301528733084","0.21841301528733084"
"27614","0.21661301533280267","0.21661301533280267","0.21661301533280267"
"27618","0.21661301533280267","0.21661301533280267","0.21661301533280267"
"27630","0.21661301533280267","0.21661301533280267","0.21661301533280267"
"27631","0.21661301533280267","0.21661301533280267","0.21661301533280267"
"27634","0.21661301533280267","0.21661301533280267","0.21661301533280267"
"27650","0.21661301533280267","0.21661301533280267","0.21661301533280267"
"27651","0.21661301533280267","0.21661301533280267","0.21661301533280267"
"27652","0.21661301533280267","0.21661301533280267","0.21661301533280267"
"27658","0.21661301533280267","0.21661301533280267","0.21661301533280267"
"27661","0.21661301533280267","0.21661301533280267","0.21661301533280267"
"27663","0.21661301533280267","0.21661301533280267","0.21661301533280267"
"27680","0.21661301533280267","0.21661301533280267","0.21661301533280267"
"27681","0.21661301533280267","0.21661301533280267","0.21661301533280267"
"27683","0.21661301533280267","0.21661301533280267","0.21661301533280267"
"27685","0.21661301533280267","0.21661301533280267","0.21661301533280267"
"27702","0.21661301533280267","0.21661301533280267","0.21661301533280267"
"27712","0.21701301532269782","0.21701301532269782","0.21701301532269782"
"27717","0.2180130152974357","0.2180130152974357","0.2180130152974357"
"27728","0.21861077282640073","0.21861077282640073","0.21861077282640073"
"27732","0.21861077282640073","0.21861077282640073","0.21861077282640073"
"27744","0.21861077282640073","0.21861077282640073","0.21861077282640073"
"27753","0.21861077282640073","0.21861077282640073","0.21861077282640073"
"27761","0.21861077282640073","0.21861077282640073","0.21861077282640073"
"27765","0.21861077282640073","0.21861077282640073","0.21861077282640073"
"27770","0.21861077282640073","0.21861077282640073","0.21861077282640073"
"27775","0.21861077282640073","0.21861077282640073","0.21861077282640073"
"27782","0.21861077282640073","0.21861077282640073","0.21861077282640073"
"27791","0.21861077282640073","0.21861077282640073","0.21861077282640073"
"27794","0.21861077282640073","0.21861077282640073","0.21861077282640073"
"27800","0.21861077282640073","0.21861077282640073","0.21861077282640073"
"27815","0.21861077282640073","0.21861077282640073","0.21861077282640073"
"27821","0.21851086296519776","0.21851086296519776","0.21851086296519776"
"27833","0.2176080254190545","0.2176080254190545","0.2176080254190545"
"27834","0.2176080254190545","0.2176080254190545","0.2176080254190545"
"27849","0.2176080254190545","0.2176080254190545","0.2176080254190545"
"27864","0.2176080254190545","0.2176080254190545","0.2176080254190545"
"27868","0.2176080254190545","0.2176080254190545","0.2176080254190545"
"27870","0.2176080254190545","0.2176080254190545","0.2176080254190545"
"27889","0.2176080254190545","0.2176080254190545","0.2176080254190545"
"27900","0.2176080254190545","0.2176080254190545","0.2176080254190545"
"27908","0.2176080254190545","0.2176080254190545","0.2176080254190545"
"27913","0.2176080254190545","0.2176080254190545","0.2176080254190545"
"27918","0.2176080254190545","0.2176080254190545","0.2176080254190545"
"27919","0.2176080254190545","0.2176080254190545","0.2176080254190545"
"27921","0.2176080254190545","0.2176080254190545","0.2176080254190545"
"27926","0.2176080254190545","0.2176080254190545","0.2176080254190545"
"27929","0.2176080254190545","0.2176080254190545","0.2176080254190545"
"27931","0.21770765342728982","0.21770765342728982","0.21770765342728982"
"27936","0.21820914389812496","0.21820914389812496","0.21820914389812496"
"27938","0.21840986058849718","0.21840986058849718","0.21840986058849718"
"27946","0.21861093407145651","0.21861093407145651","0.21861093407145651"
"27949","0.21861093407145651","0.21861093407145651","0.21861093407145651"
"27956","0.21861093407145651","0.21861093407145651","0.21861093407145651"
"27969","0.21861093407145651","0.21861093407145651","0.21861093407145651"
"27970","0.21861093407145651","0.21861093407145651","0.21861093407145651"
"27974","0.21861093407145651","0.21861093407145651","0.21861093407145651"
"27989","0.21861093407145651","0.21861093407145651","0.21861093407145651"
"27993","0.21861093407145651","0.21861093407145651","0.21861093407145651"
"27995","0.21861093407145651","0.21861093407145651","0.21861093407145651"
"28001","0.21861093407145651","0.21861093407145651","0.21861093407145651"
"28007","0.21861093407145651","0.21861093407145651","0.21861093407145651"
"28011","0.21861093407145651","0.21861093407145651","0.21861093407145651"
"28015","0.21861093407145651","0.21861093407145651","0.21861093407145651"
"28016","0.21861093407145651","0.21861093407145651","0.21861093407145651"
"28025","0.21861093407145651","0.21861093407145651","0.21861093407145651"
"28030","0.21861093407145651","0.21861093407145651","0.21861093407145651"
"28048","0.2170109341118759","0.2170109341118759","0.2170109341118759"
"28070","0.21661093412198076","0.21661093412198076","0.21661093412198076"
"28077","0.21661093412198076","0.21661093412198076","0.21661093412198076"
"28078","0.21661093412198076","0.21661093412198076","0.21661093412198076"
"28079","0.21661093412198076","0.21661093412198076","0.21661093412198076"
"28083","0.21661093412198076","0.21661093412198076","0.21661093412198076"
"28084","0.21661093412198076","0.21661093412198076","0.21661093412198076"
"28093","0.21661093412198076","0.21661093412198076","0.21661093412198076"
"28099","0.21661093412198076","0.21661093412198076","0.21661093412198076"
"28108","0.21661093412198076","0.21661093412198076","0.21661093412198076"
"28113","0.21661093412198076","0.21661093412198076","0.21661093412198076"
"28116","0.21661093412198076","0.21661093412198076","0.21661093412198076"
"28118","0.21661093412198076","0.21661093412198076","0.21661093412198076"
"28127","0.21661093412198076","0.21661093412198076","0.21661093412198076"
"28133","0.21661093412198076","0.21661093412198076","0.21661093412198076"
"28134","0.21661093412198076","0.21661093412198076","0.21661093412198076"
"28157","0.21521093415734774","0.21521093415734774","0.21521093415734774"
"28166","0.214610934172505","0.214610934172505","0.214610934172505"
"28167","0.214610934172505","0.214610934172505","0.214610934172505"
"28173","0.214610934172505","0.214610934172505","0.214610934172505"
"28174","0.214610934172505","0.214610934172505","0.214610934172505"
"28188","0.214610934172505","0.214610934172505","0.214610934172505"
"28194","0.214610934172505","0.214610934172505","0.214610934172505"
"28195","0.214610934172505","0.214610934172505","0.214610934172505"
"28198","0.214610934172505","0.214610934172505","0.214610934172505"
"28199","0.214610934172505","0.214610934172505","0.214610934172505"
"28215","0.214610934172505","0.214610934172505","0.214610934172505"
"28229","0.214610934172505","0.214610934172505","0.214610934172505"
"28232","0.214610934172505","0.214610934172505","0.214610934172505"
"28236","0.214610934172505","0.214610934172505","0.214610934172505"
"28242","0.214610934172505","0.214610934172505","0.214610934172505"
"28244","0.214610934172505","0.214610934172505","0.214610934172505"
"28248","0.214610934172505","0.214610934172505","0.214610934172505"
"28250","0.214610934172505","0.214610934172505","0.214610934172505"
"28251","0.214610934172505","0.214610934172505","0.214610934172505"
"28260","0.214610934172505","0.214610934172505","0.214610934172505"
"28268","0.2162109341320856","0.2162109341320856","0.2162109341320856"
"28274","0.21661093412198076","0.21661093412198076","0.21661093412198076"
"28286","0.21661093412198076","0.21661093412198076","0.21661093412198076"
"28309","0.21661093412198076","0.21661093412198076","0.21661093412198076"
"28332","0.21661093412198076","0.21661093412198076","0.21661093412198076"
"28337","0.21661093412198076","0.21661093412198076","0.21661093412198076"
"28340","0.21661093412198076","0.21661093412198076","0.21661093412198076"
"28345","0.21661093412198076","0.21661093412198076","0.21661093412198076"
"28361","0.21661093412198076","0.21661093412198076","0.21661093412198076"
"28363","0.21661093412198076","0.21661093412198076","0.21661093412198076"
"28371","0.2164109341270332","0.2164109341270332","0.2164109341270332"
"28372","0.2162109341320856","0.2162109341320856","0.2162109341320856"
"28373","0.21601093413713804","0.21601093413713804","0.21601093413713804"
"28375","0.2156109341472429","0.2156109341472429","0.2156109341472429"
"28378","0.21501093416240016","0.21501093416240016","0.21501093416240016"
"28387","0.214610934172505","0.214610934172505","0.214610934172505"
"28394","0.214610934172505","0.214610934172505","0.214610934172505"
"28395","0.214610934172505","0.214610934172505","0.214610934172505"
"28399","0.214610934172505","0.214610934172505","0.214610934172505"
"28404","0.214610934172505","0.214610934172505","0.214610934172505"
"28409","0.214610934172505","0.214610934172505","0.214610934172505"
"28410","0.214610934172505","0.214610934172505","0.214610934172505"
"28414","0.214610934172505","0.214610934172505","0.214610934172505"
"28417","0.214610934172505","0.214610934172505","0.214610934172505"
"28449","0.214610934172505","0.214610934172505","0.214610934172505"
"28453","0.214610934172505","0.214610934172505","0.214610934172505"
"28458","0.214610934172505","0.214610934172505","0.214610934172505"
"28460","0.214610934172505","0.214610934172505","0.214610934172505"
"28464","0.214610934172505","0.214610934172505","0.214610934172505"
"28470","0.214610934172505","0.214610934172505","0.214610934172505"
"28472","0.214610934172505","0.214610934172505","0.214610934172505"
"28488","0.2130109342129244","0.2130109342129244","0.2130109342129244"
"28505","0.21261093422302926","0.21261093422302926","0.21261093422302926"
"28506","0.21261093422302926","0.21261093422302926","0.21261093422302926"
"28514","0.21261093422302926","0.21261093422302926","0.21261093422302926"
"28517","0.21261093422302926","0.21261093422302926","0.21261093422302926"
"28519","0.21261093422302926","0.21261093422302926","0.21261093422302926"
"28527","0.21261093422302926","0.21261093422302926","0.21261093422302926"
"28541","0.21261093422302926","0.21261093422302926","0.21261093422302926"
"28543","0.21261093422302926","0.21261093422302926","0.21261093422302926"
"28545","0.21261093422302926","0.21261093422302926","0.21261093422302926"
"28548","0.21261093422302926","0.21261093422302926","0.21261093422302926"
"28559","0.21261093422302926","0.21261093422302926","0.21261093422302926"
"28574","0.21261093422302926","0.21261093422302926","0.21261093422302926"
"28585","0.21261093422302926","0.21261093422302926","0.21261093422302926"
"28586","0.21261093422302926","0.21261093422302926","0.21261093422302926"
"28591","0.2124109342280817","0.2124109342280817","0.2124109342280817"
"28592","0.2122109342331341","0.2122109342331341","0.2122109342331341"
"28601","0.2106109342735535","0.2106109342735535","0.2106109342735535"
"28606","0.2106109342735535","0.2106109342735535","0.2106109342735535"
"28610","0.2106109342735535","0.2106109342735535","0.2106109342735535"
"28616","0.2106109342735535","0.2106109342735535","0.2106109342735535"
"28618","0.2106109342735535","0.2106109342735535","0.2106109342735535"
"28620","0.2106109342735535","0.2106109342735535","0.2106109342735535"
"28621","0.2106109342735535","0.2106109342735535","0.2106109342735535"
"28628","0.2106109342735535","0.2106109342735535","0.2106109342735535"
"28644","0.2106109342735535","0.2106109342735535","0.2106109342735535"
"28660","0.2106109342735535","0.2106109342735535","0.2106109342735535"
"28661","0.2106109342735535","0.2106109342735535","0.2106109342735535"
"28665","0.2106109342735535","0.2106109342735535","0.2106109342735535"
"28667","0.2106109342735535","0.2106109342735535","0.2106109342735535"
"28672","0.2106109342735535","0.2106109342735535","0.2106109342735535"
"28674","0.2106109342735535","0.2106109342735535","0.2106109342735535"
"28681","0.2106109342735535","0.2106109342735535","0.2106109342735535"
"28692","0.2106109342735535","0.2106109342735535","0.2106109342735535"
"28694","0.2106109342735535","0.2106109342735535","0.2106109342735535"
"28700","0.2106109342735535","0.2106109342735535","0.2106109342735535"
"28706","0.21181093424323896","0.21181093424323896","0.21181093424323896"
"28711","0.21261093422302926","0.21261093422302926","0.21261093422302926"
"28717","0.21261093422302926","0.21261093422302926","0.21261093422302926"
"28721","0.21261093422302926","0.21261093422302926","0.21261093422302926"
"28731","0.21261093422302926","0.21261093422302926","0.21261093422302926"
"28736","0.21261093422302926","0.21261093422302926","0.21261093422302926"
"28748","0.21261093422302926","0.21261093422302926","0.21261093422302926"
"28755","0.21261093422302926","0.21261093422302926","0.21261093422302926"
"28760","0.21261093422302926","0.21261093422302926","0.21261093422302926"
"28772","0.21261093422302926","0.21261093422302926","0.21261093422302926"
"28773","0.21261093422302926","0.21261093422302926","0.21261093422302926"
"28804","0.21261093422302926","0.21261093422302926","0.21261093422302926"
"28805","0.21261093422302926","0.21261093422302926","0.21261093422302926"
"28806","0.21261093422302926","0.21261093422302926","0.21261093422302926"
"28808","0.21261093422302926","0.21261093422302926","0.21261093422302926"
"28811","0.21281093421797684","0.21281093421797684","0.21281093421797684"
"28812","0.2130109342129244","0.2130109342129244","0.2130109342129244"
"28815","0.21361093419776714","0.21361093419776714","0.21361093419776714"
"28821","0.214610934172505","0.214610934172505","0.214610934172505"
"28825","0.214610934172505","0.214610934172505","0.214610934172505"
"28843","0.214610934172505","0.214610934172505","0.214610934172505"
"28850","0.214610934172505","0.214610934172505","0.214610934172505"
"28851","0.214610934172505","0.214610934172505","0.214610934172505"
"28860","0.214610934172505","0.214610934172505","0.214610934172505"
"28861","0.214610934172505","0.214610934172505","0.214610934172505"
"28865","0.214610934172505","0.214610934172505","0.214610934172505"
"28866","0.214610934172505","0.214610934172505","0.214610934172505"
"28871","0.214610934172505","0.214610934172505","0.214610934172505"
"28875","0.214610934172505","0.214610934172505","0.214610934172505"
"28879","0.214610934172505","0.214610934172505","0.214610934172505"
"28882","0.214610934172505","0.214610934172505","0.214610934172505"
"28885","0.214610934172505","0.214610934172505","0.214610934172505"
"28892","0.214610934172505","0.214610934172505","0.214610934172505"
"28896","0.214610934172505","0.214610934172505","0.214610934172505"
"28898","0.214610934172505","0.214610934172505","0.214610934172505"
"28916","0.214610934172505","0.214610934172505","0.214610934172505"
"28917","0.214610934172505","0.214610934172505","0.214610934172505"
"28922","0.21421093418260986","0.21421093418260986","0.21421093418260986"
"28927","0.213210934207872","0.213210934207872","0.213210934207872"
"28932","0.21261093422302926","0.21261093422302926","0.21261093422302926"
"28938","0.21261093422302926","0.21261093422302926","0.21261093422302926"
"28939","0.21261093422302926","0.21261093422302926","0.21261093422302926"
"28941","0.21261093422302926","0.21261093422302926","0.21261093422302926"
"28944","0.21261093422302926","0.21261093422302926","0.21261093422302926"
"28953","0.21261093422302926","0.21261093422302926","0.21261093422302926"
"28965","0.21261093422302926","0.21261093422302926","0.21261093422302926"
"28976","0.21261093422302926","0.21261093422302926","0.21261093422302926"
"28981","0.21261093422302926","0.21261093422302926","0.21261093422302926"
"28988","0.21261093422302926","0.21261093422302926","0.21261093422302926"
"28993","0.21261093422302926","0.21261093422302926","0.21261093422302926"
"29001","0.21261093422302926","0.21261093422302926","0.21261093422302926"
"29004","0.21261093422302926","0.21261093422302926","0.21261093422302926"
"29007","0.21261093422302926","0.21261093422302926","0.21261093422302926"
"29011","0.21261093422302926","0.21261093422302926","0.21261093422302926"
"29021","0.21261093422302926","0.21261093422302926","0.21261093422302926"
"29022","0.21261093422302926","0.21261093422302926","0.21261093422302926"
"29026","0.21261093422302926","0.21261093422302926","0.21261093422302926"
"29034","0.21341093420281956","0.21341093420281956","0.21341093420281956"
"29036","0.2138109341927147","0.2138109341927147","0.2138109341927147"
"29058","0.214610934172505","0.214610934172505","0.214610934172505"
"29059","0.214610934172505","0.214610934172505","0.214610934172505"
"29062","0.214610934172505","0.214610934172505","0.214610934172505"
"29065","0.214610934172505","0.214610934172505","0.214610934172505"
"29067","0.214610934172505","0.214610934172505","0.214610934172505"
"29076","0.214610934172505","0.214610934172505","0.214610934172505"
"29077","0.214610934172505","0.214610934172505","0.214610934172505"
"29090","0.214610934172505","0.214610934172505","0.214610934172505"
"29096","0.214610934172505","0.214610934172505","0.214610934172505"
"29104","0.214610934172505","0.214610934172505","0.214610934172505"
"29105","0.214610934172505","0.214610934172505","0.214610934172505"
"29110","0.214610934172505","0.214610934172505","0.214610934172505"
"29112","0.214610934172505","0.214610934172505","0.214610934172505"
"29117","0.214610934172505","0.214610934172505","0.214610934172505"
"29123","0.214610934172505","0.214610934172505","0.214610934172505"
"29132","0.214610934172505","0.214610934172505","0.214610934172505"
"29139","0.214610934172505","0.214610934172505","0.214610934172505"
"29152","0.21261093422302926","0.21261093422302926","0.21261093422302926"
"29157","0.21261093422302926","0.21261093422302926","0.21261093422302926"
"29162","0.21261093422302926","0.21261093422302926","0.21261093422302926"
"29171","0.21261093422302926","0.21261093422302926","0.21261093422302926"
"29172","0.21261093422302926","0.21261093422302926","0.21261093422302926"
"29175","0.21261093422302926","0.21261093422302926","0.21261093422302926"
"29179","0.21261093422302926","0.21261093422302926","0.21261093422302926"
"29183","0.21261093422302926","0.21261093422302926","0.21261093422302926"
"29197","0.21261093422302926","0.21261093422302926","0.21261093422302926"
"29221","0.21261093422302926","0.21261093422302926","0.21261093422302926"
"29224","0.21261093422302926","0.21261093422302926","0.21261093422302926"
"29239","0.21261093422302926","0.21261093422302926","0.21261093422302926"
"29241","0.21261093422302926","0.21261093422302926","0.21261093422302926"
"29264","0.2106109342735535","0.2106109342735535","0.2106109342735535"
"29269","0.2106109342735535","0.2106109342735535","0.2106109342735535"
"29272","0.2106109342735535","0.2106109342735535","0.2106109342735535"
"29274","0.2106109342735535","0.2106109342735535","0.2106109342735535"
"29277","0.2106109342735535","0.2106109342735535","0.2106109342735535"
"29279","0.2106109342735535","0.2106109342735535","0.2106109342735535"
"29281","0.2106109342735535","0.2106109342735535","0.2106109342735535"
"29287","0.2106109342735535","0.2106109342735535","0.2106109342735535"
"29293","0.2106109342735535","0.2106109342735535","0.2106109342735535"
"29306","0.2106109342735535","0.2106109342735535","0.2106109342735535"
"29308","0.2106109342735535","0.2106109342735535","0.2106109342735535"
"29321","0.2106109342735535","0.2106109342735535","0.2106109342735535"
"29325","0.2106109342735535","0.2106109342735535","0.2106109342735535"
"29345","0.2106109342735535","0.2106109342735535","0.2106109342735535"
"29347","0.2106109342735535","0.2106109342735535","0.2106109342735535"
"29349","0.2106109342735535","0.2106109342735535","0.2106109342735535"
"29360","0.2106109342735535","0.2106109342735535","0.2106109342735535"
"29382","0.21261093422302926","0.21261093422302926","0.21261093422302926"
"29393","0.21261093422302926","0.21261093422302926","0.21261093422302926"
"29399","0.21261093422302926","0.21261093422302926","0.21261093422302926"
"29401","0.21261093422302926","0.21261093422302926","0.21261093422302926"
"29409","0.21261093422302926","0.21261093422302926","0.21261093422302926"
"29412","0.21261093422302926","0.21261093422302926","0.21261093422302926"
"29413","0.21261093422302926","0.21261093422302926","0.21261093422302926"
"29417","0.21261093422302926","0.21261093422302926","0.21261093422302926"
"29418","0.21261093422302926","0.21261093422302926","0.21261093422302926"
"29423","0.21261093422302926","0.21261093422302926","0.21261093422302926"
"29424","0.21261093422302926","0.21261093422302926","0.21261093422302926"
"29427","0.21261093422302926","0.21261093422302926","0.21261093422302926"
"29428","0.21261093422302926","0.21261093422302926","0.21261093422302926"
"29432","0.21261093422302926","0.21261093422302926","0.21261093422302926"
"29455","0.21261093422302926","0.21261093422302926","0.21261093422302926"
"29460","0.21261093422302926","0.21261093422302926","0.21261093422302926"
"29461","0.21261093422302926","0.21261093422302926","0.21261093422302926"
"29467","0.21261093422302926","0.21261093422302926","0.21261093422302926"
"29469","0.21261093422302926","0.21261093422302926","0.21261093422302926"
"29472","0.2130109342129244","0.2130109342129244","0.2130109342129244"
"29473","0.213210934207872","0.213210934207872","0.213210934207872"
"29475","0.21361093419776714","0.21361093419776714","0.21361093419776714"
"29483","0.214610934172505","0.214610934172505","0.214610934172505"
"29501","0.214610934172505","0.214610934172505","0.214610934172505"
"29508","0.214610934172505","0.214610934172505","0.214610934172505"
"29516","0.214610934172505","0.214610934172505","0.214610934172505"
"29517","0.214610934172505","0.214610934172505","0.214610934172505"
"29523","0.214610934172505","0.214610934172505","0.214610934172505"
"29545","0.214610934172505","0.214610934172505","0.214610934172505"
"29574","0.214610934172505","0.214610934172505","0.214610934172505"
"29581","0.2148109341674526","0.2148109341674526","0.2148109341674526"
"29582","0.21501093416240016","0.21501093416240016","0.21501093416240016"
"29583","0.21521093415734774","0.21521093415734774","0.21521093415734774"
"29584","0.2154109341522953","0.2154109341522953","0.2154109341522953"
"29585","0.2156109341472429","0.2156109341472429","0.2156109341472429"
"29586","0.21581093414219046","0.21581093414219046","0.21581093414219046"
"29591","0.21607296711201684","0.21607296711201684","0.21607296711201684"
"29593","0.21607296711201684","0.21607296711201684","0.21607296711201684"
"29595","0.21607296711201684","0.21607296711201684","0.21607296711201684"
"29596","0.21607296711201684","0.21607296711201684","0.21607296711201684"
"29598","0.21607296711201684","0.21607296711201684","0.21607296711201684"
"29603","0.21607296711201684","0.21607296711201684","0.21607296711201684"
"29604","0.21607296711201684","0.21607296711201684","0.21607296711201684"
"29605","0.21607296711201684","0.21607296711201684","0.21607296711201684"
"29608","0.21607296711201684","0.21607296711201684","0.21607296711201684"
"29609","0.21607296711201684","0.21607296711201684","0.21607296711201684"
"29610","0.21607296711201684","0.21607296711201684","0.21607296711201684"
"29611","0.21607296711201684","0.21607296711201684","0.21607296711201684"
"29621","0.21607296711201684","0.21607296711201684","0.21607296711201684"
"29625","0.21607296711201684","0.21607296711201684","0.21607296711201684"
"29626","0.21607296711201684","0.21607296711201684","0.21607296711201684"
"29629","0.21607296711201684","0.21607296711201684","0.21607296711201684"
"29640","0.21607296711201684","0.21607296711201684","0.21607296711201684"
"29646","0.21607296711201684","0.21607296711201684","0.21607296711201684"
"29654","0.21607296711201684","0.21607296711201684","0.21607296711201684"
"29661","0.21607296711201684","0.21607296711201684","0.21607296711201684"
"29669","0.21607296711201684","0.21607296711201684","0.21607296711201684"
"29681","0.21607296711201684","0.21607296711201684","0.21607296711201684"
"29682","0.21607296711201684","0.21607296711201684","0.21607296711201684"
"29689","0.21607296711201684","0.21607296711201684","0.21607296711201684"
"29693","0.21577208516727667","0.21577208516727667","0.21577208516727667"
"29696","0.21547112188843356","0.21547112188843356","0.21547112188843356"
"29709","0.21506999063730398","0.21506999063730398","0.21506999063730398"
"29712","0.21506999063730398","0.21506999063730398","0.21506999063730398"
"29713","0.21506999063730398","0.21506999063730398","0.21506999063730398"
"29714","0.21506999063730398","0.21506999063730398","0.21506999063730398"
"29715","0.21506999063730398","0.21506999063730398","0.21506999063730398"
"29725","0.21506999063730398","0.21506999063730398","0.21506999063730398"
"29729","0.21506999063730398","0.21506999063730398","0.21506999063730398"
"29731","0.21506999063730398","0.21506999063730398","0.21506999063730398"
"29738","0.21506999063730398","0.21506999063730398","0.21506999063730398"
"29750","0.21506999063730398","0.21506999063730398","0.21506999063730398"
"29762","0.21506999063730398","0.21506999063730398","0.21506999063730398"
"29782","0.21506999063730398","0.21506999063730398","0.21506999063730398"
"29784","0.21506999063730398","0.21506999063730398","0.21506999063730398"
"29787","0.21506999063730398","0.21506999063730398","0.21506999063730398"
"29788","0.21506999063730398","0.21506999063730398","0.21506999063730398"
"29796","0.21506999063730398","0.21506999063730398","0.21506999063730398"
"29797","0.21506999063730398","0.21506999063730398","0.21506999063730398"
"29799","0.21506999063730398","0.21506999063730398","0.21506999063730398"
"29807","0.2157719070319169","0.2157719070319169","0.2157719070319169"
"29809","0.21597265145300087","0.21597265145300087","0.21597265145300087"
"29821","0.21607313229687541","0.21607313229687541","0.21607313229687541"
"29822","0.21607313229687541","0.21607313229687541","0.21607313229687541"
"29828","0.21607313229687541","0.21607313229687541","0.21607313229687541"
"29831","0.21607313229687541","0.21607313229687541","0.21607313229687541"
"29833","0.21607313229687541","0.21607313229687541","0.21607313229687541"
"29839","0.21607313229687541","0.21607313229687541","0.21607313229687541"
"29855","0.21607313229687541","0.21607313229687541","0.21607313229687541"
"29889","0.21607313229687541","0.21607313229687541","0.21607313229687541"
"29890","0.21607313229687541","0.21607313229687541","0.21607313229687541"
"29891","0.21607313229687541","0.21607313229687541","0.21607313229687541"
"29894","0.21607313229687541","0.21607313229687541","0.21607313229687541"
"29904","0.21607313229687541","0.21607313229687541","0.21607313229687541"
"29905","0.21607313229687541","0.21607313229687541","0.21607313229687541"
"29907","0.21607313229687541","0.21607313229687541","0.21607313229687541"
"29919","0.21427313234234724","0.21427313234234724","0.21427313234234724"
"29926","0.21407313234739966","0.21407313234739966","0.21407313234739966"
"29931","0.21407313234739966","0.21407313234739966","0.21407313234739966"
"29933","0.21407313234739966","0.21407313234739966","0.21407313234739966"
"29948","0.21407313234739966","0.21407313234739966","0.21407313234739966"
"29956","0.21407313234739966","0.21407313234739966","0.21407313234739966"
"29963","0.21407313234739966","0.21407313234739966","0.21407313234739966"
"29966","0.21407313234739966","0.21407313234739966","0.21407313234739966"
"29969","0.21407313234739966","0.21407313234739966","0.21407313234739966"
"29971","0.21407313234739966","0.21407313234739966","0.21407313234739966"
"29981","0.21407313234739966","0.21407313234739966","0.21407313234739966"
"29992","0.21407313234739966","0.21407313234739966","0.21407313234739966"
"29996","0.21407313234739966","0.21407313234739966","0.21407313234739966"
"29999","0.21407313234739966","0.21407313234739966","0.21407313234739966"
"30009","0.21407313234739966","0.21407313234739966","0.21407313234739966"
"30038","0.2120731323979239","0.2120731323979239","0.2120731323979239"
"30040","0.2120731323979239","0.2120731323979239","0.2120731323979239"
"30052","0.2120731323979239","0.2120731323979239","0.2120731323979239"
"30053","0.2120731323979239","0.2120731323979239","0.2120731323979239"
"30065","0.2120731323979239","0.2120731323979239","0.2120731323979239"
"30069","0.2120731323979239","0.2120731323979239","0.2120731323979239"
"30072","0.2120731323979239","0.2120731323979239","0.2120731323979239"
"30075","0.2120731323979239","0.2120731323979239","0.2120731323979239"
"30099","0.2120731323979239","0.2120731323979239","0.2120731323979239"
"30103","0.2120731323979239","0.2120731323979239","0.2120731323979239"
"30104","0.2120731323979239","0.2120731323979239","0.2120731323979239"
"30106","0.2120731323979239","0.2120731323979239","0.2120731323979239"
"30110","0.2120731323979239","0.2120731323979239","0.2120731323979239"
"30115","0.2120731323979239","0.2120731323979239","0.2120731323979239"
"30120","0.2120731323979239","0.2120731323979239","0.2120731323979239"
"30124","0.2120731323979239","0.2120731323979239","0.2120731323979239"
"30126","0.2120731323979239","0.2120731323979239","0.2120731323979239"
"30130","0.2120731323979239","0.2120731323979239","0.2120731323979239"
"30134","0.2112731324181336","0.2112731324181336","0.2112731324181336"
"30138","0.2104731324383433","0.2104731324383433","0.2104731324383433"
"30141","0.21007313244844816","0.21007313244844816","0.21007313244844816"
"30147","0.21007313244844816","0.21007313244844816","0.21007313244844816"
"30160","0.21007313244844816","0.21007313244844816","0.21007313244844816"
"30163","0.21007313244844816","0.21007313244844816","0.21007313244844816"
"30176","0.21007313244844816","0.21007313244844816","0.21007313244844816"
"30184","0.21007313244844816","0.21007313244844816","0.21007313244844816"
"30189","0.21007313244844816","0.21007313244844816","0.21007313244844816"
"30191","0.21007313244844816","0.21007313244844816","0.21007313244844816"
"30197","0.21007313244844816","0.21007313244844816","0.21007313244844816"
"30208","0.21007313244844816","0.21007313244844816","0.21007313244844816"
"30218","0.21007313244844816","0.21007313244844816","0.21007313244844816"
"30226","0.21007313244844816","0.21007313244844816","0.21007313244844816"
"30227","0.21007313244844816","0.21007313244844816","0.21007313244844816"
"30232","0.21007313244844816","0.21007313244844816","0.21007313244844816"
"30234","0.21007313244844816","0.21007313244844816","0.21007313244844816"
"30250","0.2080731324989724","0.2080731324989724","0.2080731324989724"
"30253","0.2080731324989724","0.2080731324989724","0.2080731324989724"
"30254","0.2080731324989724","0.2080731324989724","0.2080731324989724"
"30274","0.2080731324989724","0.2080731324989724","0.2080731324989724"
"30308","0.2080731324989724","0.2080731324989724","0.2080731324989724"
"30312","0.2080731324989724","0.2080731324989724","0.2080731324989724"
"30318","0.2080731324989724","0.2080731324989724","0.2080731324989724"
"30320","0.2080731324989724","0.2080731324989724","0.2080731324989724"
"30325","0.2080731324989724","0.2080731324989724","0.2080731324989724"
"30326","0.2080731324989724","0.2080731324989724","0.2080731324989724"
"30330","0.2080731324989724","0.2080731324989724","0.2080731324989724"
"30332","0.2080731324989724","0.2080731324989724","0.2080731324989724"
"30340","0.2080731324989724","0.2080731324989724","0.2080731324989724"
"30342","0.2080731324989724","0.2080731324989724","0.2080731324989724"
"30350","0.2080731324989724","0.2080731324989724","0.2080731324989724"
"30354","0.2072731325191821","0.2072731325191821","0.2072731325191821"
"30362","0.20607313254949666","0.20607313254949666","0.20607313254949666"
"30368","0.20607313254949666","0.20607313254949666","0.20607313254949666"
"30371","0.20607313254949666","0.20607313254949666","0.20607313254949666"
"30378","0.20607313254949666","0.20607313254949666","0.20607313254949666"
"30379","0.20607313254949666","0.20607313254949666","0.20607313254949666"
"30384","0.20607313254949666","0.20607313254949666","0.20607313254949666"
"30390","0.20607313254949666","0.20607313254949666","0.20607313254949666"
"30395","0.20607313254949666","0.20607313254949666","0.20607313254949666"
"30401","0.20607313254949666","0.20607313254949666","0.20607313254949666"
"30414","0.20607313254949666","0.20607313254949666","0.20607313254949666"
"30418","0.20607313254949666","0.20607313254949666","0.20607313254949666"
"30428","0.20607313254949666","0.20607313254949666","0.20607313254949666"
"30437","0.20607313254949666","0.20607313254949666","0.20607313254949666"
"30456","0.20607313254949666","0.20607313254949666","0.20607313254949666"
"30457","0.20607313254949666","0.20607313254949666","0.20607313254949666"
"30459","0.20607313254949666","0.20607313254949666","0.20607313254949666"
"30462","0.2064731325393918","0.2064731325393918","0.2064731325393918"
"30469","0.20787313250402484","0.20787313250402484","0.20787313250402484"
"30477","0.2080731324989724","0.2080731324989724","0.2080731324989724"
"30479","0.2080731324989724","0.2080731324989724","0.2080731324989724"
"30480","0.2080731324989724","0.2080731324989724","0.2080731324989724"
"30492","0.2080731324989724","0.2080731324989724","0.2080731324989724"
"30494","0.2080731324989724","0.2080731324989724","0.2080731324989724"
"30501","0.2080731324989724","0.2080731324989724","0.2080731324989724"
"30504","0.2080731324989724","0.2080731324989724","0.2080731324989724"
"30507","0.2080731324989724","0.2080731324989724","0.2080731324989724"
"30511","0.2080731324989724","0.2080731324989724","0.2080731324989724"
"30515","0.2080731324989724","0.2080731324989724","0.2080731324989724"
"30519","0.2080731324989724","0.2080731324989724","0.2080731324989724"
"30523","0.2080731324989724","0.2080731324989724","0.2080731324989724"
"30530","0.2080731324989724","0.2080731324989724","0.2080731324989724"
"30533","0.2080731324989724","0.2080731324989724","0.2080731324989724"
"30535","0.2080731324989724","0.2080731324989724","0.2080731324989724"
"30536","0.2080731324989724","0.2080731324989724","0.2080731324989724"
"30553","0.2080731324989724","0.2080731324989724","0.2080731324989724"
"30558","0.2080731324989724","0.2080731324989724","0.2080731324989724"
"30563","0.2080731324989724","0.2080731324989724","0.2080731324989724"
"30565","0.2080731324989724","0.2080731324989724","0.2080731324989724"
"30568","0.2080731324989724","0.2080731324989724","0.2080731324989724"
"30573","0.20867313248381514","0.20867313248381514","0.20867313248381514"
"30575","0.2090731324737103","0.2090731324737103","0.2090731324737103"
"30580","0.21007313244844816","0.21007313244844816","0.21007313244844816"
"30582","0.21007313244844816","0.21007313244844816","0.21007313244844816"
"30586","0.21007313244844816","0.21007313244844816","0.21007313244844816"
"30591","0.21007313244844816","0.21007313244844816","0.21007313244844816"
"30595","0.21007313244844816","0.21007313244844816","0.21007313244844816"
"30598","0.21007313244844816","0.21007313244844816","0.21007313244844816"
"30604","0.21007313244844816","0.21007313244844816","0.21007313244844816"
"30606","0.21007313244844816","0.21007313244844816","0.21007313244844816"
"30607","0.21007313244844816","0.21007313244844816","0.21007313244844816"
"30620","0.21007313244844816","0.21007313244844816","0.21007313244844816"
"30624","0.21007313244844816","0.21007313244844816","0.21007313244844816"
"30625","0.21007313244844816","0.21007313244844816","0.21007313244844816"
"30635","0.21007313244844816","0.21007313244844816","0.21007313244844816"
"30640","0.21007313244844816","0.21007313244844816","0.21007313244844816"
"30667","0.21007313244844816","0.21007313244844816","0.21007313244844816"
"30669","0.21007313244844816","0.21007313244844816","0.21007313244844816"
"30671","0.21007313244844816","0.21007313244844816","0.21007313244844816"
"30684","0.20927313246865786","0.20927313246865786","0.20927313246865786"
"30692","0.2080731324989724","0.2080731324989724","0.2080731324989724"
"30693","0.2080731324989724","0.2080731324989724","0.2080731324989724"
"30698","0.2080731324989724","0.2080731324989724","0.2080731324989724"
"30699","0.2080731324989724","0.2080731324989724","0.2080731324989724"
"30704","0.2080731324989724","0.2080731324989724","0.2080731324989724"
"30711","0.2080731324989724","0.2080731324989724","0.2080731324989724"
"30715","0.2080731324989724","0.2080731324989724","0.2080731324989724"
"30718","0.2080731324989724","0.2080731324989724","0.2080731324989724"
"30720","0.2080731324989724","0.2080731324989724","0.2080731324989724"
"30721","0.2080731324989724","0.2080731324989724","0.2080731324989724"
"30725","0.2080731324989724","0.2080731324989724","0.2080731324989724"
"30727","0.2080731324989724","0.2080731324989724","0.2080731324989724"
"30744","0.2080731324989724","0.2080731324989724","0.2080731324989724"
"30746","0.2080731324989724","0.2080731324989724","0.2080731324989724"
"30751","0.2080731324989724","0.2080731324989724","0.2080731324989724"
"30753","0.2080731324989724","0.2080731324989724","0.2080731324989724"
"30761","0.2080731324989724","0.2080731324989724","0.2080731324989724"
"30773","0.2080731324989724","0.2080731324989724","0.2080731324989724"
"30779","0.2080731324989724","0.2080731324989724","0.2080731324989724"
"30780","0.2080731324989724","0.2080731324989724","0.2080731324989724"
"30788","0.2080731324989724","0.2080731324989724","0.2080731324989724"
"30793","0.2074731325141297","0.2074731325141297","0.2074731325141297"
"30803","0.20607313254949666","0.20607313254949666","0.20607313254949666"
"30807","0.20607313254949666","0.20607313254949666","0.20607313254949666"
"30816","0.20607313254949666","0.20607313254949666","0.20607313254949666"
"30826","0.20607313254949666","0.20607313254949666","0.20607313254949666"
"30827","0.20607313254949666","0.20607313254949666","0.20607313254949666"
"30830","0.20607313254949666","0.20607313254949666","0.20607313254949666"
"30832","0.20607313254949666","0.20607313254949666","0.20607313254949666"
"30833","0.20607313254949666","0.20607313254949666","0.20607313254949666"
"30834","0.20607313254949666","0.20607313254949666","0.20607313254949666"
"30836","0.20607313254949666","0.20607313254949666","0.20607313254949666"
"30840","0.20607313254949666","0.20607313254949666","0.20607313254949666"
"30846","0.20607313254949666","0.20607313254949666","0.20607313254949666"
"30850","0.20607313254949666","0.20607313254949666","0.20607313254949666"
"30853","0.20607313254949666","0.20607313254949666","0.20607313254949666"
"30866","0.20607313254949666","0.20607313254949666","0.20607313254949666"
"30869","0.20607313254949666","0.20607313254949666","0.20607313254949666"
"30870","0.20607313254949666","0.20607313254949666","0.20607313254949666"
"30876","0.20607313254949666","0.20607313254949666","0.20607313254949666"
"30880","0.20607313254949666","0.20607313254949666","0.20607313254949666"
"30884","0.20607313254949666","0.20607313254949666","0.20607313254949666"
"30886","0.20607313254949666","0.20607313254949666","0.20607313254949666"
"30888","0.20607313254949666","0.20607313254949666","0.20607313254949666"
"30896","0.20607313254949666","0.20607313254949666","0.20607313254949666"
"30898","0.20607313254949666","0.20607313254949666","0.20607313254949666"
"30915","0.2040731326000209","0.2040731326000209","0.2040731326000209"
"30918","0.2040731326000209","0.2040731326000209","0.2040731326000209"
"30922","0.2040731326000209","0.2040731326000209","0.2040731326000209"
"30928","0.2040731326000209","0.2040731326000209","0.2040731326000209"
"30929","0.2040731326000209","0.2040731326000209","0.2040731326000209"
"30937","0.2040731326000209","0.2040731326000209","0.2040731326000209"
"30962","0.2040731326000209","0.2040731326000209","0.2040731326000209"
"30980","0.2040731326000209","0.2040731326000209","0.2040731326000209"
"30989","0.2040731326000209","0.2040731326000209","0.2040731326000209"
"30995","0.2040731326000209","0.2040731326000209","0.2040731326000209"
"30996","0.2040731326000209","0.2040731326000209","0.2040731326000209"
"31003","0.2040731326000209","0.2040731326000209","0.2040731326000209"
"31006","0.2040731326000209","0.2040731326000209","0.2040731326000209"
"31007","0.2040731326000209","0.2040731326000209","0.2040731326000209"
"31017","0.20547313256465394","0.20547313256465394","0.20547313256465394"
"31019","0.2058731325545491","0.2058731325545491","0.2058731325545491"
"31038","0.20607313254949666","0.20607313254949666","0.20607313254949666"
"31053","0.20607313254949666","0.20607313254949666","0.20607313254949666"
"31067","0.20607313254949666","0.20607313254949666","0.20607313254949666"
"31070","0.20607313254949666","0.20607313254949666","0.20607313254949666"
"31079","0.20607313254949666","0.20607313254949666","0.20607313254949666"
"31081","0.20607313254949666","0.20607313254949666","0.20607313254949666"
"31083","0.20607313254949666","0.20607313254949666","0.20607313254949666"
"31090","0.20607313254949666","0.20607313254949666","0.20607313254949666"
"31091","0.20607313254949666","0.20607313254949666","0.20607313254949666"
"31098","0.20607313254949666","0.20607313254949666","0.20607313254949666"
"31100","0.20607313254949666","0.20607313254949666","0.20607313254949666"
"31102","0.20607313254949666","0.20607313254949666","0.20607313254949666"
"31109","0.20607313254949666","0.20607313254949666","0.20607313254949666"
"31126","0.2048731325798112","0.2048731325798112","0.2048731325798112"
"31131","0.2040731326000209","0.2040731326000209","0.2040731326000209"
"31135","0.2040731326000209","0.2040731326000209","0.2040731326000209"
"31139","0.2040731326000209","0.2040731326000209","0.2040731326000209"
"31141","0.2040731326000209","0.2040731326000209","0.2040731326000209"
"31142","0.2040731326000209","0.2040731326000209","0.2040731326000209"
"31148","0.2040731326000209","0.2040731326000209","0.2040731326000209"
"31153","0.2040731326000209","0.2040731326000209","0.2040731326000209"
"31159","0.2040731326000209","0.2040731326000209","0.2040731326000209"
"31166","0.2040731326000209","0.2040731326000209","0.2040731326000209"
"31182","0.2040731326000209","0.2040731326000209","0.2040731326000209"
"31192","0.2040731326000209","0.2040731326000209","0.2040731326000209"
"31193","0.2040731326000209","0.2040731326000209","0.2040731326000209"
"31200","0.2040731326000209","0.2040731326000209","0.2040731326000209"
"31215","0.2040731326000209","0.2040731326000209","0.2040731326000209"
"31220","0.2040731326000209","0.2040731326000209","0.2040731326000209"
"31221","0.2040731326000209","0.2040731326000209","0.2040731326000209"
"31236","0.20287313263033546","0.20287313263033546","0.20287313263033546"
"31245","0.20207313265054516","0.20207313265054516","0.20207313265054516"
"31250","0.20207313265054516","0.20207313265054516","0.20207313265054516"
"31253","0.20207313265054516","0.20207313265054516","0.20207313265054516"
"31259","0.20207313265054516","0.20207313265054516","0.20207313265054516"
"31260","0.20207313265054516","0.20207313265054516","0.20207313265054516"
"31264","0.20207313265054516","0.20207313265054516","0.20207313265054516"
"31283","0.20207313265054516","0.20207313265054516","0.20207313265054516"
"31294","0.20207313265054516","0.20207313265054516","0.20207313265054516"
"31296","0.20207313265054516","0.20207313265054516","0.20207313265054516"
"31297","0.20207313265054516","0.20207313265054516","0.20207313265054516"
"31301","0.20207313265054516","0.20207313265054516","0.20207313265054516"
"31303","0.20207313265054516","0.20207313265054516","0.20207313265054516"
"31306","0.20207313265054516","0.20207313265054516","0.20207313265054516"
"31311","0.20207313265054516","0.20207313265054516","0.20207313265054516"
"31315","0.20207313265054516","0.20207313265054516","0.20207313265054516"
"31351","0.2000731327010694","0.2000731327010694","0.2000731327010694"
"31360","0.2000731327010694","0.2000731327010694","0.2000731327010694"
"31366","0.2000731327010694","0.2000731327010694","0.2000731327010694"
"31379","0.2000731327010694","0.2000731327010694","0.2000731327010694"
"31387","0.2000731327010694","0.2000731327010694","0.2000731327010694"
"31390","0.2000731327010694","0.2000731327010694","0.2000731327010694"
"31397","0.2000731327010694","0.2000731327010694","0.2000731327010694"
"31399","0.2000731327010694","0.2000731327010694","0.2000731327010694"
"31403","0.2000731327010694","0.2000731327010694","0.2000731327010694"
"31404","0.2000731327010694","0.2000731327010694","0.2000731327010694"
"31410","0.2000731327010694","0.2000731327010694","0.2000731327010694"
"31415","0.2000731327010694","0.2000731327010694","0.2000731327010694"
"31427","0.2000731327010694","0.2000731327010694","0.2000731327010694"
"31438","0.2000731327010694","0.2000731327010694","0.2000731327010694"
"31454","0.1992731327212791","0.1992731327212791","0.1992731327212791"
"31460","0.19807313275159366","0.19807313275159366","0.19807313275159366"
"31469","0.19807313275159366","0.19807313275159366","0.19807313275159366"
"31472","0.19807313275159366","0.19807313275159366","0.19807313275159366"
"31490","0.19807313275159366","0.19807313275159366","0.19807313275159366"
"31495","0.19807313275159366","0.19807313275159366","0.19807313275159366"
"31500","0.19807313275159366","0.19807313275159366","0.19807313275159366"
"31501","0.19807313275159366","0.19807313275159366","0.19807313275159366"
"31505","0.19807313275159366","0.19807313275159366","0.19807313275159366"
"31507","0.19807313275159366","0.19807313275159366","0.19807313275159366"
"31510","0.19807313275159366","0.19807313275159366","0.19807313275159366"
"31517","0.19807313275159366","0.19807313275159366","0.19807313275159366"
"31522","0.19807313275159366","0.19807313275159366","0.19807313275159366"
"31525","0.19807313275159366","0.19807313275159366","0.19807313275159366"
"31540","0.19807313275159366","0.19807313275159366","0.19807313275159366"
"31542","0.19807313275159366","0.19807313275159366","0.19807313275159366"
"31559","0.19807313275159366","0.19807313275159366","0.19807313275159366"
"31561","0.19827313274654124","0.19827313274654124","0.19827313274654124"
"31567","0.1994731327162267","0.1994731327162267","0.1994731327162267"
"31581","0.2000731327010694","0.2000731327010694","0.2000731327010694"
"31584","0.2000731327010694","0.2000731327010694","0.2000731327010694"
"31599","0.2000731327010694","0.2000731327010694","0.2000731327010694"
"31603","0.2000731327010694","0.2000731327010694","0.2000731327010694"
"31614","0.2000731327010694","0.2000731327010694","0.2000731327010694"
"31615","0.2000731327010694","0.2000731327010694","0.2000731327010694"
"31627","0.2000731327010694","0.2000731327010694","0.2000731327010694"
"31629","0.2000731327010694","0.2000731327010694","0.2000731327010694"
"31630","0.2000731327010694","0.2000731327010694","0.2000731327010694"
"31634","0.2000731327010694","0.2000731327010694","0.2000731327010694"
"31637","0.2000731327010694","0.2000731327010694","0.2000731327010694"
"31641","0.2000731327010694","0.2000731327010694","0.2000731327010694"
"31644","0.2000731327010694","0.2000731327010694","0.2000731327010694"
"31648","0.2000731327010694","0.2000731327010694","0.2000731327010694"
"31658","0.2000731327010694","0.2000731327010694","0.2000731327010694"
"31663","0.2000731327010694","0.2000731327010694","0.2000731327010694"
"31672","0.20035669209246088","0.20035669209246088","0.20035669209246088"
"31689","0.2010583492277842","0.2010583492277842","0.2010583492277842"
"31693","0.2010583492277842","0.2010583492277842","0.2010583492277842"
"31711","0.2010583492277842","0.2010583492277842","0.2010583492277842"
"31719","0.2010583492277842","0.2010583492277842","0.2010583492277842"
"31725","0.2010583492277842","0.2010583492277842","0.2010583492277842"
"31728","0.2010583492277842","0.2010583492277842","0.2010583492277842"
"31734","0.2010583492277842","0.2010583492277842","0.2010583492277842"
"31735","0.2010583492277842","0.2010583492277842","0.2010583492277842"
"31736","0.2010583492277842","0.2010583492277842","0.2010583492277842"
"31737","0.2010583492277842","0.2010583492277842","0.2010583492277842"
"31743","0.2010583492277842","0.2010583492277842","0.2010583492277842"
"31744","0.2010583492277842","0.2010583492277842","0.2010583492277842"
"31749","0.2010583492277842","0.2010583492277842","0.2010583492277842"
"31751","0.2010583492277842","0.2010583492277842","0.2010583492277842"
"31757","0.2010583492277842","0.2010583492277842","0.2010583492277842"
"31768","0.2010583492277842","0.2010583492277842","0.2010583492277842"
"31770","0.2010583492277842","0.2010583492277842","0.2010583492277842"
"31772","0.2010583492277842","0.2010583492277842","0.2010583492277842"
"31774","0.2010583492277842","0.2010583492277842","0.2010583492277842"
"31775","0.2010583492277842","0.2010583492277842","0.2010583492277842"
"31778","0.2010583492277842","0.2010583492277842","0.2010583492277842"
"31780","0.2010583492277842","0.2010583492277842","0.2010583492277842"
"31785","0.20005834925304633","0.20005834925304633","0.20005834925304633"
"31787","0.19965834926315118","0.19965834926315118","0.19965834926315118"
"31788","0.1994583492682036","0.1994583492682036","0.1994583492682036"
"31790","0.19905834927830846","0.19905834927830846","0.19905834927830846"
"31798","0.19905834927830846","0.19905834927830846","0.19905834927830846"
"31803","0.19905834927830846","0.19905834927830846","0.19905834927830846"
"31804","0.19905834927830846","0.19905834927830846","0.19905834927830846"
"31810","0.19905834927830846","0.19905834927830846","0.19905834927830846"
"31831","0.19905834927830846","0.19905834927830846","0.19905834927830846"
"31832","0.19905834927830846","0.19905834927830846","0.19905834927830846"
"31833","0.19905834927830846","0.19905834927830846","0.19905834927830846"
"31839","0.19905834927830846","0.19905834927830846","0.19905834927830846"
"31843","0.19905834927830846","0.19905834927830846","0.19905834927830846"
"31844","0.19905834927830846","0.19905834927830846","0.19905834927830846"
"31845","0.19905834927830846","0.19905834927830846","0.19905834927830846"
"31846","0.19905834927830846","0.19905834927830846","0.19905834927830846"
"31852","0.19905834927830846","0.19905834927830846","0.19905834927830846"
"31860","0.19905834927830846","0.19905834927830846","0.19905834927830846"
"31863","0.19905834927830846","0.19905834927830846","0.19905834927830846"
"31865","0.19905834927830846","0.19905834927830846","0.19905834927830846"
"31870","0.19905834927830846","0.19905834927830846","0.19905834927830846"
"31874","0.19905834927830846","0.19905834927830846","0.19905834927830846"
"31877","0.19905834927830846","0.19905834927830846","0.19905834927830846"
"31886","0.19905834927830846","0.19905834927830846","0.19905834927830846"
"31890","0.19905834927830846","0.19905834927830846","0.19905834927830846"
"31891","0.19885834928336088","0.19885834928336088","0.19885834928336088"
"31896","0.197858349308623","0.197858349308623","0.197858349308623"
"31902","0.1970583493288327","0.1970583493288327","0.1970583493288327"
"31904","0.1970583493288327","0.1970583493288327","0.1970583493288327"
"31905","0.1970583493288327","0.1970583493288327","0.1970583493288327"
"31913","0.1970583493288327","0.1970583493288327","0.1970583493288327"
"31916","0.1970583493288327","0.1970583493288327","0.1970583493288327"
"31918","0.1970583493288327","0.1970583493288327","0.1970583493288327"
"31924","0.1970583493288327","0.1970583493288327","0.1970583493288327"
"31930","0.1970583493288327","0.1970583493288327","0.1970583493288327"
"31935","0.1970583493288327","0.1970583493288327","0.1970583493288327"
"31943","0.1970583493288327","0.1970583493288327","0.1970583493288327"
"31950","0.1970583493288327","0.1970583493288327","0.1970583493288327"
"31953","0.1970583493288327","0.1970583493288327","0.1970583493288327"
"31958","0.1970583493288327","0.1970583493288327","0.1970583493288327"
"31959","0.1970583493288327","0.1970583493288327","0.1970583493288327"
"31963","0.1970583493288327","0.1970583493288327","0.1970583493288327"
"31964","0.1970583493288327","0.1970583493288327","0.1970583493288327"
"31969","0.1970583493288327","0.1970583493288327","0.1970583493288327"
"31971","0.1970583493288327","0.1970583493288327","0.1970583493288327"
"31972","0.1970583493288327","0.1970583493288327","0.1970583493288327"
"31975","0.1970583493288327","0.1970583493288327","0.1970583493288327"
"31983","0.1970583493288327","0.1970583493288327","0.1970583493288327"
"31986","0.1970583493288327","0.1970583493288327","0.1970583493288327"
"31998","0.1970583493288327","0.1970583493288327","0.1970583493288327"
"31999","0.1970583493288327","0.1970583493288327","0.1970583493288327"
"32002","0.19745834931872785","0.19745834931872785","0.19745834931872785"
"32017","0.19905834927830846","0.19905834927830846","0.19905834927830846"
"32022","0.19905834927830846","0.19905834927830846","0.19905834927830846"
"32024","0.19905834927830846","0.19905834927830846","0.19905834927830846"
"32028","0.19905834927830846","0.19905834927830846","0.19905834927830846"
"32035","0.19905834927830846","0.19905834927830846","0.19905834927830846"
"32039","0.19905834927830846","0.19905834927830846","0.19905834927830846"
"32041","0.19905834927830846","0.19905834927830846","0.19905834927830846"
"32043","0.19905834927830846","0.19905834927830846","0.19905834927830846"
"32047","0.19905834927830846","0.19905834927830846","0.19905834927830846"
"32049","0.19905834927830846","0.19905834927830846","0.19905834927830846"
"32052","0.19905834927830846","0.19905834927830846","0.19905834927830846"
"32054","0.19905834927830846","0.19905834927830846","0.19905834927830846"
"32055","0.19905834927830846","0.19905834927830846","0.19905834927830846"
"32057","0.19905834927830846","0.19905834927830846","0.19905834927830846"
"32067","0.19905834927830846","0.19905834927830846","0.19905834927830846"
"32068","0.19905834927830846","0.19905834927830846","0.19905834927830846"
"32081","0.19905834927830846","0.19905834927830846","0.19905834927830846"
"32082","0.19905834927830846","0.19905834927830846","0.19905834927830846"
"32083","0.19905834927830846","0.19905834927830846","0.19905834927830846"
"32087","0.19905834927830846","0.19905834927830846","0.19905834927830846"
"32091","0.19905834927830846","0.19905834927830846","0.19905834927830846"
"32103","0.19905834927830846","0.19905834927830846","0.19905834927830846"
"32107","0.19905834927830846","0.19905834927830846","0.19905834927830846"
"32108","0.19905834927830846","0.19905834927830846","0.19905834927830846"
"32123","0.1970583493288327","0.1970583493288327","0.1970583493288327"
"32126","0.1970583493288327","0.1970583493288327","0.1970583493288327"
"32137","0.1970583493288327","0.1970583493288327","0.1970583493288327"
"32141","0.1970583493288327","0.1970583493288327","0.1970583493288327"
"32159","0.1970583493288327","0.1970583493288327","0.1970583493288327"
"32160","0.1970583493288327","0.1970583493288327","0.1970583493288327"
"32168","0.1970583493288327","0.1970583493288327","0.1970583493288327"
"32176","0.1970583493288327","0.1970583493288327","0.1970583493288327"
"32180","0.1970583493288327","0.1970583493288327","0.1970583493288327"
"32183","0.1970583493288327","0.1970583493288327","0.1970583493288327"
"32188","0.1970583493288327","0.1970583493288327","0.1970583493288327"
"32192","0.1970583493288327","0.1970583493288327","0.1970583493288327"
"32201","0.1970583493288327","0.1970583493288327","0.1970583493288327"
"32203","0.1970583493288327","0.1970583493288327","0.1970583493288327"
"32208","0.1970583493288327","0.1970583493288327","0.1970583493288327"
"32211","0.1970583493288327","0.1970583493288327","0.1970583493288327"
"32217","0.1970583493288327","0.1970583493288327","0.1970583493288327"
"32232","0.19505834937935695","0.19505834937935695","0.19505834937935695"
"32248","0.19505834937935695","0.19505834937935695","0.19505834937935695"
"32250","0.19505834937935695","0.19505834937935695","0.19505834937935695"
"32253","0.19505834937935695","0.19505834937935695","0.19505834937935695"
"32264","0.19505834937935695","0.19505834937935695","0.19505834937935695"
"32267","0.19505834937935695","0.19505834937935695","0.19505834937935695"
"32274","0.19505834937935695","0.19505834937935695","0.19505834937935695"
"32284","0.19505834937935695","0.19505834937935695","0.19505834937935695"
"32286","0.19505834937935695","0.19505834937935695","0.19505834937935695"
"32296","0.19505834937935695","0.19505834937935695","0.19505834937935695"
"32303","0.19505834937935695","0.19505834937935695","0.19505834937935695"
"32309","0.19505834937935695","0.19505834937935695","0.19505834937935695"
"32317","0.19505834937935695","0.19505834937935695","0.19505834937935695"
"32323","0.19505834937935695","0.19505834937935695","0.19505834937935695"
"32326","0.19505834937935695","0.19505834937935695","0.19505834937935695"
"32329","0.19505834937935695","0.19505834937935695","0.19505834937935695"
"32332","0.1954583493692521","0.1954583493692521","0.1954583493692521"
"32333","0.1954583493692521","0.1954583493692521","0.1954583493692521"
"32337","0.19615483843280934","0.19615483843280934","0.19615483843280934"
"32340","0.1965844825403078","0.1965844825403078","0.1965844825403078"
"32349","0.1965844825403078","0.1965844825403078","0.1965844825403078"
"32351","0.1965844825403078","0.1965844825403078","0.1965844825403078"
"32362","0.1965844825403078","0.1965844825403078","0.1965844825403078"
"32390","0.1965844825403078","0.1965844825403078","0.1965844825403078"
"32411","0.1965844825403078","0.1965844825403078","0.1965844825403078"
"32412","0.1965844825403078","0.1965844825403078","0.1965844825403078"
"32413","0.1965844825403078","0.1965844825403078","0.1965844825403078"
"32415","0.1965844825403078","0.1965844825403078","0.1965844825403078"
"32428","0.1965844825403078","0.1965844825403078","0.1965844825403078"
"32433","0.1965844825403078","0.1965844825403078","0.1965844825403078"
"32436","0.1965844825403078","0.1965844825403078","0.1965844825403078"
"32437","0.1965844825403078","0.1965844825403078","0.1965844825403078"
"32438","0.1965844825403078","0.1965844825403078","0.1965844825403078"
"32466","0.19458448259083205","0.19458448259083205","0.19458448259083205"
"32467","0.19458448259083205","0.19458448259083205","0.19458448259083205"
"32470","0.19458448259083205","0.19458448259083205","0.19458448259083205"
"32471","0.19458448259083205","0.19458448259083205","0.19458448259083205"
"32474","0.19458448259083205","0.19458448259083205","0.19458448259083205"
"32494","0.19458448259083205","0.19458448259083205","0.19458448259083205"
"32496","0.19458448259083205","0.19458448259083205","0.19458448259083205"
"32499","0.19458448259083205","0.19458448259083205","0.19458448259083205"
"32501","0.19458448259083205","0.19458448259083205","0.19458448259083205"
"32511","0.19458448259083205","0.19458448259083205","0.19458448259083205"
"32515","0.19458448259083205","0.19458448259083205","0.19458448259083205"
"32528","0.19458448259083205","0.19458448259083205","0.19458448259083205"
"32530","0.19458448259083205","0.19458448259083205","0.19458448259083205"
"32531","0.19458448259083205","0.19458448259083205","0.19458448259083205"
"32540","0.19458448259083205","0.19458448259083205","0.19458448259083205"
"32552","0.1949844825807272","0.1949844825807272","0.1949844825807272"
"32559","0.19638448254536023","0.19638448254536023","0.19638448254536023"
"32572","0.1965844825403078","0.1965844825403078","0.1965844825403078"
"32573","0.1965844825403078","0.1965844825403078","0.1965844825403078"
"32574","0.1965844825403078","0.1965844825403078","0.1965844825403078"
"32576","0.1965844825403078","0.1965844825403078","0.1965844825403078"
"32579","0.1965844825403078","0.1965844825403078","0.1965844825403078"
"32586","0.1965844825403078","0.1965844825403078","0.1965844825403078"
"32587","0.1965844825403078","0.1965844825403078","0.1965844825403078"
"32590","0.1965844825403078","0.1965844825403078","0.1965844825403078"
"32593","0.1965844825403078","0.1965844825403078","0.1965844825403078"
"32603","0.1965844825403078","0.1965844825403078","0.1965844825403078"
"32605","0.1965844825403078","0.1965844825403078","0.1965844825403078"
"32613","0.1965844825403078","0.1965844825403078","0.1965844825403078"
"32614","0.1965844825403078","0.1965844825403078","0.1965844825403078"
"32628","0.1965844825403078","0.1965844825403078","0.1965844825403078"
"32636","0.1965844825403078","0.1965844825403078","0.1965844825403078"
"32639","0.1965844825403078","0.1965844825403078","0.1965844825403078"
"32641","0.1965844825403078","0.1965844825403078","0.1965844825403078"
"32642","0.1965844825403078","0.1965844825403078","0.1965844825403078"
"32651","0.1965844825403078","0.1965844825403078","0.1965844825403078"
"32665","0.19758448251504568","0.19758448251504568","0.19758448251504568"
"32676","0.19858448248978355","0.19858448248978355","0.19858448248978355"
"32678","0.19858448248978355","0.19858448248978355","0.19858448248978355"
"32680","0.19858448248978355","0.19858448248978355","0.19858448248978355"
"32691","0.19858448248978355","0.19858448248978355","0.19858448248978355"
"32693","0.19858448248978355","0.19858448248978355","0.19858448248978355"
"32696","0.19858448248978355","0.19858448248978355","0.19858448248978355"
"32698","0.19858448248978355","0.19858448248978355","0.19858448248978355"
"32703","0.19858448248978355","0.19858448248978355","0.19858448248978355"
"32716","0.19858448248978355","0.19858448248978355","0.19858448248978355"
"32723","0.19858448248978355","0.19858448248978355","0.19858448248978355"
"32726","0.19858448248978355","0.19858448248978355","0.19858448248978355"
"32744","0.19858448248978355","0.19858448248978355","0.19858448248978355"
"32746","0.19858448248978355","0.19858448248978355","0.19858448248978355"
"32747","0.19858448248978355","0.19858448248978355","0.19858448248978355"
"32752","0.19858448248978355","0.19858448248978355","0.19858448248978355"
"32766","0.19858448248978355","0.19858448248978355","0.19858448248978355"
"32771","0.19838448249483598","0.19838448249483598","0.19838448249483598"
"32772","0.1981844824998884","0.1981844824998884","0.1981844824998884"
"32795","0.1965844825403078","0.1965844825403078","0.1965844825403078"
"32796","0.1965844825403078","0.1965844825403078","0.1965844825403078"
"32797","0.1965844825403078","0.1965844825403078","0.1965844825403078"
"32804","0.1965844825403078","0.1965844825403078","0.1965844825403078"
"32806","0.1965844825403078","0.1965844825403078","0.1965844825403078"
"32814","0.1965844825403078","0.1965844825403078","0.1965844825403078"
"32823","0.1965844825403078","0.1965844825403078","0.1965844825403078"
"32827","0.1965844825403078","0.1965844825403078","0.1965844825403078"
"32843","0.1965844825403078","0.1965844825403078","0.1965844825403078"
"32845","0.1965844825403078","0.1965844825403078","0.1965844825403078"
"32850","0.1965844825403078","0.1965844825403078","0.1965844825403078"
"32852","0.1965844825403078","0.1965844825403078","0.1965844825403078"
"32865","0.1965844825403078","0.1965844825403078","0.1965844825403078"
"32867","0.1965844825403078","0.1965844825403078","0.1965844825403078"
"32869","0.1965844825403078","0.1965844825403078","0.1965844825403078"
"32875","0.1965844825403078","0.1965844825403078","0.1965844825403078"
"32878","0.1965844825403078","0.1965844825403078","0.1965844825403078"
"32880","0.1965844825403078","0.1965844825403078","0.1965844825403078"
"32883","0.19598448255546508","0.19598448255546508","0.19598448255546508"
"32893","0.19458448259083205","0.19458448259083205","0.19458448259083205"
"32900","0.19458448259083205","0.19458448259083205","0.19458448259083205"
"32903","0.19458448259083205","0.19458448259083205","0.19458448259083205"
"32905","0.19458448259083205","0.19458448259083205","0.19458448259083205"
"32910","0.19458448259083205","0.19458448259083205","0.19458448259083205"
"32913","0.19458448259083205","0.19458448259083205","0.19458448259083205"
"32917","0.19458448259083205","0.19458448259083205","0.19458448259083205"
"32927","0.19458448259083205","0.19458448259083205","0.19458448259083205"
"32930","0.19458448259083205","0.19458448259083205","0.19458448259083205"
"32940","0.19458448259083205","0.19458448259083205","0.19458448259083205"
"32950","0.19458448259083205","0.19458448259083205","0.19458448259083205"
"32951","0.19458448259083205","0.19458448259083205","0.19458448259083205"
"32952","0.19458448259083205","0.19458448259083205","0.19458448259083205"
"32958","0.19458448259083205","0.19458448259083205","0.19458448259083205"
"32963","0.19458448259083205","0.19458448259083205","0.19458448259083205"
"32972","0.19458448259083205","0.19458448259083205","0.19458448259083205"
"32974","0.19458448259083205","0.19458448259083205","0.19458448259083205"
"32978","0.19458448259083205","0.19458448259083205","0.19458448259083205"
"32987","0.19458448259083205","0.19458448259083205","0.19458448259083205"
"32996","0.1933844826211466","0.1933844826211466","0.1933844826211466"
"33000","0.1925844826413563","0.1925844826413563","0.1925844826413563"
"33003","0.1925844826413563","0.1925844826413563","0.1925844826413563"
"33006","0.1925844826413563","0.1925844826413563","0.1925844826413563"
"33016","0.1925844826413563","0.1925844826413563","0.1925844826413563"
"33017","0.1925844826413563","0.1925844826413563","0.1925844826413563"
"33021","0.1925844826413563","0.1925844826413563","0.1925844826413563"
"33023","0.1925844826413563","0.1925844826413563","0.1925844826413563"
"33025","0.1925844826413563","0.1925844826413563","0.1925844826413563"
"33027","0.1925844826413563","0.1925844826413563","0.1925844826413563"
"33029","0.1925844826413563","0.1925844826413563","0.1925844826413563"
"33033","0.1925844826413563","0.1925844826413563","0.1925844826413563"
"33035","0.1925844826413563","0.1925844826413563","0.1925844826413563"
"33045","0.1925844826413563","0.1925844826413563","0.1925844826413563"
"33052","0.1925844826413563","0.1925844826413563","0.1925844826413563"
"33066","0.1925844826413563","0.1925844826413563","0.1925844826413563"
"33073","0.1925844826413563","0.1925844826413563","0.1925844826413563"
"33080","0.1925844826413563","0.1925844826413563","0.1925844826413563"
"33084","0.1925844826413563","0.1925844826413563","0.1925844826413563"
"33092","0.1925844826413563","0.1925844826413563","0.1925844826413563"
"33098","0.1925844826413563","0.1925844826413563","0.1925844826413563"
"33110","0.19058448269188055","0.19058448269188055","0.19058448269188055"
"33125","0.19058448269188055","0.19058448269188055","0.19058448269188055"
"33126","0.19058448269188055","0.19058448269188055","0.19058448269188055"
"33128","0.19058448269188055","0.19058448269188055","0.19058448269188055"
"33129","0.19058448269188055","0.19058448269188055","0.19058448269188055"
"33132","0.19058448269188055","0.19058448269188055","0.19058448269188055"
"33135","0.19058448269188055","0.19058448269188055","0.19058448269188055"
"33138","0.19058448269188055","0.19058448269188055","0.19058448269188055"
"33146","0.19058448269188055","0.19058448269188055","0.19058448269188055"
"33156","0.19058448269188055","0.19058448269188055","0.19058448269188055"
"33164","0.19058448269188055","0.19058448269188055","0.19058448269188055"
"33166","0.19058448269188055","0.19058448269188055","0.19058448269188055"
"33174","0.19058448269188055","0.19058448269188055","0.19058448269188055"
"33177","0.19058448269188055","0.19058448269188055","0.19058448269188055"
"33182","0.19058448269188055","0.19058448269188055","0.19058448269188055"
"33188","0.19058448269188055","0.19058448269188055","0.19058448269188055"
"33206","0.19058448269188055","0.19058448269188055","0.19058448269188055"
"33208","0.19058448269188055","0.19058448269188055","0.19058448269188055"
"33222","0.1925844826413563","0.1925844826413563","0.1925844826413563"
"33224","0.1925844826413563","0.1925844826413563","0.1925844826413563"
"33232","0.1925844826413563","0.1925844826413563","0.1925844826413563"
"33235","0.1925844826413563","0.1925844826413563","0.1925844826413563"
"33239","0.1925844826413563","0.1925844826413563","0.1925844826413563"
"33241","0.1925844826413563","0.1925844826413563","0.1925844826413563"
"33244","0.1925844826413563","0.1925844826413563","0.1925844826413563"
"33267","0.1925844826413563","0.1925844826413563","0.1925844826413563"
"33270","0.1925844826413563","0.1925844826413563","0.1925844826413563"
"33281","0.1925844826413563","0.1925844826413563","0.1925844826413563"
"33291","0.1925844826413563","0.1925844826413563","0.1925844826413563"
"33292","0.1925844826413563","0.1925844826413563","0.1925844826413563"
"33293","0.1925844826413563","0.1925844826413563","0.1925844826413563"
"33301","0.1925844826413563","0.1925844826413563","0.1925844826413563"
"33306","0.1925844826413563","0.1925844826413563","0.1925844826413563"
"33307","0.1925844826413563","0.1925844826413563","0.1925844826413563"
"33324","0.1932900691548607","0.1932900691548607","0.1932900691548607"
"33329","0.19379525099920691","0.19379525099920691","0.19379525099920691"
"33330","0.1938665856663615","0.1938665856663615","0.1938665856663615"
"33336","0.1938665856663615","0.1938665856663615","0.1938665856663615"
"33338","0.1938665856663615","0.1938665856663615","0.1938665856663615"
"33357","0.1938665856663615","0.1938665856663615","0.1938665856663615"
"33361","0.1938665856663615","0.1938665856663615","0.1938665856663615"
"33371","0.1938665856663615","0.1938665856663615","0.1938665856663615"
"33374","0.1938665856663615","0.1938665856663615","0.1938665856663615"
"33381","0.1938665856663615","0.1938665856663615","0.1938665856663615"
"33385","0.1938665856663615","0.1938665856663615","0.1938665856663615"
"33386","0.1938665856663615","0.1938665856663615","0.1938665856663615"
"33389","0.1938665856663615","0.1938665856663615","0.1938665856663615"
"33398","0.1938665856663615","0.1938665856663615","0.1938665856663615"
"33406","0.1938665856663615","0.1938665856663615","0.1938665856663615"
"33413","0.1938665856663615","0.1938665856663615","0.1938665856663615"
"33423","0.1938665856663615","0.1938665856663615","0.1938665856663615"
"33432","0.19346658567646635","0.19346658567646635","0.19346658567646635"
"33433","0.19326658568151878","0.19326658568151878","0.19326658568151878"
"33434","0.1930665856865712","0.1930665856865712","0.1930665856865712"
"33436","0.19266658569667605","0.19266658569667605","0.19266658569667605"
"33444","0.19186658571688575","0.19186658571688575","0.19186658571688575"
"33449","0.19186658571688575","0.19186658571688575","0.19186658571688575"
"33452","0.19186658571688575","0.19186658571688575","0.19186658571688575"
"33456","0.19186658571688575","0.19186658571688575","0.19186658571688575"
"33460","0.19186658571688575","0.19186658571688575","0.19186658571688575"
"33464","0.19186658571688575","0.19186658571688575","0.19186658571688575"
"33465","0.19186658571688575","0.19186658571688575","0.19186658571688575"
"33469","0.19186658571688575","0.19186658571688575","0.19186658571688575"
"33484","0.19186658571688575","0.19186658571688575","0.19186658571688575"
"33492","0.19186658571688575","0.19186658571688575","0.19186658571688575"
"33496","0.19186658571688575","0.19186658571688575","0.19186658571688575"
"33514","0.19186658571688575","0.19186658571688575","0.19186658571688575"
"33517","0.19186658571688575","0.19186658571688575","0.19186658571688575"
"33525","0.19186658571688575","0.19186658571688575","0.19186658571688575"
"33529","0.19186658571688575","0.19186658571688575","0.19186658571688575"
"33546","0.1912666274160042","0.1912666274160042","0.1912666274160042"
"33559","0.19094259808607283","0.19094259808607283","0.19094259808607283"
"33569","0.19094259808607283","0.19094259808607283","0.19094259808607283"
"33577","0.19094259808607283","0.19094259808607283","0.19094259808607283"
"33586","0.19094259808607283","0.19094259808607283","0.19094259808607283"
"33587","0.19094259808607283","0.19094259808607283","0.19094259808607283"
"33588","0.19094259808607283","0.19094259808607283","0.19094259808607283"
"33589","0.19094259808607283","0.19094259808607283","0.19094259808607283"
"33599","0.19094259808607283","0.19094259808607283","0.19094259808607283"
"33608","0.19094259808607283","0.19094259808607283","0.19094259808607283"
"33610","0.19094259808607283","0.19094259808607283","0.19094259808607283"
"33628","0.19094259808607283","0.19094259808607283","0.19094259808607283"
"33633","0.19094259808607283","0.19094259808607283","0.19094259808607283"
"33635","0.19094259808607283","0.19094259808607283","0.19094259808607283"
"33639","0.19094259808607283","0.19094259808607283","0.19094259808607283"
"33652","0.19054259809617768","0.19054259809617768","0.19054259809617768"
"33661","0.18894259813659708","0.18894259813659708","0.18894259813659708"
"33662","0.18894259813659708","0.18894259813659708","0.18894259813659708"
"33663","0.18894259813659708","0.18894259813659708","0.18894259813659708"
"33668","0.18894259813659708","0.18894259813659708","0.18894259813659708"
"33681","0.18894259813659708","0.18894259813659708","0.18894259813659708"
"33689","0.18894259813659708","0.18894259813659708","0.18894259813659708"
"33707","0.18894259813659708","0.18894259813659708","0.18894259813659708"
"33717","0.18894259813659708","0.18894259813659708","0.18894259813659708"
"33724","0.18894259813659708","0.18894259813659708","0.18894259813659708"
"33728","0.18894259813659708","0.18894259813659708","0.18894259813659708"
"33733","0.18894259813659708","0.18894259813659708","0.18894259813659708"
"33738","0.18894259813659708","0.18894259813659708","0.18894259813659708"
"33755","0.18894259813659708","0.18894259813659708","0.18894259813659708"
"33765","0.1879425981618592","0.1879425981618592","0.1879425981618592"
"33774","0.18694259818712133","0.18694259818712133","0.18694259818712133"
"33786","0.18694259818712133","0.18694259818712133","0.18694259818712133"
"33790","0.18694259818712133","0.18694259818712133","0.18694259818712133"
"33793","0.18694259818712133","0.18694259818712133","0.18694259818712133"
"33799","0.18694259818712133","0.18694259818712133","0.18694259818712133"
"33813","0.18694259818712133","0.18694259818712133","0.18694259818712133"
"33821","0.18694259818712133","0.18694259818712133","0.18694259818712133"
"33822","0.18694259818712133","0.18694259818712133","0.18694259818712133"
"33825","0.18694259818712133","0.18694259818712133","0.18694259818712133"
"33826","0.18694259818712133","0.18694259818712133","0.18694259818712133"
"33827","0.18694259818712133","0.18694259818712133","0.18694259818712133"
"33828","0.18694259818712133","0.18694259818712133","0.18694259818712133"
"33831","0.18694259818712133","0.18694259818712133","0.18694259818712133"
"33835","0.18694259818712133","0.18694259818712133","0.18694259818712133"
"33842","0.18694259818712133","0.18694259818712133","0.18694259818712133"
"33844","0.18694259818712133","0.18694259818712133","0.18694259818712133"
"33851","0.18694259818712133","0.18694259818712133","0.18694259818712133"
"33863","0.18694259818712133","0.18694259818712133","0.18694259818712133"
"33871","0.1871425981820689","0.1871425981820689","0.1871425981820689"
"33879","0.1887425981416495","0.1887425981416495","0.1887425981416495"
"33883","0.18894259813659708","0.18894259813659708","0.18894259813659708"
"33887","0.18894259813659708","0.18894259813659708","0.18894259813659708"
"33888","0.18894259813659708","0.18894259813659708","0.18894259813659708"
"33889","0.18894259813659708","0.18894259813659708","0.18894259813659708"
"33893","0.18894259813659708","0.18894259813659708","0.18894259813659708"
"33896","0.18894259813659708","0.18894259813659708","0.18894259813659708"
"33901","0.18894259813659708","0.18894259813659708","0.18894259813659708"
"33904","0.18894259813659708","0.18894259813659708","0.18894259813659708"
"33909","0.18894259813659708","0.18894259813659708","0.18894259813659708"
"33924","0.18894259813659708","0.18894259813659708","0.18894259813659708"
"33926","0.18894259813659708","0.18894259813659708","0.18894259813659708"
"33938","0.18894259813659708","0.18894259813659708","0.18894259813659708"
"33948","0.18894259813659708","0.18894259813659708","0.18894259813659708"
"33949","0.18894259813659708","0.18894259813659708","0.18894259813659708"
"33952","0.18894259813659708","0.18894259813659708","0.18894259813659708"
"33960","0.18894259813659708","0.18894259813659708","0.18894259813659708"
"33973","0.18894259813659708","0.18894259813659708","0.18894259813659708"
"33986","0.18774259816691163","0.18774259816691163","0.18774259816691163"
"33993","0.18694259818712133","0.18694259818712133","0.18694259818712133"
"34000","0.18694259818712133","0.18694259818712133","0.18694259818712133"
"34008","0.18694259818712133","0.18694259818712133","0.18694259818712133"
"34010","0.18694259818712133","0.18694259818712133","0.18694259818712133"
"34017","0.18694259818712133","0.18694259818712133","0.18694259818712133"
"34023","0.18694259818712133","0.18694259818712133","0.18694259818712133"
"34027","0.18694259818712133","0.18694259818712133","0.18694259818712133"
"34028","0.18694259818712133","0.18694259818712133","0.18694259818712133"
"34032","0.18694259818712133","0.18694259818712133","0.18694259818712133"
"34044","0.18694259818712133","0.18694259818712133","0.18694259818712133"
"34047","0.18694259818712133","0.18694259818712133","0.18694259818712133"
"34062","0.18694259818712133","0.18694259818712133","0.18694259818712133"
"34064","0.18694259818712133","0.18694259818712133","0.18694259818712133"
"34079","0.18694259818712133","0.18694259818712133","0.18694259818712133"
"34088","0.18694259818712133","0.18694259818712133","0.18694259818712133"
"34089","0.18694259818712133","0.18694259818712133","0.18694259818712133"
"34091","0.18674259819217376","0.18674259819217376","0.18674259819217376"
"34099","0.18514259823259316","0.18514259823259316","0.18514259823259316"
"34101","0.18494259823764558","0.18494259823764558","0.18494259823764558"
"34105","0.18494259823764558","0.18494259823764558","0.18494259823764558"
"34109","0.18494259823764558","0.18494259823764558","0.18494259823764558"
"34110","0.18494259823764558","0.18494259823764558","0.18494259823764558"
"34119","0.18494259823764558","0.18494259823764558","0.18494259823764558"
"34130","0.18494259823764558","0.18494259823764558","0.18494259823764558"
"34138","0.18494259823764558","0.18494259823764558","0.18494259823764558"
"34144","0.18494259823764558","0.18494259823764558","0.18494259823764558"
"34147","0.18494259823764558","0.18494259823764558","0.18494259823764558"
"34149","0.18494259823764558","0.18494259823764558","0.18494259823764558"
"34159","0.18494259823764558","0.18494259823764558","0.18494259823764558"
"34166","0.18494259823764558","0.18494259823764558","0.18494259823764558"
"34175","0.18494259823764558","0.18494259823764558","0.18494259823764558"
"34184","0.18494259823764558","0.18494259823764558","0.18494259823764558"
"34187","0.18494259823764558","0.18494259823764558","0.18494259823764558"
"34203","0.18434259825280286","0.18434259825280286","0.18434259825280286"
"34204","0.18414259825785528","0.18414259825785528","0.18414259825785528"
"34208","0.18334259827806498","0.18334259827806498","0.18334259827806498"
"34230","0.18294259828816983","0.18294259828816983","0.18294259828816983"
"34231","0.18294259828816983","0.18294259828816983","0.18294259828816983"
"34233","0.18294259828816983","0.18294259828816983","0.18294259828816983"
"34241","0.18294259828816983","0.18294259828816983","0.18294259828816983"
"34242","0.18294259828816983","0.18294259828816983","0.18294259828816983"
"34249","0.18294259828816983","0.18294259828816983","0.18294259828816983"
"34255","0.18294259828816983","0.18294259828816983","0.18294259828816983"
"34260","0.18294259828816983","0.18294259828816983","0.18294259828816983"
"34265","0.18294259828816983","0.18294259828816983","0.18294259828816983"
"34266","0.18294259828816983","0.18294259828816983","0.18294259828816983"
"34277","0.18294259828816983","0.18294259828816983","0.18294259828816983"
"34280","0.18294259828816983","0.18294259828816983","0.18294259828816983"
"34291","0.18294259828816983","0.18294259828816983","0.18294259828816983"
"34293","0.18294259828816983","0.18294259828816983","0.18294259828816983"
"34295","0.18294259828816983","0.18294259828816983","0.18294259828816983"
"34301","0.18294259828816983","0.18294259828816983","0.18294259828816983"
"34303","0.18294259828816983","0.18294259828816983","0.18294259828816983"
"34309","0.18294259828816983","0.18294259828816983","0.18294259828816983"
"34312","0.18334259827806498","0.18334259827806498","0.18334259827806498"
"34316","0.18414259825785528","0.18414259825785528","0.18414259825785528"
"34344","0.18494259823764558","0.18494259823764558","0.18494259823764558"
"34350","0.18494259823764558","0.18494259823764558","0.18494259823764558"
"34352","0.18494259823764558","0.18494259823764558","0.18494259823764558"
"34366","0.18494259823764558","0.18494259823764558","0.18494259823764558"
"34394","0.18494259823764558","0.18494259823764558","0.18494259823764558"
"34407","0.18494259823764558","0.18494259823764558","0.18494259823764558"
"34409","0.18494259823764558","0.18494259823764558","0.18494259823764558"
"34440","0.18294259828816983","0.18294259828816983","0.18294259828816983"
"34443","0.18294259828816983","0.18294259828816983","0.18294259828816983"
"34446","0.18294259828816983","0.18294259828816983","0.18294259828816983"
"34449","0.18294259828816983","0.18294259828816983","0.18294259828816983"
"34486","0.18294259828816983","0.18294259828816983","0.18294259828816983"
"34495","0.18294259828816983","0.18294259828816983","0.18294259828816983"
"34500","0.18294259828816983","0.18294259828816983","0.18294259828816983"
"34504","0.18294259828816983","0.18294259828816983","0.18294259828816983"
"34505","0.18294259828816983","0.18294259828816983","0.18294259828816983"
"34507","0.18294259828816983","0.18294259828816983","0.18294259828816983"
"34508","0.18294259828816983","0.18294259828816983","0.18294259828816983"
"34509","0.18294259828816983","0.18294259828816983","0.18294259828816983"
"34510","0.18294259828816983","0.18294259828816983","0.18294259828816983"
"34511","0.18294259828816983","0.18294259828816983","0.18294259828816983"
"34518","0.18294259828816983","0.18294259828816983","0.18294259828816983"
"34526","0.18294259828816983","0.18294259828816983","0.18294259828816983"
"34530","0.18294259828816983","0.18294259828816983","0.18294259828816983"
"34534","0.18374259826796013","0.18374259826796013","0.18374259826796013"
"34541","0.18494259823764558","0.18494259823764558","0.18494259823764558"
"34545","0.18494259823764558","0.18494259823764558","0.18494259823764558"
"34550","0.18494259823764558","0.18494259823764558","0.18494259823764558"
"34562","0.18494259823764558","0.18494259823764558","0.18494259823764558"
"34563","0.18494259823764558","0.18494259823764558","0.18494259823764558"
"34566","0.18494259823764558","0.18494259823764558","0.18494259823764558"
"34578","0.18494259823764558","0.18494259823764558","0.18494259823764558"
"34584","0.18494259823764558","0.18494259823764558","0.18494259823764558"
"34591","0.18494259823764558","0.18494259823764558","0.18494259823764558"
"34606","0.18494259823764558","0.18494259823764558","0.18494259823764558"
"34616","0.18494259823764558","0.18494259823764558","0.18494259823764558"
"34631","0.18494259823764558","0.18494259823764558","0.18494259823764558"
"34644","0.18414259825785528","0.18414259825785528","0.18414259825785528"
"34645","0.1839425982629077","0.1839425982629077","0.1839425982629077"
"34647","0.18354259827301256","0.18354259827301256","0.18354259827301256"
"34655","0.18294259828816983","0.18294259828816983","0.18294259828816983"
"34660","0.18294259828816983","0.18294259828816983","0.18294259828816983"
"34666","0.18294259828816983","0.18294259828816983","0.18294259828816983"
"34671","0.18294259828816983","0.18294259828816983","0.18294259828816983"
"34674","0.18294259828816983","0.18294259828816983","0.18294259828816983"
"34693","0.18294259828816983","0.18294259828816983","0.18294259828816983"
"34695","0.18294259828816983","0.18294259828816983","0.18294259828816983"
"34701","0.18294259828816983","0.18294259828816983","0.18294259828816983"
"34704","0.18294259828816983","0.18294259828816983","0.18294259828816983"
"34705","0.18294259828816983","0.18294259828816983","0.18294259828816983"
"34713","0.18294259828816983","0.18294259828816983","0.18294259828816983"
"34715","0.18294259828816983","0.18294259828816983","0.18294259828816983"
"34717","0.18294259828816983","0.18294259828816983","0.18294259828816983"
"34723","0.18294259828816983","0.18294259828816983","0.18294259828816983"
"34724","0.18294259828816983","0.18294259828816983","0.18294259828816983"
"34730","0.18294259828816983","0.18294259828816983","0.18294259828816983"
"34737","0.18294259828816983","0.18294259828816983","0.18294259828816983"
"34746","0.18294259828816983","0.18294259828816983","0.18294259828816983"
"34777","0.18494259823764558","0.18494259823764558","0.18494259823764558"
"34778","0.18494259823764558","0.18494259823764558","0.18494259823764558"
"34794","0.18494259823764558","0.18494259823764558","0.18494259823764558"
"34799","0.18494259823764558","0.18494259823764558","0.18494259823764558"
"34802","0.18494259823764558","0.18494259823764558","0.18494259823764558"
"34818","0.18494259823764558","0.18494259823764558","0.18494259823764558"
"34820","0.18494259823764558","0.18494259823764558","0.18494259823764558"
"34843","0.18494259823764558","0.18494259823764558","0.18494259823764558"
"34845","0.18494259823764558","0.18494259823764558","0.18494259823764558"
"34850","0.18494259823764558","0.18494259823764558","0.18494259823764558"
"34873","0.18661692820150755","0.18661692820150755","0.18661692820150755"
"34881","0.18661692820150755","0.18661692820150755","0.18661692820150755"
"34884","0.18661692820150755","0.18661692820150755","0.18661692820150755"
"34888","0.18661692820150755","0.18661692820150755","0.18661692820150755"
"34894","0.18661692820150755","0.18661692820150755","0.18661692820150755"
"34899","0.18661692820150755","0.18661692820150755","0.18661692820150755"
"34901","0.18661692820150755","0.18661692820150755","0.18661692820150755"
"34904","0.18661692820150755","0.18661692820150755","0.18661692820150755"
"34919","0.18661692820150755","0.18661692820150755","0.18661692820150755"
"34921","0.18661692820150755","0.18661692820150755","0.18661692820150755"
"34922","0.18661692820150755","0.18661692820150755","0.18661692820150755"
"34925","0.18661692820150755","0.18661692820150755","0.18661692820150755"
"34927","0.18661692820150755","0.18661692820150755","0.18661692820150755"
"34929","0.18661692820150755","0.18661692820150755","0.18661692820150755"
"34933","0.18661692820150755","0.18661692820150755","0.18661692820150755"
"34935","0.18661692820150755","0.18661692820150755","0.18661692820150755"
"34955","0.18661692820150755","0.18661692820150755","0.18661692820150755"
"34961","0.18661692820150755","0.18661692820150755","0.18661692820150755"
"34968","0.18661692820150755","0.18661692820150755","0.18661692820150755"
"34969","0.18661692820150755","0.18661692820150755","0.18661692820150755"
"34970","0.18661692820150755","0.18661692820150755","0.18661692820150755"
"34976","0.1854169282318221","0.1854169282318221","0.1854169282318221"
"34977","0.18521692823687452","0.18521692823687452","0.18521692823687452"
"34983","0.1846169282520318","0.1846169282520318","0.1846169282520318"
"34990","0.1846169282520318","0.1846169282520318","0.1846169282520318"
"35003","0.1846169282520318","0.1846169282520318","0.1846169282520318"
"35005","0.1846169282520318","0.1846169282520318","0.1846169282520318"
"35010","0.1846169282520318","0.1846169282520318","0.1846169282520318"
"35012","0.1846169282520318","0.1846169282520318","0.1846169282520318"
"35032","0.1846169282520318","0.1846169282520318","0.1846169282520318"
"35033","0.1846169282520318","0.1846169282520318","0.1846169282520318"
"35046","0.1846169282520318","0.1846169282520318","0.1846169282520318"
"35054","0.1846169282520318","0.1846169282520318","0.1846169282520318"
"35067","0.1846169282520318","0.1846169282520318","0.1846169282520318"
"35070","0.1846169282520318","0.1846169282520318","0.1846169282520318"
"35072","0.1846169282520318","0.1846169282520318","0.1846169282520318"
"35078","0.1846169282520318","0.1846169282520318","0.1846169282520318"
"35091","0.18360068013261888","0.18360068013261888","0.18360068013261888"
"35104","0.18360068013261888","0.18360068013261888","0.18360068013261888"
"35108","0.18360068013261888","0.18360068013261888","0.18360068013261888"
"35113","0.18360068013261888","0.18360068013261888","0.18360068013261888"
"35117","0.18360068013261888","0.18360068013261888","0.18360068013261888"
"35118","0.18360068013261888","0.18360068013261888","0.18360068013261888"
"35121","0.18360068013261888","0.18360068013261888","0.18360068013261888"
"35122","0.18360068013261888","0.18360068013261888","0.18360068013261888"
"35123","0.18360068013261888","0.18360068013261888","0.18360068013261888"
"35154","0.18360068013261888","0.18360068013261888","0.18360068013261888"
"35175","0.18360068013261888","0.18360068013261888","0.18360068013261888"
"35176","0.18360068013261888","0.18360068013261888","0.18360068013261888"
"35190","0.18360068013261888","0.18360068013261888","0.18360068013261888"
"35194","0.18280068015282858","0.18280068015282858","0.18280068015282858"
"35199","0.1818006801780907","0.1818006801780907","0.1818006801780907"
"35203","0.18160068018314313","0.18160068018314313","0.18160068018314313"
"35215","0.18160068018314313","0.18160068018314313","0.18160068018314313"
"35222","0.18160068018314313","0.18160068018314313","0.18160068018314313"
"35229","0.18160068018314313","0.18160068018314313","0.18160068018314313"
"35230","0.18160068018314313","0.18160068018314313","0.18160068018314313"
"35231","0.18160068018314313","0.18160068018314313","0.18160068018314313"
"35234","0.18160068018314313","0.18160068018314313","0.18160068018314313"
"35243","0.18160068018314313","0.18160068018314313","0.18160068018314313"
"35248","0.18160068018314313","0.18160068018314313","0.18160068018314313"
"35255","0.18160068018314313","0.18160068018314313","0.18160068018314313"
"35257","0.18160068018314313","0.18160068018314313","0.18160068018314313"
"35259","0.18160068018314313","0.18160068018314313","0.18160068018314313"
"35261","0.18160068018314313","0.18160068018314313","0.18160068018314313"
"35265","0.18160068018314313","0.18160068018314313","0.18160068018314313"
"35266","0.18160068018314313","0.18160068018314313","0.18160068018314313"
"35274","0.18160068018314313","0.18160068018314313","0.18160068018314313"
"35277","0.18160068018314313","0.18160068018314313","0.18160068018314313"
"35278","0.18160068018314313","0.18160068018314313","0.18160068018314313"
"35297","0.18160068018314313","0.18160068018314313","0.18160068018314313"
"35299","0.18160068018314313","0.18160068018314313","0.18160068018314313"
"35300","0.18160068018314313","0.18160068018314313","0.18160068018314313"
"35307","0.1802006802185101","0.1802006802185101","0.1802006802185101"
"35309","0.17980068022861495","0.17980068022861495","0.17980068022861495"
"35333","0.17960068023366738","0.17960068023366738","0.17960068023366738"
"35341","0.17960068023366738","0.17960068023366738","0.17960068023366738"
"35350","0.17960068023366738","0.17960068023366738","0.17960068023366738"
"35358","0.17960068023366738","0.17960068023366738","0.17960068023366738"
"35360","0.17960068023366738","0.17960068023366738","0.17960068023366738"
"35362","0.17960068023366738","0.17960068023366738","0.17960068023366738"
"35369","0.17960068023366738","0.17960068023366738","0.17960068023366738"
"35378","0.17960068023366738","0.17960068023366738","0.17960068023366738"
"35379","0.17960068023366738","0.17960068023366738","0.17960068023366738"
"35395","0.17960068023366738","0.17960068023366738","0.17960068023366738"
"35406","0.17960068023366738","0.17960068023366738","0.17960068023366738"
"35407","0.17960068023366738","0.17960068023366738","0.17960068023366738"
"35413","0.17900068024882465","0.17900068024882465","0.17900068024882465"
"35415","0.1786006802589295","0.1786006802589295","0.1786006802589295"
"35420","0.17760068028419163","0.17760068028419163","0.17760068028419163"
"35428","0.17760068028419163","0.17760068028419163","0.17760068028419163"
"35461","0.17760068028419163","0.17760068028419163","0.17760068028419163"
"35469","0.17760068028419163","0.17760068028419163","0.17760068028419163"
"35476","0.17760068028419163","0.17760068028419163","0.17760068028419163"
"35485","0.17760068028419163","0.17760068028419163","0.17760068028419163"
"35494","0.17760068028419163","0.17760068028419163","0.17760068028419163"
"35507","0.17760068028419163","0.17760068028419163","0.17760068028419163"
"35514","0.17760068028419163","0.17760068028419163","0.17760068028419163"
"35516","0.17760068028419163","0.17760068028419163","0.17760068028419163"
"35529","0.1794006802387198","0.1794006802387198","0.1794006802387198"
"35531","0.17960068023366738","0.17960068023366738","0.17960068023366738"
"35532","0.17960068023366738","0.17960068023366738","0.17960068023366738"
"35534","0.17960068023366738","0.17960068023366738","0.17960068023366738"
"35552","0.17960068023366738","0.17960068023366738","0.17960068023366738"
"35553","0.17960068023366738","0.17960068023366738","0.17960068023366738"
"35573","0.17960068023366738","0.17960068023366738","0.17960068023366738"
"35576","0.17960068023366738","0.17960068023366738","0.17960068023366738"
"35592","0.17960068023366738","0.17960068023366738","0.17960068023366738"
"35599","0.17960068023366738","0.17960068023366738","0.17960068023366738"
"35609","0.17960068023366738","0.17960068023366738","0.17960068023366738"
"35619","0.17960068023366738","0.17960068023366738","0.17960068023366738"
"35620","0.17960068023366738","0.17960068023366738","0.17960068023366738"
"35628","0.17960068023366738","0.17960068023366738","0.17960068023366738"
"35631","0.17980068022861495","0.17980068022861495","0.17980068022861495"
"35632","0.18000068022356253","0.18000068022356253","0.18000068022356253"
"35641","0.18160068018314313","0.18160068018314313","0.18160068018314313"
"35648","0.18160068018314313","0.18160068018314313","0.18160068018314313"
"35650","0.18160068018314313","0.18160068018314313","0.18160068018314313"
"35652","0.18160068018314313","0.18160068018314313","0.18160068018314313"
"35660","0.18160068018314313","0.18160068018314313","0.18160068018314313"
"35668","0.18160068018314313","0.18160068018314313","0.18160068018314313"
"35672","0.18160068018314313","0.18160068018314313","0.18160068018314313"
"35677","0.18160068018314313","0.18160068018314313","0.18160068018314313"
"35680","0.18160068018314313","0.18160068018314313","0.18160068018314313"
"35682","0.18160068018314313","0.18160068018314313","0.18160068018314313"
"35683","0.18160068018314313","0.18160068018314313","0.18160068018314313"
"35693","0.18160068018314313","0.18160068018314313","0.18160068018314313"
"35695","0.18160068018314313","0.18160068018314313","0.18160068018314313"
"35702","0.18160068018314313","0.18160068018314313","0.18160068018314313"
"35722","0.18160068018314313","0.18160068018314313","0.18160068018314313"
"35726","0.18160068018314313","0.18160068018314313","0.18160068018314313"
"35728","0.18160068018314313","0.18160068018314313","0.18160068018314313"
"35729","0.18160068018314313","0.18160068018314313","0.18160068018314313"
"35730","0.18160068018314313","0.18160068018314313","0.18160068018314313"
"35736","0.18160068018314313","0.18160068018314313","0.18160068018314313"
"35738","0.18160068018314313","0.18160068018314313","0.18160068018314313"
"35742","0.18120068019324798","0.18120068019324798","0.18120068019324798"
"35748","0.18000068022356253","0.18000068022356253","0.18000068022356253"
"35754","0.17960068023366738","0.17960068023366738","0.17960068023366738"
"35760","0.17960068023366738","0.17960068023366738","0.17960068023366738"
"35761","0.17960068023366738","0.17960068023366738","0.17960068023366738"
"35768","0.17960068023366738","0.17960068023366738","0.17960068023366738"
"35775","0.17960068023366738","0.17960068023366738","0.17960068023366738"
"35778","0.17960068023366738","0.17960068023366738","0.17960068023366738"
"35781","0.17960068023366738","0.17960068023366738","0.17960068023366738"
"35784","0.17960068023366738","0.17960068023366738","0.17960068023366738"
"35785","0.17960068023366738","0.17960068023366738","0.17960068023366738"
"35789","0.17960068023366738","0.17960068023366738","0.17960068023366738"
"35800","0.17960068023366738","0.17960068023366738","0.17960068023366738"
"35806","0.17960068023366738","0.17960068023366738","0.17960068023366738"
"35809","0.17960068023366738","0.17960068023366738","0.17960068023366738"
"35822","0.17960068023366738","0.17960068023366738","0.17960068023366738"
"35824","0.17960068023366738","0.17960068023366738","0.17960068023366738"
"35828","0.17960068023366738","0.17960068023366738","0.17960068023366738"
"35829","0.17960068023366738","0.17960068023366738","0.17960068023366738"
"35847","0.17960068023366738","0.17960068023366738","0.17960068023366738"
"35849","0.17960068023366738","0.17960068023366738","0.17960068023366738"
"35857","0.17820068026903435","0.17820068026903435","0.17820068026903435"
"35872","0.17760068028419163","0.17760068028419163","0.17760068028419163"
"35876","0.17760068028419163","0.17760068028419163","0.17760068028419163"
"35882","0.17760068028419163","0.17760068028419163","0.17760068028419163"
"35883","0.17760068028419163","0.17760068028419163","0.17760068028419163"
"35891","0.17760068028419163","0.17760068028419163","0.17760068028419163"
"35898","0.17760068028419163","0.17760068028419163","0.17760068028419163"
"35903","0.17760068028419163","0.17760068028419163","0.17760068028419163"
"35905","0.17760068028419163","0.17760068028419163","0.17760068028419163"
"35908","0.17760068028419163","0.17760068028419163","0.17760068028419163"
"35914","0.17760068028419163","0.17760068028419163","0.17760068028419163"
"35916","0.17760068028419163","0.17760068028419163","0.17760068028419163"
"35917","0.17760068028419163","0.17760068028419163","0.17760068028419163"
"35919","0.17760068028419163","0.17760068028419163","0.17760068028419163"
"35922","0.17760068028419163","0.17760068028419163","0.17760068028419163"
"35923","0.17760068028419163","0.17760068028419163","0.17760068028419163"
"35925","0.17760068028419163","0.17760068028419163","0.17760068028419163"
"35928","0.17760068028419163","0.17760068028419163","0.17760068028419163"
"35952","0.17760068028419163","0.17760068028419163","0.17760068028419163"
"35964","0.17680068030440133","0.17680068030440133","0.17680068030440133"
"35974","0.17560068033471588","0.17560068033471588","0.17560068033471588"
"35978","0.17560068033471588","0.17560068033471588","0.17560068033471588"
"35995","0.17560068033471588","0.17560068033471588","0.17560068033471588"
"36015","0.17560068033471588","0.17560068033471588","0.17560068033471588"
"36017","0.17560068033471588","0.17560068033471588","0.17560068033471588"
"36021","0.17560068033471588","0.17560068033471588","0.17560068033471588"
"36025","0.17560068033471588","0.17560068033471588","0.17560068033471588"
"36032","0.17560068033471588","0.17560068033471588","0.17560068033471588"
"36058","0.17560068033471588","0.17560068033471588","0.17560068033471588"
"36064","0.17560068033471588","0.17560068033471588","0.17560068033471588"
"36070","0.17560068033471588","0.17560068033471588","0.17560068033471588"
"36074","0.17480068035492557","0.17480068035492557","0.17480068035492557"
"36077","0.17420068037008285","0.17420068037008285","0.17420068037008285"
"36091","0.17360068038524012","0.17360068038524012","0.17360068038524012"
"36092","0.17360068038524012","0.17360068038524012","0.17360068038524012"
"36095","0.17360068038524012","0.17360068038524012","0.17360068038524012"
"36108","0.17360068038524012","0.17360068038524012","0.17360068038524012"
"36119","0.17360068038524012","0.17360068038524012","0.17360068038524012"
"36128","0.17360068038524012","0.17360068038524012","0.17360068038524012"
"36130","0.17360068038524012","0.17360068038524012","0.17360068038524012"
"36145","0.17360068038524012","0.17360068038524012","0.17360068038524012"
"36151","0.17360068038524012","0.17360068038524012","0.17360068038524012"
"36156","0.17360068038524012","0.17360068038524012","0.17360068038524012"
"36160","0.17360068038524012","0.17360068038524012","0.17360068038524012"
"36176","0.17360068038524012","0.17360068038524012","0.17360068038524012"
"36193","0.17560068033471588","0.17560068033471588","0.17560068033471588"
"36203","0.17560068033471588","0.17560068033471588","0.17560068033471588"
"36205","0.17560068033471588","0.17560068033471588","0.17560068033471588"
"36206","0.17560068033471588","0.17560068033471588","0.17560068033471588"
"36240","0.17560068033471588","0.17560068033471588","0.17560068033471588"
"36243","0.17560068033471588","0.17560068033471588","0.17560068033471588"
"36260","0.17560068033471588","0.17560068033471588","0.17560068033471588"
"36268","0.17560068033471588","0.17560068033471588","0.17560068033471588"
"36270","0.17560068033471588","0.17560068033471588","0.17560068033471588"
"36275","0.17560068033471588","0.17560068033471588","0.17560068033471588"
"36282","0.17560068033471588","0.17560068033471588","0.17560068033471588"
"36295","0.174600680359978","0.174600680359978","0.174600680359978"
"36298","0.17400068037513527","0.17400068037513527","0.17400068037513527"
"36299","0.1738006803801877","0.1738006803801877","0.1738006803801877"
"36303","0.17360068038524012","0.17360068038524012","0.17360068038524012"
"36308","0.17360068038524012","0.17360068038524012","0.17360068038524012"
"36314","0.17360068038524012","0.17360068038524012","0.17360068038524012"
"36315","0.17360068038524012","0.17360068038524012","0.17360068038524012"
"36326","0.17360068038524012","0.17360068038524012","0.17360068038524012"
"36334","0.17360068038524012","0.17360068038524012","0.17360068038524012"
"36354","0.17360068038524012","0.17360068038524012","0.17360068038524012"
"36362","0.17360068038524012","0.17360068038524012","0.17360068038524012"
"36363","0.17360068038524012","0.17360068038524012","0.17360068038524012"
"36369","0.17360068038524012","0.17360068038524012","0.17360068038524012"
"36370","0.17360068038524012","0.17360068038524012","0.17360068038524012"
"36374","0.17360068038524012","0.17360068038524012","0.17360068038524012"
"36382","0.17360068038524012","0.17360068038524012","0.17360068038524012"
"36383","0.17360068038524012","0.17360068038524012","0.17360068038524012"
"36385","0.17360068038524012","0.17360068038524012","0.17360068038524012"
"36386","0.17360068038524012","0.17360068038524012","0.17360068038524012"
"36392","0.17360068038524012","0.17360068038524012","0.17360068038524012"
"36396","0.17360068038524012","0.17360068038524012","0.17360068038524012"
"36410","0.17557714876729413","0.17557714876729413","0.17557714876729413"
"36412","0.17557714876729413","0.17557714876729413","0.17557714876729413"
"36414","0.17557714876729413","0.17557714876729413","0.17557714876729413"
"36417","0.17557714876729413","0.17557714876729413","0.17557714876729413"
"36419","0.17557714876729413","0.17557714876729413","0.17557714876729413"
"36423","0.17557714876729413","0.17557714876729413","0.17557714876729413"
"36430","0.17557714876729413","0.17557714876729413","0.17557714876729413"
"36435","0.17557714876729413","0.17557714876729413","0.17557714876729413"
"36436","0.17557714876729413","0.17557714876729413","0.17557714876729413"
"36446","0.17557714876729413","0.17557714876729413","0.17557714876729413"
"36465","0.17557714876729413","0.17557714876729413","0.17557714876729413"
"36466","0.17557714876729413","0.17557714876729413","0.17557714876729413"
"36467","0.17557714876729413","0.17557714876729413","0.17557714876729413"
"36468","0.17557714876729413","0.17557714876729413","0.17557714876729413"
"36475","0.17557714876729413","0.17557714876729413","0.17557714876729413"
"36485","0.17557714876729413","0.17557714876729413","0.17557714876729413"
"36488","0.17557714876729413","0.17557714876729413","0.17557714876729413"
"36489","0.17557714876729413","0.17557714876729413","0.17557714876729413"
"36502","0.17557714876729413","0.17557714876729413","0.17557714876729413"
"36517","0.17697714873192716","0.17697714873192716","0.17697714873192716"
"36518","0.17717714872687473","0.17717714872687473","0.17717714872687473"
"36549","0.17757714871676988","0.17757714871676988","0.17757714871676988"
"36567","0.17757714871676988","0.17757714871676988","0.17757714871676988"
"36576","0.17757714871676988","0.17757714871676988","0.17757714871676988"
"36581","0.17757714871676988","0.17757714871676988","0.17757714871676988"
"36588","0.17757714871676988","0.17757714871676988","0.17757714871676988"
"36591","0.17757714871676988","0.17757714871676988","0.17757714871676988"
"36594","0.17757714871676988","0.17757714871676988","0.17757714871676988"
"36598","0.17757714871676988","0.17757714871676988","0.17757714871676988"
"36599","0.17757714871676988","0.17757714871676988","0.17757714871676988"
"36600","0.17757714871676988","0.17757714871676988","0.17757714871676988"
"36607","0.17757714871676988","0.17757714871676988","0.17757714871676988"
"36610","0.17757714871676988","0.17757714871676988","0.17757714871676988"
"36616","0.17757714871676988","0.17757714871676988","0.17757714871676988"
"36637","0.17957714866624563","0.17957714866624563","0.17957714866624563"
"36639","0.17957714866624563","0.17957714866624563","0.17957714866624563"
"36640","0.17957714866624563","0.17957714866624563","0.17957714866624563"
"36645","0.17957714866624563","0.17957714866624563","0.17957714866624563"
"36656","0.17957714866624563","0.17957714866624563","0.17957714866624563"
"36658","0.17957714866624563","0.17957714866624563","0.17957714866624563"
"36662","0.17957714866624563","0.17957714866624563","0.17957714866624563"
"36670","0.17957714866624563","0.17957714866624563","0.17957714866624563"
"36683","0.17957714866624563","0.17957714866624563","0.17957714866624563"
"36686","0.17957714866624563","0.17957714866624563","0.17957714866624563"
"36689","0.17957714866624563","0.17957714866624563","0.17957714866624563"
"36691","0.17957714866624563","0.17957714866624563","0.17957714866624563"
"36697","0.17957714866624563","0.17957714866624563","0.17957714866624563"
"36706","0.17957714866624563","0.17957714866624563","0.17957714866624563"
"36707","0.17957714866624563","0.17957714866624563","0.17957714866624563"
"36709","0.17957714866624563","0.17957714866624563","0.17957714866624563"
"36710","0.17957714866624563","0.17957714866624563","0.17957714866624563"
"36714","0.17957714866624563","0.17957714866624563","0.17957714866624563"
"36717","0.17957714866624563","0.17957714866624563","0.17957714866624563"
"36720","0.17957714866624563","0.17957714866624563","0.17957714866624563"
"36742","0.17757714871676988","0.17757714871676988","0.17757714871676988"
"36743","0.17757714871676988","0.17757714871676988","0.17757714871676988"
"36757","0.17757714871676988","0.17757714871676988","0.17757714871676988"
"36762","0.17757714871676988","0.17757714871676988","0.17757714871676988"
"36766","0.17757714871676988","0.17757714871676988","0.17757714871676988"
"36767","0.17757714871676988","0.17757714871676988","0.17757714871676988"
"36769","0.17757714871676988","0.17757714871676988","0.17757714871676988"
"36783","0.17757714871676988","0.17757714871676988","0.17757714871676988"
"36786","0.17757714871676988","0.17757714871676988","0.17757714871676988"
"36801","0.17757714871676988","0.17757714871676988","0.17757714871676988"
"36802","0.17757714871676988","0.17757714871676988","0.17757714871676988"
"36804","0.17757714871676988","0.17757714871676988","0.17757714871676988"
"36808","0.17757714871676988","0.17757714871676988","0.17757714871676988"
"36810","0.17757714871676988","0.17757714871676988","0.17757714871676988"
"36819","0.17757714871676988","0.17757714871676988","0.17757714871676988"
"36822","0.17757714871676988","0.17757714871676988","0.17757714871676988"
"36838","0.17757714871676988","0.17757714871676988","0.17757714871676988"
"36840","0.17757714871676988","0.17757714871676988","0.17757714871676988"
"36841","0.17777714871171746","0.17777714871171746","0.17777714871171746"
"36842","0.17797714870666503","0.17797714870666503","0.17797714870666503"
"36845","0.17857714869150776","0.17857714869150776","0.17857714869150776"
"36846","0.17877714868645533","0.17877714868645533","0.17877714868645533"
"36851","0.17957714866624563","0.17957714866624563","0.17957714866624563"
"36855","0.17957714866624563","0.17957714866624563","0.17957714866624563"
"36858","0.17957714866624563","0.17957714866624563","0.17957714866624563"
"36863","0.17957714866624563","0.17957714866624563","0.17957714866624563"
"36866","0.17957714866624563","0.17957714866624563","0.17957714866624563"
"36867","0.17957714866624563","0.17957714866624563","0.17957714866624563"
"36868","0.17957714866624563","0.17957714866624563","0.17957714866624563"
"36871","0.17957714866624563","0.17957714866624563","0.17957714866624563"
"36874","0.17957714866624563","0.17957714866624563","0.17957714866624563"
"36881","0.17957714866624563","0.17957714866624563","0.17957714866624563"
"36891","0.17957714866624563","0.17957714866624563","0.17957714866624563"
"36897","0.17957714866624563","0.17957714866624563","0.17957714866624563"
"36902","0.17957714866624563","0.17957714866624563","0.17957714866624563"
"36907","0.17957714866624563","0.17957714866624563","0.17957714866624563"
"36910","0.17957714866624563","0.17957714866624563","0.17957714866624563"
"36933","0.17957714866624563","0.17957714866624563","0.17957714866624563"
"36940","0.17957714866624563","0.17957714866624563","0.17957714866624563"
"36946","0.17957714866624563","0.17957714866624563","0.17957714866624563"
"36954","0.17877714868645533","0.17877714868645533","0.17877714868645533"
"36955","0.17857714869150776","0.17857714869150776","0.17857714869150776"
"36957","0.1781771487016126","0.1781771487016126","0.1781771487016126"
"36962","0.17757714871676988","0.17757714871676988","0.17757714871676988"
"36965","0.17757714871676988","0.17757714871676988","0.17757714871676988"
"36975","0.17757714871676988","0.17757714871676988","0.17757714871676988"
"36982","0.17757714871676988","0.17757714871676988","0.17757714871676988"
"36989","0.17757714871676988","0.17757714871676988","0.17757714871676988"
"36992","0.17757714871676988","0.17757714871676988","0.17757714871676988"
"36994","0.17757714871676988","0.17757714871676988","0.17757714871676988"
"36999","0.17757714871676988","0.17757714871676988","0.17757714871676988"
"37014","0.17757714871676988","0.17757714871676988","0.17757714871676988"
"37017","0.17757714871676988","0.17757714871676988","0.17757714871676988"
"37025","0.17757714871676988","0.17757714871676988","0.17757714871676988"
"37027","0.17757714871676988","0.17757714871676988","0.17757714871676988"
"37031","0.17757714871676988","0.17757714871676988","0.17757714871676988"
"37039","0.17757714871676988","0.17757714871676988","0.17757714871676988"
"37048","0.17757714871676988","0.17757714871676988","0.17757714871676988"
"37050","0.17757714871676988","0.17757714871676988","0.17757714871676988"
"37056","0.17757714871676988","0.17757714871676988","0.17757714871676988"
"37057","0.17757714871676988","0.17757714871676988","0.17757714871676988"
"37058","0.17757714871676988","0.17757714871676988","0.17757714871676988"
"37059","0.17757714871676988","0.17757714871676988","0.17757714871676988"
"37065","0.176577148742032","0.176577148742032","0.176577148742032"
"37074","0.17557714876729413","0.17557714876729413","0.17557714876729413"
"37084","0.17557714876729413","0.17557714876729413","0.17557714876729413"
"37087","0.17557714876729413","0.17557714876729413","0.17557714876729413"
"37096","0.17557714876729413","0.17557714876729413","0.17557714876729413"
"37099","0.17557714876729413","0.17557714876729413","0.17557714876729413"
"37100","0.17557714876729413","0.17557714876729413","0.17557714876729413"
"37104","0.17557714876729413","0.17557714876729413","0.17557714876729413"
"37107","0.17557714876729413","0.17557714876729413","0.17557714876729413"
"37109","0.17557714876729413","0.17557714876729413","0.17557714876729413"
"37121","0.17557714876729413","0.17557714876729413","0.17557714876729413"
"37122","0.17557714876729413","0.17557714876729413","0.17557714876729413"
"37127","0.17557714876729413","0.17557714876729413","0.17557714876729413"
"37129","0.17557714876729413","0.17557714876729413","0.17557714876729413"
"37131","0.17557714876729413","0.17557714876729413","0.17557714876729413"
"37138","0.17557714876729413","0.17557714876729413","0.17557714876729413"
"37151","0.17557714876729413","0.17557714876729413","0.17557714876729413"
"37156","0.17557714876729413","0.17557714876729413","0.17557714876729413"
"37184","0.17757714871676988","0.17757714871676988","0.17757714871676988"
"37185","0.17757714871676988","0.17757714871676988","0.17757714871676988"
"37204","0.17757714871676988","0.17757714871676988","0.17757714871676988"
"37212","0.17757714871676988","0.17757714871676988","0.17757714871676988"
"37215","0.17757714871676988","0.17757714871676988","0.17757714871676988"
"37216","0.17757714871676988","0.17757714871676988","0.17757714871676988"
"37228","0.17757714871676988","0.17757714871676988","0.17757714871676988"
"37230","0.17757714871676988","0.17757714871676988","0.17757714871676988"
"37232","0.17757714871676988","0.17757714871676988","0.17757714871676988"
"37240","0.17757714871676988","0.17757714871676988","0.17757714871676988"
"37242","0.17757714871676988","0.17757714871676988","0.17757714871676988"
"37246","0.17757714871676988","0.17757714871676988","0.17757714871676988"
"37248","0.17757714871676988","0.17757714871676988","0.17757714871676988"
"37253","0.17757714871676988","0.17757714871676988","0.17757714871676988"
"37263","0.17757714871676988","0.17757714871676988","0.17757714871676988"
"37267","0.17757714871676988","0.17757714871676988","0.17757714871676988"
"37279","0.17757714871676988","0.17757714871676988","0.17757714871676988"
"37281","0.17777714871171746","0.17777714871171746","0.17777714871171746"
"37282","0.17797714870666503","0.17797714870666503","0.17797714870666503"
"37289","0.17937714867129806","0.17937714867129806","0.17937714867129806"
"37304","0.17957714866624563","0.17957714866624563","0.17957714866624563"
"37314","0.17957714866624563","0.17957714866624563","0.17957714866624563"
"37323","0.17957714866624563","0.17957714866624563","0.17957714866624563"
"37326","0.17957714866624563","0.17957714866624563","0.17957714866624563"
"37347","0.17957714866624563","0.17957714866624563","0.17957714866624563"
"37357","0.17957714866624563","0.17957714866624563","0.17957714866624563"
"37361","0.17957714866624563","0.17957714866624563","0.17957714866624563"
"37385","0.17957714866624563","0.17957714866624563","0.17957714866624563"
"37399","0.17777714871171746","0.17777714871171746","0.17777714871171746"
"37400","0.17757714871676988","0.17757714871676988","0.17757714871676988"
"37412","0.17757714871676988","0.17757714871676988","0.17757714871676988"
"37421","0.17757714871676988","0.17757714871676988","0.17757714871676988"
"37428","0.17757714871676988","0.17757714871676988","0.17757714871676988"
"37432","0.17757714871676988","0.17757714871676988","0.17757714871676988"
"37439","0.17757714871676988","0.17757714871676988","0.17757714871676988"
"37443","0.17757714871676988","0.17757714871676988","0.17757714871676988"
"37448","0.17757714871676988","0.17757714871676988","0.17757714871676988"
"37455","0.17757714871676988","0.17757714871676988","0.17757714871676988"
"37464","0.17757714871676988","0.17757714871676988","0.17757714871676988"
"37466","0.17757714871676988","0.17757714871676988","0.17757714871676988"
"37472","0.17757714871676988","0.17757714871676988","0.17757714871676988"
"37485","0.17757714871676988","0.17757714871676988","0.17757714871676988"
"37490","0.17757714871676988","0.17757714871676988","0.17757714871676988"
"37496","0.17757714871676988","0.17757714871676988","0.17757714871676988"
"37499","0.17757714871676988","0.17757714871676988","0.17757714871676988"
"37502","0.17749525622038753","0.17749525622038753","0.17749525622038753"
"37508","0.1775773407511192","0.1775773407511192","0.1775773407511192"
"37520","0.1773445619886811","0.1773445619886811","0.1773445619886811"
"37530","0.1773445619886811","0.1773445619886811","0.1773445619886811"
"37532","0.1773445619886811","0.1773445619886811","0.1773445619886811"
"37533","0.1773445619886811","0.1773445619886811","0.1773445619886811"
"37535","0.1773445619886811","0.1773445619886811","0.1773445619886811"
"37537","0.1773445619886811","0.1773445619886811","0.1773445619886811"
"37557","0.1773445619886811","0.1773445619886811","0.1773445619886811"
"37558","0.1773445619886811","0.1773445619886811","0.1773445619886811"
"37560","0.1773445619886811","0.1773445619886811","0.1773445619886811"
"37563","0.1773445619886811","0.1773445619886811","0.1773445619886811"
"37569","0.1773445619886811","0.1773445619886811","0.1773445619886811"
"37575","0.1773445619886811","0.1773445619886811","0.1773445619886811"
"37577","0.1773445619886811","0.1773445619886811","0.1773445619886811"
"37578","0.1773445619886811","0.1773445619886811","0.1773445619886811"
"37586","0.1773445619886811","0.1773445619886811","0.1773445619886811"
"37591","0.1773445619886811","0.1773445619886811","0.1773445619886811"
"37592","0.1773445619886811","0.1773445619886811","0.1773445619886811"
"37596","0.1773445619886811","0.1773445619886811","0.1773445619886811"
"37610","0.1773445619886811","0.1773445619886811","0.1773445619886811"
"37616","0.17854456195836654","0.17854456195836654","0.17854456195836654"
"37621","0.17934456193815684","0.17934456193815684","0.17934456193815684"
"37624","0.17934456193815684","0.17934456193815684","0.17934456193815684"
"37630","0.17934456193815684","0.17934456193815684","0.17934456193815684"
"37633","0.17934456193815684","0.17934456193815684","0.17934456193815684"
"37651","0.17934456193815684","0.17934456193815684","0.17934456193815684"
"37655","0.17934456193815684","0.17934456193815684","0.17934456193815684"
"37659","0.17934456193815684","0.17934456193815684","0.17934456193815684"
"37662","0.17934456193815684","0.17934456193815684","0.17934456193815684"
"37665","0.17934456193815684","0.17934456193815684","0.17934456193815684"
"37670","0.17934456193815684","0.17934456193815684","0.17934456193815684"
"37672","0.17934456193815684","0.17934456193815684","0.17934456193815684"
"37674","0.17934456193815684","0.17934456193815684","0.17934456193815684"
"37678","0.17934456193815684","0.17934456193815684","0.17934456193815684"
"37684","0.17934456193815684","0.17934456193815684","0.17934456193815684"
"37685","0.17934456193815684","0.17934456193815684","0.17934456193815684"
"37688","0.17934456193815684","0.17934456193815684","0.17934456193815684"
"37711","0.17934456193815684","0.17934456193815684","0.17934456193815684"
"37720","0.17934456193815684","0.17934456193815684","0.17934456193815684"
"37727","0.18074456190278987","0.18074456190278987","0.18074456190278987"
"37728","0.18094456189773744","0.18094456189773744","0.18094456189773744"
"37732","0.1813445618876326","0.1813445618876326","0.1813445618876326"
"37745","0.1813445618876326","0.1813445618876326","0.1813445618876326"
"37773","0.1813445618876326","0.1813445618876326","0.1813445618876326"
"37782","0.1813445618876326","0.1813445618876326","0.1813445618876326"
"37794","0.1813445618876326","0.1813445618876326","0.1813445618876326"
"37803","0.1813445618876326","0.1813445618876326","0.1813445618876326"
"37827","0.1813445618876326","0.1813445618876326","0.1813445618876326"
"37829","0.1813445618876326","0.1813445618876326","0.1813445618876326"
"37831","0.18154456188258017","0.18154456188258017","0.18154456188258017"
"37833","0.18194456187247532","0.18194456187247532","0.18194456187247532"
"37834","0.1821445618674229","0.1821445618674229","0.1821445618674229"
"37835","0.18234456186237047","0.18234456186237047","0.18234456186237047"
"37844","0.18334456183710834","0.18334456183710834","0.18334456183710834"
"37847","0.18334456183710834","0.18334456183710834","0.18334456183710834"
"37849","0.18334456183710834","0.18334456183710834","0.18334456183710834"
"37854","0.18334456183710834","0.18334456183710834","0.18334456183710834"
"37855","0.18334456183710834","0.18334456183710834","0.18334456183710834"
"37856","0.18334456183710834","0.18334456183710834","0.18334456183710834"
"37857","0.18334456183710834","0.18334456183710834","0.18334456183710834"
"37860","0.18334456183710834","0.18334456183710834","0.18334456183710834"
"37874","0.18334456183710834","0.18334456183710834","0.18334456183710834"
"37881","0.18334456183710834","0.18334456183710834","0.18334456183710834"
"37885","0.18334456183710834","0.18334456183710834","0.18334456183710834"
"37891","0.18334456183710834","0.18334456183710834","0.18334456183710834"
"37893","0.18334456183710834","0.18334456183710834","0.18334456183710834"
"37900","0.18334456183710834","0.18334456183710834","0.18334456183710834"
"37903","0.18334456183710834","0.18334456183710834","0.18334456183710834"
"37904","0.18334456183710834","0.18334456183710834","0.18334456183710834"
"37914","0.18334456183710834","0.18334456183710834","0.18334456183710834"
"37915","0.18334456183710834","0.18334456183710834","0.18334456183710834"
"37930","0.18334456183710834","0.18334456183710834","0.18334456183710834"
"37934","0.18334456183710834","0.18334456183710834","0.18334456183710834"
"37940","0.18334456183710834","0.18334456183710834","0.18334456183710834"
"37945","0.18234456186237047","0.18234456186237047","0.18234456186237047"
"37950","0.1813445618876326","0.1813445618876326","0.1813445618876326"
"37956","0.1813445618876326","0.1813445618876326","0.1813445618876326"
"37974","0.1813445618876326","0.1813445618876326","0.1813445618876326"
"37981","0.1813445618876326","0.1813445618876326","0.1813445618876326"
"37997","0.1813445618876326","0.1813445618876326","0.1813445618876326"
"37998","0.1813445618876326","0.1813445618876326","0.1813445618876326"
"37999","0.1813445618876326","0.1813445618876326","0.1813445618876326"
"38008","0.1813445618876326","0.1813445618876326","0.1813445618876326"
"38009","0.1813445618876326","0.1813445618876326","0.1813445618876326"
"38016","0.1813445618876326","0.1813445618876326","0.1813445618876326"
"38020","0.1813445618876326","0.1813445618876326","0.1813445618876326"
"38021","0.1813445618876326","0.1813445618876326","0.1813445618876326"
"38033","0.1813445618876326","0.1813445618876326","0.1813445618876326"
"38036","0.1813445618876326","0.1813445618876326","0.1813445618876326"
"38041","0.1813445618876326","0.1813445618876326","0.1813445618876326"
"38045","0.1813445618876326","0.1813445618876326","0.1813445618876326"
"38053","0.18194456187247532","0.18194456187247532","0.18194456187247532"
"38055","0.18234456186237047","0.18234456186237047","0.18234456186237047"
"38056","0.18254456185731804","0.18254456185731804","0.18254456185731804"
"38057","0.18274456185226562","0.18274456185226562","0.18274456185226562"
"38058","0.1829445618472132","0.1829445618472132","0.1829445618472132"
"38061","0.18334456183710834","0.18334456183710834","0.18334456183710834"
"38062","0.18334456183710834","0.18334456183710834","0.18334456183710834"
"38067","0.18334456183710834","0.18334456183710834","0.18334456183710834"
"38075","0.18334456183710834","0.18334456183710834","0.18334456183710834"
"38087","0.18334456183710834","0.18334456183710834","0.18334456183710834"
"38108","0.18334456183710834","0.18334456183710834","0.18334456183710834"
"38116","0.18334456183710834","0.18334456183710834","0.18334456183710834"
"38118","0.18334456183710834","0.18334456183710834","0.18334456183710834"
"38123","0.18334456183710834","0.18334456183710834","0.18334456183710834"
"38126","0.18334456183710834","0.18334456183710834","0.18334456183710834"
"38128","0.18334456183710834","0.18334456183710834","0.18334456183710834"
"38131","0.18334456183710834","0.18334456183710834","0.18334456183710834"
"38160","0.18334456183710834","0.18334456183710834","0.18334456183710834"
"38162","0.1837445618270035","0.1837445618270035","0.1837445618270035"
"38167","0.18474456180174137","0.18474456180174137","0.18474456180174137"
"38170","0.1853445617865841","0.1853445617865841","0.1853445617865841"
"38183","0.1853445617865841","0.1853445617865841","0.1853445617865841"
"38187","0.1853445617865841","0.1853445617865841","0.1853445617865841"
"38197","0.1853445617865841","0.1853445617865841","0.1853445617865841"
"38200","0.1853445617865841","0.1853445617865841","0.1853445617865841"
"38208","0.1853445617865841","0.1853445617865841","0.1853445617865841"
"38209","0.1853445617865841","0.1853445617865841","0.1853445617865841"
"38214","0.1853445617865841","0.1853445617865841","0.1853445617865841"
"38216","0.1853445617865841","0.1853445617865841","0.1853445617865841"
"38222","0.1853445617865841","0.1853445617865841","0.1853445617865841"
"38228","0.1853445617865841","0.1853445617865841","0.1853445617865841"
"38240","0.1853445617865841","0.1853445617865841","0.1853445617865841"
"38241","0.1853445617865841","0.1853445617865841","0.1853445617865841"
"38250","0.1853445617865841","0.1853445617865841","0.1853445617865841"
"38251","0.1853445617865841","0.1853445617865841","0.1853445617865841"
"38275","0.18434456181184622","0.18434456181184622","0.18434456181184622"
"38284","0.18334456183710834","0.18334456183710834","0.18334456183710834"
"38302","0.18334456183710834","0.18334456183710834","0.18334456183710834"
"38305","0.18334456183710834","0.18334456183710834","0.18334456183710834"
"38310","0.18334456183710834","0.18334456183710834","0.18334456183710834"
"38311","0.18334456183710834","0.18334456183710834","0.18334456183710834"
"38314","0.18334456183710834","0.18334456183710834","0.18334456183710834"
"38319","0.18334456183710834","0.18334456183710834","0.18334456183710834"
"38322","0.18334456183710834","0.18334456183710834","0.18334456183710834"
"38326","0.18334456183710834","0.18334456183710834","0.18334456183710834"
"38327","0.18334456183710834","0.18334456183710834","0.18334456183710834"
"38331","0.18334456183710834","0.18334456183710834","0.18334456183710834"
"38346","0.18334456183710834","0.18334456183710834","0.18334456183710834"
"38355","0.18334456183710834","0.18334456183710834","0.18334456183710834"
"38367","0.18334456183710834","0.18334456183710834","0.18334456183710834"
"38368","0.18334456183710834","0.18334456183710834","0.18334456183710834"
"38381","0.18354456183205592","0.18354456183205592","0.18354456183205592"
"38385","0.18354456183205592","0.18354456183205592","0.18354456183205592"
"38388","0.18414456181689864","0.18414456181689864","0.18414456181689864"
"38389","0.18434456181184622","0.18434456181184622","0.18434456181184622"
"38405","0.1845445618067938","0.1845445618067938","0.1845445618067938"
"38409","0.1845445618067938","0.1845445618067938","0.1845445618067938"
"38419","0.1845445618067938","0.1845445618067938","0.1845445618067938"
"38421","0.1845445618067938","0.1845445618067938","0.1845445618067938"
"38447","0.1845445618067938","0.1845445618067938","0.1845445618067938"
"38455","0.1845445618067938","0.1845445618067938","0.1845445618067938"
"38491","0.18474456180174137","0.18474456180174137","0.18474456180174137"
"38509","0.18654456175626954","0.18654456175626954","0.18654456175626954"
"38516","0.18654456175626954","0.18654456175626954","0.18654456175626954"
"38523","0.18654456175626954","0.18654456175626954","0.18654456175626954"
"38524","0.18654456175626954","0.18654456175626954","0.18654456175626954"
"38533","0.18654456175626954","0.18654456175626954","0.18654456175626954"
"38538","0.18654456175626954","0.18654456175626954","0.18654456175626954"
"38545","0.18654456175626954","0.18654456175626954","0.18654456175626954"
"38549","0.18654456175626954","0.18654456175626954","0.18654456175626954"
"38551","0.18654456175626954","0.18654456175626954","0.18654456175626954"
"38568","0.18654456175626954","0.18654456175626954","0.18654456175626954"
"38583","0.18654456175626954","0.18654456175626954","0.18654456175626954"
"38598","0.18654456175626954","0.18654456175626954","0.18654456175626954"
"38602","0.1869445617461647","0.1869445617461647","0.1869445617461647"
"38615","0.1885445617057453","0.1885445617057453","0.1885445617057453"
"38617","0.1885445617057453","0.1885445617057453","0.1885445617057453"
"38625","0.1885445617057453","0.1885445617057453","0.1885445617057453"
"38628","0.1885445617057453","0.1885445617057453","0.1885445617057453"
"38629","0.1885445617057453","0.1885445617057453","0.1885445617057453"
"38633","0.1885445617057453","0.1885445617057453","0.1885445617057453"
"38645","0.1885445617057453","0.1885445617057453","0.1885445617057453"
"38646","0.1885445617057453","0.1885445617057453","0.1885445617057453"
"38663","0.1885445617057453","0.1885445617057453","0.1885445617057453"
"38666","0.1885445617057453","0.1885445617057453","0.1885445617057453"
"38668","0.1885445617057453","0.1885445617057453","0.1885445617057453"
"38669","0.1885445617057453","0.1885445617057453","0.1885445617057453"
"38670","0.1885445617057453","0.1885445617057453","0.1885445617057453"
"38681","0.1885445617057453","0.1885445617057453","0.1885445617057453"
"38685","0.1885445617057453","0.1885445617057453","0.1885445617057453"
"38688","0.1885445617057453","0.1885445617057453","0.1885445617057453"
"38689","0.1885445617057453","0.1885445617057453","0.1885445617057453"
"38690","0.1885445617057453","0.1885445617057453","0.1885445617057453"
"38691","0.1885445617057453","0.1885445617057453","0.1885445617057453"
"38694","0.1885445617057453","0.1885445617057453","0.1885445617057453"
"38698","0.1885445617057453","0.1885445617057453","0.1885445617057453"
"38700","0.1885445617057453","0.1885445617057453","0.1885445617057453"
"38718","0.1869445617461647","0.1869445617461647","0.1869445617461647"
"38734","0.18654456175626954","0.18654456175626954","0.18654456175626954"
"38740","0.18654456175626954","0.18654456175626954","0.18654456175626954"
"38749","0.18654456175626954","0.18654456175626954","0.18654456175626954"
"38753","0.18654456175626954","0.18654456175626954","0.18654456175626954"
"38754","0.18654456175626954","0.18654456175626954","0.18654456175626954"
"38772","0.18654456175626954","0.18654456175626954","0.18654456175626954"
"38787","0.18654456175626954","0.18654456175626954","0.18654456175626954"
"38790","0.18654456175626954","0.18654456175626954","0.18654456175626954"
"38792","0.18654456175626954","0.18654456175626954","0.18654456175626954"
"38802","0.18654456175626954","0.18654456175626954","0.18654456175626954"
"38803","0.18654456175626954","0.18654456175626954","0.18654456175626954"
"38825","0.18554456178153167","0.18554456178153167","0.18554456178153167"
"38826","0.1853445617865841","0.1853445617865841","0.1853445617865841"
"38828","0.18494456179668894","0.18494456179668894","0.18494456179668894"
"38829","0.18474456180174137","0.18474456180174137","0.18474456180174137"
"38830","0.1845445618067938","0.1845445618067938","0.1845445618067938"
"38835","0.1845445618067938","0.1845445618067938","0.1845445618067938"
"38847","0.1845445618067938","0.1845445618067938","0.1845445618067938"
"38850","0.1845445618067938","0.1845445618067938","0.1845445618067938"
"38852","0.1845445618067938","0.1845445618067938","0.1845445618067938"
"38859","0.1845445618067938","0.1845445618067938","0.1845445618067938"
"38860","0.1845445618067938","0.1845445618067938","0.1845445618067938"
"38878","0.1845445618067938","0.1845445618067938","0.1845445618067938"
"38880","0.1845445618067938","0.1845445618067938","0.1845445618067938"
"38881","0.1845445618067938","0.1845445618067938","0.1845445618067938"
"38886","0.1845445618067938","0.1845445618067938","0.1845445618067938"
"38892","0.1845445618067938","0.1845445618067938","0.1845445618067938"
"38900","0.1845445618067938","0.1845445618067938","0.1845445618067938"
"38902","0.1845445618067938","0.1845445618067938","0.1845445618067938"
"38910","0.1845445618067938","0.1845445618067938","0.1845445618067938"
"38915","0.1845445618067938","0.1845445618067938","0.1845445618067938"
"38916","0.1845445618067938","0.1845445618067938","0.1845445618067938"
"38917","0.1845445618067938","0.1845445618067938","0.1845445618067938"
"38919","0.1845445618067938","0.1845445618067938","0.1845445618067938"
"38921","0.1845445618067938","0.1845445618067938","0.1845445618067938"
"38931","0.18474456180174137","0.18474456180174137","0.18474456180174137"
"38934","0.1853445617865841","0.1853445617865841","0.1853445617865841"
"38936","0.18574456177647924","0.18574456177647924","0.18574456177647924"
"38941","0.18654456175626954","0.18654456175626954","0.18654456175626954"
"38952","0.18654456175626954","0.18654456175626954","0.18654456175626954"
"38956","0.18654456175626954","0.18654456175626954","0.18654456175626954"
"38957","0.18654456175626954","0.18654456175626954","0.18654456175626954"
"38959","0.18654456175626954","0.18654456175626954","0.18654456175626954"
"38960","0.18654456175626954","0.18654456175626954","0.18654456175626954"
"38963","0.18654456175626954","0.18654456175626954","0.18654456175626954"
"38965","0.18654456175626954","0.18654456175626954","0.18654456175626954"
"38970","0.18654456175626954","0.18654456175626954","0.18654456175626954"
"38976","0.18654456175626954","0.18654456175626954","0.18654456175626954"
"38982","0.18654456175626954","0.18654456175626954","0.18654456175626954"
"38991","0.18654456175626954","0.18654456175626954","0.18654456175626954"
"38995","0.18654456175626954","0.18654456175626954","0.18654456175626954"
"38999","0.18654456175626954","0.18654456175626954","0.18654456175626954"
"39014","0.18654456175626954","0.18654456175626954","0.18654456175626954"
"39017","0.18654456175626954","0.18654456175626954","0.18654456175626954"
"39026","0.18654456175626954","0.18654456175626954","0.18654456175626954"
"39028","0.18654456175626954","0.18654456175626954","0.18654456175626954"
"39046","0.187744561725955","0.187744561725955","0.187744561725955"
"39047","0.18794456172090257","0.18794456172090257","0.18794456172090257"
"39048","0.18814456171585014","0.18814456171585014","0.18814456171585014"
"39064","0.1885445617057453","0.1885445617057453","0.1885445617057453"
"39089","0.1885445617057453","0.1885445617057453","0.1885445617057453"
"39090","0.1885445617057453","0.1885445617057453","0.1885445617057453"
"39093","0.1885445617057453","0.1885445617057453","0.1885445617057453"
"39102","0.1885445617057453","0.1885445617057453","0.1885445617057453"
"39110","0.1885445617057453","0.1885445617057453","0.1885445617057453"
"39111","0.1885445617057453","0.1885445617057453","0.1885445617057453"
"39112","0.1885445617057453","0.1885445617057453","0.1885445617057453"
"39115","0.1885445617057453","0.1885445617057453","0.1885445617057453"
"39119","0.1885445617057453","0.1885445617057453","0.1885445617057453"
"39120","0.1885445617057453","0.1885445617057453","0.1885445617057453"
"39123","0.1885445617057453","0.1885445617057453","0.1885445617057453"
"39134","0.1885445617057453","0.1885445617057453","0.1885445617057453"
"39147","0.1885445617057453","0.1885445617057453","0.1885445617057453"
"39148","0.1885445617057453","0.1885445617057453","0.1885445617057453"
"39154","0.1893445616855356","0.1893445616855356","0.1893445616855356"
"39156","0.1895722147486394","0.1895722147486394","0.1895722147486394"
"39163","0.1899750575968667","0.1899750575968667","0.1899750575968667"
"39167","0.1899750575968667","0.1899750575968667","0.1899750575968667"
"39191","0.1899750575968667","0.1899750575968667","0.1899750575968667"
"39195","0.1899750575968667","0.1899750575968667","0.1899750575968667"
"39197","0.1899750575968667","0.1899750575968667","0.1899750575968667"
"39203","0.1899750575968667","0.1899750575968667","0.1899750575968667"
"39204","0.1899750575968667","0.1899750575968667","0.1899750575968667"
"39207","0.1899750575968667","0.1899750575968667","0.1899750575968667"
"39210","0.1899750575968667","0.1899750575968667","0.1899750575968667"
"39212","0.1899750575968667","0.1899750575968667","0.1899750575968667"
"39215","0.1899750575968667","0.1899750575968667","0.1899750575968667"
"39217","0.1899750575968667","0.1899750575968667","0.1899750575968667"
"39219","0.1899750575968667","0.1899750575968667","0.1899750575968667"
"39244","0.1899750575968667","0.1899750575968667","0.1899750575968667"
"39249","0.1899750575968667","0.1899750575968667","0.1899750575968667"
"39252","0.1899750575968667","0.1899750575968667","0.1899750575968667"
"39255","0.1899750575968667","0.1899750575968667","0.1899750575968667"
"39264","0.1903763658951215","0.1903763658951215","0.1903763658951215"
"39265","0.19047636644597313","0.19047636644597313","0.19047636644597313"
"39274","0.19097895212397076","0.19097895212397076","0.19097895212397076"
"39280","0.19097895212397076","0.19097895212397076","0.19097895212397076"
"39285","0.19097895212397076","0.19097895212397076","0.19097895212397076"
"39287","0.19097895212397076","0.19097895212397076","0.19097895212397076"
"39291","0.19097895212397076","0.19097895212397076","0.19097895212397076"
"39292","0.19097895212397076","0.19097895212397076","0.19097895212397076"
"39293","0.19097895212397076","0.19097895212397076","0.19097895212397076"
"39295","0.19097895212397076","0.19097895212397076","0.19097895212397076"
"39299","0.19097895212397076","0.19097895212397076","0.19097895212397076"
"39300","0.19097895212397076","0.19097895212397076","0.19097895212397076"
"39306","0.19097895212397076","0.19097895212397076","0.19097895212397076"
"39310","0.19097895212397076","0.19097895212397076","0.19097895212397076"
"39313","0.19097895212397076","0.19097895212397076","0.19097895212397076"
"39317","0.19097895212397076","0.19097895212397076","0.19097895212397076"
"39322","0.19097895212397076","0.19097895212397076","0.19097895212397076"
"39323","0.19097895212397076","0.19097895212397076","0.19097895212397076"
"39325","0.19097895212397076","0.19097895212397076","0.19097895212397076"
"39328","0.19097895212397076","0.19097895212397076","0.19097895212397076"
"39331","0.19097895212397076","0.19097895212397076","0.19097895212397076"
"39336","0.19097895212397076","0.19097895212397076","0.19097895212397076"
"39347","0.19097895212397076","0.19097895212397076","0.19097895212397076"
"39371","0.19077895212902318","0.19077895212902318","0.19077895212902318"
"39376","0.1897789521542853","0.1897789521542853","0.1897789521542853"
"39387","0.188978952174495","0.188978952174495","0.188978952174495"
"39388","0.188978952174495","0.188978952174495","0.188978952174495"
"39412","0.188978952174495","0.188978952174495","0.188978952174495"
"39417","0.188978952174495","0.188978952174495","0.188978952174495"
"39424","0.188978952174495","0.188978952174495","0.188978952174495"
"39425","0.188978952174495","0.188978952174495","0.188978952174495"
"39432","0.188978952174495","0.188978952174495","0.188978952174495"
"39437","0.188978952174495","0.188978952174495","0.188978952174495"
"39438","0.188978952174495","0.188978952174495","0.188978952174495"
"39460","0.188978952174495","0.188978952174495","0.188978952174495"
"39473","0.188978952174495","0.188978952174495","0.188978952174495"
"39477","0.188978952174495","0.188978952174495","0.188978952174495"
"39479","0.188978952174495","0.188978952174495","0.188978952174495"
"39483","0.18837895218965228","0.18837895218965228","0.18837895218965228"
"39502","0.18697895222501926","0.18697895222501926","0.18697895222501926"
"39507","0.18697895222501926","0.18697895222501926","0.18697895222501926"
"39508","0.18697895222501926","0.18697895222501926","0.18697895222501926"
"39511","0.18697895222501926","0.18697895222501926","0.18697895222501926"
"39515","0.18697895222501926","0.18697895222501926","0.18697895222501926"
"39520","0.18697895222501926","0.18697895222501926","0.18697895222501926"
"39539","0.18697895222501926","0.18697895222501926","0.18697895222501926"
"39543","0.18697895222501926","0.18697895222501926","0.18697895222501926"
"39546","0.18697895222501926","0.18697895222501926","0.18697895222501926"
"39554","0.18697895222501926","0.18697895222501926","0.18697895222501926"
"39564","0.18697895222501926","0.18697895222501926","0.18697895222501926"
"39566","0.18697895222501926","0.18697895222501926","0.18697895222501926"
"39575","0.18697895222501926","0.18697895222501926","0.18697895222501926"
"39583","0.18697895222501926","0.18697895222501926","0.18697895222501926"
"39593","0.18757895220986198","0.18757895220986198","0.18757895220986198"
"39596","0.1881789521947047","0.1881789521947047","0.1881789521947047"
"39602","0.188978952174495","0.188978952174495","0.188978952174495"
"39603","0.188978952174495","0.188978952174495","0.188978952174495"
"39614","0.188978952174495","0.188978952174495","0.188978952174495"
"39622","0.188978952174495","0.188978952174495","0.188978952174495"
"39635","0.188978952174495","0.188978952174495","0.188978952174495"
"39636","0.188978952174495","0.188978952174495","0.188978952174495"
"39639","0.188978952174495","0.188978952174495","0.188978952174495"
"39640","0.188978952174495","0.188978952174495","0.188978952174495"
"39644","0.188978952174495","0.188978952174495","0.188978952174495"
"39648","0.188978952174495","0.188978952174495","0.188978952174495"
"39650","0.188978952174495","0.188978952174495","0.188978952174495"
"39654","0.188978952174495","0.188978952174495","0.188978952174495"
"39668","0.188978952174495","0.188978952174495","0.188978952174495"
"39670","0.188978952174495","0.188978952174495","0.188978952174495"
"39672","0.188978952174495","0.188978952174495","0.188978952174495"
"39675","0.188978952174495","0.188978952174495","0.188978952174495"
"39681","0.188978952174495","0.188978952174495","0.188978952174495"
"39684","0.188978952174495","0.188978952174495","0.188978952174495"
"39685","0.188978952174495","0.188978952174495","0.188978952174495"
"39686","0.188978952174495","0.188978952174495","0.188978952174495"
"39701","0.18917895216944258","0.18917895216944258","0.18917895216944258"
"39706","0.19017895214418046","0.19017895214418046","0.19017895214418046"
"39708","0.1905789521340756","0.1905789521340756","0.1905789521340756"
"39715","0.19097879036743332","0.19097879036743332","0.19097879036743332"
"39717","0.19097879036743332","0.19097879036743332","0.19097879036743332"
"39732","0.19097879036743332","0.19097879036743332","0.19097879036743332"
"39734","0.19097879036743332","0.19097879036743332","0.19097879036743332"
"39737","0.19097879036743332","0.19097879036743332","0.19097879036743332"
"39743","0.19097879036743332","0.19097879036743332","0.19097879036743332"
"39746","0.19097879036743332","0.19097879036743332","0.19097879036743332"
"39747","0.19097879036743332","0.19097879036743332","0.19097879036743332"
"39751","0.19097879036743332","0.19097879036743332","0.19097879036743332"
"39765","0.19097879036743332","0.19097879036743332","0.19097879036743332"
"39788","0.19097879036743332","0.19097879036743332","0.19097879036743332"
"39794","0.19097879036743332","0.19097879036743332","0.19097879036743332"
"39795","0.19097879036743332","0.19097879036743332","0.19097879036743332"
"39806","0.19097879036743332","0.19097879036743332","0.19097879036743332"
"39819","0.19188253003179823","0.19188253003179823","0.19188253003179823"
"39826","0.1919829978001631","0.1919829978001631","0.1919829978001631"
"39829","0.1919829978001631","0.1919829978001631","0.1919829978001631"
"39842","0.1919829978001631","0.1919829978001631","0.1919829978001631"
"39862","0.1919829978001631","0.1919829978001631","0.1919829978001631"
"39867","0.1919829978001631","0.1919829978001631","0.1919829978001631"
"39868","0.1919829978001631","0.1919829978001631","0.1919829978001631"
"39870","0.1919829978001631","0.1919829978001631","0.1919829978001631"
"39876","0.1919829978001631","0.1919829978001631","0.1919829978001631"
"39877","0.1919829978001631","0.1919829978001631","0.1919829978001631"
"39882","0.1919829978001631","0.1919829978001631","0.1919829978001631"
"39891","0.1919829978001631","0.1919829978001631","0.1919829978001631"
"39930","0.19298884810888944","0.19298884810888944","0.19298884810888944"
"39954","0.19298884810888944","0.19298884810888944","0.19298884810888944"
"39969","0.19298884810888944","0.19298884810888944","0.19298884810888944"
"39971","0.19298884810888944","0.19298884810888944","0.19298884810888944"
"39973","0.19298884810888944","0.19298884810888944","0.19298884810888944"
"39978","0.19298884810888944","0.19298884810888944","0.19298884810888944"
"39985","0.19298884810888944","0.19298884810888944","0.19298884810888944"
"39986","0.19298884810888944","0.19298884810888944","0.19298884810888944"
"39988","0.19298884810888944","0.19298884810888944","0.19298884810888944"
"39992","0.19298884810888944","0.19298884810888944","0.19298884810888944"
"40003","0.19298884810888944","0.19298884810888944","0.19298884810888944"
"40004","0.19298884810888944","0.19298884810888944","0.19298884810888944"
"40010","0.19298884810888944","0.19298884810888944","0.19298884810888944"
"40013","0.19298884810888944","0.19298884810888944","0.19298884810888944"
"40032","0.19318989667021597","0.19318989667021597","0.19318989667021597"
"40037","0.193692431765772","0.193692431765772","0.193692431765772"
"40044","0.19399343585422882","0.19399343585422882","0.19399343585422882"
"40045","0.19399343585422882","0.19399343585422882","0.19399343585422882"
"40051","0.19399343585422882","0.19399343585422882","0.19399343585422882"
"40060","0.19399343585422882","0.19399343585422882","0.19399343585422882"
"40067","0.19399343585422882","0.19399343585422882","0.19399343585422882"
"40076","0.19399343585422882","0.19399343585422882","0.19399343585422882"
"40077","0.19399343585422882","0.19399343585422882","0.19399343585422882"
"40081","0.19399343585422882","0.19399343585422882","0.19399343585422882"
"40087","0.19399343585422882","0.19399343585422882","0.19399343585422882"
"40093","0.19399343585422882","0.19399343585422882","0.19399343585422882"
"40096","0.19399343585422882","0.19399343585422882","0.19399343585422882"
"40114","0.19399343585422882","0.19399343585422882","0.19399343585422882"
"40126","0.19399343585422882","0.19399343585422882","0.19399343585422882"
"40131","0.19399343585422882","0.19399343585422882","0.19399343585422882"
"40135","0.19399343585422882","0.19399343585422882","0.19399343585422882"
"40143","0.19359368337793847","0.19359368337793847","0.19359368337793847"
"40144","0.19354858299450706","0.19354858299450706","0.19354858299450706"
"40145","0.19349301385350598","0.19349301385350598","0.19349301385350598"
"40146","0.1932930138585584","0.1932930138585584","0.1932930138585584"
"40150","0.19279290664606158","0.19279290664606158","0.19279290664606158"
"40153","0.19279290664606158","0.19279290664606158","0.19279290664606158"
"40159","0.19279290664606158","0.19279290664606158","0.19279290664606158"
"40165","0.19279290664606158","0.19279290664606158","0.19279290664606158"
"40169","0.19279290664606158","0.19279290664606158","0.19279290664606158"
"40171","0.19279290664606158","0.19279290664606158","0.19279290664606158"
"40185","0.19279290664606158","0.19279290664606158","0.19279290664606158"
"40189","0.19279290664606158","0.19279290664606158","0.19279290664606158"
"40194","0.19279290664606158","0.19279290664606158","0.19279290664606158"
"40204","0.19279290664606158","0.19279290664606158","0.19279290664606158"
"40205","0.19279290664606158","0.19279290664606158","0.19279290664606158"
"40208","0.19279290664606158","0.19279290664606158","0.19279290664606158"
"40224","0.19279290664606158","0.19279290664606158","0.19279290664606158"
"40231","0.19279290664606158","0.19279290664606158","0.19279290664606158"
"40235","0.19279290664606158","0.19279290664606158","0.19279290664606158"
"40236","0.19279290664606158","0.19279290664606158","0.19279290664606158"
"40240","0.19279290664606158","0.19279290664606158","0.19279290664606158"
"40249","0.19279290664606158","0.19279290664606158","0.19279290664606158"
"40252","0.1927916005004692","0.1927916005004692","0.1927916005004692"
"40264","0.19198764514134545","0.19198764514134545","0.19198764514134545"
"40267","0.19198764514134545","0.19198764514134545","0.19198764514134545"
"40269","0.19198764514134545","0.19198764514134545","0.19198764514134545"
"40278","0.19198764514134545","0.19198764514134545","0.19198764514134545"
"40279","0.19198764514134545","0.19198764514134545","0.19198764514134545"
"40294","0.19198764514134545","0.19198764514134545","0.19198764514134545"
"40295","0.19198764514134545","0.19198764514134545","0.19198764514134545"
"40297","0.19198764514134545","0.19198764514134545","0.19198764514134545"
"40301","0.19198764514134545","0.19198764514134545","0.19198764514134545"
"40309","0.19198764514134545","0.19198764514134545","0.19198764514134545"
"40316","0.19198764514134545","0.19198764514134545","0.19198764514134545"
"40325","0.19198764514134545","0.19198764514134545","0.19198764514134545"
"40328","0.19198764514134545","0.19198764514134545","0.19198764514134545"
"40340","0.19198764514134545","0.19198764514134545","0.19198764514134545"
"40348","0.19198764514134545","0.19198764514134545","0.19198764514134545"
"40349","0.19198764514134545","0.19198764514134545","0.19198764514134545"
"40352","0.19198764514134545","0.19198764514134545","0.19198764514134545"
"40368","0.1927906166500744","0.1927906166500744","0.1927906166500744"
"40370","0.1929913888139271","0.1929913888139271","0.1929913888139271"
"40371","0.1929913888139271","0.1929913888139271","0.1929913888139271"
"40393","0.1929913888139271","0.1929913888139271","0.1929913888139271"
"40394","0.1929913888139271","0.1929913888139271","0.1929913888139271"
"40395","0.1929913888139271","0.1929913888139271","0.1929913888139271"
"40397","0.1929913888139271","0.1929913888139271","0.1929913888139271"
"40408","0.1929913888139271","0.1929913888139271","0.1929913888139271"
"40418","0.1929913888139271","0.1929913888139271","0.1929913888139271"
"40422","0.1929913888139271","0.1929913888139271","0.1929913888139271"
"40438","0.1929913888139271","0.1929913888139271","0.1929913888139271"
"40443","0.1929913888139271","0.1929913888139271","0.1929913888139271"
"40444","0.1929913888139271","0.1929913888139271","0.1929913888139271"
"40446","0.1929913888139271","0.1929913888139271","0.1929913888139271"
"40452","0.1929913888139271","0.1929913888139271","0.1929913888139271"
"40456","0.1929913888139271","0.1929913888139271","0.1929913888139271"
"40463","0.1929913888139271","0.1929913888139271","0.1929913888139271"
"40465","0.1929913888139271","0.1929913888139271","0.1929913888139271"
"40470","0.1929913888139271","0.1929913888139271","0.1929913888139271"
"40474","0.19339303876602787","0.19339303876602787","0.19339303876602787"
"40481","0.1939956109813907","0.1939956109813907","0.1939956109813907"
"40482","0.1939956109813907","0.1939956109813907","0.1939956109813907"
"40489","0.1939956109813907","0.1939956109813907","0.1939956109813907"
"40492","0.1939956109813907","0.1939956109813907","0.1939956109813907"
"40494","0.1939956109813907","0.1939956109813907","0.1939956109813907"
"40507","0.1939956109813907","0.1939956109813907","0.1939956109813907"
"40509","0.1939956109813907","0.1939956109813907","0.1939956109813907"
"40515","0.1939956109813907","0.1939956109813907","0.1939956109813907"
"40520","0.1939956109813907","0.1939956109813907","0.1939956109813907"
"40521","0.1939956109813907","0.1939956109813907","0.1939956109813907"
"40524","0.1939956109813907","0.1939956109813907","0.1939956109813907"
"40531","0.1939956109813907","0.1939956109813907","0.1939956109813907"
"40538","0.1939956109813907","0.1939956109813907","0.1939956109813907"
"40543","0.1939956109813907","0.1939956109813907","0.1939956109813907"
"40553","0.1939956109813907","0.1939956109813907","0.1939956109813907"
"40559","0.1939956109813907","0.1939956109813907","0.1939956109813907"
"40561","0.1939956109813907","0.1939956109813907","0.1939956109813907"
"40568","0.1939956109813907","0.1939956109813907","0.1939956109813907"
"40571","0.1939956109813907","0.1939956109813907","0.1939956109813907"
"40577","0.1939956109813907","0.1939956109813907","0.1939956109813907"
"40578","0.1939956109813907","0.1939956109813907","0.1939956109813907"
"40581","0.19409631044113818","0.19409631044113818","0.19409631044113818"
"40590","0.19499984074065022","0.19499984074065022","0.19499984074065022"
"40591","0.19499984074065022","0.19499984074065022","0.19499984074065022"
"40595","0.19499984074065022","0.19499984074065022","0.19499984074065022"
"40599","0.19499984074065022","0.19499984074065022","0.19499984074065022"
"40601","0.19499984074065022","0.19499984074065022","0.19499984074065022"
"40608","0.19499984074065022","0.19499984074065022","0.19499984074065022"
"40615","0.19499984074065022","0.19499984074065022","0.19499984074065022"
"40625","0.19499984074065022","0.19499984074065022","0.19499984074065022"
"40632","0.19499984074065022","0.19499984074065022","0.19499984074065022"
"40638","0.19499984074065022","0.19499984074065022","0.19499984074065022"
"40655","0.19499984074065022","0.19499984074065022","0.19499984074065022"
"40658","0.19499984074065022","0.19499984074065022","0.19499984074065022"
"40667","0.19499984074065022","0.19499984074065022","0.19499984074065022"
"40679","0.19499984074065022","0.19499984074065022","0.19499984074065022"
"40680","0.19499984074065022","0.19499984074065022","0.19499984074065022"
"40684","0.19499984074065022","0.19499984074065022","0.19499984074065022"
"40700","0.19299984079117447","0.19299984079117447","0.19299984079117447"
"40703","0.19299984079117447","0.19299984079117447","0.19299984079117447"
"40705","0.19299984079117447","0.19299984079117447","0.19299984079117447"
"40708","0.19299984079117447","0.19299984079117447","0.19299984079117447"
"40714","0.19299984079117447","0.19299984079117447","0.19299984079117447"
"40718","0.19299984079117447","0.19299984079117447","0.19299984079117447"
"40722","0.19299984079117447","0.19299984079117447","0.19299984079117447"
"40724","0.19299984079117447","0.19299984079117447","0.19299984079117447"
"40727","0.19299984079117447","0.19299984079117447","0.19299984079117447"
"40745","0.19299984079117447","0.19299984079117447","0.19299984079117447"
"40765","0.19299984079117447","0.19299984079117447","0.19299984079117447"
"40770","0.19299984079117447","0.19299984079117447","0.19299984079117447"
"40775","0.19299984079117447","0.19299984079117447","0.19299984079117447"
"40776","0.19299984079117447","0.19299984079117447","0.19299984079117447"
"40779","0.19299984079117447","0.19299984079117447","0.19299984079117447"
"40783","0.19299984079117447","0.19299984079117447","0.19299984079117447"
"40788","0.19299984079117447","0.19299984079117447","0.19299984079117447"
"40793","0.19299984079117447","0.19299984079117447","0.19299984079117447"
"40795","0.19299984079117447","0.19299984079117447","0.19299984079117447"
"40798","0.19299984079117447","0.19299984079117447","0.19299984079117447"
"40799","0.19299984079117447","0.19299984079117447","0.19299984079117447"
"40805","0.19399984076591234","0.19399984076591234","0.19399984076591234"
"40808","0.19459984075075507","0.19459984075075507","0.19459984075075507"
"40823","0.19499984074065022","0.19499984074065022","0.19499984074065022"
"40824","0.19499984074065022","0.19499984074065022","0.19499984074065022"
"40828","0.19499984074065022","0.19499984074065022","0.19499984074065022"
"40833","0.19499984074065022","0.19499984074065022","0.19499984074065022"
"40838","0.19499984074065022","0.19499984074065022","0.19499984074065022"
"40846","0.19499984074065022","0.19499984074065022","0.19499984074065022"
"40859","0.19499984074065022","0.19499984074065022","0.19499984074065022"
"40862","0.19499984074065022","0.19499984074065022","0.19499984074065022"
"40870","0.19499984074065022","0.19499984074065022","0.19499984074065022"
"40878","0.19499984074065022","0.19499984074065022","0.19499984074065022"
"40881","0.19499984074065022","0.19499984074065022","0.19499984074065022"
"40884","0.19499984074065022","0.19499984074065022","0.19499984074065022"
"40885","0.19499984074065022","0.19499984074065022","0.19499984074065022"
"40895","0.19499984074065022","0.19499984074065022","0.19499984074065022"
"40906","0.19499984074065022","0.19499984074065022","0.19499984074065022"
"40916","0.19379984077096477","0.19379984077096477","0.19379984077096477"
"40917","0.1935998407760172","0.1935998407760172","0.1935998407760172"
"40925","0.19299984079117447","0.19299984079117447","0.19299984079117447"
"40929","0.19299984079117447","0.19299984079117447","0.19299984079117447"
"40938","0.19299984079117447","0.19299984079117447","0.19299984079117447"
"40939","0.19299984079117447","0.19299984079117447","0.19299984079117447"
"40945","0.19299984079117447","0.19299984079117447","0.19299984079117447"
"40947","0.19299984079117447","0.19299984079117447","0.19299984079117447"
"40960","0.19299984079117447","0.19299984079117447","0.19299984079117447"
"40963","0.19299984079117447","0.19299984079117447","0.19299984079117447"
"40965","0.19299984079117447","0.19299984079117447","0.19299984079117447"
"40979","0.19299984079117447","0.19299984079117447","0.19299984079117447"
"40994","0.19299984079117447","0.19299984079117447","0.19299984079117447"
"40995","0.19299984079117447","0.19299984079117447","0.19299984079117447"
"40996","0.19299984079117447","0.19299984079117447","0.19299984079117447"
"41002","0.19299984079117447","0.19299984079117447","0.19299984079117447"
"41010","0.19299984079117447","0.19299984079117447","0.19299984079117447"
"41015","0.19299984079117447","0.19299984079117447","0.19299984079117447"
"41016","0.19299984079117447","0.19299984079117447","0.19299984079117447"
"41017","0.19299984079117447","0.19299984079117447","0.19299984079117447"
"41019","0.19299984079117447","0.19299984079117447","0.19299984079117447"
"41020","0.19299984079117447","0.19299984079117447","0.19299984079117447"
"41033","0.19488596720185622","0.19488596720185622","0.19488596720185622"
"41038","0.19488596720185622","0.19488596720185622","0.19488596720185622"
"41039","0.19488596720185622","0.19488596720185622","0.19488596720185622"
"41046","0.19488596720185622","0.19488596720185622","0.19488596720185622"
"41047","0.19488596720185622","0.19488596720185622","0.19488596720185622"
"41048","0.19488596720185622","0.19488596720185622","0.19488596720185622"
"41050","0.19488596720185622","0.19488596720185622","0.19488596720185622"
"41054","0.19488596720185622","0.19488596720185622","0.19488596720185622"
"41071","0.19488596720185622","0.19488596720185622","0.19488596720185622"
"41074","0.19488596720185622","0.19488596720185622","0.19488596720185622"
"41083","0.19488596720185622","0.19488596720185622","0.19488596720185622"
"41085","0.19488596720185622","0.19488596720185622","0.19488596720185622"
"41099","0.19488596720185622","0.19488596720185622","0.19488596720185622"
"41106","0.19488596720185622","0.19488596720185622","0.19488596720185622"
"41109","0.19488596720185622","0.19488596720185622","0.19488596720185622"
"41114","0.19488596720185622","0.19488596720185622","0.19488596720185622"
"41125","0.19488596720185622","0.19488596720185622","0.19488596720185622"
"41127","0.19488596720185622","0.19488596720185622","0.19488596720185622"
"41141","0.19600329743250744","0.19600329743250744","0.19600329743250744"
"41149","0.19600329743250744","0.19600329743250744","0.19600329743250744"
"41163","0.19600329743250744","0.19600329743250744","0.19600329743250744"
"41172","0.19600329743250744","0.19600329743250744","0.19600329743250744"
"41190","0.19600329743250744","0.19600329743250744","0.19600329743250744"
"41199","0.19600329743250744","0.19600329743250744","0.19600329743250744"
"41206","0.19600329743250744","0.19600329743250744","0.19600329743250744"
"41209","0.19600329743250744","0.19600329743250744","0.19600329743250744"
"41214","0.19600329743250744","0.19600329743250744","0.19600329743250744"
"41229","0.19600329743250744","0.19600329743250744","0.19600329743250744"
"41231","0.19600329743250744","0.19600329743250744","0.19600329743250744"
"41235","0.19600329743250744","0.19600329743250744","0.19600329743250744"
"41237","0.19600329743250744","0.19600329743250744","0.19600329743250744"
"41249","0.19420329747797926","0.19420329747797926","0.19420329747797926"
"41250","0.1940032974830317","0.1940032974830317","0.1940032974830317"
"41265","0.1940032974830317","0.1940032974830317","0.1940032974830317"
"41267","0.1940032974830317","0.1940032974830317","0.1940032974830317"
"41270","0.1940032974830317","0.1940032974830317","0.1940032974830317"
"41276","0.1940032974830317","0.1940032974830317","0.1940032974830317"
"41278","0.1940032974830317","0.1940032974830317","0.1940032974830317"
"41286","0.1940032974830317","0.1940032974830317","0.1940032974830317"
"41300","0.1940032974830317","0.1940032974830317","0.1940032974830317"
"41301","0.1940032974830317","0.1940032974830317","0.1940032974830317"
"41306","0.1940032974830317","0.1940032974830317","0.1940032974830317"
"41308","0.1940032974830317","0.1940032974830317","0.1940032974830317"
"41309","0.1940032974830317","0.1940032974830317","0.1940032974830317"
"41311","0.1940032974830317","0.1940032974830317","0.1940032974830317"
"41316","0.1940032974830317","0.1940032974830317","0.1940032974830317"
"41317","0.1940032974830317","0.1940032974830317","0.1940032974830317"
"41323","0.1940032974830317","0.1940032974830317","0.1940032974830317"
"41327","0.1940032974830317","0.1940032974830317","0.1940032974830317"
"41329","0.1940032974830317","0.1940032974830317","0.1940032974830317"
"41337","0.1940032974830317","0.1940032974830317","0.1940032974830317"
"41349","0.1940032974830317","0.1940032974830317","0.1940032974830317"
"41354","0.19424730615763086","0.19424730615763086","0.19424730615763086"
"41370","0.19434477106549797","0.19434477106549797","0.19434477106549797"
"41374","0.19434477106549797","0.19434477106549797","0.19434477106549797"
"41381","0.19434477106549797","0.19434477106549797","0.19434477106549797"
"41384","0.19434477106549797","0.19434477106549797","0.19434477106549797"
"41386","0.19434477106549797","0.19434477106549797","0.19434477106549797"
"41397","0.19434477106549797","0.19434477106549797","0.19434477106549797"
"41401","0.19434477106549797","0.19434477106549797","0.19434477106549797"
"41405","0.19434477106549797","0.19434477106549797","0.19434477106549797"
"41411","0.19434477106549797","0.19434477106549797","0.19434477106549797"
"41417","0.19434477106549797","0.19434477106549797","0.19434477106549797"
"41425","0.19434477106549797","0.19434477106549797","0.19434477106549797"
"41442","0.19434477106549797","0.19434477106549797","0.19434477106549797"
"41446","0.19434477106549797","0.19434477106549797","0.19434477106549797"
"41461","0.19454477106044554","0.19454477106044554","0.19454477106044554"
"41462","0.19474477105539312","0.19474477105539312","0.19474477105539312"
"41476","0.19609530792832316","0.19609530792832316","0.19609530792832316"
"41479","0.19609530792832316","0.19609530792832316","0.19609530792832316"
"41491","0.19609530792832316","0.19609530792832316","0.19609530792832316"
"41497","0.19609530792832316","0.19609530792832316","0.19609530792832316"
"41499","0.19609530792832316","0.19609530792832316","0.19609530792832316"
"41505","0.19609530792832316","0.19609530792832316","0.19609530792832316"
"41506","0.19609530792832316","0.19609530792832316","0.19609530792832316"
"41507","0.19609530792832316","0.19609530792832316","0.19609530792832316"
"41512","0.19609530792832316","0.19609530792832316","0.19609530792832316"
"41522","0.19609530792832316","0.19609530792832316","0.19609530792832316"
"41524","0.19609530792832316","0.19609530792832316","0.19609530792832316"
"41526","0.19609530792832316","0.19609530792832316","0.19609530792832316"
"41530","0.19609530792832316","0.19609530792832316","0.19609530792832316"
"41551","0.19609530792832316","0.19609530792832316","0.19609530792832316"
"41552","0.19609530792832316","0.19609530792832316","0.19609530792832316"
"41554","0.19609530792832316","0.19609530792832316","0.19609530792832316"
"41557","0.19609530792832316","0.19609530792832316","0.19609530792832316"
"41563","0.19609530792832316","0.19609530792832316","0.19609530792832316"
"41570","0.19609530792832316","0.19609530792832316","0.19609530792832316"
"41575","0.1950953079535853","0.1950953079535853","0.1950953079535853"
"41578","0.19449530796874256","0.19449530796874256","0.19449530796874256"
"41595","0.19409530797884741","0.19409530797884741","0.19409530797884741"
"41613","0.19409530797884741","0.19409530797884741","0.19409530797884741"
"41624","0.19409530797884741","0.19409530797884741","0.19409530797884741"
"41638","0.19409530797884741","0.19409530797884741","0.19409530797884741"
"41643","0.19409530797884741","0.19409530797884741","0.19409530797884741"
"41646","0.19409530797884741","0.19409530797884741","0.19409530797884741"
"41653","0.19409530797884741","0.19409530797884741","0.19409530797884741"
"41657","0.19409530797884741","0.19409530797884741","0.19409530797884741"
"41661","0.19409530797884741","0.19409530797884741","0.19409530797884741"
"41667","0.19409530797884741","0.19409530797884741","0.19409530797884741"
"41679","0.19409530797884741","0.19409530797884741","0.19409530797884741"
"41686","0.19529530794853286","0.19529530794853286","0.19529530794853286"
"41699","0.19609530792832316","0.19609530792832316","0.19609530792832316"
"41701","0.19609530792832316","0.19609530792832316","0.19609530792832316"
"41706","0.19609530792832316","0.19609530792832316","0.19609530792832316"
"41710","0.19609530792832316","0.19609530792832316","0.19609530792832316"
"41718","0.19609530792832316","0.19609530792832316","0.19609530792832316"
"41727","0.19609530792832316","0.19609530792832316","0.19609530792832316"
"41742","0.19609530792832316","0.19609530792832316","0.19609530792832316"
"41750","0.19609530792832316","0.19609530792832316","0.19609530792832316"
"41755","0.19609530792832316","0.19609530792832316","0.19609530792832316"
"41767","0.19609530792832316","0.19609530792832316","0.19609530792832316"
"41772","0.19609530792832316","0.19609530792832316","0.19609530792832316"
"41773","0.19609530792832316","0.19609530792832316","0.19609530792832316"
"41780","0.19609530792832316","0.19609530792832316","0.19609530792832316"
"41782","0.19609530792832316","0.19609530792832316","0.19609530792832316"
"41789","0.19609530792832316","0.19609530792832316","0.19609530792832316"
"41793","0.19549530794348044","0.19549530794348044","0.19549530794348044"
"41794","0.19529530794853286","0.19529530794853286","0.19529530794853286"
"41799","0.194295307973795","0.194295307973795","0.194295307973795"
"41802","0.19409530797884741","0.19409530797884741","0.19409530797884741"
"41810","0.19409530797884741","0.19409530797884741","0.19409530797884741"
"41815","0.19409530797884741","0.19409530797884741","0.19409530797884741"
"41816","0.19409530797884741","0.19409530797884741","0.19409530797884741"
"41818","0.19409530797884741","0.19409530797884741","0.19409530797884741"
"41821","0.19409530797884741","0.19409530797884741","0.19409530797884741"
"41824","0.19409530797884741","0.19409530797884741","0.19409530797884741"
"41829","0.19409530797884741","0.19409530797884741","0.19409530797884741"
"41830","0.19409530797884741","0.19409530797884741","0.19409530797884741"
"41834","0.19409530797884741","0.19409530797884741","0.19409530797884741"
"41839","0.19409530797884741","0.19409530797884741","0.19409530797884741"
"41841","0.19409530797884741","0.19409530797884741","0.19409530797884741"
"41842","0.19409530797884741","0.19409530797884741","0.19409530797884741"
"41844","0.19409530797884741","0.19409530797884741","0.19409530797884741"
"41858","0.19409530797884741","0.19409530797884741","0.19409530797884741"
"41880","0.19409530797884741","0.19409530797884741","0.19409530797884741"
"41884","0.19409530797884741","0.19409530797884741","0.19409530797884741"
"41893","0.19409530797884741","0.19409530797884741","0.19409530797884741"
"41898","0.19409530797884741","0.19409530797884741","0.19409530797884741"
"41906","0.19289530800916196","0.19289530800916196","0.19289530800916196"
"41916","0.19209530802937166","0.19209530802937166","0.19209530802937166"
"41923","0.19209530802937166","0.19209530802937166","0.19209530802937166"
"41931","0.19209530802937166","0.19209530802937166","0.19209530802937166"
"41932","0.19209530802937166","0.19209530802937166","0.19209530802937166"
"41935","0.19209530802937166","0.19209530802937166","0.19209530802937166"
"41937","0.19209530802937166","0.19209530802937166","0.19209530802937166"
"41939","0.19209530802937166","0.19209530802937166","0.19209530802937166"
"41953","0.19209530802937166","0.19209530802937166","0.19209530802937166"
"41960","0.19209530802937166","0.19209530802937166","0.19209530802937166"
"41965","0.19209530802937166","0.19209530802937166","0.19209530802937166"
"41966","0.19209530802937166","0.19209530802937166","0.19209530802937166"
"41969","0.19209530802937166","0.19209530802937166","0.19209530802937166"
"41978","0.19209530802937166","0.19209530802937166","0.19209530802937166"
"41988","0.19209530802937166","0.19209530802937166","0.19209530802937166"
"41998","0.19209530802937166","0.19209530802937166","0.19209530802937166"
"42007","0.19209530802937166","0.19209530802937166","0.19209530802937166"
"42008","0.19209530802937166","0.19209530802937166","0.19209530802937166"
"42011","0.19229530802431924","0.19229530802431924","0.19229530802431924"
"42014","0.19289530800916196","0.19289530800916196","0.19289530800916196"
"42024","0.19409530797884741","0.19409530797884741","0.19409530797884741"
"42027","0.19409530797884741","0.19409530797884741","0.19409530797884741"
"42035","0.19409530797884741","0.19409530797884741","0.19409530797884741"
"42040","0.19409530797884741","0.19409530797884741","0.19409530797884741"
"42043","0.19409530797884741","0.19409530797884741","0.19409530797884741"
"42044","0.19409530797884741","0.19409530797884741","0.19409530797884741"
"42050","0.19409530797884741","0.19409530797884741","0.19409530797884741"
"42061","0.19409530797884741","0.19409530797884741","0.19409530797884741"
"42076","0.19409530797884741","0.19409530797884741","0.19409530797884741"
"42079","0.19409530797884741","0.19409530797884741","0.19409530797884741"
"42090","0.19409530797884741","0.19409530797884741","0.19409530797884741"
"42094","0.19409530797884741","0.19409530797884741","0.19409530797884741"
"42098","0.19409530797884741","0.19409530797884741","0.19409530797884741"
"42103","0.19409530797884741","0.19409530797884741","0.19409530797884741"
"42113","0.19409530797884741","0.19409530797884741","0.19409530797884741"
"42134","0.19209530802937166","0.19209530802937166","0.19209530802937166"
"42135","0.19209530802937166","0.19209530802937166","0.19209530802937166"
"42144","0.19209530802937166","0.19209530802937166","0.19209530802937166"
"42147","0.19209530802937166","0.19209530802937166","0.19209530802937166"
"42149","0.19209530802937166","0.19209530802937166","0.19209530802937166"
"42153","0.19209530802937166","0.19209530802937166","0.19209530802937166"
"42159","0.19209530802937166","0.19209530802937166","0.19209530802937166"
"42164","0.19209530802937166","0.19209530802937166","0.19209530802937166"
"42167","0.19209530802937166","0.19209530802937166","0.19209530802937166"
"42168","0.19209530802937166","0.19209530802937166","0.19209530802937166"
"42169","0.19209530802937166","0.19209530802937166","0.19209530802937166"
"42174","0.19209530802937166","0.19209530802937166","0.19209530802937166"
"42181","0.19209530802937166","0.19209530802937166","0.19209530802937166"
"42188","0.19209530802937166","0.19209530802937166","0.19209530802937166"
"42189","0.19209530802937166","0.19209530802937166","0.19209530802937166"
"42195","0.19209530802937166","0.19209530802937166","0.19209530802937166"
"42209","0.19209530802937166","0.19209530802937166","0.19209530802937166"
"42210","0.19209530802937166","0.19209530802937166","0.19209530802937166"
"42218","0.19209530802937166","0.19209530802937166","0.19209530802937166"
"42224","0.19209530802937166","0.19209530802937166","0.19209530802937166"
"42234","0.19289530800916196","0.19289530800916196","0.19289530800916196"
"42236","0.19329530799905711","0.19329530799905711","0.19329530799905711"
"42239","0.19389530798389984","0.19389530798389984","0.19389530798389984"
"42254","0.19409530797884741","0.19409530797884741","0.19409530797884741"
"42255","0.19409530797884741","0.19409530797884741","0.19409530797884741"
"42258","0.19409530797884741","0.19409530797884741","0.19409530797884741"
"42260","0.19409530797884741","0.19409530797884741","0.19409530797884741"
"42264","0.19409530797884741","0.19409530797884741","0.19409530797884741"
"42278","0.19409530797884741","0.19409530797884741","0.19409530797884741"
"42283","0.19409530797884741","0.19409530797884741","0.19409530797884741"
"42285","0.19409530797884741","0.19409530797884741","0.19409530797884741"
"42301","0.19409530797884741","0.19409530797884741","0.19409530797884741"
"42308","0.19409530797884741","0.19409530797884741","0.19409530797884741"
"42310","0.19409530797884741","0.19409530797884741","0.19409530797884741"
"42318","0.19409530797884741","0.19409530797884741","0.19409530797884741"
"42320","0.19409530797884741","0.19409530797884741","0.19409530797884741"
"42325","0.19409530797884741","0.19409530797884741","0.19409530797884741"
"42345","0.1950953079535853","0.1950953079535853","0.1950953079535853"
"42349","0.1958953079333756","0.1958953079333756","0.1958953079333756"
"42350","0.19609530792832316","0.19609530792832316","0.19609530792832316"
"42357","0.19609530792832316","0.19609530792832316","0.19609530792832316"
"42365","0.19609530792832316","0.19609530792832316","0.19609530792832316"
"42367","0.19609530792832316","0.19609530792832316","0.19609530792832316"
"42369","0.19609530792832316","0.19609530792832316","0.19609530792832316"
"42378","0.19609530792832316","0.19609530792832316","0.19609530792832316"
"42380","0.19609530792832316","0.19609530792832316","0.19609530792832316"
"42382","0.19609530792832316","0.19609530792832316","0.19609530792832316"
"42384","0.19609530792832316","0.19609530792832316","0.19609530792832316"
"42389","0.19609530792832316","0.19609530792832316","0.19609530792832316"
"42391","0.19609530792832316","0.19609530792832316","0.19609530792832316"
"42403","0.19609530792832316","0.19609530792832316","0.19609530792832316"
"42408","0.19609530792832316","0.19609530792832316","0.19609530792832316"
"42415","0.19609530792832316","0.19609530792832316","0.19609530792832316"
"42422","0.19609530792832316","0.19609530792832316","0.19609530792832316"
"42430","0.19609530792832316","0.19609530792832316","0.19609530792832316"
"42432","0.19609530792832316","0.19609530792832316","0.19609530792832316"
"42438","0.19609530792832316","0.19609530792832316","0.19609530792832316"
"42444","0.19609530792832316","0.19609530792832316","0.19609530792832316"
"42454","0.19569788556536688","0.19569788556536688","0.19569788556536688"
"42461","0.1950973125678877","0.1950973125678877","0.1950973125678877"
"42471","0.1950973125678877","0.1950973125678877","0.1950973125678877"
"42472","0.1950973125678877","0.1950973125678877","0.1950973125678877"
"42480","0.1950973125678877","0.1950973125678877","0.1950973125678877"
"42487","0.1950973125678877","0.1950973125678877","0.1950973125678877"
"42491","0.1950973125678877","0.1950973125678877","0.1950973125678877"
"42507","0.1950973125678877","0.1950973125678877","0.1950973125678877"
"42509","0.1950973125678877","0.1950973125678877","0.1950973125678877"
"42517","0.1950973125678877","0.1950973125678877","0.1950973125678877"
"42520","0.1950973125678877","0.1950973125678877","0.1950973125678877"
"42522","0.1950973125678877","0.1950973125678877","0.1950973125678877"
"42528","0.1950973125678877","0.1950973125678877","0.1950973125678877"
"42531","0.1950973125678877","0.1950973125678877","0.1950973125678877"
"42542","0.1950973125678877","0.1950973125678877","0.1950973125678877"
"42544","0.1950973125678877","0.1950973125678877","0.1950973125678877"
"42546","0.1950973125678877","0.1950973125678877","0.1950973125678877"
"42548","0.1950973125678877","0.1950973125678877","0.1950973125678877"
"42550","0.1950973125678877","0.1950973125678877","0.1950973125678877"
"42556","0.1950973125678877","0.1950973125678877","0.1950973125678877"
"42564","0.1942973125880974","0.1942973125880974","0.1942973125880974"
"42567","0.19369731260325468","0.19369731260325468","0.19369731260325468"
"42585","0.19335377452829677","0.19335377452829677","0.19335377452829677"
"42586","0.19335377452829677","0.19335377452829677","0.19335377452829677"
"42587","0.19335377452829677","0.19335377452829677","0.19335377452829677"
"42592","0.19335377452829677","0.19335377452829677","0.19335377452829677"
"42598","0.19335377452829677","0.19335377452829677","0.19335377452829677"
"42600","0.19335377452829677","0.19335377452829677","0.19335377452829677"
"42608","0.19335377452829677","0.19335377452829677","0.19335377452829677"
"42612","0.19335377452829677","0.19335377452829677","0.19335377452829677"
"42616","0.19335377452829677","0.19335377452829677","0.19335377452829677"
"42621","0.19335377452829677","0.19335377452829677","0.19335377452829677"
"42624","0.19335377452829677","0.19335377452829677","0.19335377452829677"
"42634","0.19335377452829677","0.19335377452829677","0.19335377452829677"
"42636","0.19335377452829677","0.19335377452829677","0.19335377452829677"
"42642","0.19335377452829677","0.19335377452829677","0.19335377452829677"
"42644","0.19335377452829677","0.19335377452829677","0.19335377452829677"
"42654","0.19335377452829677","0.19335377452829677","0.19335377452829677"
"42656","0.19335377452829677","0.19335377452829677","0.19335377452829677"
"42659","0.19335377452829677","0.19335377452829677","0.19335377452829677"
"42667","0.19335377452829677","0.19335377452829677","0.19335377452829677"
"42679","0.1949869909369602","0.1949869909369602","0.1949869909369602"
"42681","0.1950965249466452","0.1950965249466452","0.1950965249466452"
"42690","0.1950965249466452","0.1950965249466452","0.1950965249466452"
"42692","0.1950965249466452","0.1950965249466452","0.1950965249466452"
"42694","0.1950965249466452","0.1950965249466452","0.1950965249466452"
"42696","0.1950965249466452","0.1950965249466452","0.1950965249466452"
"42712","0.1950965249466452","0.1950965249466452","0.1950965249466452"
"42720","0.1950965249466452","0.1950965249466452","0.1950965249466452"
"42722","0.1950965249466452","0.1950965249466452","0.1950965249466452"
"42733","0.1950965249466452","0.1950965249466452","0.1950965249466452"
"42734","0.1950965249466452","0.1950965249466452","0.1950965249466452"
"42738","0.1950965249466452","0.1950965249466452","0.1950965249466452"
"42744","0.1950965249466452","0.1950965249466452","0.1950965249466452"
"42747","0.1950965249466452","0.1950965249466452","0.1950965249466452"
"42749","0.1950965249466452","0.1950965249466452","0.1950965249466452"
"42760","0.1950965249466452","0.1950965249466452","0.1950965249466452"
"42782","0.19529750254580808","0.19529750254580808","0.19529750254580808"
"42785","0.1955980004003558","0.1955980004003558","0.1955980004003558"
"42801","0.19610095359547833","0.19610095359547833","0.19610095359547833"
"42811","0.19610095359547833","0.19610095359547833","0.19610095359547833"
"42812","0.19610095359547833","0.19610095359547833","0.19610095359547833"
"42817","0.19610095359547833","0.19610095359547833","0.19610095359547833"
"42823","0.19610095359547833","0.19610095359547833","0.19610095359547833"
"42830","0.19610095359547833","0.19610095359547833","0.19610095359547833"
"42832","0.19610095359547833","0.19610095359547833","0.19610095359547833"
"42840","0.19610095359547833","0.19610095359547833","0.19610095359547833"
"42842","0.19610095359547833","0.19610095359547833","0.19610095359547833"
"42843","0.19610095359547833","0.19610095359547833","0.19610095359547833"
"42844","0.19610095359547833","0.19610095359547833","0.19610095359547833"
"42845","0.19610095359547833","0.19610095359547833","0.19610095359547833"
"42850","0.19610095359547833","0.19610095359547833","0.19610095359547833"
"42854","0.19610095359547833","0.19610095359547833","0.19610095359547833"
"42865","0.19610095359547833","0.19610095359547833","0.19610095359547833"
"42868","0.19610095359547833","0.19610095359547833","0.19610095359547833"
"42871","0.19610095359547833","0.19610095359547833","0.19610095359547833"
"42891","0.19590095360053075","0.19590095360053075","0.19590095360053075"
"42897","0.1947009536308453","0.1947009536308453","0.1947009536308453"
"42915","0.19410095364600258","0.19410095364600258","0.19410095364600258"
"42925","0.19410095364600258","0.19410095364600258","0.19410095364600258"
"42938","0.19410095364600258","0.19410095364600258","0.19410095364600258"
"42940","0.19410095364600258","0.19410095364600258","0.19410095364600258"
"42941","0.19410095364600258","0.19410095364600258","0.19410095364600258"
"42943","0.19410095364600258","0.19410095364600258","0.19410095364600258"
"42966","0.19410095364600258","0.19410095364600258","0.19410095364600258"
"42978","0.19410095364600258","0.19410095364600258","0.19410095364600258"
"42980","0.19410095364600258","0.19410095364600258","0.19410095364600258"
"42986","0.19410095364600258","0.19410095364600258","0.19410095364600258"
"42994","0.19410095364600258","0.19410095364600258","0.19410095364600258"
"42996","0.19410095364600258","0.19410095364600258","0.19410095364600258"
"43002","0.19370095365610743","0.19370095365610743","0.19370095365610743"
"43016","0.19210095369652683","0.19210095369652683","0.19210095369652683"
"43018","0.19210095369652683","0.19210095369652683","0.19210095369652683"
"43021","0.19210095369652683","0.19210095369652683","0.19210095369652683"
"43030","0.19210095369652683","0.19210095369652683","0.19210095369652683"
"43033","0.19210095369652683","0.19210095369652683","0.19210095369652683"
"43037","0.19210095369652683","0.19210095369652683","0.19210095369652683"
"43044","0.19210095369652683","0.19210095369652683","0.19210095369652683"
"43050","0.19210095369652683","0.19210095369652683","0.19210095369652683"
"43059","0.19210095369652683","0.19210095369652683","0.19210095369652683"
"43065","0.19210095369652683","0.19210095369652683","0.19210095369652683"
"43068","0.19210095369652683","0.19210095369652683","0.19210095369652683"
"43077","0.19210095369652683","0.19210095369652683","0.19210095369652683"
"43089","0.19210095369652683","0.19210095369652683","0.19210095369652683"
"43090","0.19210095369652683","0.19210095369652683","0.19210095369652683"
"43094","0.19210095369652683","0.19210095369652683","0.19210095369652683"
"43103","0.19210095369652683","0.19210095369652683","0.19210095369652683"
"43112","0.19170095370663168","0.19170095370663168","0.19170095370663168"
"43113","0.1915009537116841","0.1915009537116841","0.1915009537116841"
"43124","0.19010095374705108","0.19010095374705108","0.19010095374705108"
"43137","0.19010095374705108","0.19010095374705108","0.19010095374705108"
"43146","0.19010095374705108","0.19010095374705108","0.19010095374705108"
"43157","0.19010095374705108","0.19010095374705108","0.19010095374705108"
"43167","0.19010095374705108","0.19010095374705108","0.19010095374705108"
"43189","0.19010095374705108","0.19010095374705108","0.19010095374705108"
"43190","0.19010095374705108","0.19010095374705108","0.19010095374705108"
"43192","0.19010095374705108","0.19010095374705108","0.19010095374705108"
"43199","0.19010095374705108","0.19010095374705108","0.19010095374705108"
"43201","0.19010095374705108","0.19010095374705108","0.19010095374705108"
"43225","0.1891009537723132","0.1891009537723132","0.1891009537723132"
"43226","0.18890095377736563","0.18890095377736563","0.18890095377736563"
"43236","0.18810095379757533","0.18810095379757533","0.18810095379757533"
"43237","0.18810095379757533","0.18810095379757533","0.18810095379757533"
"43244","0.18810095379757533","0.18810095379757533","0.18810095379757533"
"43256","0.18810095379757533","0.18810095379757533","0.18810095379757533"
"43257","0.18810095379757533","0.18810095379757533","0.18810095379757533"
"43266","0.18810095379757533","0.18810095379757533","0.18810095379757533"
"43267","0.18810095379757533","0.18810095379757533","0.18810095379757533"
"43278","0.18810095379757533","0.18810095379757533","0.18810095379757533"
"43282","0.18810095379757533","0.18810095379757533","0.18810095379757533"
"43286","0.18810095379757533","0.18810095379757533","0.18810095379757533"
"43288","0.18810095379757533","0.18810095379757533","0.18810095379757533"
"43294","0.18810095379757533","0.18810095379757533","0.18810095379757533"
"43299","0.18810095379757533","0.18810095379757533","0.18810095379757533"
"43303","0.18810095379757533","0.18810095379757533","0.18810095379757533"
"43310","0.18810095379757533","0.18810095379757533","0.18810095379757533"
"43321","0.18810095379757533","0.18810095379757533","0.18810095379757533"
"43323","0.18810095379757533","0.18810095379757533","0.18810095379757533"
"43331","0.18790095380262775","0.18790095380262775","0.18790095380262775"
"43336","0.18708539867492638","0.18708539867492638","0.18708539867492638"
"43346","0.18628539869513608","0.18628539869513608","0.18628539869513608"
"43347","0.18628539869513608","0.18628539869513608","0.18628539869513608"
"43352","0.18628539869513608","0.18628539869513608","0.18628539869513608"
"43364","0.18628539869513608","0.18628539869513608","0.18628539869513608"
"43366","0.18628539869513608","0.18628539869513608","0.18628539869513608"
"43408","0.18628539869513608","0.18628539869513608","0.18628539869513608"
"43414","0.18628539869513608","0.18628539869513608","0.18628539869513608"
"43416","0.18628539869513608","0.18628539869513608","0.18628539869513608"
"43426","0.18628539869513608","0.18628539869513608","0.18628539869513608"
"43428","0.18628539869513608","0.18628539869513608","0.18628539869513608"
"43441","0.18648539869008365","0.18648539869008365","0.18648539869008365"
"43443","0.1868853986799788","0.1868853986799788","0.1868853986799788"
"43452","0.18828539864461183","0.18828539864461183","0.18828539864461183"
"43454","0.18828539864461183","0.18828539864461183","0.18828539864461183"
"43456","0.18828539864461183","0.18828539864461183","0.18828539864461183"
"43459","0.18828539864461183","0.18828539864461183","0.18828539864461183"
"43461","0.18828539864461183","0.18828539864461183","0.18828539864461183"
"43463","0.18828539864461183","0.18828539864461183","0.18828539864461183"
"43466","0.18828539864461183","0.18828539864461183","0.18828539864461183"
"43498","0.18828539864461183","0.18828539864461183","0.18828539864461183"
"43513","0.18828539864461183","0.18828539864461183","0.18828539864461183"
"43527","0.18828539864461183","0.18828539864461183","0.18828539864461183"
"43536","0.18828539864461183","0.18828539864461183","0.18828539864461183"
"43540","0.18828539864461183","0.18828539864461183","0.18828539864461183"
"43542","0.18828539864461183","0.18828539864461183","0.18828539864461183"
"43546","0.18828539864461183","0.18828539864461183","0.18828539864461183"
"43547","0.18828539864461183","0.18828539864461183","0.18828539864461183"
"43553","0.18888539862945455","0.18888539862945455","0.18888539862945455"
"43556","0.18948539861429728","0.18948539861429728","0.18948539861429728"
"43557","0.18968539860924485","0.18968539860924485","0.18968539860924485"
"43558","0.18988539860419243","0.18988539860419243","0.18988539860419243"
"43570","0.19028539859408758","0.19028539859408758","0.19028539859408758"
"43578","0.19028539859408758","0.19028539859408758","0.19028539859408758"
"43581","0.19028539859408758","0.19028539859408758","0.19028539859408758"
"43582","0.19028539859408758","0.19028539859408758","0.19028539859408758"
"43587","0.19028539859408758","0.19028539859408758","0.19028539859408758"
"43597","0.19028539859408758","0.19028539859408758","0.19028539859408758"
"43598","0.19028539859408758","0.19028539859408758","0.19028539859408758"
"43614","0.19028539859408758","0.19028539859408758","0.19028539859408758"
"43618","0.19028539859408758","0.19028539859408758","0.19028539859408758"
"43622","0.19028539859408758","0.19028539859408758","0.19028539859408758"
"43627","0.19028539859408758","0.19028539859408758","0.19028539859408758"
"43629","0.19028539859408758","0.19028539859408758","0.19028539859408758"
"43630","0.19028539859408758","0.19028539859408758","0.19028539859408758"
"43633","0.19028539859408758","0.19028539859408758","0.19028539859408758"
"43639","0.19028539859408758","0.19028539859408758","0.19028539859408758"
"43646","0.19028539859408758","0.19028539859408758","0.19028539859408758"
"43653","0.19028539859408758","0.19028539859408758","0.19028539859408758"
"43657","0.19028539859408758","0.19028539859408758","0.19028539859408758"
"43659","0.19028539859408758","0.19028539859408758","0.19028539859408758"
"43661","0.19029686971788598","0.19029686971788598","0.19029686971788598"
"43674","0.18932491583126668","0.18932491583126668","0.18932491583126668"
"43677","0.18932491583126668","0.18932491583126668","0.18932491583126668"
"43682","0.18932491583126668","0.18932491583126668","0.18932491583126668"
"43691","0.18932491583126668","0.18932491583126668","0.18932491583126668"
"43695","0.18932491583126668","0.18932491583126668","0.18932491583126668"
"43709","0.18932491583126668","0.18932491583126668","0.18932491583126668"
"43718","0.18932491583126668","0.18932491583126668","0.18932491583126668"
"43719","0.18932491583126668","0.18932491583126668","0.18932491583126668"
"43724","0.18932491583126668","0.18932491583126668","0.18932491583126668"
"43727","0.18932491583126668","0.18932491583126668","0.18932491583126668"
"43732","0.18932491583126668","0.18932491583126668","0.18932491583126668"
"43735","0.18932491583126668","0.18932491583126668","0.18932491583126668"
"43741","0.18932491583126668","0.18932491583126668","0.18932491583126668"
"43752","0.18932491583126668","0.18932491583126668","0.18932491583126668"
"43776","0.19052491580095213","0.19052491580095213","0.19052491580095213"
"43784","0.19132491578074243","0.19132491578074243","0.19132491578074243"
"43798","0.19132491578074243","0.19132491578074243","0.19132491578074243"
"43800","0.19132491578074243","0.19132491578074243","0.19132491578074243"
"43805","0.19132491578074243","0.19132491578074243","0.19132491578074243"
"43811","0.19132491578074243","0.19132491578074243","0.19132491578074243"
"43812","0.19132491578074243","0.19132491578074243","0.19132491578074243"
"43814","0.19132491578074243","0.19132491578074243","0.19132491578074243"
"43821","0.19132491578074243","0.19132491578074243","0.19132491578074243"
"43823","0.19132491578074243","0.19132491578074243","0.19132491578074243"
"43824","0.19132491578074243","0.19132491578074243","0.19132491578074243"
"43825","0.19132491578074243","0.19132491578074243","0.19132491578074243"
"43829","0.19132491578074243","0.19132491578074243","0.19132491578074243"
"43830","0.19132491578074243","0.19132491578074243","0.19132491578074243"
"43832","0.19132491578074243","0.19132491578074243","0.19132491578074243"
"43837","0.19132491578074243","0.19132491578074243","0.19132491578074243"
"43851","0.19132491578074243","0.19132491578074243","0.19132491578074243"
"43852","0.19132491578074243","0.19132491578074243","0.19132491578074243"
"43854","0.19132491578074243","0.19132491578074243","0.19132491578074243"
"43856","0.19132491578074243","0.19132491578074243","0.19132491578074243"
"43857","0.19132491578074243","0.19132491578074243","0.19132491578074243"
"43861","0.19132491578074243","0.19132491578074243","0.19132491578074243"
"43867","0.19132491578074243","0.19132491578074243","0.19132491578074243"
"43871","0.19132491578074243","0.19132491578074243","0.19132491578074243"
"43874","0.19132491578074243","0.19132491578074243","0.19132491578074243"
"43875","0.19132491578074243","0.19132491578074243","0.19132491578074243"
"43882","0.19092491579084728","0.19092491579084728","0.19092491579084728"
"43883","0.1907249157958997","0.1907249157958997","0.1907249157958997"
"43884","0.19052491580095213","0.19052491580095213","0.19052491580095213"
"43886","0.19012491581105698","0.19012491581105698","0.19012491581105698"
"43887","0.1899249158161094","0.1899249158161094","0.1899249158161094"
"43902","0.18932491583126668","0.18932491583126668","0.18932491583126668"
"43905","0.18932491583126668","0.18932491583126668","0.18932491583126668"
"43906","0.18932491583126668","0.18932491583126668","0.18932491583126668"
"43914","0.18932491583126668","0.18932491583126668","0.18932491583126668"
"43926","0.18932491583126668","0.18932491583126668","0.18932491583126668"
"43936","0.18932491583126668","0.18932491583126668","0.18932491583126668"
"43945","0.18932491583126668","0.18932491583126668","0.18932491583126668"
"43948","0.18932491583126668","0.18932491583126668","0.18932491583126668"
"43950","0.18932491583126668","0.18932491583126668","0.18932491583126668"
"43968","0.18932491583126668","0.18932491583126668","0.18932491583126668"
"43970","0.18932491583126668","0.18932491583126668","0.18932491583126668"
"43972","0.18932491583126668","0.18932491583126668","0.18932491583126668"
"43987","0.18932491583126668","0.18932491583126668","0.18932491583126668"
"43988","0.18932491583126668","0.18932491583126668","0.18932491583126668"
"43996","0.19010111909136887","0.19010111909136887","0.19010111909136887"
"44001","0.19082130330042693","0.19082130330042693","0.19082130330042693"
"44024","0.19082130330042693","0.19082130330042693","0.19082130330042693"
"44031","0.19082130330042693","0.19082130330042693","0.19082130330042693"
"44033","0.19082130330042693","0.19082130330042693","0.19082130330042693"
"44034","0.19082130330042693","0.19082130330042693","0.19082130330042693"
"44043","0.19082130330042693","0.19082130330042693","0.19082130330042693"
"44051","0.19082130330042693","0.19082130330042693","0.19082130330042693"
"44053","0.19082130330042693","0.19082130330042693","0.19082130330042693"
"44076","0.19082130330042693","0.19082130330042693","0.19082130330042693"
"44080","0.19082130330042693","0.19082130330042693","0.19082130330042693"
"44085","0.19082130330042693","0.19082130330042693","0.19082130330042693"
"44087","0.19082130330042693","0.19082130330042693","0.19082130330042693"
"44091","0.19082130330042693","0.19082130330042693","0.19082130330042693"
"44094","0.19082130330042693","0.19082130330042693","0.19082130330042693"
"44100","0.19082130330042693","0.19082130330042693","0.19082130330042693"
"44106","0.19202130327011238","0.19202130327011238","0.19202130327011238"
"44126","0.19282130324990268","0.19282130324990268","0.19282130324990268"
"44132","0.19282130324990268","0.19282130324990268","0.19282130324990268"
"44133","0.19282130324990268","0.19282130324990268","0.19282130324990268"
"44153","0.19282130324990268","0.19282130324990268","0.19282130324990268"
"44154","0.19282130324990268","0.19282130324990268","0.19282130324990268"
"44162","0.19282130324990268","0.19282130324990268","0.19282130324990268"
"44163","0.19282130324990268","0.19282130324990268","0.19282130324990268"
"44173","0.19282130324990268","0.19282130324990268","0.19282130324990268"
"44183","0.19282130324990268","0.19282130324990268","0.19282130324990268"
"44186","0.19282130324990268","0.19282130324990268","0.19282130324990268"
"44197","0.19282130324990268","0.19282130324990268","0.19282130324990268"
"44199","0.19282130324990268","0.19282130324990268","0.19282130324990268"
"44201","0.19282130324990268","0.19282130324990268","0.19282130324990268"
"44203","0.19282130324990268","0.19282130324990268","0.19282130324990268"
"44207","0.19282130324990268","0.19282130324990268","0.19282130324990268"
"44213","0.19222130326505996","0.19222130326505996","0.19222130326505996"
"44227","0.19082130330042693","0.19082130330042693","0.19082130330042693"
"44236","0.19082130330042693","0.19082130330042693","0.19082130330042693"
"44238","0.19082130330042693","0.19082130330042693","0.19082130330042693"
"44251","0.19082130330042693","0.19082130330042693","0.19082130330042693"
"44261","0.19082130330042693","0.19082130330042693","0.19082130330042693"
"44272","0.19082130330042693","0.19082130330042693","0.19082130330042693"
"44273","0.19082130330042693","0.19082130330042693","0.19082130330042693"
"44277","0.19082130330042693","0.19082130330042693","0.19082130330042693"
"44279","0.19082130330042693","0.19082130330042693","0.19082130330042693"
"44290","0.19082130330042693","0.19082130330042693","0.19082130330042693"
"44291","0.19082130330042693","0.19082130330042693","0.19082130330042693"
"44299","0.19082130330042693","0.19082130330042693","0.19082130330042693"
"44300","0.19082130330042693","0.19082130330042693","0.19082130330042693"
"44312","0.19082130330042693","0.19082130330042693","0.19082130330042693"
"44325","0.19144595520100685","0.19144595520100685","0.19144595520100685"
"44328","0.191859553941131","0.191859553941131","0.191859553941131"
"44332","0.19206714058799682","0.19206714058799682","0.19206714058799682"
"44334","0.19206714058799682","0.19206714058799682","0.19206714058799682"
"44335","0.19206714058799682","0.19206714058799682","0.19206714058799682"
"44351","0.19206714058799682","0.19206714058799682","0.19206714058799682"
"44355","0.19206714058799682","0.19206714058799682","0.19206714058799682"
"44357","0.19206714058799682","0.19206714058799682","0.19206714058799682"
"44360","0.19206714058799682","0.19206714058799682","0.19206714058799682"
"44365","0.19206714058799682","0.19206714058799682","0.19206714058799682"
"44368","0.19206714058799682","0.19206714058799682","0.19206714058799682"
"44372","0.19206714058799682","0.19206714058799682","0.19206714058799682"
"44378","0.19206714058799682","0.19206714058799682","0.19206714058799682"
"44390","0.19206714058799682","0.19206714058799682","0.19206714058799682"
"44396","0.19206714058799682","0.19206714058799682","0.19206714058799682"
"44400","0.19206714058799682","0.19206714058799682","0.19206714058799682"
"44419","0.19206714058799682","0.19206714058799682","0.19206714058799682"
"44427","0.19206714058799682","0.19206714058799682","0.19206714058799682"
"44432","0.19246714057789197","0.19246714057789197","0.19246714057789197"
"44433","0.19266714057283954","0.19266714057283954","0.19266714057283954"
"44435","0.1930671405627347","0.1930671405627347","0.1930671405627347"
"44441","0.19406714053747257","0.19406714053747257","0.19406714053747257"
"44442","0.19406714053747257","0.19406714053747257","0.19406714053747257"
"44443","0.19406714053747257","0.19406714053747257","0.19406714053747257"
"44444","0.19406714053747257","0.19406714053747257","0.19406714053747257"
"44451","0.19406714053747257","0.19406714053747257","0.19406714053747257"
"44455","0.19406714053747257","0.19406714053747257","0.19406714053747257"
"44468","0.19406714053747257","0.19406714053747257","0.19406714053747257"
"44475","0.19406714053747257","0.19406714053747257","0.19406714053747257"
"44477","0.19406714053747257","0.19406714053747257","0.19406714053747257"
"44481","0.19406714053747257","0.19406714053747257","0.19406714053747257"
"44485","0.19406714053747257","0.19406714053747257","0.19406714053747257"
"44490","0.19406714053747257","0.19406714053747257","0.19406714053747257"
"44494","0.19406714053747257","0.19406714053747257","0.19406714053747257"
"44499","0.19406714053747257","0.19406714053747257","0.19406714053747257"
"44502","0.19406714053747257","0.19406714053747257","0.19406714053747257"
"44506","0.19406714053747257","0.19406714053747257","0.19406714053747257"
"44511","0.19406714053747257","0.19406714053747257","0.19406714053747257"
"44514","0.19406714053747257","0.19406714053747257","0.19406714053747257"
"44519","0.19406714053747257","0.19406714053747257","0.19406714053747257"
"44525","0.19406714053747257","0.19406714053747257","0.19406714053747257"
"44527","0.19406714053747257","0.19406714053747257","0.19406714053747257"
"44538","0.19406714053747257","0.19406714053747257","0.19406714053747257"
"44539","0.19406714053747257","0.19406714053747257","0.19406714053747257"
"44540","0.19406714053747257","0.19406714053747257","0.19406714053747257"
"44541","0.19426714053242014","0.19426714053242014","0.19426714053242014"
"44546","0.19526714050715802","0.19526714050715802","0.19526714050715802"
"44562","0.19606714048694832","0.19606714048694832","0.19606714048694832"
"44565","0.19606714048694832","0.19606714048694832","0.19606714048694832"
"44571","0.19606714048694832","0.19606714048694832","0.19606714048694832"
"44573","0.19606714048694832","0.19606714048694832","0.19606714048694832"
"44575","0.19606714048694832","0.19606714048694832","0.19606714048694832"
"44576","0.19606714048694832","0.19606714048694832","0.19606714048694832"
"44581","0.19606714048694832","0.19606714048694832","0.19606714048694832"
"44582","0.19606714048694832","0.19606714048694832","0.19606714048694832"
"44585","0.19606714048694832","0.19606714048694832","0.19606714048694832"
"44590","0.19606714048694832","0.19606714048694832","0.19606714048694832"
"44609","0.19606714048694832","0.19606714048694832","0.19606714048694832"
"44631","0.19606714048694832","0.19606714048694832","0.19606714048694832"
"44641","0.19606714048694832","0.19606714048694832","0.19606714048694832"
"44645","0.19606714048694832","0.19606714048694832","0.19606714048694832"
"44648","0.19606714048694832","0.19606714048694832","0.19606714048694832"
"44649","0.19606714048694832","0.19606714048694832","0.19606714048694832"
"44656","0.19486714051726287","0.19486714051726287","0.19486714051726287"
"44661","0.19406714053747257","0.19406714053747257","0.19406714053747257"
"44662","0.19406714053747257","0.19406714053747257","0.19406714053747257"
"44667","0.19406714053747257","0.19406714053747257","0.19406714053747257"
"44669","0.19406714053747257","0.19406714053747257","0.19406714053747257"
"44682","0.19406714053747257","0.19406714053747257","0.19406714053747257"
"44686","0.19406714053747257","0.19406714053747257","0.19406714053747257"
"44692","0.19406714053747257","0.19406714053747257","0.19406714053747257"
"44693","0.19406714053747257","0.19406714053747257","0.19406714053747257"
"44701","0.19406714053747257","0.19406714053747257","0.19406714053747257"
"44702","0.19406714053747257","0.19406714053747257","0.19406714053747257"
"44703","0.19406714053747257","0.19406714053747257","0.19406714053747257"
"44705","0.19406714053747257","0.19406714053747257","0.19406714053747257"
"44707","0.19406714053747257","0.19406714053747257","0.19406714053747257"
"44711","0.19406714053747257","0.19406714053747257","0.19406714053747257"
"44715","0.19406714053747257","0.19406714053747257","0.19406714053747257"
"44717","0.19406714053747257","0.19406714053747257","0.19406714053747257"
"44718","0.19406714053747257","0.19406714053747257","0.19406714053747257"
"44725","0.19406714053747257","0.19406714053747257","0.19406714053747257"
"44727","0.19406714053747257","0.19406714053747257","0.19406714053747257"
"44729","0.19406714053747257","0.19406714053747257","0.19406714053747257"
"44732","0.19406714053747257","0.19406714053747257","0.19406714053747257"
"44739","0.19406714053747257","0.19406714053747257","0.19406714053747257"
"44741","0.19406714053747257","0.19406714053747257","0.19406714053747257"
"44751","0.19406714053747257","0.19406714053747257","0.19406714053747257"
"44762","0.19446714052736772","0.19446714052736772","0.19446714052736772"
"44763","0.1946671405223153","0.1946671405223153","0.1946671405223153"
"44766","0.19526714050715802","0.19526714050715802","0.19526714050715802"
"44773","0.19606714048694832","0.19606714048694832","0.19606714048694832"
"44775","0.19606714048694832","0.19606714048694832","0.19606714048694832"
"44781","0.19606714048694832","0.19606714048694832","0.19606714048694832"
"44795","0.19606714048694832","0.19606714048694832","0.19606714048694832"
"44798","0.19606714048694832","0.19606714048694832","0.19606714048694832"
"44801","0.19606714048694832","0.19606714048694832","0.19606714048694832"
"44803","0.19606714048694832","0.19606714048694832","0.19606714048694832"
"44807","0.19606714048694832","0.19606714048694832","0.19606714048694832"
"44812","0.19606714048694832","0.19606714048694832","0.19606714048694832"
"44831","0.19606714048694832","0.19606714048694832","0.19606714048694832"
"44832","0.19606714048694832","0.19606714048694832","0.19606714048694832"
"44855","0.19606714048694832","0.19606714048694832","0.19606714048694832"
"44860","0.19606714048694832","0.19606714048694832","0.19606714048694832"
"44893","0.19711300693881975","0.19711300693881975","0.19711300693881975"
"44913","0.19711300693881975","0.19711300693881975","0.19711300693881975"
"44916","0.19711300693881975","0.19711300693881975","0.19711300693881975"
"44918","0.19711300693881975","0.19711300693881975","0.19711300693881975"
"44920","0.19711300693881975","0.19711300693881975","0.19711300693881975"
"44928","0.19711300693881975","0.19711300693881975","0.19711300693881975"
"44929","0.19711300693881975","0.19711300693881975","0.19711300693881975"
"44935","0.19711300693881975","0.19711300693881975","0.19711300693881975"
"44942","0.19711300693881975","0.19711300693881975","0.19711300693881975"
"44947","0.19711300693881975","0.19711300693881975","0.19711300693881975"
"44948","0.19711300693881975","0.19711300693881975","0.19711300693881975"
"44949","0.19711300693881975","0.19711300693881975","0.19711300693881975"
"44950","0.19711300693881975","0.19711300693881975","0.19711300693881975"
"44960","0.19711300693881975","0.19711300693881975","0.19711300693881975"
"44963","0.19711300693881975","0.19711300693881975","0.19711300693881975"
"44966","0.19711300693881975","0.19711300693881975","0.19711300693881975"
"44969","0.19711300693881975","0.19711300693881975","0.19711300693881975"
"44987","0.19571300697418673","0.19571300697418673","0.19571300697418673"
"44999","0.195113006989344","0.195113006989344","0.195113006989344"
"45000","0.195113006989344","0.195113006989344","0.195113006989344"
"45002","0.195113006989344","0.195113006989344","0.195113006989344"
"45009","0.195113006989344","0.195113006989344","0.195113006989344"
"45021","0.195113006989344","0.195113006989344","0.195113006989344"
"45025","0.195113006989344","0.195113006989344","0.195113006989344"
"45037","0.195113006989344","0.195113006989344","0.195113006989344"
"45039","0.195113006989344","0.195113006989344","0.195113006989344"
"45040","0.195113006989344","0.195113006989344","0.195113006989344"
"45050","0.195113006989344","0.195113006989344","0.195113006989344"
"45065","0.195113006989344","0.195113006989344","0.195113006989344"
"45068","0.195113006989344","0.195113006989344","0.195113006989344"
"45073","0.195113006989344","0.195113006989344","0.195113006989344"
"45075","0.195113006989344","0.195113006989344","0.195113006989344"
"45077","0.195113006989344","0.195113006989344","0.195113006989344"
"45083","0.195113006989344","0.195113006989344","0.195113006989344"
"45085","0.195113006989344","0.195113006989344","0.195113006989344"
"45091","0.19531300698429158","0.19531300698429158","0.19531300698429158"
"45092","0.19551300697923915","0.19551300697923915","0.19551300697923915"
"45096","0.19631300695902945","0.19631300695902945","0.19631300695902945"
"45110","0.19711300693881975","0.19711300693881975","0.19711300693881975"
"45113","0.19711300693881975","0.19711300693881975","0.19711300693881975"
"45123","0.19711300693881975","0.19711300693881975","0.19711300693881975"
"45124","0.19711300693881975","0.19711300693881975","0.19711300693881975"
"45128","0.19711300693881975","0.19711300693881975","0.19711300693881975"
"45132","0.19711300693881975","0.19711300693881975","0.19711300693881975"
"45139","0.19711300693881975","0.19711300693881975","0.19711300693881975"
"45144","0.19711300693881975","0.19711300693881975","0.19711300693881975"
"45150","0.19711300693881975","0.19711300693881975","0.19711300693881975"
"45158","0.19711300693881975","0.19711300693881975","0.19711300693881975"
"45160","0.19711300693881975","0.19711300693881975","0.19711300693881975"
"45165","0.19711300693881975","0.19711300693881975","0.19711300693881975"
"45170","0.19711300693881975","0.19711300693881975","0.19711300693881975"
"45183","0.19711300693881975","0.19711300693881975","0.19711300693881975"
"45188","0.19711300693881975","0.19711300693881975","0.19711300693881975"
"45189","0.19711300693881975","0.19711300693881975","0.19711300693881975"
"45190","0.19711300693881975","0.19711300693881975","0.19711300693881975"
"45191","0.19711300693881975","0.19711300693881975","0.19711300693881975"
"45194","0.19711300693881975","0.19711300693881975","0.19711300693881975"
"45200","0.19711300693881975","0.19711300693881975","0.19711300693881975"
"45206","0.1974090007289521","0.1974090007289521","0.1974090007289521"
"45223","0.19734643126787313","0.19734643126787313","0.19734643126787313"
"45224","0.19734643126787313","0.19734643126787313","0.19734643126787313"
"45238","0.19734643126787313","0.19734643126787313","0.19734643126787313"
"45250","0.19734643126787313","0.19734643126787313","0.19734643126787313"
"45260","0.19734643126787313","0.19734643126787313","0.19734643126787313"
"45261","0.19734643126787313","0.19734643126787313","0.19734643126787313"
"45277","0.19734643126787313","0.19734643126787313","0.19734643126787313"
"45278","0.19734643126787313","0.19734643126787313","0.19734643126787313"
"45293","0.19734643126787313","0.19734643126787313","0.19734643126787313"
"45309","0.19734643126787313","0.19734643126787313","0.19734643126787313"
"45313","0.1967464312830304","0.1967464312830304","0.1967464312830304"
"45316","0.19614643129818768","0.19614643129818768","0.19614643129818768"
"45332","0.19534643131839738","0.19534643131839738","0.19534643131839738"
"45339","0.19534643131839738","0.19534643131839738","0.19534643131839738"
"45340","0.19534643131839738","0.19534643131839738","0.19534643131839738"
"45342","0.19534643131839738","0.19534643131839738","0.19534643131839738"
"45343","0.19534643131839738","0.19534643131839738","0.19534643131839738"
"45367","0.19534643131839738","0.19534643131839738","0.19534643131839738"
"45372","0.19534643131839738","0.19534643131839738","0.19534643131839738"
"45375","0.19534643131839738","0.19534643131839738","0.19534643131839738"
"45380","0.19534643131839738","0.19534643131839738","0.19534643131839738"
"45386","0.19534643131839738","0.19534643131839738","0.19534643131839738"
"45393","0.19534643131839738","0.19534643131839738","0.19534643131839738"
"45402","0.19534643131839738","0.19534643131839738","0.19534643131839738"
"45411","0.19534643131839738","0.19534643131839738","0.19534643131839738"
"45412","0.19534643131839738","0.19534643131839738","0.19534643131839738"
"45413","0.19534643131839738","0.19534643131839738","0.19534643131839738"
"45414","0.19534643131839738","0.19534643131839738","0.19534643131839738"
"45424","0.19454643133860708","0.19454643133860708","0.19454643133860708"
"45431","0.19334643136892163","0.19334643136892163","0.19334643136892163"
"45442","0.19334643136892163","0.19334643136892163","0.19334643136892163"
"45443","0.19334643136892163","0.19334643136892163","0.19334643136892163"
"45453","0.19334643136892163","0.19334643136892163","0.19334643136892163"
"45473","0.19334643136892163","0.19334643136892163","0.19334643136892163"
"45477","0.19334643136892163","0.19334643136892163","0.19334643136892163"
"45483","0.19334643136892163","0.19334643136892163","0.19334643136892163"
"45493","0.19334643136892163","0.19334643136892163","0.19334643136892163"
"45496","0.19334643136892163","0.19334643136892163","0.19334643136892163"
"45497","0.19334643136892163","0.19334643136892163","0.19334643136892163"
"45498","0.19334643136892163","0.19334643136892163","0.19334643136892163"
"45500","0.19334643136892163","0.19334643136892163","0.19334643136892163"
"45505","0.19334643136892163","0.19334643136892163","0.19334643136892163"
"45519","0.19334643136892163","0.19334643136892163","0.19334643136892163"
"45526","0.19334643136892163","0.19334643136892163","0.19334643136892163"
"45528","0.19334643136892163","0.19334643136892163","0.19334643136892163"
"45531","0.19314643137397405","0.19314643137397405","0.19314643137397405"
"45533","0.1927464313840789","0.1927464313840789","0.1927464313840789"
"45537","0.1919464314042886","0.1919464314042886","0.1919464314042886"
"45547","0.19134643141944588","0.19134643141944588","0.19134643141944588"
"45548","0.19134643141944588","0.19134643141944588","0.19134643141944588"
"45556","0.19134643141944588","0.19134643141944588","0.19134643141944588"
"45572","0.19134643141944588","0.19134643141944588","0.19134643141944588"
"45579","0.19134643141944588","0.19134643141944588","0.19134643141944588"
"45581","0.19134643141944588","0.19134643141944588","0.19134643141944588"
"45585","0.19134643141944588","0.19134643141944588","0.19134643141944588"
"45586","0.19134643141944588","0.19134643141944588","0.19134643141944588"
"45588","0.19134643141944588","0.19134643141944588","0.19134643141944588"
"45594","0.19134643141944588","0.19134643141944588","0.19134643141944588"
"45599","0.19134643141944588","0.19134643141944588","0.19134643141944588"
"45606","0.19134643141944588","0.19134643141944588","0.19134643141944588"
"45609","0.19134643141944588","0.19134643141944588","0.19134643141944588"
"45611","0.19134643141944588","0.19134643141944588","0.19134643141944588"
"45625","0.19134643141944588","0.19134643141944588","0.19134643141944588"
"45628","0.19134643141944588","0.19134643141944588","0.19134643141944588"
"45635","0.19134643141944588","0.19134643141944588","0.19134643141944588"
"45638","0.19134643141944588","0.19134643141944588","0.19134643141944588"
"45644","0.19214643139923618","0.19214643139923618","0.19214643139923618"
"45647","0.1927464313840789","0.1927464313840789","0.1927464313840789"
"45657","0.19334643136892163","0.19334643136892163","0.19334643136892163"
"45658","0.19334643136892163","0.19334643136892163","0.19334643136892163"
"45662","0.19334643136892163","0.19334643136892163","0.19334643136892163"
"45663","0.19334643136892163","0.19334643136892163","0.19334643136892163"
"45670","0.19334643136892163","0.19334643136892163","0.19334643136892163"
"45673","0.19334643136892163","0.19334643136892163","0.19334643136892163"
"45701","0.19334643136892163","0.19334643136892163","0.19334643136892163"
"45707","0.19334643136892163","0.19334643136892163","0.19334643136892163"
"45709","0.19334643136892163","0.19334643136892163","0.19334643136892163"
"45724","0.19334643136892163","0.19334643136892163","0.19334643136892163"
"45725","0.19334643136892163","0.19334643136892163","0.19334643136892163"
"45730","0.19334643136892163","0.19334643136892163","0.19334643136892163"
"45731","0.19334643136892163","0.19334643136892163","0.19334643136892163"
"45733","0.19334643136892163","0.19334643136892163","0.19334643136892163"
"45735","0.19334643136892163","0.19334643136892163","0.19334643136892163"
"45736","0.19334643136892163","0.19334643136892163","0.19334643136892163"
"45738","0.19334643136892163","0.19334643136892163","0.19334643136892163"
"45740","0.19334643136892163","0.19334643136892163","0.19334643136892163"
"45745","0.19334643136892163","0.19334643136892163","0.19334643136892163"
"45749","0.19334643136892163","0.19334643136892163","0.19334643136892163"
"45750","0.19334643136892163","0.19334643136892163","0.19334643136892163"
"45753","0.1927464313840789","0.1927464313840789","0.1927464313840789"
"45755","0.19234643139418375","0.19234643139418375","0.19234643139418375"
"45771","0.19134643141944588","0.19134643141944588","0.19134643141944588"
"45772","0.19134643141944588","0.19134643141944588","0.19134643141944588"
"45774","0.19134643141944588","0.19134643141944588","0.19134643141944588"
"45783","0.19134643141944588","0.19134643141944588","0.19134643141944588"
"45785","0.19134643141944588","0.19134643141944588","0.19134643141944588"
"45798","0.19134643141944588","0.19134643141944588","0.19134643141944588"
"45800","0.19134643141944588","0.19134643141944588","0.19134643141944588"
"45808","0.19134643141944588","0.19134643141944588","0.19134643141944588"
"45810","0.19134643141944588","0.19134643141944588","0.19134643141944588"
"45815","0.19134643141944588","0.19134643141944588","0.19134643141944588"
"45818","0.19134643141944588","0.19134643141944588","0.19134643141944588"
"45826","0.19134643141944588","0.19134643141944588","0.19134643141944588"
"45835","0.19134643141944588","0.19134643141944588","0.19134643141944588"
"45839","0.19134643141944588","0.19134643141944588","0.19134643141944588"
"45846","0.19134643141944588","0.19134643141944588","0.19134643141944588"
"45856","0.19134643141944588","0.19134643141944588","0.19134643141944588"
"45868","0.19294643137902648","0.19294643137902648","0.19294643137902648"
"45869","0.19314643137397405","0.19314643137397405","0.19314643137397405"
"45881","0.19334643136892163","0.19334643136892163","0.19334643136892163"
"45893","0.19334643136892163","0.19334643136892163","0.19334643136892163"
"45894","0.19334643136892163","0.19334643136892163","0.19334643136892163"
"45899","0.19334643136892163","0.19334643136892163","0.19334643136892163"
"45904","0.19334643136892163","0.19334643136892163","0.19334643136892163"
"45908","0.19334643136892163","0.19334643136892163","0.19334643136892163"
"45912","0.19334643136892163","0.19334643136892163","0.19334643136892163"
"45918","0.19334643136892163","0.19334643136892163","0.19334643136892163"
"45920","0.19334643136892163","0.19334643136892163","0.19334643136892163"
"45924","0.19334643136892163","0.19334643136892163","0.19334643136892163"
"45925","0.19334643136892163","0.19334643136892163","0.19334643136892163"
"45928","0.19334643136892163","0.19334643136892163","0.19334643136892163"
"45933","0.19334643136892163","0.19334643136892163","0.19334643136892163"
"45943","0.19334643136892163","0.19334643136892163","0.19334643136892163"
"45945","0.19334643136892163","0.19334643136892163","0.19334643136892163"
"45956","0.19334643136892163","0.19334643136892163","0.19334643136892163"
"45964","0.19334643136892163","0.19334643136892163","0.19334643136892163"
"45970","0.19334643136892163","0.19334643136892163","0.19334643136892163"
"45981","0.19534643131839738","0.19534643131839738","0.19534643131839738"
"45982","0.19534643131839738","0.19534643131839738","0.19534643131839738"
"45987","0.19534643131839738","0.19534643131839738","0.19534643131839738"
"45988","0.19534643131839738","0.19534643131839738","0.19534643131839738"
"46001","0.19534643131839738","0.19534643131839738","0.19534643131839738"
"46003","0.19534643131839738","0.19534643131839738","0.19534643131839738"
"46004","0.19534643131839738","0.19534643131839738","0.19534643131839738"
"46005","0.19534643131839738","0.19534643131839738","0.19534643131839738"
"46011","0.19534643131839738","0.19534643131839738","0.19534643131839738"
"46018","0.19534643131839738","0.19534643131839738","0.19534643131839738"
"46024","0.19534643131839738","0.19534643131839738","0.19534643131839738"
"46028","0.19534643131839738","0.19534643131839738","0.19534643131839738"
"46030","0.19534643131839738","0.19534643131839738","0.19534643131839738"
"46039","0.19534643131839738","0.19534643131839738","0.19534643131839738"
"46049","0.19534643131839738","0.19534643131839738","0.19534643131839738"
"46050","0.19534643131839738","0.19534643131839738","0.19534643131839738"
"46060","0.19534643131839738","0.19534643131839738","0.19534643131839738"
"46068","0.19534643131839738","0.19534643131839738","0.19534643131839738"
"46072","0.19534643131839738","0.19534643131839738","0.19534643131839738"
"46092","0.19734643126787313","0.19734643126787313","0.19734643126787313"
"46093","0.19734643126787313","0.19734643126787313","0.19734643126787313"
"46094","0.19734643126787313","0.19734643126787313","0.19734643126787313"
"46098","0.19734643126787313","0.19734643126787313","0.19734643126787313"
"46107","0.19734643126787313","0.19734643126787313","0.19734643126787313"
"46117","0.19734643126787313","0.19734643126787313","0.19734643126787313"
"46118","0.19734643126787313","0.19734643126787313","0.19734643126787313"
"46126","0.19734643126787313","0.19734643126787313","0.19734643126787313"
"46135","0.19734643126787313","0.19734643126787313","0.19734643126787313"
"46140","0.19734643126787313","0.19734643126787313","0.19734643126787313"
"46142","0.19734643126787313","0.19734643126787313","0.19734643126787313"
"46143","0.19734643126787313","0.19734643126787313","0.19734643126787313"
"46149","0.19734643126787313","0.19734643126787313","0.19734643126787313"
"46151","0.19734643126787313","0.19734643126787313","0.19734643126787313"
"46157","0.19734643126787313","0.19734643126787313","0.19734643126787313"
"46161","0.19734643126787313","0.19734643126787313","0.19734643126787313"
"46162","0.19734643126787313","0.19734643126787313","0.19734643126787313"
"46163","0.19734643126787313","0.19734643126787313","0.19734643126787313"
"46166","0.19734643126787313","0.19734643126787313","0.19734643126787313"
"46169","0.19734643126787313","0.19734643126787313","0.19734643126787313"
"46184","0.19734643126787313","0.19734643126787313","0.19734643126787313"
"46194","0.19814643124766343","0.19814643124766343","0.19814643124766343"
"46208","0.1991248908003962","0.1991248908003962","0.1991248908003962"
"46213","0.1991248908003962","0.1991248908003962","0.1991248908003962"
"46221","0.1991248908003962","0.1991248908003962","0.1991248908003962"
"46227","0.1991248908003962","0.1991248908003962","0.1991248908003962"
"46235","0.1991248908003962","0.1991248908003962","0.1991248908003962"
"46242","0.1991248908003962","0.1991248908003962","0.1991248908003962"
"46243","0.1991248908003962","0.1991248908003962","0.1991248908003962"
"46244","0.1991248908003962","0.1991248908003962","0.1991248908003962"
"46246","0.1991248908003962","0.1991248908003962","0.1991248908003962"
"46256","0.1991248908003962","0.1991248908003962","0.1991248908003962"
"46268","0.1991248908003962","0.1991248908003962","0.1991248908003962"
"46272","0.1991248908003962","0.1991248908003962","0.1991248908003962"
"46277","0.1991248908003962","0.1991248908003962","0.1991248908003962"
"46280","0.1991248908003962","0.1991248908003962","0.1991248908003962"
"46288","0.1991248908003962","0.1991248908003962","0.1991248908003962"
"46297","0.1991248908003962","0.1991248908003962","0.1991248908003962"
"46307","0.1984221694012824","0.1984221694012824","0.1984221694012824"
"46310","0.19812108971074588","0.19812108971074588","0.19812108971074588"
"46311","0.19812108971074588","0.19812108971074588","0.19812108971074588"
"46324","0.19812108971074588","0.19812108971074588","0.19812108971074588"
"46339","0.19812108971074588","0.19812108971074588","0.19812108971074588"
"46340","0.19812108971074588","0.19812108971074588","0.19812108971074588"
"46341","0.19812108971074588","0.19812108971074588","0.19812108971074588"
"46347","0.19812108971074588","0.19812108971074588","0.19812108971074588"
"46351","0.19812108971074588","0.19812108971074588","0.19812108971074588"
"46353","0.19812108971074588","0.19812108971074588","0.19812108971074588"
"46362","0.19812108971074588","0.19812108971074588","0.19812108971074588"
"46368","0.19812108971074588","0.19812108971074588","0.19812108971074588"
"46373","0.19812108971074588","0.19812108971074588","0.19812108971074588"
"46391","0.19812108971074588","0.19812108971074588","0.19812108971074588"
"46401","0.19812108971074588","0.19812108971074588","0.19812108971074588"
"46403","0.19812108971074588","0.19812108971074588","0.19812108971074588"
"46410","0.19812108971074588","0.19812108971074588","0.19812108971074588"
"46411","0.19822147953851021","0.19822147953851021","0.19822147953851021"
"46425","0.19912470099247356","0.19912470099247356","0.19912470099247356"
"46426","0.19912470099247356","0.19912470099247356","0.19912470099247356"
"46437","0.19912470099247356","0.19912470099247356","0.19912470099247356"
"46441","0.19912470099247356","0.19912470099247356","0.19912470099247356"
"46445","0.19912470099247356","0.19912470099247356","0.19912470099247356"
"46447","0.19912470099247356","0.19912470099247356","0.19912470099247356"
"46451","0.19912470099247356","0.19912470099247356","0.19912470099247356"
"46465","0.19912470099247356","0.19912470099247356","0.19912470099247356"
"46470","0.19912470099247356","0.19912470099247356","0.19912470099247356"
"46486","0.19912470099247356","0.19912470099247356","0.19912470099247356"
"46494","0.19912470099247356","0.19912470099247356","0.19912470099247356"
"46495","0.19912470099247356","0.19912470099247356","0.19912470099247356"
"46496","0.19912470099247356","0.19912470099247356","0.19912470099247356"
"46525","0.1981247010177357","0.1981247010177357","0.1981247010177357"
"46526","0.1979247010227881","0.1979247010227881","0.1979247010227881"
"46529","0.1973247010379454","0.1973247010379454","0.1973247010379454"
"46531","0.1971247010429978","0.1971247010429978","0.1971247010429978"
"46543","0.1971247010429978","0.1971247010429978","0.1971247010429978"
"46544","0.1971247010429978","0.1971247010429978","0.1971247010429978"
"46551","0.1971247010429978","0.1971247010429978","0.1971247010429978"
"46552","0.1971247010429978","0.1971247010429978","0.1971247010429978"
"46556","0.1971247010429978","0.1971247010429978","0.1971247010429978"
"46560","0.1971247010429978","0.1971247010429978","0.1971247010429978"
"46562","0.1971247010429978","0.1971247010429978","0.1971247010429978"
"46563","0.1971247010429978","0.1971247010429978","0.1971247010429978"
"46567","0.1971247010429978","0.1971247010429978","0.1971247010429978"
"46605","0.1971247010429978","0.1971247010429978","0.1971247010429978"
"46608","0.1971247010429978","0.1971247010429978","0.1971247010429978"
"46627","0.1971247010429978","0.1971247010429978","0.1971247010429978"
"46631","0.19692470104805024","0.19692470104805024","0.19692470104805024"
"46632","0.19672470105310266","0.19672470105310266","0.19672470105310266"
"46634","0.1963247010632075","0.1963247010632075","0.1963247010632075"
"46636","0.19592470107331236","0.19592470107331236","0.19592470107331236"
"46646","0.19512470109352206","0.19512470109352206","0.19512470109352206"
"46647","0.19512470109352206","0.19512470109352206","0.19512470109352206"
"46676","0.19512470109352206","0.19512470109352206","0.19512470109352206"
"46682","0.19512470109352206","0.19512470109352206","0.19512470109352206"
"46689","0.19512470109352206","0.19512470109352206","0.19512470109352206"
"46691","0.19512470109352206","0.19512470109352206","0.19512470109352206"
"46707","0.19512470109352206","0.19512470109352206","0.19512470109352206"
"46714","0.19512470109352206","0.19512470109352206","0.19512470109352206"
"46721","0.19512470109352206","0.19512470109352206","0.19512470109352206"
"46727","0.19512470109352206","0.19512470109352206","0.19512470109352206"
"46733","0.19512470109352206","0.19512470109352206","0.19512470109352206"
"46744","0.19432470111373176","0.19432470111373176","0.19432470111373176"
"46757","0.1931247011440463","0.1931247011440463","0.1931247011440463"
"46765","0.1931247011440463","0.1931247011440463","0.1931247011440463"
"46768","0.1931247011440463","0.1931247011440463","0.1931247011440463"
"46770","0.1931247011440463","0.1931247011440463","0.1931247011440463"
"46794","0.1931247011440463","0.1931247011440463","0.1931247011440463"
"46795","0.1931247011440463","0.1931247011440463","0.1931247011440463"
"46801","0.1931247011440463","0.1931247011440463","0.1931247011440463"
"46805","0.1931247011440463","0.1931247011440463","0.1931247011440463"
"46824","0.1931247011440463","0.1931247011440463","0.1931247011440463"
"46831","0.1931247011440463","0.1931247011440463","0.1931247011440463"
"46832","0.1931247011440463","0.1931247011440463","0.1931247011440463"
"46834","0.1931247011440463","0.1931247011440463","0.1931247011440463"
"46872","0.19512470109352206","0.19512470109352206","0.19512470109352206"
"46884","0.19512470109352206","0.19512470109352206","0.19512470109352206"
"46892","0.19512470109352206","0.19512470109352206","0.19512470109352206"
"46894","0.19512470109352206","0.19512470109352206","0.19512470109352206"
"46902","0.19512470109352206","0.19512470109352206","0.19512470109352206"
"46907","0.19512470109352206","0.19512470109352206","0.19512470109352206"
"46908","0.19512470109352206","0.19512470109352206","0.19512470109352206"
"46916","0.19512470109352206","0.19512470109352206","0.19512470109352206"
"46917","0.19512470109352206","0.19512470109352206","0.19512470109352206"
"46918","0.19512470109352206","0.19512470109352206","0.19512470109352206"
"46934","0.19512470109352206","0.19512470109352206","0.19512470109352206"
"46947","0.19512470109352206","0.19512470109352206","0.19512470109352206"
"46949","0.19512470109352206","0.19512470109352206","0.19512470109352206"
"46954","0.19512470109352206","0.19512470109352206","0.19512470109352206"
"46955","0.19512470109352206","0.19512470109352206","0.19512470109352206"
"46957","0.19512470109352206","0.19512470109352206","0.19512470109352206"
"46966","0.1963247010632075","0.1963247010632075","0.1963247010632075"
"46972","0.1971247010429978","0.1971247010429978","0.1971247010429978"
"46973","0.1971247010429978","0.1971247010429978","0.1971247010429978"
"46978","0.1971247010429978","0.1971247010429978","0.1971247010429978"
"46979","0.1971247010429978","0.1971247010429978","0.1971247010429978"
"46983","0.1971247010429978","0.1971247010429978","0.1971247010429978"
"46987","0.1971247010429978","0.1971247010429978","0.1971247010429978"
"47005","0.1971247010429978","0.1971247010429978","0.1971247010429978"
"47006","0.1971247010429978","0.1971247010429978","0.1971247010429978"
"47011","0.1971247010429978","0.1971247010429978","0.1971247010429978"
"47019","0.1971247010429978","0.1971247010429978","0.1971247010429978"
"47032","0.1971247010429978","0.1971247010429978","0.1971247010429978"
"47034","0.1971247010429978","0.1971247010429978","0.1971247010429978"
"47036","0.1971247010429978","0.1971247010429978","0.1971247010429978"
"47037","0.1971247010429978","0.1971247010429978","0.1971247010429978"
"47038","0.1971247010429978","0.1971247010429978","0.1971247010429978"
"47039","0.1971247010429978","0.1971247010429978","0.1971247010429978"
"47051","0.1971247010429978","0.1971247010429978","0.1971247010429978"
"47052","0.1971247010429978","0.1971247010429978","0.1971247010429978"
"47058","0.1971247010429978","0.1971247010429978","0.1971247010429978"
"47062","0.1971247010429978","0.1971247010429978","0.1971247010429978"
"47063","0.1971247010429978","0.1971247010429978","0.1971247010429978"
"47065","0.1971247010429978","0.1971247010429978","0.1971247010429978"
"47069","0.1971247010429978","0.1971247010429978","0.1971247010429978"
"47070","0.1971247010429978","0.1971247010429978","0.1971247010429978"
"47082","0.19912470099247356","0.19912470099247356","0.19912470099247356"
"47085","0.19912470099247356","0.19912470099247356","0.19912470099247356"
"47090","0.19912470099247356","0.19912470099247356","0.19912470099247356"
"47093","0.19912470099247356","0.19912470099247356","0.19912470099247356"
"47097","0.19912470099247356","0.19912470099247356","0.19912470099247356"
"47099","0.19912470099247356","0.19912470099247356","0.19912470099247356"
"47101","0.19912470099247356","0.19912470099247356","0.19912470099247356"
"47109","0.19912470099247356","0.19912470099247356","0.19912470099247356"
"47117","0.19912470099247356","0.19912470099247356","0.19912470099247356"
"47118","0.19912470099247356","0.19912470099247356","0.19912470099247356"
"47121","0.19912470099247356","0.19912470099247356","0.19912470099247356"
"47124","0.19912470099247356","0.19912470099247356","0.19912470099247356"
"47131","0.19912470099247356","0.19912470099247356","0.19912470099247356"
"47136","0.19912470099247356","0.19912470099247356","0.19912470099247356"
"47137","0.19912470099247356","0.19912470099247356","0.19912470099247356"
"47151","0.19912470099247356","0.19912470099247356","0.19912470099247356"
"47166","0.19912470099247356","0.19912470099247356","0.19912470099247356"
"47171","0.19912470099247356","0.19912470099247356","0.19912470099247356"
"47178","0.19912470099247356","0.19912470099247356","0.19912470099247356"
"47181","0.19922548184467176","0.19922548184467176","0.19922548184467176"
"47189","0.20002882517363044","0.20002882517363044","0.20002882517363044"
"47194","0.20012893427615316","0.20012893427615316","0.20012893427615316"
"47195","0.20012893427615316","0.20012893427615316","0.20012893427615316"
"47208","0.20012893427615316","0.20012893427615316","0.20012893427615316"
"47215","0.20012893427615316","0.20012893427615316","0.20012893427615316"
"47220","0.20012893427615316","0.20012893427615316","0.20012893427615316"
"47229","0.20012893427615316","0.20012893427615316","0.20012893427615316"
"47231","0.20012893427615316","0.20012893427615316","0.20012893427615316"
"47232","0.20012893427615316","0.20012893427615316","0.20012893427615316"
"47244","0.20012893427615316","0.20012893427615316","0.20012893427615316"
"47251","0.20012893427615316","0.20012893427615316","0.20012893427615316"
"47256","0.20012893427615316","0.20012893427615316","0.20012893427615316"
"47257","0.20012893427615316","0.20012893427615316","0.20012893427615316"
"47259","0.20012893427615316","0.20012893427615316","0.20012893427615316"
"47263","0.20012893427615316","0.20012893427615316","0.20012893427615316"
"47270","0.20012893427615316","0.20012893427615316","0.20012893427615316"
"47273","0.20012893427615316","0.20012893427615316","0.20012893427615316"
"47276","0.20012893427615316","0.20012893427615316","0.20012893427615316"
"47281","0.20012893427615316","0.20012893427615316","0.20012893427615316"
"47282","0.20012893427615316","0.20012893427615316","0.20012893427615316"
"47283","0.20012893427615316","0.20012893427615316","0.20012893427615316"
"47284","0.20012893427615316","0.20012893427615316","0.20012893427615316"
"47300","0.2011328255269565","0.2011328255269565","0.2011328255269565"
"47304","0.2011328255269565","0.2011328255269565","0.2011328255269565"
"47305","0.2011328255269565","0.2011328255269565","0.2011328255269565"
"47311","0.2011328255269565","0.2011328255269565","0.2011328255269565"
"47313","0.2011328255269565","0.2011328255269565","0.2011328255269565"
"47318","0.2011328255269565","0.2011328255269565","0.2011328255269565"
"47326","0.2011328255269565","0.2011328255269565","0.2011328255269565"
"47334","0.2011328255269565","0.2011328255269565","0.2011328255269565"
"47337","0.2011328255269565","0.2011328255269565","0.2011328255269565"
"47339","0.2011328255269565","0.2011328255269565","0.2011328255269565"
"47341","0.2011328255269565","0.2011328255269565","0.2011328255269565"
"47343","0.2011328255269565","0.2011328255269565","0.2011328255269565"
"47357","0.2011328255269565","0.2011328255269565","0.2011328255269565"
"47370","0.2011328255269565","0.2011328255269565","0.2011328255269565"
"47374","0.2011328255269565","0.2011328255269565","0.2011328255269565"
"47388","0.2011328255269565","0.2011328255269565","0.2011328255269565"
"47389","0.2011328255269565","0.2011328255269565","0.2011328255269565"
"47390","0.2011328255269565","0.2011328255269565","0.2011328255269565"
"47398","0.2011328255269565","0.2011328255269565","0.2011328255269565"
"47418","0.19914187682509704","0.19914187682509704","0.19914187682509704"
"47425","0.19914187682509704","0.19914187682509704","0.19914187682509704"
"47434","0.19914187682509704","0.19914187682509704","0.19914187682509704"
"47436","0.19914187682509704","0.19914187682509704","0.19914187682509704"
"47455","0.19914187682509704","0.19914187682509704","0.19914187682509704"
"47458","0.19914187682509704","0.19914187682509704","0.19914187682509704"
"47477","0.19914187682509704","0.19914187682509704","0.19914187682509704"
"47479","0.19914187682509704","0.19914187682509704","0.19914187682509704"
"47481","0.19914187682509704","0.19914187682509704","0.19914187682509704"
"47482","0.19914187682509704","0.19914187682509704","0.19914187682509704"
"47497","0.19914187682509704","0.19914187682509704","0.19914187682509704"
"47499","0.19914187682509704","0.19914187682509704","0.19914187682509704"
"47500","0.19914187682509704","0.19914187682509704","0.19914187682509704"
"47517","0.20054187678973007","0.20054187678973007","0.20054187678973007"
"47525","0.20113232966064828","0.20113232966064828","0.20113232966064828"
"47528","0.20113232966064828","0.20113232966064828","0.20113232966064828"
"47529","0.20113232966064828","0.20113232966064828","0.20113232966064828"
"47533","0.20113232966064828","0.20113232966064828","0.20113232966064828"
"47534","0.20113232966064828","0.20113232966064828","0.20113232966064828"
"47549","0.20113232966064828","0.20113232966064828","0.20113232966064828"
"47554","0.20113232966064828","0.20113232966064828","0.20113232966064828"
"47562","0.20113232966064828","0.20113232966064828","0.20113232966064828"
"47565","0.20113232966064828","0.20113232966064828","0.20113232966064828"
"47586","0.20113232966064828","0.20113232966064828","0.20113232966064828"
"47591","0.20113232966064828","0.20113232966064828","0.20113232966064828"
"47614","0.20113232966064828","0.20113232966064828","0.20113232966064828"
"47617","0.20113232966064828","0.20113232966064828","0.20113232966064828"
"47637","0.19913232971117253","0.19913232971117253","0.19913232971117253"
"47646","0.19913232971117253","0.19913232971117253","0.19913232971117253"
"47653","0.19913232971117253","0.19913232971117253","0.19913232971117253"
"47688","0.19913232971117253","0.19913232971117253","0.19913232971117253"
"47696","0.19913232971117253","0.19913232971117253","0.19913232971117253"
"47697","0.19913232971117253","0.19913232971117253","0.19913232971117253"
"47702","0.19913232971117253","0.19913232971117253","0.19913232971117253"
"47703","0.19913232971117253","0.19913232971117253","0.19913232971117253"
"47705","0.19913232971117253","0.19913232971117253","0.19913232971117253"
"47707","0.19913232971117253","0.19913232971117253","0.19913232971117253"
"47708","0.19913232971117253","0.19913232971117253","0.19913232971117253"
"47714","0.19913232971117253","0.19913232971117253","0.19913232971117253"
"47715","0.19913232971117253","0.19913232971117253","0.19913232971117253"
"47719","0.19913232971117253","0.19913232971117253","0.19913232971117253"
"47722","0.19913232971117253","0.19913232971117253","0.19913232971117253"
"47731","0.1993323297061201","0.1993323297061201","0.1993323297061201"
"47737","0.19942704786947","0.19942704786947","0.19942704786947"
"47740","0.199124664591274","0.199124664591274","0.199124664591274"
"47762","0.199124664591274","0.199124664591274","0.199124664591274"
"47764","0.199124664591274","0.199124664591274","0.199124664591274"
"47765","0.199124664591274","0.199124664591274","0.199124664591274"
"47770","0.199124664591274","0.199124664591274","0.199124664591274"
"47781","0.199124664591274","0.199124664591274","0.199124664591274"
"47791","0.199124664591274","0.199124664591274","0.199124664591274"
"47793","0.199124664591274","0.199124664591274","0.199124664591274"
"47794","0.199124664591274","0.199124664591274","0.199124664591274"
"47800","0.199124664591274","0.199124664591274","0.199124664591274"
"47803","0.199124664591274","0.199124664591274","0.199124664591274"
"47816","0.199124664591274","0.199124664591274","0.199124664591274"
"47819","0.199124664591274","0.199124664591274","0.199124664591274"
"47823","0.199124664591274","0.199124664591274","0.199124664591274"
"47825","0.199124664591274","0.199124664591274","0.199124664591274"
"47851","0.19712466464179826","0.19712466464179826","0.19712466464179826"
"47854","0.19712466464179826","0.19712466464179826","0.19712466464179826"
"47859","0.19712466464179826","0.19712466464179826","0.19712466464179826"
"47860","0.19712466464179826","0.19712466464179826","0.19712466464179826"
"47865","0.19712466464179826","0.19712466464179826","0.19712466464179826"
"47872","0.19712466464179826","0.19712466464179826","0.19712466464179826"
"47875","0.19712466464179826","0.19712466464179826","0.19712466464179826"
"47884","0.19712466464179826","0.19712466464179826","0.19712466464179826"
"47892","0.19712466464179826","0.19712466464179826","0.19712466464179826"
"47904","0.19712466464179826","0.19712466464179826","0.19712466464179826"
"47907","0.19712466464179826","0.19712466464179826","0.19712466464179826"
"47909","0.19712466464179826","0.19712466464179826","0.19712466464179826"
"47910","0.19712466464179826","0.19712466464179826","0.19712466464179826"
"47921","0.19712466464179826","0.19712466464179826","0.19712466464179826"
"47932","0.19712466464179826","0.19712466464179826","0.19712466464179826"
"47934","0.19712466464179826","0.19712466464179826","0.19712466464179826"
"47942","0.19712466464179826","0.19712466464179826","0.19712466464179826"
"47943","0.19712466464179826","0.19712466464179826","0.19712466464179826"
"47947","0.19712466464179826","0.19712466464179826","0.19712466464179826"
"47958","0.19726570704288107","0.19726570704288107","0.19726570704288107"
"47959","0.1970657070479335","0.1970657070479335","0.1970657070479335"
"47961","0.19712060494618827","0.19712060494618827","0.19712060494618827"
"47962","0.19712060494618827","0.19712060494618827","0.19712060494618827"
"47964","0.19712060494618827","0.19712060494618827","0.19712060494618827"
"47969","0.19712060494618827","0.19712060494618827","0.19712060494618827"
"47972","0.19712060494618827","0.19712060494618827","0.19712060494618827"
"47988","0.19712060494618827","0.19712060494618827","0.19712060494618827"
"47990","0.19712060494618827","0.19712060494618827","0.19712060494618827"
"47996","0.19712060494618827","0.19712060494618827","0.19712060494618827"
"47998","0.19712060494618827","0.19712060494618827","0.19712060494618827"
"47999","0.19712060494618827","0.19712060494618827","0.19712060494618827"
"48005","0.19712060494618827","0.19712060494618827","0.19712060494618827"
"48021","0.19712060494618827","0.19712060494618827","0.19712060494618827"
"48026","0.19712060494618827","0.19712060494618827","0.19712060494618827"
"48030","0.19712060494618827","0.19712060494618827","0.19712060494618827"
"48032","0.19712060494618827","0.19712060494618827","0.19712060494618827"
"48037","0.19712060494618827","0.19712060494618827","0.19712060494618827"
"48040","0.19712060494618827","0.19712060494618827","0.19712060494618827"
"48052","0.19712060494618827","0.19712060494618827","0.19712060494618827"
"48057","0.19712060494618827","0.19712060494618827","0.19712060494618827"
"48065","0.1961206049714504","0.1961206049714504","0.1961206049714504"
"48069","0.1953206049916601","0.1953206049916601","0.1953206049916601"
"48075","0.19512060499671252","0.19512060499671252","0.19512060499671252"
"48076","0.19512060499671252","0.19512060499671252","0.19512060499671252"
"48082","0.19512060499671252","0.19512060499671252","0.19512060499671252"
"48085","0.19512060499671252","0.19512060499671252","0.19512060499671252"
"48096","0.19512060499671252","0.19512060499671252","0.19512060499671252"
"48100","0.19512060499671252","0.19512060499671252","0.19512060499671252"
"48102","0.19512060499671252","0.19512060499671252","0.19512060499671252"
"48103","0.19512060499671252","0.19512060499671252","0.19512060499671252"
"48104","0.19512060499671252","0.19512060499671252","0.19512060499671252"
"48107","0.19512060499671252","0.19512060499671252","0.19512060499671252"
"48110","0.19512060499671252","0.19512060499671252","0.19512060499671252"
"48115","0.19512060499671252","0.19512060499671252","0.19512060499671252"
"48133","0.19512060499671252","0.19512060499671252","0.19512060499671252"
"48140","0.19512060499671252","0.19512060499671252","0.19512060499671252"
"48144","0.19512060499671252","0.19512060499671252","0.19512060499671252"
"48153","0.19512060499671252","0.19512060499671252","0.19512060499671252"
"48157","0.19512060499671252","0.19512060499671252","0.19512060499671252"
"48159","0.19512060499671252","0.19512060499671252","0.19512060499671252"
"48182","0.19312060504723677","0.19312060504723677","0.19312060504723677"
"48194","0.19312060504723677","0.19312060504723677","0.19312060504723677"
"48196","0.19312060504723677","0.19312060504723677","0.19312060504723677"
"48205","0.19312060504723677","0.19312060504723677","0.19312060504723677"
"48212","0.19312060504723677","0.19312060504723677","0.19312060504723677"
"48217","0.19312060504723677","0.19312060504723677","0.19312060504723677"
"48219","0.19312060504723677","0.19312060504723677","0.19312060504723677"
"48222","0.19312060504723677","0.19312060504723677","0.19312060504723677"
"48223","0.19312060504723677","0.19312060504723677","0.19312060504723677"
"48231","0.19312060504723677","0.19312060504723677","0.19312060504723677"
"48235","0.19312060504723677","0.19312060504723677","0.19312060504723677"
"48236","0.19312060504723677","0.19312060504723677","0.19312060504723677"
"48238","0.19312060504723677","0.19312060504723677","0.19312060504723677"
"48240","0.19312060504723677","0.19312060504723677","0.19312060504723677"
"48247","0.19312060504723677","0.19312060504723677","0.19312060504723677"
"48257","0.19312060504723677","0.19312060504723677","0.19312060504723677"
"48260","0.19312060504723677","0.19312060504723677","0.19312060504723677"
"48264","0.19312060504723677","0.19312060504723677","0.19312060504723677"
"48276","0.19312060504723677","0.19312060504723677","0.19312060504723677"
"48283","0.1937206050320795","0.1937206050320795","0.1937206050320795"
"48287","0.1945206050118698","0.1945206050118698","0.1945206050118698"
"48288","0.19472060500681737","0.19472060500681737","0.19472060500681737"
"48289","0.19492060500176495","0.19492060500176495","0.19492060500176495"
"48298","0.19512060499671252","0.19512060499671252","0.19512060499671252"
"48304","0.19512060499671252","0.19512060499671252","0.19512060499671252"
"48305","0.19512060499671252","0.19512060499671252","0.19512060499671252"
"48308","0.19512060499671252","0.19512060499671252","0.19512060499671252"
"48312","0.19512060499671252","0.19512060499671252","0.19512060499671252"
"48318","0.19512060499671252","0.19512060499671252","0.19512060499671252"
"48330","0.19512060499671252","0.19512060499671252","0.19512060499671252"
"48334","0.19512060499671252","0.19512060499671252","0.19512060499671252"
"48335","0.19512060499671252","0.19512060499671252","0.19512060499671252"
"48348","0.19512060499671252","0.19512060499671252","0.19512060499671252"
"48356","0.19512060499671252","0.19512060499671252","0.19512060499671252"
"48362","0.19512060499671252","0.19512060499671252","0.19512060499671252"
"48363","0.19512060499671252","0.19512060499671252","0.19512060499671252"
"48366","0.19512060499671252","0.19512060499671252","0.19512060499671252"
"48369","0.19512060499671252","0.19512060499671252","0.19512060499671252"
"48371","0.19512060499671252","0.19512060499671252","0.19512060499671252"
"48373","0.19512060499671252","0.19512060499671252","0.19512060499671252"
"48386","0.19512060499671252","0.19512060499671252","0.19512060499671252"
"48401","0.19312060504723677","0.19312060504723677","0.19312060504723677"
"48410","0.19312060504723677","0.19312060504723677","0.19312060504723677"
"48424","0.19312060504723677","0.19312060504723677","0.19312060504723677"
"48425","0.19312060504723677","0.19312060504723677","0.19312060504723677"
"48426","0.19312060504723677","0.19312060504723677","0.19312060504723677"
"48427","0.19312060504723677","0.19312060504723677","0.19312060504723677"
"48431","0.19312060504723677","0.19312060504723677","0.19312060504723677"
"48433","0.19312060504723677","0.19312060504723677","0.19312060504723677"
"48434","0.19312060504723677","0.19312060504723677","0.19312060504723677"
"48436","0.19312060504723677","0.19312060504723677","0.19312060504723677"
"48439","0.19312060504723677","0.19312060504723677","0.19312060504723677"
"48446","0.19312060504723677","0.19312060504723677","0.19312060504723677"
"48452","0.19312060504723677","0.19312060504723677","0.19312060504723677"
"48455","0.19312060504723677","0.19312060504723677","0.19312060504723677"
"48466","0.19312060504723677","0.19312060504723677","0.19312060504723677"
"48467","0.19312060504723677","0.19312060504723677","0.19312060504723677"
"48469","0.19312060504723677","0.19312060504723677","0.19312060504723677"
"48470","0.19312060504723677","0.19312060504723677","0.19312060504723677"
"48472","0.19312060504723677","0.19312060504723677","0.19312060504723677"
"48482","0.19312060504723677","0.19312060504723677","0.19312060504723677"
"48486","0.19312060504723677","0.19312060504723677","0.19312060504723677"
"48491","0.19312060504723677","0.19312060504723677","0.19312060504723677"
"48494","0.19312060504723677","0.19312060504723677","0.19312060504723677"
"48497","0.19312060504723677","0.19312060504723677","0.19312060504723677"
"48500","0.19312060504723677","0.19312060504723677","0.19312060504723677"
"48503","0.1937206050320795","0.1937206050320795","0.1937206050320795"
"48509","0.19492060500176495","0.19492060500176495","0.19492060500176495"
"48514","0.19512060499671252","0.19512060499671252","0.19512060499671252"
"48529","0.19512060499671252","0.19512060499671252","0.19512060499671252"
"48530","0.19512060499671252","0.19512060499671252","0.19512060499671252"
"48535","0.19512060499671252","0.19512060499671252","0.19512060499671252"
"48537","0.19512060499671252","0.19512060499671252","0.19512060499671252"
"48546","0.19512060499671252","0.19512060499671252","0.19512060499671252"
"48553","0.19512060499671252","0.19512060499671252","0.19512060499671252"
"48554","0.19512060499671252","0.19512060499671252","0.19512060499671252"
"48567","0.19512060499671252","0.19512060499671252","0.19512060499671252"
"48572","0.19512060499671252","0.19512060499671252","0.19512060499671252"
"48581","0.19512060499671252","0.19512060499671252","0.19512060499671252"
"48584","0.19512060499671252","0.19512060499671252","0.19512060499671252"
"48585","0.19512060499671252","0.19512060499671252","0.19512060499671252"
"48592","0.19512060499671252","0.19512060499671252","0.19512060499671252"
"48620","0.19711988868634572","0.19711988868634572","0.19711988868634572"
"48627","0.19711988868634572","0.19711988868634572","0.19711988868634572"
"48633","0.19711988868634572","0.19711988868634572","0.19711988868634572"
"48640","0.19711988868634572","0.19711988868634572","0.19711988868634572"
"48668","0.19711988868634572","0.19711988868634572","0.19711988868634572"
"48689","0.19711988868634572","0.19711988868634572","0.19711988868634572"
"48703","0.19711988868634572","0.19711988868634572","0.19711988868634572"
"48715","0.19711988868634572","0.19711988868634572","0.19711988868634572"
"48720","0.19711988868634572","0.19711988868634572","0.19711988868634572"
"48731","0.1981244672465563","0.1981244672465563","0.1981244672465563"
"48749","0.1981244672465563","0.1981244672465563","0.1981244672465563"
"48751","0.1981244672465563","0.1981244672465563","0.1981244672465563"
"48752","0.1981244672465563","0.1981244672465563","0.1981244672465563"
"48758","0.1981244672465563","0.1981244672465563","0.1981244672465563"
"48769","0.1981244672465563","0.1981244672465563","0.1981244672465563"
"48772","0.1981244672465563","0.1981244672465563","0.1981244672465563"
"48778","0.1981244672465563","0.1981244672465563","0.1981244672465563"
"48787","0.1981244672465563","0.1981244672465563","0.1981244672465563"
"48794","0.1981244672465563","0.1981244672465563","0.1981244672465563"
"48800","0.1981244672465563","0.1981244672465563","0.1981244672465563"
"48801","0.1981244672465563","0.1981244672465563","0.1981244672465563"
"48806","0.1981244672465563","0.1981244672465563","0.1981244672465563"
"48808","0.1981244672465563","0.1981244672465563","0.1981244672465563"
"48815","0.1981244672465563","0.1981244672465563","0.1981244672465563"
"48816","0.1981244672465563","0.1981244672465563","0.1981244672465563"
"48822","0.1981244672465563","0.1981244672465563","0.1981244672465563"
"48837","0.19672446728192328","0.19672446728192328","0.19672446728192328"
"48840","0.19612446729708055","0.19612446729708055","0.19612446729708055"
"48842","0.19612446729708055","0.19612446729708055","0.19612446729708055"
"48845","0.19612446729708055","0.19612446729708055","0.19612446729708055"
"48846","0.19612446729708055","0.19612446729708055","0.19612446729708055"
"48848","0.19612446729708055","0.19612446729708055","0.19612446729708055"
"48850","0.19612446729708055","0.19612446729708055","0.19612446729708055"
"48854","0.19612446729708055","0.19612446729708055","0.19612446729708055"
"48856","0.19612446729708055","0.19612446729708055","0.19612446729708055"
"48857","0.19612446729708055","0.19612446729708055","0.19612446729708055"
"48860","0.19612446729708055","0.19612446729708055","0.19612446729708055"
"48863","0.19612446729708055","0.19612446729708055","0.19612446729708055"
"48871","0.19612446729708055","0.19612446729708055","0.19612446729708055"
"48873","0.19612446729708055","0.19612446729708055","0.19612446729708055"
"48877","0.19612446729708055","0.19612446729708055","0.19612446729708055"
"48884","0.19612446729708055","0.19612446729708055","0.19612446729708055"
"48888","0.19612446729708055","0.19612446729708055","0.19612446729708055"
"48891","0.19612446729708055","0.19612446729708055","0.19612446729708055"
"48892","0.19612446729708055","0.19612446729708055","0.19612446729708055"
"48911","0.19612446729708055","0.19612446729708055","0.19612446729708055"
"48913","0.19612446729708055","0.19612446729708055","0.19612446729708055"
"48915","0.19612446729708055","0.19612446729708055","0.19612446729708055"
"48916","0.19612446729708055","0.19612446729708055","0.19612446729708055"
"48923","0.19612446729708055","0.19612446729708055","0.19612446729708055"
"48935","0.19612446729708055","0.19612446729708055","0.19612446729708055"
"48950","0.1941244673476048","0.1941244673476048","0.1941244673476048"
"48952","0.1941244673476048","0.1941244673476048","0.1941244673476048"
"48955","0.1941244673476048","0.1941244673476048","0.1941244673476048"
"48956","0.1941244673476048","0.1941244673476048","0.1941244673476048"
"48964","0.1941244673476048","0.1941244673476048","0.1941244673476048"
"48972","0.1941244673476048","0.1941244673476048","0.1941244673476048"
"48980","0.1941244673476048","0.1941244673476048","0.1941244673476048"
"48986","0.1941244673476048","0.1941244673476048","0.1941244673476048"
"48992","0.1941244673476048","0.1941244673476048","0.1941244673476048"
"48998","0.1941244673476048","0.1941244673476048","0.1941244673476048"
"48999","0.1941244673476048","0.1941244673476048","0.1941244673476048"
"49004","0.1941244673476048","0.1941244673476048","0.1941244673476048"
"49007","0.1941244673476048","0.1941244673476048","0.1941244673476048"
"49017","0.1941244673476048","0.1941244673476048","0.1941244673476048"
"49022","0.1941244673476048","0.1941244673476048","0.1941244673476048"
"49024","0.1941244673476048","0.1941244673476048","0.1941244673476048"
"49034","0.1941244673476048","0.1941244673476048","0.1941244673476048"
"49036","0.1941244673476048","0.1941244673476048","0.1941244673476048"
"49057","0.19272446738297178","0.19272446738297178","0.19272446738297178"
"49062","0.19212446739812905","0.19212446739812905","0.19212446739812905"
"49064","0.19212446739812905","0.19212446739812905","0.19212446739812905"
"49079","0.19212446739812905","0.19212446739812905","0.19212446739812905"
"49089","0.19212446739812905","0.19212446739812905","0.19212446739812905"
"49105","0.19212446739812905","0.19212446739812905","0.19212446739812905"
"49109","0.19212446739812905","0.19212446739812905","0.19212446739812905"
"49115","0.19212446739812905","0.19212446739812905","0.19212446739812905"
"49128","0.19212446739812905","0.19212446739812905","0.19212446739812905"
"49133","0.19212446739812905","0.19212446739812905","0.19212446739812905"
"49135","0.19212446739812905","0.19212446739812905","0.19212446739812905"
"49143","0.19212446739812905","0.19212446739812905","0.19212446739812905"
"49144","0.19212446739812905","0.19212446739812905","0.19212446739812905"
"49146","0.19212446739812905","0.19212446739812905","0.19212446739812905"
"49148","0.19212446739812905","0.19212446739812905","0.19212446739812905"
"49156","0.19212446739812905","0.19212446739812905","0.19212446739812905"
"49160","0.19212446739812905","0.19212446739812905","0.19212446739812905"
"49164","0.19292446737791935","0.19292446737791935","0.19292446737791935"
"49167","0.19352446736276208","0.19352446736276208","0.19352446736276208"
"49168","0.19372446735770965","0.19372446735770965","0.19372446735770965"
"49171","0.1941244673476048","0.1941244673476048","0.1941244673476048"
"49172","0.1941244673476048","0.1941244673476048","0.1941244673476048"
"49179","0.1941244673476048","0.1941244673476048","0.1941244673476048"
"49180","0.1941244673476048","0.1941244673476048","0.1941244673476048"
"49181","0.1941244673476048","0.1941244673476048","0.1941244673476048"
"49183","0.1941244673476048","0.1941244673476048","0.1941244673476048"
"49185","0.1941244673476048","0.1941244673476048","0.1941244673476048"
"49186","0.1941244673476048","0.1941244673476048","0.1941244673476048"
"49187","0.1941244673476048","0.1941244673476048","0.1941244673476048"
"49213","0.1941244673476048","0.1941244673476048","0.1941244673476048"
"49214","0.1941244673476048","0.1941244673476048","0.1941244673476048"
"49224","0.1941244673476048","0.1941244673476048","0.1941244673476048"
"49228","0.1941244673476048","0.1941244673476048","0.1941244673476048"
"49236","0.1941244673476048","0.1941244673476048","0.1941244673476048"
"49246","0.1941244673476048","0.1941244673476048","0.1941244673476048"
"49251","0.1941244673476048","0.1941244673476048","0.1941244673476048"
"49259","0.1941244673476048","0.1941244673476048","0.1941244673476048"
"49268","0.1941244673476048","0.1941244673476048","0.1941244673476048"
"49271","0.19432446734255238","0.19432446734255238","0.19432446734255238"
"49272","0.19452446733749995","0.19452446733749995","0.19452446733749995"
"49279","0.19592446730213298","0.19592446730213298","0.19592446730213298"
"49282","0.19612446729708055","0.19612446729708055","0.19612446729708055"
"49283","0.19612446729708055","0.19612446729708055","0.19612446729708055"
"49286","0.19612446729708055","0.19612446729708055","0.19612446729708055"
"49290","0.19612446729708055","0.19612446729708055","0.19612446729708055"
"49301","0.19612446729708055","0.19612446729708055","0.19612446729708055"
"49305","0.19612446729708055","0.19612446729708055","0.19612446729708055"
"49306","0.19612446729708055","0.19612446729708055","0.19612446729708055"
"49310","0.19612446729708055","0.19612446729708055","0.19612446729708055"
"49315","0.19612446729708055","0.19612446729708055","0.19612446729708055"
"49325","0.19612446729708055","0.19612446729708055","0.19612446729708055"
"49338","0.19612446729708055","0.19612446729708055","0.19612446729708055"
"49344","0.19612446729708055","0.19612446729708055","0.19612446729708055"
"49350","0.19612446729708055","0.19612446729708055","0.19612446729708055"
"49359","0.19612446729708055","0.19612446729708055","0.19612446729708055"
"49362","0.19612446729708055","0.19612446729708055","0.19612446729708055"
"49371","0.19612446729708055","0.19612446729708055","0.19612446729708055"
"49396","0.1941244673476048","0.1941244673476048","0.1941244673476048"
"49400","0.1941244673476048","0.1941244673476048","0.1941244673476048"
"49401","0.1941244673476048","0.1941244673476048","0.1941244673476048"
"49402","0.1941244673476048","0.1941244673476048","0.1941244673476048"
"49407","0.1941244673476048","0.1941244673476048","0.1941244673476048"
"49416","0.1941244673476048","0.1941244673476048","0.1941244673476048"
"49419","0.1941244673476048","0.1941244673476048","0.1941244673476048"
"49438","0.1941244673476048","0.1941244673476048","0.1941244673476048"
"49453","0.1941244673476048","0.1941244673476048","0.1941244673476048"
"49456","0.1941244673476048","0.1941244673476048","0.1941244673476048"
"49479","0.1941244673476048","0.1941244673476048","0.1941244673476048"
"49481","0.1941244673476048","0.1941244673476048","0.1941244673476048"
"49482","0.1941244673476048","0.1941244673476048","0.1941244673476048"
"49487","0.1941244673476048","0.1941244673476048","0.1941244673476048"
"49491","0.19432446734255238","0.19432446734255238","0.19432446734255238"
"49496","0.19532446731729025","0.19532446731729025","0.19532446731729025"
"49498","0.1957244673071854","0.1957244673071854","0.1957244673071854"
"49500","0.19612446729708055","0.19612446729708055","0.19612446729708055"
"49503","0.19612446729708055","0.19612446729708055","0.19612446729708055"
"49520","0.19612446729708055","0.19612446729708055","0.19612446729708055"
"49528","0.19612446729708055","0.19612446729708055","0.19612446729708055"
"49532","0.19612446729708055","0.19612446729708055","0.19612446729708055"
"49534","0.19612446729708055","0.19612446729708055","0.19612446729708055"
"49536","0.19612446729708055","0.19612446729708055","0.19612446729708055"
"49537","0.19612446729708055","0.19612446729708055","0.19612446729708055"
"49550","0.19612446729708055","0.19612446729708055","0.19612446729708055"
"49556","0.19612446729708055","0.19612446729708055","0.19612446729708055"
"49558","0.19612446729708055","0.19612446729708055","0.19612446729708055"
"49563","0.19612446729708055","0.19612446729708055","0.19612446729708055"
"49568","0.19612446729708055","0.19612446729708055","0.19612446729708055"
"49570","0.19612446729708055","0.19612446729708055","0.19612446729708055"
"49573","0.19612446729708055","0.19612446729708055","0.19612446729708055"
"49576","0.19612446729708055","0.19612446729708055","0.19612446729708055"
"49577","0.19612446729708055","0.19612446729708055","0.19612446729708055"
"49583","0.19612446729708055","0.19612446729708055","0.19612446729708055"
"49592","0.19612446729708055","0.19612446729708055","0.19612446729708055"
"49596","0.19612446729708055","0.19612446729708055","0.19612446729708055"
"49597","0.19612446729708055","0.19612446729708055","0.19612446729708055"
"49604","0.19692446727687085","0.19692446727687085","0.19692446727687085"
"49612","0.1981244672465563","0.1981244672465563","0.1981244672465563"
"49616","0.1981244672465563","0.1981244672465563","0.1981244672465563"
"49621","0.1981244672465563","0.1981244672465563","0.1981244672465563"
"49634","0.1981244672465563","0.1981244672465563","0.1981244672465563"
"49644","0.1981244672465563","0.1981244672465563","0.1981244672465563"
"49645","0.1981244672465563","0.1981244672465563","0.1981244672465563"
"49655","0.1981244672465563","0.1981244672465563","0.1981244672465563"
"49656","0.1981244672465563","0.1981244672465563","0.1981244672465563"
"49668","0.1981244672465563","0.1981244672465563","0.1981244672465563"
"49672","0.1981244672465563","0.1981244672465563","0.1981244672465563"
"49676","0.1981244672465563","0.1981244672465563","0.1981244672465563"
"49684","0.1981244672465563","0.1981244672465563","0.1981244672465563"
"49691","0.1981244672465563","0.1981244672465563","0.1981244672465563"
"49695","0.1981244672465563","0.1981244672465563","0.1981244672465563"
"49701","0.1981244672465563","0.1981244672465563","0.1981244672465563"
"49702","0.1981244672465563","0.1981244672465563","0.1981244672465563"
"49722","0.1969263172890143","0.1969263172890143","0.1969263172890143"
"49725","0.1969263172890143","0.1969263172890143","0.1969263172890143"
"49726","0.1969263172890143","0.1969263172890143","0.1969263172890143"
"49727","0.1969263172890143","0.1969263172890143","0.1969263172890143"
"49729","0.1969263172890143","0.1969263172890143","0.1969263172890143"
"49733","0.1969263172890143","0.1969263172890143","0.1969263172890143"
"49741","0.1969263172890143","0.1969263172890143","0.1969263172890143"
"49748","0.1969263172890143","0.1969263172890143","0.1969263172890143"
"49760","0.1969263172890143","0.1969263172890143","0.1969263172890143"
"49765","0.1969263172890143","0.1969263172890143","0.1969263172890143"
"49767","0.1969263172890143","0.1969263172890143","0.1969263172890143"
"49777","0.1969263172890143","0.1969263172890143","0.1969263172890143"
"49780","0.1969263172890143","0.1969263172890143","0.1969263172890143"
"49784","0.1969263172890143","0.1969263172890143","0.1969263172890143"
"49785","0.1969263172890143","0.1969263172890143","0.1969263172890143"
"49792","0.1969263172890143","0.1969263172890143","0.1969263172890143"
"49810","0.1969263172890143","0.1969263172890143","0.1969263172890143"
"49814","0.1969263172890143","0.1969263172890143","0.1969263172890143"
"49823","0.19632631730417158","0.19632631730417158","0.19632631730417158"
"49824","0.196126317309224","0.196126317309224","0.196126317309224"
"49828","0.1953263173294337","0.1953263173294337","0.1953263173294337"
"49833","0.19492631733953855","0.19492631733953855","0.19492631733953855"
"49834","0.19492631733953855","0.19492631733953855","0.19492631733953855"
"49843","0.19492631733953855","0.19492631733953855","0.19492631733953855"
"49847","0.19492631733953855","0.19492631733953855","0.19492631733953855"
"49850","0.19492631733953855","0.19492631733953855","0.19492631733953855"
"49861","0.19492631733953855","0.19492631733953855","0.19492631733953855"
"49867","0.19492631733953855","0.19492631733953855","0.19492631733953855"
"49868","0.19492631733953855","0.19492631733953855","0.19492631733953855"
"49881","0.19492631733953855","0.19492631733953855","0.19492631733953855"
"49882","0.19492631733953855","0.19492631733953855","0.19492631733953855"
"49892","0.19492631733953855","0.19492631733953855","0.19492631733953855"
"49894","0.19492631733953855","0.19492631733953855","0.19492631733953855"
"49895","0.19492631733953855","0.19492631733953855","0.19492631733953855"
"49902","0.19492631733953855","0.19492631733953855","0.19492631733953855"
"49909","0.19492631733953855","0.19492631733953855","0.19492631733953855"
"49915","0.19492631733953855","0.19492631733953855","0.19492631733953855"
"49923","0.19492631733953855","0.19492631733953855","0.19492631733953855"
"49940","0.1929263173900628","0.1929263173900628","0.1929263173900628"
"49943","0.1929263173900628","0.1929263173900628","0.1929263173900628"
"49951","0.1929263173900628","0.1929263173900628","0.1929263173900628"
"49954","0.1929263173900628","0.1929263173900628","0.1929263173900628"
"49955","0.1929263173900628","0.1929263173900628","0.1929263173900628"
"49960","0.1929263173900628","0.1929263173900628","0.1929263173900628"
"49962","0.1929263173900628","0.1929263173900628","0.1929263173900628"
"49969","0.1929263173900628","0.1929263173900628","0.1929263173900628"
"49971","0.1929263173900628","0.1929263173900628","0.1929263173900628"
"49980","0.1929263173900628","0.1929263173900628","0.1929263173900628"
"49982","0.1929263173900628","0.1929263173900628","0.1929263173900628"
"49984","0.1929263173900628","0.1929263173900628","0.1929263173900628"
"49987","0.1929263173900628","0.1929263173900628","0.1929263173900628"
"49991","0.1929263173900628","0.1929263173900628","0.1929263173900628"
"49992","0.1929263173900628","0.1929263173900628","0.1929263173900628"
"49993","0.1929263173900628","0.1929263173900628","0.1929263173900628"
"50004","0.1929263173900628","0.1929263173900628","0.1929263173900628"
"50014","0.1929263173900628","0.1929263173900628","0.1929263173900628"
"50021","0.1929263173900628","0.1929263173900628","0.1929263173900628"
"50045","0.19388455070509478","0.19388455070509478","0.19388455070509478"
"50053","0.19488455067983265","0.19488455067983265","0.19488455067983265"
"50061","0.19488455067983265","0.19488455067983265","0.19488455067983265"
"50064","0.19488455067983265","0.19488455067983265","0.19488455067983265"
"50073","0.19488455067983265","0.19488455067983265","0.19488455067983265"
"50075","0.19488455067983265","0.19488455067983265","0.19488455067983265"
"50081","0.19488455067983265","0.19488455067983265","0.19488455067983265"
"50083","0.19488455067983265","0.19488455067983265","0.19488455067983265"
"50085","0.19488455067983265","0.19488455067983265","0.19488455067983265"
"50087","0.19488455067983265","0.19488455067983265","0.19488455067983265"
"50091","0.19488455067983265","0.19488455067983265","0.19488455067983265"
"50099","0.19488455067983265","0.19488455067983265","0.19488455067983265"
"50112","0.19488455067983265","0.19488455067983265","0.19488455067983265"
"50118","0.19488455067983265","0.19488455067983265","0.19488455067983265"
"50121","0.19488455067983265","0.19488455067983265","0.19488455067983265"
"50128","0.19488455067983265","0.19488455067983265","0.19488455067983265"
"50139","0.19488455067983265","0.19488455067983265","0.19488455067983265"
"50143","0.19488455067983265","0.19488455067983265","0.19488455067983265"
"50151","0.19468455068488508","0.19468455068488508","0.19468455068488508"
"50161","0.1928845507303569","0.1928845507303569","0.1928845507303569"
"50170","0.1928845507303569","0.1928845507303569","0.1928845507303569"
"50178","0.1928845507303569","0.1928845507303569","0.1928845507303569"
"50179","0.1928845507303569","0.1928845507303569","0.1928845507303569"
"50188","0.1928845507303569","0.1928845507303569","0.1928845507303569"
"50201","0.1928845507303569","0.1928845507303569","0.1928845507303569"
"50205","0.1928845507303569","0.1928845507303569","0.1928845507303569"
"50209","0.1928845507303569","0.1928845507303569","0.1928845507303569"
"50213","0.1928845507303569","0.1928845507303569","0.1928845507303569"
"50220","0.1928845507303569","0.1928845507303569","0.1928845507303569"
"50226","0.1928845507303569","0.1928845507303569","0.1928845507303569"
"50244","0.1928845507303569","0.1928845507303569","0.1928845507303569"
"50246","0.1928845507303569","0.1928845507303569","0.1928845507303569"
"50257","0.1928845507303569","0.1928845507303569","0.1928845507303569"
"50265","0.19388455070509478","0.19388455070509478","0.19388455070509478"
"50275","0.19488455067983265","0.19488455067983265","0.19488455067983265"
"50282","0.19488455067983265","0.19488455067983265","0.19488455067983265"
"50287","0.19488455067983265","0.19488455067983265","0.19488455067983265"
"50296","0.19488455067983265","0.19488455067983265","0.19488455067983265"
"50298","0.19488455067983265","0.19488455067983265","0.19488455067983265"
"50306","0.19488455067983265","0.19488455067983265","0.19488455067983265"
"50326","0.19488455067983265","0.19488455067983265","0.19488455067983265"
"50337","0.19488455067983265","0.19488455067983265","0.19488455067983265"
"50341","0.19488455067983265","0.19488455067983265","0.19488455067983265"
"50343","0.19488455067983265","0.19488455067983265","0.19488455067983265"
"50351","0.19488455067983265","0.19488455067983265","0.19488455067983265"
"50354","0.19488455067983265","0.19488455067983265","0.19488455067983265"
"50356","0.19488455067983265","0.19488455067983265","0.19488455067983265"
"50358","0.19488455067983265","0.19488455067983265","0.19488455067983265"
"50365","0.19488455067983265","0.19488455067983265","0.19488455067983265"
"50374","0.19408455070004235","0.19408455070004235","0.19408455070004235"
"50375","0.19388455070509478","0.19388455070509478","0.19388455070509478"
"50386","0.1928845507303569","0.1928845507303569","0.1928845507303569"
"50388","0.1928845507303569","0.1928845507303569","0.1928845507303569"
"50395","0.1928845507303569","0.1928845507303569","0.1928845507303569"
"50400","0.1928845507303569","0.1928845507303569","0.1928845507303569"
"50410","0.1928845507303569","0.1928845507303569","0.1928845507303569"
"50423","0.1928845507303569","0.1928845507303569","0.1928845507303569"
"50427","0.1928845507303569","0.1928845507303569","0.1928845507303569"
"50431","0.1928845507303569","0.1928845507303569","0.1928845507303569"
"50435","0.1928845507303569","0.1928845507303569","0.1928845507303569"
"50440","0.1928845507303569","0.1928845507303569","0.1928845507303569"
"50443","0.1928845507303569","0.1928845507303569","0.1928845507303569"
"50446","0.1928845507303569","0.1928845507303569","0.1928845507303569"
"50458","0.1928845507303569","0.1928845507303569","0.1928845507303569"
"50459","0.1928845507303569","0.1928845507303569","0.1928845507303569"
"50466","0.1928845507303569","0.1928845507303569","0.1928845507303569"
"50481","0.19308455072530448","0.19308455072530448","0.19308455072530448"
"50492","0.19488455067983265","0.19488455067983265","0.19488455067983265"
"50510","0.19488455067983265","0.19488455067983265","0.19488455067983265"
"50511","0.19488455067983265","0.19488455067983265","0.19488455067983265"
"50531","0.19488455067983265","0.19488455067983265","0.19488455067983265"
"50539","0.19488455067983265","0.19488455067983265","0.19488455067983265"
"50553","0.19488455067983265","0.19488455067983265","0.19488455067983265"
"50570","0.19488455067983265","0.19488455067983265","0.19488455067983265"
"50574","0.19488455067983265","0.19488455067983265","0.19488455067983265"
"50575","0.19488455067983265","0.19488455067983265","0.19488455067983265"
"50578","0.19488455067983265","0.19488455067983265","0.19488455067983265"
"50581","0.19488455067983265","0.19488455067983265","0.19488455067983265"
"50583","0.19488455067983265","0.19488455067983265","0.19488455067983265"
"50586","0.19488455067983265","0.19488455067983265","0.19488455067983265"
"50587","0.19488455067983265","0.19488455067983265","0.19488455067983265"
"50602","0.1928845507303569","0.1928845507303569","0.1928845507303569"
"50612","0.1928845507303569","0.1928845507303569","0.1928845507303569"
"50614","0.1928845507303569","0.1928845507303569","0.1928845507303569"
"50615","0.1928845507303569","0.1928845507303569","0.1928845507303569"
"50621","0.1928845507303569","0.1928845507303569","0.1928845507303569"
"50622","0.1928845507303569","0.1928845507303569","0.1928845507303569"
"50624","0.1928845507303569","0.1928845507303569","0.1928845507303569"
"50627","0.1928845507303569","0.1928845507303569","0.1928845507303569"
"50640","0.1928845507303569","0.1928845507303569","0.1928845507303569"
"50641","0.1928845507303569","0.1928845507303569","0.1928845507303569"
"50642","0.1928845507303569","0.1928845507303569","0.1928845507303569"
"50643","0.1928845507303569","0.1928845507303569","0.1928845507303569"
"50658","0.1928845507303569","0.1928845507303569","0.1928845507303569"
"50664","0.1928845507303569","0.1928845507303569","0.1928845507303569"
"50665","0.1928845507303569","0.1928845507303569","0.1928845507303569"
"50669","0.1928845507303569","0.1928845507303569","0.1928845507303569"
"50672","0.1928845507303569","0.1928845507303569","0.1928845507303569"
"50673","0.1928845507303569","0.1928845507303569","0.1928845507303569"
"50675","0.1928845507303569","0.1928845507303569","0.1928845507303569"
"50677","0.1928845507303569","0.1928845507303569","0.1928845507303569"
"50680","0.1928845507303569","0.1928845507303569","0.1928845507303569"
"50681","0.1928845507303569","0.1928845507303569","0.1928845507303569"
"50692","0.1928845507303569","0.1928845507303569","0.1928845507303569"
"50697","0.1928845507303569","0.1928845507303569","0.1928845507303569"
"50706","0.19168455076067145","0.19168455076067145","0.19168455076067145"
"50709","0.19108455077582873","0.19108455077582873","0.19108455077582873"
"50722","0.19088455078088115","0.19088455078088115","0.19088455078088115"
"50723","0.19088455078088115","0.19088455078088115","0.19088455078088115"
"50728","0.19088455078088115","0.19088455078088115","0.19088455078088115"
"50733","0.19088455078088115","0.19088455078088115","0.19088455078088115"
"50734","0.19088455078088115","0.19088455078088115","0.19088455078088115"
"50742","0.19088455078088115","0.19088455078088115","0.19088455078088115"
"50750","0.19088455078088115","0.19088455078088115","0.19088455078088115"
"50755","0.19088455078088115","0.19088455078088115","0.19088455078088115"
"50760","0.19088455078088115","0.19088455078088115","0.19088455078088115"
"50765","0.19088455078088115","0.19088455078088115","0.19088455078088115"
"50770","0.19088455078088115","0.19088455078088115","0.19088455078088115"
"50790","0.19088455078088115","0.19088455078088115","0.19088455078088115"
"50806","0.19088455078088115","0.19088455078088115","0.19088455078088115"
"50807","0.19088455078088115","0.19088455078088115","0.19088455078088115"
"50809","0.19088455078088115","0.19088455078088115","0.19088455078088115"
"50813","0.19028455079603843","0.19028455079603843","0.19028455079603843"
"50819","0.18908455082635298","0.18908455082635298","0.18908455082635298"
"50827","0.1888845508314054","0.1888845508314054","0.1888845508314054"
"50842","0.1888845508314054","0.1888845508314054","0.1888845508314054"
"50843","0.1888845508314054","0.1888845508314054","0.1888845508314054"
"50869","0.1888845508314054","0.1888845508314054","0.1888845508314054"
"50874","0.1888845508314054","0.1888845508314054","0.1888845508314054"
"50875","0.1888845508314054","0.1888845508314054","0.1888845508314054"
"50881","0.1888845508314054","0.1888845508314054","0.1888845508314054"
"50889","0.1888845508314054","0.1888845508314054","0.1888845508314054"
"50892","0.1888845508314054","0.1888845508314054","0.1888845508314054"
"50894","0.1888845508314054","0.1888845508314054","0.1888845508314054"
"50900","0.1888845508314054","0.1888845508314054","0.1888845508314054"
"50914","0.1888845508314054","0.1888845508314054","0.1888845508314054"
"50916","0.1888845508314054","0.1888845508314054","0.1888845508314054"
"50917","0.1888845508314054","0.1888845508314054","0.1888845508314054"
"50919","0.1888845508314054","0.1888845508314054","0.1888845508314054"
"50930","0.1901806434565307","0.1901806434565307","0.1901806434565307"
"50938","0.1901806434565307","0.1901806434565307","0.1901806434565307"
"50940","0.1901806434565307","0.1901806434565307","0.1901806434565307"
"50943","0.1901806434565307","0.1901806434565307","0.1901806434565307"
"50946","0.1901806434565307","0.1901806434565307","0.1901806434565307"
"50951","0.1901806434565307","0.1901806434565307","0.1901806434565307"
"50961","0.1901806434565307","0.1901806434565307","0.1901806434565307"
"50962","0.1901806434565307","0.1901806434565307","0.1901806434565307"
"50979","0.1901806434565307","0.1901806434565307","0.1901806434565307"
"50980","0.1901806434565307","0.1901806434565307","0.1901806434565307"
"50987","0.1901806434565307","0.1901806434565307","0.1901806434565307"
"50989","0.1901806434565307","0.1901806434565307","0.1901806434565307"
"50990","0.1901806434565307","0.1901806434565307","0.1901806434565307"
"50991","0.1901806434565307","0.1901806434565307","0.1901806434565307"
"51001","0.1901806434565307","0.1901806434565307","0.1901806434565307"
"51006","0.1901806434565307","0.1901806434565307","0.1901806434565307"
"51010","0.1901806434565307","0.1901806434565307","0.1901806434565307"
"51024","0.1901806434565307","0.1901806434565307","0.1901806434565307"
"51026","0.1901806434565307","0.1901806434565307","0.1901806434565307"
"51028","0.1901806434565307","0.1901806434565307","0.1901806434565307"
"51031","0.1903806434514783","0.1903806434514783","0.1903806434514783"
"51042","0.19218064340600646","0.19218064340600646","0.19218064340600646"
"51049","0.19218064340600646","0.19218064340600646","0.19218064340600646"
"51060","0.19218064340600646","0.19218064340600646","0.19218064340600646"
"51062","0.19218064340600646","0.19218064340600646","0.19218064340600646"
"51068","0.19218064340600646","0.19218064340600646","0.19218064340600646"
"51077","0.19218064340600646","0.19218064340600646","0.19218064340600646"
"51081","0.19218064340600646","0.19218064340600646","0.19218064340600646"
"51093","0.19218064340600646","0.19218064340600646","0.19218064340600646"
"51104","0.19218064340600646","0.19218064340600646","0.19218064340600646"
"51106","0.19218064340600646","0.19218064340600646","0.19218064340600646"
"51112","0.19218064340600646","0.19218064340600646","0.19218064340600646"
"51113","0.19218064340600646","0.19218064340600646","0.19218064340600646"
"51118","0.19218064340600646","0.19218064340600646","0.19218064340600646"
"51119","0.19218064340600646","0.19218064340600646","0.19218064340600646"
"51123","0.19218064340600646","0.19218064340600646","0.19218064340600646"
"51130","0.19218064340600646","0.19218064340600646","0.19218064340600646"
"51133","0.19218064340600646","0.19218064340600646","0.19218064340600646"
"51145","0.19318064338074434","0.19318064338074434","0.19318064338074434"
"51146","0.1933806433756919","0.1933806433756919","0.1933806433756919"
"51149","0.19398064336053464","0.19398064336053464","0.19398064336053464"
"51154","0.1941118447504264","0.1941118447504264","0.1941118447504264"
"51157","0.1941118447504264","0.1941118447504264","0.1941118447504264"
"51164","0.1941118447504264","0.1941118447504264","0.1941118447504264"
"51166","0.1941118447504264","0.1941118447504264","0.1941118447504264"
"51179","0.1941118447504264","0.1941118447504264","0.1941118447504264"
"51187","0.1941118447504264","0.1941118447504264","0.1941118447504264"
"51188","0.1941118447504264","0.1941118447504264","0.1941118447504264"
"51194","0.1941118447504264","0.1941118447504264","0.1941118447504264"
"51215","0.1941118447504264","0.1941118447504264","0.1941118447504264"
"51221","0.1941118447504264","0.1941118447504264","0.1941118447504264"
"51239","0.1941118447504264","0.1941118447504264","0.1941118447504264"
"51248","0.1941118447504264","0.1941118447504264","0.1941118447504264"
"51249","0.1941118447504264","0.1941118447504264","0.1941118447504264"
"51250","0.1941118447504264","0.1941118447504264","0.1941118447504264"
"51251","0.19421269633461846","0.19421269633461846","0.19421269633461846"
"51252","0.19431339580111312","0.19431339580111312","0.19431339580111312"
"51262","0.19511783356533827","0.19511783356533827","0.19511783356533827"
"51267","0.19511783356533827","0.19511783356533827","0.19511783356533827"
"51268","0.19511783356533827","0.19511783356533827","0.19511783356533827"
"51279","0.19511783356533827","0.19511783356533827","0.19511783356533827"
"51281","0.19511783356533827","0.19511783356533827","0.19511783356533827"
"51282","0.19511783356533827","0.19511783356533827","0.19511783356533827"
"51283","0.19511783356533827","0.19511783356533827","0.19511783356533827"
"51284","0.19511783356533827","0.19511783356533827","0.19511783356533827"
"51289","0.19511783356533827","0.19511783356533827","0.19511783356533827"
"51291","0.19511783356533827","0.19511783356533827","0.19511783356533827"
"51306","0.19511783356533827","0.19511783356533827","0.19511783356533827"
"51308","0.19511783356533827","0.19511783356533827","0.19511783356533827"
"51313","0.19511783356533827","0.19511783356533827","0.19511783356533827"
"51331","0.19511783356533827","0.19511783356533827","0.19511783356533827"
"51334","0.19511783356533827","0.19511783356533827","0.19511783356533827"
"51350","0.19511783356533827","0.19511783356533827","0.19511783356533827"
"51352","0.19511783356533827","0.19511783356533827","0.19511783356533827"
"51353","0.19511783356533827","0.19511783356533827","0.19511783356533827"
"51354","0.19511783356533827","0.19511783356533827","0.19511783356533827"
"51365","0.19562057804679087","0.19562057804679087","0.19562057804679087"
"51369","0.19602253100670167","0.19602253100670167","0.19602253100670167"
"51379","0.1961226669507238","0.1961226669507238","0.1961226669507238"
"51393","0.1961226669507238","0.1961226669507238","0.1961226669507238"
"51394","0.1961226669507238","0.1961226669507238","0.1961226669507238"
"51399","0.1961226669507238","0.1961226669507238","0.1961226669507238"
"51403","0.1961226669507238","0.1961226669507238","0.1961226669507238"
"51406","0.1961226669507238","0.1961226669507238","0.1961226669507238"
"51412","0.1961226669507238","0.1961226669507238","0.1961226669507238"
"51414","0.1961226669507238","0.1961226669507238","0.1961226669507238"
"51420","0.1961226669507238","0.1961226669507238","0.1961226669507238"
"51426","0.1961226669507238","0.1961226669507238","0.1961226669507238"
"51429","0.1961226669507238","0.1961226669507238","0.1961226669507238"
"51432","0.1961226669507238","0.1961226669507238","0.1961226669507238"
"51439","0.1961226669507238","0.1961226669507238","0.1961226669507238"
"51452","0.1961226669507238","0.1961226669507238","0.1961226669507238"
"51458","0.1961226669507238","0.1961226669507238","0.1961226669507238"
"51459","0.1961226669507238","0.1961226669507238","0.1961226669507238"
"51464","0.1961226669507238","0.1961226669507238","0.1961226669507238"
"51466","0.1961226669507238","0.1961226669507238","0.1961226669507238"
"51484","0.19412266700124806","0.19412266700124806","0.19412266700124806"
"51486","0.19412266700124806","0.19412266700124806","0.19412266700124806"
"51488","0.19412266700124806","0.19412266700124806","0.19412266700124806"
"51489","0.19412266700124806","0.19412266700124806","0.19412266700124806"
"51496","0.19412266700124806","0.19412266700124806","0.19412266700124806"
"51500","0.19412266700124806","0.19412266700124806","0.19412266700124806"
"51503","0.19412266700124806","0.19412266700124806","0.19412266700124806"
"51511","0.19412266700124806","0.19412266700124806","0.19412266700124806"
"51513","0.19412266700124806","0.19412266700124806","0.19412266700124806"
"51519","0.19412266700124806","0.19412266700124806","0.19412266700124806"
"51520","0.19412266700124806","0.19412266700124806","0.19412266700124806"
"51525","0.19412266700124806","0.19412266700124806","0.19412266700124806"
"51531","0.19412266700124806","0.19412266700124806","0.19412266700124806"
"51542","0.19412266700124806","0.19412266700124806","0.19412266700124806"
"51544","0.19412266700124806","0.19412266700124806","0.19412266700124806"
"51549","0.19412266700124806","0.19412266700124806","0.19412266700124806"
"51555","0.19412266700124806","0.19412266700124806","0.19412266700124806"
"51574","0.19412266700124806","0.19412266700124806","0.19412266700124806"
"51585","0.19312266702651018","0.19312266702651018","0.19312266702651018"
"51597","0.1921226670517723","0.1921226670517723","0.1921226670517723"
"51606","0.1921226670517723","0.1921226670517723","0.1921226670517723"
"51607","0.1921226670517723","0.1921226670517723","0.1921226670517723"
"51610","0.1921226670517723","0.1921226670517723","0.1921226670517723"
"51614","0.1921226670517723","0.1921226670517723","0.1921226670517723"
"51620","0.1921226670517723","0.1921226670517723","0.1921226670517723"
"51622","0.1921226670517723","0.1921226670517723","0.1921226670517723"
"51627","0.1921226670517723","0.1921226670517723","0.1921226670517723"
"51632","0.1921226670517723","0.1921226670517723","0.1921226670517723"
"51635","0.1921226670517723","0.1921226670517723","0.1921226670517723"
"51636","0.1921226670517723","0.1921226670517723","0.1921226670517723"
"51639","0.1921226670517723","0.1921226670517723","0.1921226670517723"
"51645","0.1921226670517723","0.1921226670517723","0.1921226670517723"
"51648","0.1921226670517723","0.1921226670517723","0.1921226670517723"
"51649","0.1921226670517723","0.1921226670517723","0.1921226670517723"
"51657","0.1921226670517723","0.1921226670517723","0.1921226670517723"
"51661","0.1921226670517723","0.1921226670517723","0.1921226670517723"
"51667","0.1921226670517723","0.1921226670517723","0.1921226670517723"
"51678","0.1921226670517723","0.1921226670517723","0.1921226670517723"
"51682","0.1921226670517723","0.1921226670517723","0.1921226670517723"
"51684","0.1921226670517723","0.1921226670517723","0.1921226670517723"
"51688","0.1921226670517723","0.1921226670517723","0.1921226670517723"
"51691","0.19192266705682473","0.19192266705682473","0.19192266705682473"
"51693","0.19152266706692958","0.19152266706692958","0.19152266706692958"
"51696","0.19092266708208686","0.19092266708208686","0.19092266708208686"
"51703","0.19012266710229656","0.19012266710229656","0.19012266710229656"
"51710","0.19012266710229656","0.19012266710229656","0.19012266710229656"
"51716","0.19012266710229656","0.19012266710229656","0.19012266710229656"
"51717","0.19012266710229656","0.19012266710229656","0.19012266710229656"
"51720","0.19012266710229656","0.19012266710229656","0.19012266710229656"
"51721","0.19012266710229656","0.19012266710229656","0.19012266710229656"
"51727","0.19012266710229656","0.19012266710229656","0.19012266710229656"
"51751","0.19012266710229656","0.19012266710229656","0.19012266710229656"
"51752","0.19012266710229656","0.19012266710229656","0.19012266710229656"
"51754","0.19012266710229656","0.19012266710229656","0.19012266710229656"
"51755","0.19012266710229656","0.19012266710229656","0.19012266710229656"
"51758","0.19012266710229656","0.19012266710229656","0.19012266710229656"
"51760","0.19012266710229656","0.19012266710229656","0.19012266710229656"
"51763","0.19012266710229656","0.19012266710229656","0.19012266710229656"
"51788","0.19012266710229656","0.19012266710229656","0.19012266710229656"
"51792","0.19012266710229656","0.19012266710229656","0.19012266710229656"
"51801","0.19032266709724413","0.19032266709724413","0.19032266709724413"
"51807","0.19152266706692958","0.19152266706692958","0.19152266706692958"
"51809","0.19192266705682473","0.19192266705682473","0.19192266705682473"
"51810","0.1921226670517723","0.1921226670517723","0.1921226670517723"
"51821","0.1921226670517723","0.1921226670517723","0.1921226670517723"
"51831","0.1921226670517723","0.1921226670517723","0.1921226670517723"
"51841","0.1921226670517723","0.1921226670517723","0.1921226670517723"
"51847","0.1921226670517723","0.1921226670517723","0.1921226670517723"
"51852","0.1921226670517723","0.1921226670517723","0.1921226670517723"
"51853","0.1921226670517723","0.1921226670517723","0.1921226670517723"
"51859","0.1921226670517723","0.1921226670517723","0.1921226670517723"
"51861","0.1921226670517723","0.1921226670517723","0.1921226670517723"
"51866","0.1921226670517723","0.1921226670517723","0.1921226670517723"
"51879","0.1921226670517723","0.1921226670517723","0.1921226670517723"
"51883","0.1921226670517723","0.1921226670517723","0.1921226670517723"
"51885","0.1921226670517723","0.1921226670517723","0.1921226670517723"
"51893","0.1921226670517723","0.1921226670517723","0.1921226670517723"
"51894","0.1921226670517723","0.1921226670517723","0.1921226670517723"
"51897","0.1921226670517723","0.1921226670517723","0.1921226670517723"
"51916","0.19157463089551188","0.19157463089551188","0.19157463089551188"
"51917","0.1913746309005643","0.1913746309005643","0.1913746309005643"
"51925","0.19077463091572158","0.19077463091572158","0.19077463091572158"
"51928","0.19077463091572158","0.19077463091572158","0.19077463091572158"
"51935","0.19077463091572158","0.19077463091572158","0.19077463091572158"
"51950","0.19077463091572158","0.19077463091572158","0.19077463091572158"
"51975","0.19077463091572158","0.19077463091572158","0.19077463091572158"
"51978","0.19077463091572158","0.19077463091572158","0.19077463091572158"
"51979","0.19077463091572158","0.19077463091572158","0.19077463091572158"
"51984","0.19077463091572158","0.19077463091572158","0.19077463091572158"
"51988","0.19077463091572158","0.19077463091572158","0.19077463091572158"
"52005","0.19077463091572158","0.19077463091572158","0.19077463091572158"
"52008","0.19077463091572158","0.19077463091572158","0.19077463091572158"
"52012","0.19077463091572158","0.19077463091572158","0.19077463091572158"
"52016","0.19077463091572158","0.19077463091572158","0.19077463091572158"
"52021","0.190574630920774","0.190574630920774","0.190574630920774"
"52024","0.18997463093593128","0.18997463093593128","0.18997463093593128"
"52027","0.18937463095108856","0.18937463095108856","0.18937463095108856"
"52028","0.18917463095614098","0.18917463095614098","0.18917463095614098"
"52034","0.18877463096624583","0.18877463096624583","0.18877463096624583"
"52040","0.18877463096624583","0.18877463096624583","0.18877463096624583"
"52044","0.18877463096624583","0.18877463096624583","0.18877463096624583"
"52053","0.18877463096624583","0.18877463096624583","0.18877463096624583"
"52071","0.18877463096624583","0.18877463096624583","0.18877463096624583"
"52076","0.18877463096624583","0.18877463096624583","0.18877463096624583"
"52089","0.18877463096624583","0.18877463096624583","0.18877463096624583"
"52108","0.18877463096624583","0.18877463096624583","0.18877463096624583"
"52128","0.18877463096624583","0.18877463096624583","0.18877463096624583"
"52130","0.18877463096624583","0.18877463096624583","0.18877463096624583"
"52131","0.1889746309611934","0.1889746309611934","0.1889746309611934"
"52132","0.18917463095614098","0.18917463095614098","0.18917463095614098"
"52134","0.18957463094603613","0.18957463094603613","0.18957463094603613"
"52143","0.19077463091572158","0.19077463091572158","0.19077463091572158"
"52159","0.19077463091572158","0.19077463091572158","0.19077463091572158"
"52180","0.19077463091572158","0.19077463091572158","0.19077463091572158"
"52181","0.19077463091572158","0.19077463091572158","0.19077463091572158"
"52190","0.19077463091572158","0.19077463091572158","0.19077463091572158"
"52191","0.19077463091572158","0.19077463091572158","0.19077463091572158"
"52194","0.19077463091572158","0.19077463091572158","0.19077463091572158"
"52206","0.19077463091572158","0.19077463091572158","0.19077463091572158"
"52209","0.19077463091572158","0.19077463091572158","0.19077463091572158"
"52210","0.19077463091572158","0.19077463091572158","0.19077463091572158"
"52214","0.19077463091572158","0.19077463091572158","0.19077463091572158"
"52219","0.19077463091572158","0.19077463091572158","0.19077463091572158"
"52230","0.19077463091572158","0.19077463091572158","0.19077463091572158"
"52231","0.19077463091572158","0.19077463091572158","0.19077463091572158"
"52232","0.19077463091572158","0.19077463091572158","0.19077463091572158"
"52242","0.19037463092582643","0.19037463092582643","0.19037463092582643"
"52252","0.18877463096624583","0.18877463096624583","0.18877463096624583"
"52254","0.18877463096624583","0.18877463096624583","0.18877463096624583"
"52261","0.18877463096624583","0.18877463096624583","0.18877463096624583"
"52262","0.18877463096624583","0.18877463096624583","0.18877463096624583"
"52265","0.18877463096624583","0.18877463096624583","0.18877463096624583"
"52271","0.18877463096624583","0.18877463096624583","0.18877463096624583"
"52275","0.18877463096624583","0.18877463096624583","0.18877463096624583"
"52282","0.18877463096624583","0.18877463096624583","0.18877463096624583"
"52284","0.18877463096624583","0.18877463096624583","0.18877463096624583"
"52286","0.18877463096624583","0.18877463096624583","0.18877463096624583"
"52297","0.18877463096624583","0.18877463096624583","0.18877463096624583"
"52304","0.18877463096624583","0.18877463096624583","0.18877463096624583"
"52308","0.18877463096624583","0.18877463096624583","0.18877463096624583"
"52311","0.18877463096624583","0.18877463096624583","0.18877463096624583"
"52315","0.18877463096624583","0.18877463096624583","0.18877463096624583"
"52329","0.18877463096624583","0.18877463096624583","0.18877463096624583"
"52333","0.18877463096624583","0.18877463096624583","0.18877463096624583"
"52338","0.18877463096624583","0.18877463096624583","0.18877463096624583"
"52341","0.18877463096624583","0.18877463096624583","0.18877463096624583"
"52344","0.18877463096624583","0.18877463096624583","0.18877463096624583"
"52349","0.18877463096624583","0.18877463096624583","0.18877463096624583"
"52357","0.19017463093087886","0.19017463093087886","0.19017463093087886"
"52358","0.19037463092582643","0.19037463092582643","0.19037463092582643"
"52365","0.19077463091572158","0.19077463091572158","0.19077463091572158"
"52366","0.19077463091572158","0.19077463091572158","0.19077463091572158"
"52379","0.19077463091572158","0.19077463091572158","0.19077463091572158"
"52382","0.19077463091572158","0.19077463091572158","0.19077463091572158"
"52400","0.19077463091572158","0.19077463091572158","0.19077463091572158"
"52402","0.19077463091572158","0.19077463091572158","0.19077463091572158"
"52409","0.19077463091572158","0.19077463091572158","0.19077463091572158"
"52423","0.19077463091572158","0.19077463091572158","0.19077463091572158"
"52429","0.19077463091572158","0.19077463091572158","0.19077463091572158"
"52438","0.19077463091572158","0.19077463091572158","0.19077463091572158"
"52441","0.19077463091572158","0.19077463091572158","0.19077463091572158"
"52448","0.19077463091572158","0.19077463091572158","0.19077463091572158"
"52455","0.19077463091572158","0.19077463091572158","0.19077463091572158"
"52457","0.19077463091572158","0.19077463091572158","0.19077463091572158"
"52460","0.19077463091572158","0.19077463091572158","0.19077463091572158"
"52479","0.19277463086519733","0.19277463086519733","0.19277463086519733"
"52484","0.19277463086519733","0.19277463086519733","0.19277463086519733"
"52486","0.19277463086519733","0.19277463086519733","0.19277463086519733"
"52512","0.19277463086519733","0.19277463086519733","0.19277463086519733"
"52514","0.19277463086519733","0.19277463086519733","0.19277463086519733"
"52518","0.19277463086519733","0.19277463086519733","0.19277463086519733"
"52521","0.19277463086519733","0.19277463086519733","0.19277463086519733"
"52533","0.19277463086519733","0.19277463086519733","0.19277463086519733"
"52543","0.19277463086519733","0.19277463086519733","0.19277463086519733"
"52567","0.19277463086519733","0.19277463086519733","0.19277463086519733"
"52570","0.19277463086519733","0.19277463086519733","0.19277463086519733"
"52580","0.19082681849296082","0.19082681849296082","0.19082681849296082"
"52581","0.19082681849296082","0.19082681849296082","0.19082681849296082"
"52586","0.19082681849296082","0.19082681849296082","0.19082681849296082"
"52592","0.19082681849296082","0.19082681849296082","0.19082681849296082"
"52593","0.19082681849296082","0.19082681849296082","0.19082681849296082"
"52595","0.19082681849296082","0.19082681849296082","0.19082681849296082"
"52597","0.19082681849296082","0.19082681849296082","0.19082681849296082"
"52601","0.19082681849296082","0.19082681849296082","0.19082681849296082"
"52602","0.19082681849296082","0.19082681849296082","0.19082681849296082"
"52609","0.19082681849296082","0.19082681849296082","0.19082681849296082"
"52610","0.19082681849296082","0.19082681849296082","0.19082681849296082"
"52613","0.19082681849296082","0.19082681849296082","0.19082681849296082"
"52617","0.19082681849296082","0.19082681849296082","0.19082681849296082"
"52621","0.19082681849296082","0.19082681849296082","0.19082681849296082"
"52625","0.19082681849296082","0.19082681849296082","0.19082681849296082"
"52627","0.19082681849296082","0.19082681849296082","0.19082681849296082"
"52631","0.19082681849296082","0.19082681849296082","0.19082681849296082"
"52632","0.19082681849296082","0.19082681849296082","0.19082681849296082"
"52639","0.19082681849296082","0.19082681849296082","0.19082681849296082"
"52644","0.19082681849296082","0.19082681849296082","0.19082681849296082"
"52645","0.19082681849296082","0.19082681849296082","0.19082681849296082"
"52655","0.19082681849296082","0.19082681849296082","0.19082681849296082"
"52670","0.19082681849296082","0.19082681849296082","0.19082681849296082"
"52689","0.18902681853843264","0.18902681853843264","0.18902681853843264"
"52706","0.18882681854348507","0.18882681854348507","0.18882681854348507"
"52711","0.18882681854348507","0.18882681854348507","0.18882681854348507"
"52720","0.18882681854348507","0.18882681854348507","0.18882681854348507"
"52727","0.18882681854348507","0.18882681854348507","0.18882681854348507"
"52738","0.18882681854348507","0.18882681854348507","0.18882681854348507"
"52742","0.18882681854348507","0.18882681854348507","0.18882681854348507"
"52743","0.18882681854348507","0.18882681854348507","0.18882681854348507"
"52748","0.18882681854348507","0.18882681854348507","0.18882681854348507"
"52749","0.18882681854348507","0.18882681854348507","0.18882681854348507"
"52753","0.18882681854348507","0.18882681854348507","0.18882681854348507"
"52759","0.18882681854348507","0.18882681854348507","0.18882681854348507"
"52770","0.18882681854348507","0.18882681854348507","0.18882681854348507"
"52778","0.18882681854348507","0.18882681854348507","0.18882681854348507"
"52789","0.18882681854348507","0.18882681854348507","0.18882681854348507"
"52791","0.1886268185485375","0.1886268185485375","0.1886268185485375"
"52792","0.18842681855358992","0.18842681855358992","0.18842681855358992"
"52799","0.1870268185889569","0.1870268185889569","0.1870268185889569"
"52803","0.18682681859400932","0.18682681859400932","0.18682681859400932"
"52806","0.18682681859400932","0.18682681859400932","0.18682681859400932"
"52809","0.18682681859400932","0.18682681859400932","0.18682681859400932"
"52819","0.18682681859400932","0.18682681859400932","0.18682681859400932"
"52822","0.18682681859400932","0.18682681859400932","0.18682681859400932"
"52827","0.18682681859400932","0.18682681859400932","0.18682681859400932"
"52830","0.18682681859400932","0.18682681859400932","0.18682681859400932"
"52853","0.18682681859400932","0.18682681859400932","0.18682681859400932"
"52859","0.18682681859400932","0.18682681859400932","0.18682681859400932"
"52867","0.18682681859400932","0.18682681859400932","0.18682681859400932"
"52870","0.18682681859400932","0.18682681859400932","0.18682681859400932"
"52890","0.18682681859400932","0.18682681859400932","0.18682681859400932"
"52901","0.1870268185889569","0.1870268185889569","0.1870268185889569"
"52903","0.18742681857885204","0.18742681857885204","0.18742681857885204"
"52909","0.1886268185485375","0.1886268185485375","0.1886268185485375"
"52911","0.18882681854348507","0.18882681854348507","0.18882681854348507"
"52914","0.18882681854348507","0.18882681854348507","0.18882681854348507"
"52918","0.18882681854348507","0.18882681854348507","0.18882681854348507"
"52921","0.18882681854348507","0.18882681854348507","0.18882681854348507"
"52924","0.18882681854348507","0.18882681854348507","0.18882681854348507"
"52925","0.18882681854348507","0.18882681854348507","0.18882681854348507"
"52927","0.18882681854348507","0.18882681854348507","0.18882681854348507"
"52928","0.18882681854348507","0.18882681854348507","0.18882681854348507"
"52935","0.18882681854348507","0.18882681854348507","0.18882681854348507"
"52938","0.18882681854348507","0.18882681854348507","0.18882681854348507"
"52941","0.18882681854348507","0.18882681854348507","0.18882681854348507"
"52944","0.18882681854348507","0.18882681854348507","0.18882681854348507"
"52947","0.18882681854348507","0.18882681854348507","0.18882681854348507"
"52950","0.18882681854348507","0.18882681854348507","0.18882681854348507"
"52952","0.18882681854348507","0.18882681854348507","0.18882681854348507"
"52955","0.18882681854348507","0.18882681854348507","0.18882681854348507"
"52956","0.18882681854348507","0.18882681854348507","0.18882681854348507"
"52959","0.18882681854348507","0.18882681854348507","0.18882681854348507"
"52960","0.18882681854348507","0.18882681854348507","0.18882681854348507"
"52961","0.18882681854348507","0.18882681854348507","0.18882681854348507"
"52962","0.18882681854348507","0.18882681854348507","0.18882681854348507"
"52966","0.18882681854348507","0.18882681854348507","0.18882681854348507"
"52967","0.18882681854348507","0.18882681854348507","0.18882681854348507"
"52969","0.18882681854348507","0.18882681854348507","0.18882681854348507"
"52981","0.18882681854348507","0.18882681854348507","0.18882681854348507"
"52986","0.18882681854348507","0.18882681854348507","0.18882681854348507"
"52989","0.18882681854348507","0.18882681854348507","0.18882681854348507"
"53007","0.18882681854348507","0.18882681854348507","0.18882681854348507"
"53012","0.18842681855358992","0.18842681855358992","0.18842681855358992"
"53017","0.18742681857885204","0.18742681857885204","0.18742681857885204"
"53021","0.18682681859400932","0.18682681859400932","0.18682681859400932"
"53048","0.18682681859400932","0.18682681859400932","0.18682681859400932"
"53051","0.18682681859400932","0.18682681859400932","0.18682681859400932"
"53054","0.18682681859400932","0.18682681859400932","0.18682681859400932"
"53055","0.18682681859400932","0.18682681859400932","0.18682681859400932"
"53061","0.18682681859400932","0.18682681859400932","0.18682681859400932"
"53071","0.18682681859400932","0.18682681859400932","0.18682681859400932"
"53086","0.18682681859400932","0.18682681859400932","0.18682681859400932"
"53087","0.18682681859400932","0.18682681859400932","0.18682681859400932"
"53088","0.18682681859400932","0.18682681859400932","0.18682681859400932"
"53108","0.18682681859400932","0.18682681859400932","0.18682681859400932"
"53116","0.18682681859400932","0.18682681859400932","0.18682681859400932"
"53135","0.18882681854348507","0.18882681854348507","0.18882681854348507"
"53138","0.18882681854348507","0.18882681854348507","0.18882681854348507"
"53141","0.18882681854348507","0.18882681854348507","0.18882681854348507"
"53142","0.18882681854348507","0.18882681854348507","0.18882681854348507"
"53143","0.18882681854348507","0.18882681854348507","0.18882681854348507"
"53146","0.18882681854348507","0.18882681854348507","0.18882681854348507"
"53149","0.18882681854348507","0.18882681854348507","0.18882681854348507"
"53161","0.18882681854348507","0.18882681854348507","0.18882681854348507"
"53173","0.18882681854348507","0.18882681854348507","0.18882681854348507"
"53175","0.18882681854348507","0.18882681854348507","0.18882681854348507"
"53177","0.18882681854348507","0.18882681854348507","0.18882681854348507"
"53178","0.18882681854348507","0.18882681854348507","0.18882681854348507"
"53191","0.18882681854348507","0.18882681854348507","0.18882681854348507"
"53197","0.18882681854348507","0.18882681854348507","0.18882681854348507"
"53202","0.18882681854348507","0.18882681854348507","0.18882681854348507"
"53203","0.18882681854348507","0.18882681854348507","0.18882681854348507"
"53207","0.18882681854348507","0.18882681854348507","0.18882681854348507"
"53211","0.18882681854348507","0.18882681854348507","0.18882681854348507"
"53215","0.18882681854348507","0.18882681854348507","0.18882681854348507"
"53223","0.18882681854348507","0.18882681854348507","0.18882681854348507"
"53224","0.18882681854348507","0.18882681854348507","0.18882681854348507"
"53225","0.18882681854348507","0.18882681854348507","0.18882681854348507"
"53227","0.18882681854348507","0.18882681854348507","0.18882681854348507"
"53231","0.1886268185485375","0.1886268185485375","0.1886268185485375"
"53232","0.18842681855358992","0.18842681855358992","0.18842681855358992"
"53253","0.18682681859400932","0.18682681859400932","0.18682681859400932"
"53273","0.18682681859400932","0.18682681859400932","0.18682681859400932"
"53274","0.18682681859400932","0.18682681859400932","0.18682681859400932"
"53286","0.18682681859400932","0.18682681859400932","0.18682681859400932"
"53292","0.18682681859400932","0.18682681859400932","0.18682681859400932"
"53296","0.18682681859400932","0.18682681859400932","0.18682681859400932"
"53321","0.18682681859400932","0.18682681859400932","0.18682681859400932"
"53325","0.18682681859400932","0.18682681859400932","0.18682681859400932"
"53330","0.18682681859400932","0.18682681859400932","0.18682681859400932"
"53359","0.18882681854348507","0.18882681854348507","0.18882681854348507"
"53370","0.18882681854348507","0.18882681854348507","0.18882681854348507"
"53376","0.18882681854348507","0.18882681854348507","0.18882681854348507"
"53382","0.18882681854348507","0.18882681854348507","0.18882681854348507"
"53388","0.18882681854348507","0.18882681854348507","0.18882681854348507"
"53392","0.18882681854348507","0.18882681854348507","0.18882681854348507"
"53396","0.18882681854348507","0.18882681854348507","0.18882681854348507"
"53399","0.18882681854348507","0.18882681854348507","0.18882681854348507"
"53400","0.18882681854348507","0.18882681854348507","0.18882681854348507"
"53405","0.18882681854348507","0.18882681854348507","0.18882681854348507"
"53408","0.18882681854348507","0.18882681854348507","0.18882681854348507"
"53410","0.18882681854348507","0.18882681854348507","0.18882681854348507"
"53421","0.18882681854348507","0.18882681854348507","0.18882681854348507"
"53427","0.18882681854348507","0.18882681854348507","0.18882681854348507"
"53428","0.18882681854348507","0.18882681854348507","0.18882681854348507"
"53431","0.18882681854348507","0.18882681854348507","0.18882681854348507"
"53436","0.18882681854348507","0.18882681854348507","0.18882681854348507"
"53440","0.18882681854348507","0.18882681854348507","0.18882681854348507"
"53441","0.18882681854348507","0.18882681854348507","0.18882681854348507"
"53442","0.18882681854348507","0.18882681854348507","0.18882681854348507"
"53449","0.18882681854348507","0.18882681854348507","0.18882681854348507"
"53452","0.18842681855358992","0.18842681855358992","0.18842681855358992"
"53454","0.18802681856369477","0.18802681856369477","0.18802681856369477"
"53457","0.18742681857885204","0.18742681857885204","0.18742681857885204"
"53461","0.18682681859400932","0.18682681859400932","0.18682681859400932"
"53484","0.18682681859400932","0.18682681859400932","0.18682681859400932"
"53490","0.18682681859400932","0.18682681859400932","0.18682681859400932"
"53495","0.18682681859400932","0.18682681859400932","0.18682681859400932"
"53500","0.18682681859400932","0.18682681859400932","0.18682681859400932"
"53504","0.18682681859400932","0.18682681859400932","0.18682681859400932"
"53506","0.18682681859400932","0.18682681859400932","0.18682681859400932"
"53511","0.18682681859400932","0.18682681859400932","0.18682681859400932"
"53512","0.18682681859400932","0.18682681859400932","0.18682681859400932"
"53517","0.18682681859400932","0.18682681859400932","0.18682681859400932"
"53522","0.18682681859400932","0.18682681859400932","0.18682681859400932"
"53531","0.18682681859400932","0.18682681859400932","0.18682681859400932"
"53539","0.18682681859400932","0.18682681859400932","0.18682681859400932"
"53542","0.18682681859400932","0.18682681859400932","0.18682681859400932"
"53551","0.18682681859400932","0.18682681859400932","0.18682681859400932"
"53553","0.18682681859400932","0.18682681859400932","0.18682681859400932"
"53557","0.18682681859400932","0.18682681859400932","0.18682681859400932"
"53568","0.18522681863442872","0.18522681863442872","0.18522681863442872"
"53569","0.18502681863948114","0.18502681863948114","0.18502681863948114"
"53580","0.18482681864453357","0.18482681864453357","0.18482681864453357"
"53587","0.18482681864453357","0.18482681864453357","0.18482681864453357"
"53590","0.18482681864453357","0.18482681864453357","0.18482681864453357"
"53592","0.18482681864453357","0.18482681864453357","0.18482681864453357"
"53593","0.18482681864453357","0.18482681864453357","0.18482681864453357"
"53594","0.18482681864453357","0.18482681864453357","0.18482681864453357"
"53598","0.18482681864453357","0.18482681864453357","0.18482681864453357"
"53608","0.18482681864453357","0.18482681864453357","0.18482681864453357"
"53615","0.18482681864453357","0.18482681864453357","0.18482681864453357"
"53625","0.18482681864453357","0.18482681864453357","0.18482681864453357"
"53629","0.18482681864453357","0.18482681864453357","0.18482681864453357"
"53633","0.18482681864453357","0.18482681864453357","0.18482681864453357"
"53635","0.18482681864453357","0.18482681864453357","0.18482681864453357"
"53642","0.18482681864453357","0.18482681864453357","0.18482681864453357"
"53672","0.18522681863442872","0.18522681863442872","0.18522681863442872"
"53674","0.18562681862432387","0.18562681862432387","0.18562681862432387"
"53685","0.18682681859400932","0.18682681859400932","0.18682681859400932"
"53687","0.18682681859400932","0.18682681859400932","0.18682681859400932"
"53688","0.18682681859400932","0.18682681859400932","0.18682681859400932"
"53691","0.18682681859400932","0.18682681859400932","0.18682681859400932"
"53692","0.18682681859400932","0.18682681859400932","0.18682681859400932"
"53695","0.18682681859400932","0.18682681859400932","0.18682681859400932"
"53717","0.18682681859400932","0.18682681859400932","0.18682681859400932"
"53721","0.18682681859400932","0.18682681859400932","0.18682681859400932"
"53729","0.18682681859400932","0.18682681859400932","0.18682681859400932"
"53739","0.18682681859400932","0.18682681859400932","0.18682681859400932"
"53744","0.18682681859400932","0.18682681859400932","0.18682681859400932"
"53754","0.18682681859400932","0.18682681859400932","0.18682681859400932"
"53772","0.18682681859400932","0.18682681859400932","0.18682681859400932"
"53795","0.18882681854348507","0.18882681854348507","0.18882681854348507"
"53796","0.18882681854348507","0.18882681854348507","0.18882681854348507"
"53797","0.18882681854348507","0.18882681854348507","0.18882681854348507"
"53800","0.18882681854348507","0.18882681854348507","0.18882681854348507"
"53806","0.18882681854348507","0.18882681854348507","0.18882681854348507"
"53812","0.18882681854348507","0.18882681854348507","0.18882681854348507"
"53815","0.18882681854348507","0.18882681854348507","0.18882681854348507"
"53824","0.18882681854348507","0.18882681854348507","0.18882681854348507"
"53831","0.18882681854348507","0.18882681854348507","0.18882681854348507"
"53832","0.18882681854348507","0.18882681854348507","0.18882681854348507"
"53837","0.18882681854348507","0.18882681854348507","0.18882681854348507"
"53855","0.18882681854348507","0.18882681854348507","0.18882681854348507"
"53886","0.18882681854348507","0.18882681854348507","0.18882681854348507"
"53899","0.19062681849801325","0.19062681849801325","0.19062681849801325"
"53905","0.19082681849296082","0.19082681849296082","0.19082681849296082"
"53907","0.19082681849296082","0.19082681849296082","0.19082681849296082"
"53917","0.19082681849296082","0.19082681849296082","0.19082681849296082"
"53918","0.19082681849296082","0.19082681849296082","0.19082681849296082"
"53919","0.19082681849296082","0.19082681849296082","0.19082681849296082"
"53920","0.19082681849296082","0.19082681849296082","0.19082681849296082"
"53925","0.19082681849296082","0.19082681849296082","0.19082681849296082"
"53943","0.19082681849296082","0.19082681849296082","0.19082681849296082"
"53944","0.19082681849296082","0.19082681849296082","0.19082681849296082"
"53947","0.19082681849296082","0.19082681849296082","0.19082681849296082"
"53948","0.19082681849296082","0.19082681849296082","0.19082681849296082"
"53964","0.19082681849296082","0.19082681849296082","0.19082681849296082"
"53973","0.19082681849296082","0.19082681849296082","0.19082681849296082"
"53975","0.19082681849296082","0.19082681849296082","0.19082681849296082"
"53979","0.19082681849296082","0.19082681849296082","0.19082681849296082"
"53988","0.19082681849296082","0.19082681849296082","0.19082681849296082"
"53989","0.19082681849296082","0.19082681849296082","0.19082681849296082"
"54006","0.1904149173137836","0.1904149173137836","0.1904149173137836"
"54020","0.19010561478988544","0.19010561478988544","0.19010561478988544"
"54023","0.19010561478988544","0.19010561478988544","0.19010561478988544"
"54028","0.19010561478988544","0.19010561478988544","0.19010561478988544"
"54032","0.19010561478988544","0.19010561478988544","0.19010561478988544"
"54070","0.19010561478988544","0.19010561478988544","0.19010561478988544"
"54071","0.19010561478988544","0.19010561478988544","0.19010561478988544"
"54073","0.19010561478988544","0.19010561478988544","0.19010561478988544"
"54076","0.19010561478988544","0.19010561478988544","0.19010561478988544"
"54089","0.19010561478988544","0.19010561478988544","0.19010561478988544"
"54098","0.19010561478988544","0.19010561478988544","0.19010561478988544"
"54102","0.19010561478988544","0.19010561478988544","0.19010561478988544"
"54104","0.19010561478988544","0.19010561478988544","0.19010561478988544"
"54107","0.19010561478988544","0.19010561478988544","0.19010561478988544"
"54123","0.19110937340582887","0.19110937340582887","0.19110937340582887"
"54124","0.19110937340582887","0.19110937340582887","0.19110937340582887"
"54129","0.19110937340582887","0.19110937340582887","0.19110937340582887"
"54131","0.19110937340582887","0.19110937340582887","0.19110937340582887"
"54145","0.19110937340582887","0.19110937340582887","0.19110937340582887"
"54146","0.19110937340582887","0.19110937340582887","0.19110937340582887"
"54153","0.19110937340582887","0.19110937340582887","0.19110937340582887"
"54156","0.19110937340582887","0.19110937340582887","0.19110937340582887"
"54158","0.19110937340582887","0.19110937340582887","0.19110937340582887"
"54161","0.19110937340582887","0.19110937340582887","0.19110937340582887"
"54163","0.19110937340582887","0.19110937340582887","0.19110937340582887"
"54164","0.19110937340582887","0.19110937340582887","0.19110937340582887"
"54165","0.19110937340582887","0.19110937340582887","0.19110937340582887"
"54173","0.19110937340582887","0.19110937340582887","0.19110937340582887"
"54184","0.19110937340582887","0.19110937340582887","0.19110937340582887"
"54187","0.19110937340582887","0.19110937340582887","0.19110937340582887"
"54196","0.19110937340582887","0.19110937340582887","0.19110937340582887"
"54204","0.19110937340582887","0.19110937340582887","0.19110937340582887"
"54206","0.19110937340582887","0.19110937340582887","0.19110937340582887"
"54212","0.19110937340582887","0.19110937340582887","0.19110937340582887"
"54213","0.19110937340582887","0.19110937340582887","0.19110937340582887"
"54214","0.19110937340582887","0.19110937340582887","0.19110937340582887"
"54216","0.19110937340582887","0.19110937340582887","0.19110937340582887"
"54219","0.19110937340582887","0.19110937340582887","0.19110937340582887"
"54228","0.18957527867741583","0.18957527867741583","0.18957527867741583"
"54231","0.18917527868752068","0.18917527868752068","0.18917527868752068"
"54238","0.18917527868752068","0.18917527868752068","0.18917527868752068"
"54246","0.18917527868752068","0.18917527868752068","0.18917527868752068"
"54247","0.18917527868752068","0.18917527868752068","0.18917527868752068"
"54254","0.18917527868752068","0.18917527868752068","0.18917527868752068"
"54256","0.18917527868752068","0.18917527868752068","0.18917527868752068"
"54271","0.18917527868752068","0.18917527868752068","0.18917527868752068"
"54280","0.18917527868752068","0.18917527868752068","0.18917527868752068"
"54281","0.18917527868752068","0.18917527868752068","0.18917527868752068"
"54286","0.18917527868752068","0.18917527868752068","0.18917527868752068"
"54287","0.18917527868752068","0.18917527868752068","0.18917527868752068"
"54292","0.18917527868752068","0.18917527868752068","0.18917527868752068"
"54301","0.18917527868752068","0.18917527868752068","0.18917527868752068"
"54320","0.18917527868752068","0.18917527868752068","0.18917527868752068"
"54326","0.18917527868752068","0.18917527868752068","0.18917527868752068"
"54331","0.18937527868246826","0.18937527868246826","0.18937527868246826"
"54353","0.19111084333702555","0.19111084333702555","0.19111084333702555"
"54357","0.19111084333702555","0.19111084333702555","0.19111084333702555"
"54358","0.19111084333702555","0.19111084333702555","0.19111084333702555"
"54359","0.19111084333702555","0.19111084333702555","0.19111084333702555"
"54363","0.19111084333702555","0.19111084333702555","0.19111084333702555"
"54364","0.19111084333702555","0.19111084333702555","0.19111084333702555"
"54371","0.19111084333702555","0.19111084333702555","0.19111084333702555"
"54379","0.19111084333702555","0.19111084333702555","0.19111084333702555"
"54398","0.19111084333702555","0.19111084333702555","0.19111084333702555"
"54400","0.19111084333702555","0.19111084333702555","0.19111084333702555"
"54401","0.19111084333702555","0.19111084333702555","0.19111084333702555"
"54403","0.19111084333702555","0.19111084333702555","0.19111084333702555"
"54404","0.19111084333702555","0.19111084333702555","0.19111084333702555"
"54413","0.19111084333702555","0.19111084333702555","0.19111084333702555"
"54415","0.19111084333702555","0.19111084333702555","0.19111084333702555"
"54417","0.19111084333702555","0.19111084333702555","0.19111084333702555"
"54434","0.19111084333702555","0.19111084333702555","0.19111084333702555"
"54443","0.1914113092776531","0.1914113092776531","0.1914113092776531"
"54444","0.1915115903222867","0.1915115903222867","0.1915115903222867"
"54445","0.1916120917217268","0.1916120917217268","0.1916120917217268"
"54452","0.19211431416416103","0.19211431416416103","0.19211431416416103"
"54462","0.19211431416416103","0.19211431416416103","0.19211431416416103"
"54471","0.19211431416416103","0.19211431416416103","0.19211431416416103"
"54475","0.19211431416416103","0.19211431416416103","0.19211431416416103"
"54483","0.19211431416416103","0.19211431416416103","0.19211431416416103"
"54489","0.19211431416416103","0.19211431416416103","0.19211431416416103"
"54491","0.19211431416416103","0.19211431416416103","0.19211431416416103"
"54493","0.19211431416416103","0.19211431416416103","0.19211431416416103"
"54508","0.19211431416416103","0.19211431416416103","0.19211431416416103"
"54510","0.19211431416416103","0.19211431416416103","0.19211431416416103"
"54514","0.19211431416416103","0.19211431416416103","0.19211431416416103"
"54523","0.19211431416416103","0.19211431416416103","0.19211431416416103"
"54525","0.19211431416416103","0.19211431416416103","0.19211431416416103"
"54531","0.19211431416416103","0.19211431416416103","0.19211431416416103"
"54533","0.19211431416416103","0.19211431416416103","0.19211431416416103"
"54541","0.19211431416416103","0.19211431416416103","0.19211431416416103"
"54559","0.19121248185557618","0.19121248185557618","0.19121248185557618"
"54563","0.19111241983611882","0.19111241983611882","0.19111241983611882"
"54565","0.19111241983611882","0.19111241983611882","0.19111241983611882"
"54568","0.19111241983611882","0.19111241983611882","0.19111241983611882"
"54569","0.19111241983611882","0.19111241983611882","0.19111241983611882"
"54571","0.19111241983611882","0.19111241983611882","0.19111241983611882"
"54578","0.19111241983611882","0.19111241983611882","0.19111241983611882"
"54585","0.19111241983611882","0.19111241983611882","0.19111241983611882"
"54595","0.19111241983611882","0.19111241983611882","0.19111241983611882"
"54598","0.19111241983611882","0.19111241983611882","0.19111241983611882"
"54606","0.19111241983611882","0.19111241983611882","0.19111241983611882"
"54609","0.19111241983611882","0.19111241983611882","0.19111241983611882"
"54611","0.19111241983611882","0.19111241983611882","0.19111241983611882"
"54613","0.19111241983611882","0.19111241983611882","0.19111241983611882"
"54614","0.19111241983611882","0.19111241983611882","0.19111241983611882"
"54617","0.19111241983611882","0.19111241983611882","0.19111241983611882"
"54629","0.19111241983611882","0.19111241983611882","0.19111241983611882"
"54645","0.19111241983611882","0.19111241983611882","0.19111241983611882"
"54671","0.18911241988664307","0.18911241988664307","0.18911241988664307"
"54676","0.18911241988664307","0.18911241988664307","0.18911241988664307"
"54685","0.18911241988664307","0.18911241988664307","0.18911241988664307"
"54688","0.18911241988664307","0.18911241988664307","0.18911241988664307"
"54689","0.18911241988664307","0.18911241988664307","0.18911241988664307"
"54707","0.18911241988664307","0.18911241988664307","0.18911241988664307"
"54709","0.18911241988664307","0.18911241988664307","0.18911241988664307"
"54720","0.18911241988664307","0.18911241988664307","0.18911241988664307"
"54726","0.18911241988664307","0.18911241988664307","0.18911241988664307"
"54738","0.18911241988664307","0.18911241988664307","0.18911241988664307"
"54745","0.18911241988664307","0.18911241988664307","0.18911241988664307"
"54752","0.18911241988664307","0.18911241988664307","0.18911241988664307"
"54755","0.18911241988664307","0.18911241988664307","0.18911241988664307"
"54757","0.18911241988664307","0.18911241988664307","0.18911241988664307"
"54776","0.1888704492796217","0.1888704492796217","0.1888704492796217"
"54778","0.1886087462901026","0.1886087462901026","0.1886087462901026"
"54785","0.18869687301614368","0.18869687301614368","0.18869687301614368"
"54788","0.18869687301614368","0.18869687301614368","0.18869687301614368"
"54789","0.18869687301614368","0.18869687301614368","0.18869687301614368"
"54801","0.18869687301614368","0.18869687301614368","0.18869687301614368"
"54815","0.18869687301614368","0.18869687301614368","0.18869687301614368"
"54819","0.18869687301614368","0.18869687301614368","0.18869687301614368"
"54823","0.18869687301614368","0.18869687301614368","0.18869687301614368"
"54826","0.18869687301614368","0.18869687301614368","0.18869687301614368"
"54843","0.18869687301614368","0.18869687301614368","0.18869687301614368"
"54847","0.18869687301614368","0.18869687301614368","0.18869687301614368"
"54848","0.18869687301614368","0.18869687301614368","0.18869687301614368"
"54853","0.18869687301614368","0.18869687301614368","0.18869687301614368"
"54855","0.18869687301614368","0.18869687301614368","0.18869687301614368"
"54860","0.18869687301614368","0.18869687301614368","0.18869687301614368"
"54862","0.18869687301614368","0.18869687301614368","0.18869687301614368"
"54866","0.18869687301614368","0.18869687301614368","0.18869687301614368"
"54888","0.18709687305656308","0.18709687305656308","0.18709687305656308"
"54890","0.18669687306666793","0.18669687306666793","0.18669687306666793"
"54895","0.18669687306666793","0.18669687306666793","0.18669687306666793"
"54896","0.18669687306666793","0.18669687306666793","0.18669687306666793"
"54898","0.18669687306666793","0.18669687306666793","0.18669687306666793"
"54912","0.18669687306666793","0.18669687306666793","0.18669687306666793"
"54913","0.18669687306666793","0.18669687306666793","0.18669687306666793"
"54914","0.18669687306666793","0.18669687306666793","0.18669687306666793"
"54917","0.18669687306666793","0.18669687306666793","0.18669687306666793"
"54932","0.18669687306666793","0.18669687306666793","0.18669687306666793"
"54936","0.18669687306666793","0.18669687306666793","0.18669687306666793"
"54941","0.18669687306666793","0.18669687306666793","0.18669687306666793"
"54946","0.18669687306666793","0.18669687306666793","0.18669687306666793"
"54960","0.18669687306666793","0.18669687306666793","0.18669687306666793"
"54961","0.18669687306666793","0.18669687306666793","0.18669687306666793"
"54964","0.18669687306666793","0.18669687306666793","0.18669687306666793"
"54979","0.18669687306666793","0.18669687306666793","0.18669687306666793"
"55005","0.18869687301614368","0.18869687301614368","0.18869687301614368"
"55025","0.18869687301614368","0.18869687301614368","0.18869687301614368"
"55035","0.18869687301614368","0.18869687301614368","0.18869687301614368"
"55040","0.18869687301614368","0.18869687301614368","0.18869687301614368"
"55043","0.18869687301614368","0.18869687301614368","0.18869687301614368"
"55044","0.18869687301614368","0.18869687301614368","0.18869687301614368"
"55045","0.18869687301614368","0.18869687301614368","0.18869687301614368"
"55048","0.18869687301614368","0.18869687301614368","0.18869687301614368"
"55052","0.18869687301614368","0.18869687301614368","0.18869687301614368"
"55053","0.18869687301614368","0.18869687301614368","0.18869687301614368"
"55059","0.18869687301614368","0.18869687301614368","0.18869687301614368"
"55061","0.18869687301614368","0.18869687301614368","0.18869687301614368"
"55083","0.18869687301614368","0.18869687301614368","0.18869687301614368"
"55087","0.18869687301614368","0.18869687301614368","0.18869687301614368"
"55091","0.18869687301614368","0.18869687301614368","0.18869687301614368"
"55097","0.18869687301614368","0.18869687301614368","0.18869687301614368"
"55110","0.18810222103217533","0.18810222103217533","0.18810222103217533"
"55112","0.18810222103217533","0.18810222103217533","0.18810222103217533"
"55116","0.18810222103217533","0.18810222103217533","0.18810222103217533"
"55143","0.18810222103217533","0.18810222103217533","0.18810222103217533"
"55144","0.18810222103217533","0.18810222103217533","0.18810222103217533"
"55151","0.18810222103217533","0.18810222103217533","0.18810222103217533"
"55156","0.18810222103217533","0.18810222103217533","0.18810222103217533"
"55157","0.18810222103217533","0.18810222103217533","0.18810222103217533"
"55164","0.18810222103217533","0.18810222103217533","0.18810222103217533"
"55165","0.18810222103217533","0.18810222103217533","0.18810222103217533"
"55166","0.18810222103217533","0.18810222103217533","0.18810222103217533"
"55171","0.18810222103217533","0.18810222103217533","0.18810222103217533"
"55176","0.18810222103217533","0.18810222103217533","0.18810222103217533"
"55182","0.18810222103217533","0.18810222103217533","0.18810222103217533"
"55185","0.18810222103217533","0.18810222103217533","0.18810222103217533"
"55189","0.18810222103217533","0.18810222103217533","0.18810222103217533"
"55198","0.18810222103217533","0.18810222103217533","0.18810222103217533"
"55204","0.18810222103217533","0.18810222103217533","0.18810222103217533"
"55208","0.18810222103217533","0.18810222103217533","0.18810222103217533"
"55216","0.18870621145234534","0.18870621145234534","0.18870621145234534"
"55225","0.18910898907709972","0.18910898907709972","0.18910898907709972"
"55233","0.18910898907709972","0.18910898907709972","0.18910898907709972"
"55234","0.18910898907709972","0.18910898907709972","0.18910898907709972"
"55238","0.18910898907709972","0.18910898907709972","0.18910898907709972"
"55244","0.18910898907709972","0.18910898907709972","0.18910898907709972"
"55245","0.18910898907709972","0.18910898907709972","0.18910898907709972"
"55247","0.18910898907709972","0.18910898907709972","0.18910898907709972"
"55249","0.18910898907709972","0.18910898907709972","0.18910898907709972"
"55252","0.18910898907709972","0.18910898907709972","0.18910898907709972"
"55259","0.18910898907709972","0.18910898907709972","0.18910898907709972"
"55261","0.18910898907709972","0.18910898907709972","0.18910898907709972"
"55271","0.18910898907709972","0.18910898907709972","0.18910898907709972"
"55273","0.18910898907709972","0.18910898907709972","0.18910898907709972"
"55278","0.18910898907709972","0.18910898907709972","0.18910898907709972"
"55282","0.18910898907709972","0.18910898907709972","0.18910898907709972"
"55283","0.18910898907709972","0.18910898907709972","0.18910898907709972"
"55289","0.18910898907709972","0.18910898907709972","0.18910898907709972"
"55290","0.18910898907709972","0.18910898907709972","0.18910898907709972"
"55301","0.18910898907709972","0.18910898907709972","0.18910898907709972"
"55302","0.18910898907709972","0.18910898907709972","0.18910898907709972"
"55305","0.18910898907709972","0.18910898907709972","0.18910898907709972"
"55311","0.18910898907709972","0.18910898907709972","0.18910898907709972"
"55314","0.18910898907709972","0.18910898907709972","0.18910898907709972"
"55327","0.18981205785750108","0.18981205785750108","0.18981205785750108"
"55333","0.19011436418296332","0.19011436418296332","0.19011436418296332"
"55337","0.19011436418296332","0.19011436418296332","0.19011436418296332"
"55341","0.19011436418296332","0.19011436418296332","0.19011436418296332"
"55352","0.19011436418296332","0.19011436418296332","0.19011436418296332"
"55358","0.19011436418296332","0.19011436418296332","0.19011436418296332"
"55360","0.19011436418296332","0.19011436418296332","0.19011436418296332"
"55387","0.19011436418296332","0.19011436418296332","0.19011436418296332"
"55397","0.19011436418296332","0.19011436418296332","0.19011436418296332"
"55402","0.19011436418296332","0.19011436418296332","0.19011436418296332"
"55403","0.19011436418296332","0.19011436418296332","0.19011436418296332"
"55406","0.19011436418296332","0.19011436418296332","0.19011436418296332"
"55407","0.19011436418296332","0.19011436418296332","0.19011436418296332"
"55419","0.19011436418296332","0.19011436418296332","0.19011436418296332"
"55421","0.19011436418296332","0.19011436418296332","0.19011436418296332"
"55424","0.19011436418296332","0.19011436418296332","0.19011436418296332"
"55440","0.19111926837914853","0.19111926837914853","0.19111926837914853"
"55446","0.19111926837914853","0.19111926837914853","0.19111926837914853"
"55449","0.19111926837914853","0.19111926837914853","0.19111926837914853"
"55454","0.19111926837914853","0.19111926837914853","0.19111926837914853"
"55460","0.19111926837914853","0.19111926837914853","0.19111926837914853"
"55461","0.19111926837914853","0.19111926837914853","0.19111926837914853"
"55469","0.19111926837914853","0.19111926837914853","0.19111926837914853"
"55476","0.19111926837914853","0.19111926837914853","0.19111926837914853"
"55478","0.19111926837914853","0.19111926837914853","0.19111926837914853"
"55497","0.19111926837914853","0.19111926837914853","0.19111926837914853"
"55498","0.19111926837914853","0.19111926837914853","0.19111926837914853"
"55499","0.19111926837914853","0.19111926837914853","0.19111926837914853"
"55518","0.19111926837914853","0.19111926837914853","0.19111926837914853"
"55522","0.19111926837914853","0.19111926837914853","0.19111926837914853"
"55523","0.19111926837914853","0.19111926837914853","0.19111926837914853"
"55525","0.19111926837914853","0.19111926837914853","0.19111926837914853"
"55548","0.19192235863955912","0.19192235863955912","0.19192235863955912"
"55550","0.1921235281290007","0.1921235281290007","0.1921235281290007"
"55557","0.1921235281290007","0.1921235281290007","0.1921235281290007"
"55560","0.1921235281290007","0.1921235281290007","0.1921235281290007"
"55570","0.1921235281290007","0.1921235281290007","0.1921235281290007"
"55584","0.1921235281290007","0.1921235281290007","0.1921235281290007"
"55592","0.1921235281290007","0.1921235281290007","0.1921235281290007"
"55596","0.1921235281290007","0.1921235281290007","0.1921235281290007"
"55600","0.1921235281290007","0.1921235281290007","0.1921235281290007"
"55605","0.1921235281290007","0.1921235281290007","0.1921235281290007"
"55606","0.1921235281290007","0.1921235281290007","0.1921235281290007"
"55613","0.1921235281290007","0.1921235281290007","0.1921235281290007"
"55624","0.1921235281290007","0.1921235281290007","0.1921235281290007"
"55641","0.1921235281290007","0.1921235281290007","0.1921235281290007"
"55645","0.1921235281290007","0.1921235281290007","0.1921235281290007"
"55646","0.1921235281290007","0.1921235281290007","0.1921235281290007"
"55654","0.1925246685923015","0.1925246685923015","0.1925246685923015"
"55660","0.19312691866673748","0.19312691866673748","0.19312691866673748"
"55663","0.19312691866673748","0.19312691866673748","0.19312691866673748"
"55671","0.19312691866673748","0.19312691866673748","0.19312691866673748"
"55675","0.19312691866673748","0.19312691866673748","0.19312691866673748"
"55683","0.19312691866673748","0.19312691866673748","0.19312691866673748"
"55685","0.19312691866673748","0.19312691866673748","0.19312691866673748"
"55689","0.19312691866673748","0.19312691866673748","0.19312691866673748"
"55698","0.19312691866673748","0.19312691866673748","0.19312691866673748"
"55703","0.19312691866673748","0.19312691866673748","0.19312691866673748"
"55709","0.19312691866673748","0.19312691866673748","0.19312691866673748"
"55710","0.19312691866673748","0.19312691866673748","0.19312691866673748"
"55720","0.19312691866673748","0.19312691866673748","0.19312691866673748"
"55723","0.19312691866673748","0.19312691866673748","0.19312691866673748"
"55725","0.19312691866673748","0.19312691866673748","0.19312691866673748"
"55727","0.19312691866673748","0.19312691866673748","0.19312691866673748"
"55730","0.19312691866673748","0.19312691866673748","0.19312691866673748"
"55737","0.19312691866673748","0.19312691866673748","0.19312691866673748"
"55738","0.19312691866673748","0.19312691866673748","0.19312691866673748"
"55744","0.19312691866673748","0.19312691866673748","0.19312691866673748"
"55770","0.19147278913135568","0.19147278913135568","0.19147278913135568"
"55771","0.19147278913135568","0.19147278913135568","0.19147278913135568"
"55772","0.19147278913135568","0.19147278913135568","0.19147278913135568"
"55781","0.19147278913135568","0.19147278913135568","0.19147278913135568"
"55783","0.19147278913135568","0.19147278913135568","0.19147278913135568"
"55785","0.19147278913135568","0.19147278913135568","0.19147278913135568"
"55792","0.19147278913135568","0.19147278913135568","0.19147278913135568"
"55793","0.19147278913135568","0.19147278913135568","0.19147278913135568"
"55817","0.19147278913135568","0.19147278913135568","0.19147278913135568"
"55828","0.19147278913135568","0.19147278913135568","0.19147278913135568"
"55832","0.19147278913135568","0.19147278913135568","0.19147278913135568"
"55845","0.19147278913135568","0.19147278913135568","0.19147278913135568"
"55846","0.19147278913135568","0.19147278913135568","0.19147278913135568"
"55850","0.19147278913135568","0.19147278913135568","0.19147278913135568"
"55855","0.19147278913135568","0.19147278913135568","0.19147278913135568"
"55863","0.19147278913135568","0.19147278913135568","0.19147278913135568"
"55890","0.1911199681470505","0.1911199681470505","0.1911199681470505"
"55894","0.1911199681470505","0.1911199681470505","0.1911199681470505"
"55895","0.1911199681470505","0.1911199681470505","0.1911199681470505"
"55898","0.1911199681470505","0.1911199681470505","0.1911199681470505"
"55905","0.1911199681470505","0.1911199681470505","0.1911199681470505"
"55907","0.1911199681470505","0.1911199681470505","0.1911199681470505"
"55909","0.1911199681470505","0.1911199681470505","0.1911199681470505"
"55911","0.1911199681470505","0.1911199681470505","0.1911199681470505"
"55917","0.1911199681470505","0.1911199681470505","0.1911199681470505"
"55922","0.1911199681470505","0.1911199681470505","0.1911199681470505"
"55923","0.1911199681470505","0.1911199681470505","0.1911199681470505"
"55925","0.1911199681470505","0.1911199681470505","0.1911199681470505"
"55932","0.1911199681470505","0.1911199681470505","0.1911199681470505"
"55940","0.1911199681470505","0.1911199681470505","0.1911199681470505"
"55946","0.1911199681470505","0.1911199681470505","0.1911199681470505"
"55950","0.1911199681470505","0.1911199681470505","0.1911199681470505"
"55951","0.1911199681470505","0.1911199681470505","0.1911199681470505"
"55952","0.1911199681470505","0.1911199681470505","0.1911199681470505"
"55953","0.1911199681470505","0.1911199681470505","0.1911199681470505"
"55960","0.1911199681470505","0.1911199681470505","0.1911199681470505"
"55980","0.1911199681470505","0.1911199681470505","0.1911199681470505"
"55993","0.192122972057554","0.192122972057554","0.192122972057554"
"55998","0.192122972057554","0.192122972057554","0.192122972057554"
"56022","0.192122972057554","0.192122972057554","0.192122972057554"
"56029","0.192122972057554","0.192122972057554","0.192122972057554"
"56034","0.192122972057554","0.192122972057554","0.192122972057554"
"56035","0.192122972057554","0.192122972057554","0.192122972057554"
"56050","0.192122972057554","0.192122972057554","0.192122972057554"
"56059","0.192122972057554","0.192122972057554","0.192122972057554"
"56062","0.192122972057554","0.192122972057554","0.192122972057554"
"56063","0.192122972057554","0.192122972057554","0.192122972057554"
"56067","0.192122972057554","0.192122972057554","0.192122972057554"
"56073","0.192122972057554","0.192122972057554","0.192122972057554"
"56076","0.192122972057554","0.192122972057554","0.192122972057554"
"56077","0.192122972057554","0.192122972057554","0.192122972057554"
"56079","0.192122972057554","0.192122972057554","0.192122972057554"
"56082","0.192122972057554","0.192122972057554","0.192122972057554"
"56084","0.192122972057554","0.192122972057554","0.192122972057554"
"56100","0.19012297210807824","0.19012297210807824","0.19012297210807824"
"56101","0.19012297210807824","0.19012297210807824","0.19012297210807824"
"56128","0.19012297210807824","0.19012297210807824","0.19012297210807824"
"56130","0.19012297210807824","0.19012297210807824","0.19012297210807824"
"56136","0.19012297210807824","0.19012297210807824","0.19012297210807824"
"56138","0.19012297210807824","0.19012297210807824","0.19012297210807824"
"56146","0.19012297210807824","0.19012297210807824","0.19012297210807824"
"56169","0.19012297210807824","0.19012297210807824","0.19012297210807824"
"56175","0.19012297210807824","0.19012297210807824","0.19012297210807824"
"56188","0.19012297210807824","0.19012297210807824","0.19012297210807824"
"56197","0.19012297210807824","0.19012297210807824","0.19012297210807824"
"56202","0.1905229720979734","0.1905229720979734","0.1905229720979734"
"56204","0.19092297208786854","0.19092297208786854","0.19092297208786854"
"56207","0.19152297207271127","0.19152297207271127","0.19152297207271127"
"56211","0.1921221414590354","0.1921221414590354","0.1921221414590354"
"56216","0.1921221414590354","0.1921221414590354","0.1921221414590354"
"56222","0.1921221414590354","0.1921221414590354","0.1921221414590354"
"56225","0.1921221414590354","0.1921221414590354","0.1921221414590354"
"56227","0.1921221414590354","0.1921221414590354","0.1921221414590354"
"56237","0.1921221414590354","0.1921221414590354","0.1921221414590354"
"56245","0.1921221414590354","0.1921221414590354","0.1921221414590354"
"56250","0.1921221414590354","0.1921221414590354","0.1921221414590354"
"56251","0.1921221414590354","0.1921221414590354","0.1921221414590354"
"56255","0.1921221414590354","0.1921221414590354","0.1921221414590354"
"56256","0.1921221414590354","0.1921221414590354","0.1921221414590354"
"56258","0.1921221414590354","0.1921221414590354","0.1921221414590354"
"56270","0.1921221414590354","0.1921221414590354","0.1921221414590354"
"56280","0.1921221414590354","0.1921221414590354","0.1921221414590354"
"56284","0.1921221414590354","0.1921221414590354","0.1921221414590354"
"56285","0.1921221414590354","0.1921221414590354","0.1921221414590354"
"56288","0.1921221414590354","0.1921221414590354","0.1921221414590354"
"56291","0.1921221414590354","0.1921221414590354","0.1921221414590354"
"56292","0.1921221414590354","0.1921221414590354","0.1921221414590354"
"56298","0.1921221414590354","0.1921221414590354","0.1921221414590354"
"56327","0.19012214150955964","0.19012214150955964","0.19012214150955964"
"56329","0.19012214150955964","0.19012214150955964","0.19012214150955964"
"56333","0.19012214150955964","0.19012214150955964","0.19012214150955964"
"56334","0.19012214150955964","0.19012214150955964","0.19012214150955964"
"56343","0.19012214150955964","0.19012214150955964","0.19012214150955964"
"56344","0.19012214150955964","0.19012214150955964","0.19012214150955964"
"56346","0.19012214150955964","0.19012214150955964","0.19012214150955964"
"56347","0.19012214150955964","0.19012214150955964","0.19012214150955964"
"56355","0.19012214150955964","0.19012214150955964","0.19012214150955964"
"56367","0.19012214150955964","0.19012214150955964","0.19012214150955964"
"56381","0.19012214150955964","0.19012214150955964","0.19012214150955964"
"56386","0.19012214150955964","0.19012214150955964","0.19012214150955964"
"56393","0.19012214150955964","0.19012214150955964","0.19012214150955964"
"56406","0.19012214150955964","0.19012214150955964","0.19012214150955964"
"56407","0.19012214150955964","0.19012214150955964","0.19012214150955964"
"56422","0.1905221414994548","0.1905221414994548","0.1905221414994548"
"56424","0.19092214148934994","0.19092214148934994","0.19092214148934994"
"56425","0.19112214148429751","0.19112214148429751","0.19112214148429751"
"56429","0.19192214146408781","0.19192214146408781","0.19192214146408781"
"56433","0.1921221414590354","0.1921221414590354","0.1921221414590354"
"56440","0.1921221414590354","0.1921221414590354","0.1921221414590354"
"56442","0.1921221414590354","0.1921221414590354","0.1921221414590354"
"56443","0.1921221414590354","0.1921221414590354","0.1921221414590354"
"56456","0.1921221414590354","0.1921221414590354","0.1921221414590354"
"56457","0.1921221414590354","0.1921221414590354","0.1921221414590354"
"56458","0.1921221414590354","0.1921221414590354","0.1921221414590354"
"56465","0.1921221414590354","0.1921221414590354","0.1921221414590354"
"56479","0.1921221414590354","0.1921221414590354","0.1921221414590354"
"56485","0.1921221414590354","0.1921221414590354","0.1921221414590354"
"56486","0.1921221414590354","0.1921221414590354","0.1921221414590354"
"56492","0.1921221414590354","0.1921221414590354","0.1921221414590354"
"56493","0.1921221414590354","0.1921221414590354","0.1921221414590354"
"56513","0.1921221414590354","0.1921221414590354","0.1921221414590354"
"56515","0.1921221414590354","0.1921221414590354","0.1921221414590354"
"56516","0.1921221414590354","0.1921221414590354","0.1921221414590354"
"56527","0.1921221414590354","0.1921221414590354","0.1921221414590354"
"56547","0.1931276827437449","0.1931276827437449","0.1931276827437449"
"56550","0.1931276827437449","0.1931276827437449","0.1931276827437449"
"56553","0.1931276827437449","0.1931276827437449","0.1931276827437449"
"56561","0.1931276827437449","0.1931276827437449","0.1931276827437449"
"56563","0.1931276827437449","0.1931276827437449","0.1931276827437449"
"56569","0.1931276827437449","0.1931276827437449","0.1931276827437449"
"56580","0.1931276827437449","0.1931276827437449","0.1931276827437449"
"56590","0.1931276827437449","0.1931276827437449","0.1931276827437449"
"56613","0.1931276827437449","0.1931276827437449","0.1931276827437449"
"56614","0.1931276827437449","0.1931276827437449","0.1931276827437449"
"56619","0.1931276827437449","0.1931276827437449","0.1931276827437449"
"56629","0.1931276827437449","0.1931276827437449","0.1931276827437449"
"56645","0.19212768276900702","0.19212768276900702","0.19212768276900702"
"56649","0.19132768278921672","0.19132768278921672","0.19132768278921672"
"56655","0.19112768279426914","0.19112768279426914","0.19112768279426914"
"56660","0.19112768279426914","0.19112768279426914","0.19112768279426914"
"56662","0.19112768279426914","0.19112768279426914","0.19112768279426914"
"56669","0.19112768279426914","0.19112768279426914","0.19112768279426914"
"56674","0.19112768279426914","0.19112768279426914","0.19112768279426914"
"56691","0.19112768279426914","0.19112768279426914","0.19112768279426914"
"56695","0.19112768279426914","0.19112768279426914","0.19112768279426914"
"56706","0.19112768279426914","0.19112768279426914","0.19112768279426914"
"56710","0.19112768279426914","0.19112768279426914","0.19112768279426914"
"56711","0.19112768279426914","0.19112768279426914","0.19112768279426914"
"56716","0.19112768279426914","0.19112768279426914","0.19112768279426914"
"56719","0.19112768279426914","0.19112768279426914","0.19112768279426914"
"56727","0.19112768279426914","0.19112768279426914","0.19112768279426914"
"56729","0.19112768279426914","0.19112768279426914","0.19112768279426914"
"56732","0.19112768279426914","0.19112768279426914","0.19112768279426914"
"56734","0.19112768279426914","0.19112768279426914","0.19112768279426914"
"56737","0.19112768279426914","0.19112768279426914","0.19112768279426914"
"56742","0.19112768279426914","0.19112768279426914","0.19112768279426914"
"56746","0.19112768279426914","0.19112768279426914","0.19112768279426914"
"56748","0.19112768279426914","0.19112768279426914","0.19112768279426914"
"56749","0.19112768279426914","0.19112768279426914","0.19112768279426914"
"56753","0.19052768280942642","0.19052768280942642","0.19052768280942642"
"56763","0.1891276828447934","0.1891276828447934","0.1891276828447934"
"56773","0.1891276828447934","0.1891276828447934","0.1891276828447934"
"56777","0.1891276828447934","0.1891276828447934","0.1891276828447934"
"56790","0.1891276828447934","0.1891276828447934","0.1891276828447934"
"56792","0.1891276828447934","0.1891276828447934","0.1891276828447934"
"56801","0.1891276828447934","0.1891276828447934","0.1891276828447934"
"56808","0.1891276828447934","0.1891276828447934","0.1891276828447934"
"56815","0.1891276828447934","0.1891276828447934","0.1891276828447934"
"56827","0.1891276828447934","0.1891276828447934","0.1891276828447934"
"56832","0.1891276828447934","0.1891276828447934","0.1891276828447934"
"56839","0.1891276828447934","0.1891276828447934","0.1891276828447934"
"56846","0.1891276828447934","0.1891276828447934","0.1891276828447934"
"56848","0.1891276828447934","0.1891276828447934","0.1891276828447934"
"56853","0.1891276828447934","0.1891276828447934","0.1891276828447934"
"56855","0.1891276828447934","0.1891276828447934","0.1891276828447934"
"56858","0.1891276828447934","0.1891276828447934","0.1891276828447934"
"56861","0.18892768284984582","0.18892768284984582","0.18892768284984582"
"56867","0.18772768288016037","0.18772768288016037","0.18772768288016037"
"56873","0.18712768289531764","0.18712768289531764","0.18712768289531764"
"56874","0.18712768289531764","0.18712768289531764","0.18712768289531764"
"56884","0.18712768289531764","0.18712768289531764","0.18712768289531764"
"56885","0.18712768289531764","0.18712768289531764","0.18712768289531764"
"56894","0.18712768289531764","0.18712768289531764","0.18712768289531764"
"56902","0.18712768289531764","0.18712768289531764","0.18712768289531764"
"56910","0.18712768289531764","0.18712768289531764","0.18712768289531764"
"56925","0.18712768289531764","0.18712768289531764","0.18712768289531764"
"56933","0.18712768289531764","0.18712768289531764","0.18712768289531764"
"56936","0.18712768289531764","0.18712768289531764","0.18712768289531764"
"56941","0.18712768289531764","0.18712768289531764","0.18712768289531764"
"56942","0.18712768289531764","0.18712768289531764","0.18712768289531764"
"56949","0.18712768289531764","0.18712768289531764","0.18712768289531764"
"56952","0.18712768289531764","0.18712768289531764","0.18712768289531764"
"56954","0.18712768289531764","0.18712768289531764","0.18712768289531764"
"56966","0.18712768289531764","0.18712768289531764","0.18712768289531764"
"56972","0.1875276828852128","0.1875276828852128","0.1875276828852128"
"56977","0.18852768285995067","0.18852768285995067","0.18852768285995067"
"56981","0.1891276828447934","0.1891276828447934","0.1891276828447934"
"56984","0.1891276828447934","0.1891276828447934","0.1891276828447934"
"56988","0.1891276828447934","0.1891276828447934","0.1891276828447934"
"56996","0.1891276828447934","0.1891276828447934","0.1891276828447934"
"57000","0.1891276828447934","0.1891276828447934","0.1891276828447934"
"57001","0.1891276828447934","0.1891276828447934","0.1891276828447934"
"57010","0.1891276828447934","0.1891276828447934","0.1891276828447934"
"57023","0.1891276828447934","0.1891276828447934","0.1891276828447934"
"57033","0.1891276828447934","0.1891276828447934","0.1891276828447934"
"57037","0.1891276828447934","0.1891276828447934","0.1891276828447934"
"57043","0.1891276828447934","0.1891276828447934","0.1891276828447934"
"57045","0.1891276828447934","0.1891276828447934","0.1891276828447934"
"57053","0.1891276828447934","0.1891276828447934","0.1891276828447934"
"57058","0.1891276828447934","0.1891276828447934","0.1891276828447934"
"57062","0.1891276828447934","0.1891276828447934","0.1891276828447934"
"57063","0.1891276828447934","0.1891276828447934","0.1891276828447934"
"57065","0.1891276828447934","0.1891276828447934","0.1891276828447934"
"57073","0.1891276828447934","0.1891276828447934","0.1891276828447934"
"57087","0.19052768280942642","0.19052768280942642","0.19052768280942642"
"57111","0.19112768279426914","0.19112768279426914","0.19112768279426914"
"57113","0.19112768279426914","0.19112768279426914","0.19112768279426914"
"57118","0.19112768279426914","0.19112768279426914","0.19112768279426914"
"57119","0.19112768279426914","0.19112768279426914","0.19112768279426914"
"57127","0.19112768279426914","0.19112768279426914","0.19112768279426914"
"57150","0.19112768279426914","0.19112768279426914","0.19112768279426914"
"57164","0.19112768279426914","0.19112768279426914","0.19112768279426914"
"57168","0.19112768279426914","0.19112768279426914","0.19112768279426914"
"57170","0.19112768279426914","0.19112768279426914","0.19112768279426914"
"57173","0.19112768279426914","0.19112768279426914","0.19112768279426914"
"57176","0.19112768279426914","0.19112768279426914","0.19112768279426914"
"57189","0.19112768279426914","0.19112768279426914","0.19112768279426914"
"57207","0.1931276827437449","0.1931276827437449","0.1931276827437449"
"57208","0.1931276827437449","0.1931276827437449","0.1931276827437449"
"57209","0.1931276827437449","0.1931276827437449","0.1931276827437449"
"57211","0.1931276827437449","0.1931276827437449","0.1931276827437449"
"57216","0.1931276827437449","0.1931276827437449","0.1931276827437449"
"57220","0.1931276827437449","0.1931276827437449","0.1931276827437449"
"57222","0.1931276827437449","0.1931276827437449","0.1931276827437449"
"57228","0.1931276827437449","0.1931276827437449","0.1931276827437449"
"57232","0.1931276827437449","0.1931276827437449","0.1931276827437449"
"57234","0.1931276827437449","0.1931276827437449","0.1931276827437449"
"57249","0.1931276827437449","0.1931276827437449","0.1931276827437449"
"57251","0.1931276827437449","0.1931276827437449","0.1931276827437449"
"57254","0.1931276827437449","0.1931276827437449","0.1931276827437449"
"57267","0.1931276827437449","0.1931276827437449","0.1931276827437449"
"57268","0.1931276827437449","0.1931276827437449","0.1931276827437449"
"57276","0.1931276827437449","0.1931276827437449","0.1931276827437449"
"57281","0.1931276827437449","0.1931276827437449","0.1931276827437449"
"57284","0.1931276827437449","0.1931276827437449","0.1931276827437449"
"57298","0.1931276827437449","0.1931276827437449","0.1931276827437449"
"57301","0.19323048607739834","0.19323048607739834","0.19323048607739834"
"57303","0.19343083217457774","0.19343083217457774","0.19343083217457774"
"57305","0.19363140023840836","0.19363140023840836","0.19363140023840836"
"57315","0.19413401050721188","0.19413401050721188","0.19413401050721188"
"57323","0.19413401050721188","0.19413401050721188","0.19413401050721188"
"57333","0.19413401050721188","0.19413401050721188","0.19413401050721188"
"57339","0.19413401050721188","0.19413401050721188","0.19413401050721188"
"57342","0.19413401050721188","0.19413401050721188","0.19413401050721188"
"57354","0.19413401050721188","0.19413401050721188","0.19413401050721188"
"57364","0.19413401050721188","0.19413401050721188","0.19413401050721188"
"57366","0.19413401050721188","0.19413401050721188","0.19413401050721188"
"57371","0.19413401050721188","0.19413401050721188","0.19413401050721188"
"57374","0.19413401050721188","0.19413401050721188","0.19413401050721188"
"57380","0.19413401050721188","0.19413401050721188","0.19413401050721188"
"57390","0.19413401050721188","0.19413401050721188","0.19413401050721188"
"57395","0.19413401050721188","0.19413401050721188","0.19413401050721188"
"57402","0.19413401050721188","0.19413401050721188","0.19413401050721188"
"57411","0.1939340105122643","0.1939340105122643","0.1939340105122643"
"57413","0.19353401052236915","0.19353401052236915","0.19353401052236915"
"57420","0.19213401055773613","0.19213401055773613","0.19213401055773613"
"57427","0.19213401055773613","0.19213401055773613","0.19213401055773613"
"57428","0.19213401055773613","0.19213401055773613","0.19213401055773613"
"57434","0.19213401055773613","0.19213401055773613","0.19213401055773613"
"57437","0.19213401055773613","0.19213401055773613","0.19213401055773613"
"57439","0.19213401055773613","0.19213401055773613","0.19213401055773613"
"57446","0.19213401055773613","0.19213401055773613","0.19213401055773613"
"57464","0.19213401055773613","0.19213401055773613","0.19213401055773613"
"57466","0.19213401055773613","0.19213401055773613","0.19213401055773613"
"57470","0.19213401055773613","0.19213401055773613","0.19213401055773613"
"57476","0.19213401055773613","0.19213401055773613","0.19213401055773613"
"57477","0.19213401055773613","0.19213401055773613","0.19213401055773613"
"57489","0.19213401055773613","0.19213401055773613","0.19213401055773613"
"57496","0.19213401055773613","0.19213401055773613","0.19213401055773613"
"57500","0.19213401055773613","0.19213401055773613","0.19213401055773613"
"57501","0.19213401055773613","0.19213401055773613","0.19213401055773613"
"57509","0.19213401055773613","0.19213401055773613","0.19213401055773613"
"57514","0.19213401055773613","0.19213401055773613","0.19213401055773613"
"57518","0.19213401055773613","0.19213401055773613","0.19213401055773613"
"57527","0.19159583461757176","0.19159583461757176","0.19159583461757176"
"57538","0.19205119910063115","0.19205119910063115","0.19205119910063115"
"57539","0.19205119910063115","0.19205119910063115","0.19205119910063115"
"57553","0.19205119910063115","0.19205119910063115","0.19205119910063115"
"57556","0.19205119910063115","0.19205119910063115","0.19205119910063115"
"57558","0.19205119910063115","0.19205119910063115","0.19205119910063115"
"57566","0.19205119910063115","0.19205119910063115","0.19205119910063115"
"57581","0.19205119910063115","0.19205119910063115","0.19205119910063115"
"57587","0.19205119910063115","0.19205119910063115","0.19205119910063115"
"57590","0.19205119910063115","0.19205119910063115","0.19205119910063115"
"57603","0.19205119910063115","0.19205119910063115","0.19205119910063115"
"57607","0.19205119910063115","0.19205119910063115","0.19205119910063115"
"57633","0.19182593809884235","0.19182593809884235","0.19182593809884235"
"57638","0.19132459987621891","0.19132459987621891","0.19132459987621891"
"57645","0.19112422002324833","0.19112422002324833","0.19112422002324833"
"57667","0.19112422002324833","0.19112422002324833","0.19112422002324833"
"57668","0.19112422002324833","0.19112422002324833","0.19112422002324833"
"57675","0.19112422002324833","0.19112422002324833","0.19112422002324833"
"57676","0.19112422002324833","0.19112422002324833","0.19112422002324833"
"57681","0.19112422002324833","0.19112422002324833","0.19112422002324833"
"57685","0.19112422002324833","0.19112422002324833","0.19112422002324833"
"57701","0.19112422002324833","0.19112422002324833","0.19112422002324833"
"57704","0.19112422002324833","0.19112422002324833","0.19112422002324833"
"57717","0.19112422002324833","0.19112422002324833","0.19112422002324833"
"57732","0.19112422002324833","0.19112422002324833","0.19112422002324833"
"57740","0.19112422002324833","0.19112422002324833","0.19112422002324833"
"57742","0.19132480261133716","0.19132480261133716","0.19132480261133716"
"57746","0.19172652482676097","0.19172652482676097","0.19172652482676097"
"57753","0.19212747728405266","0.19212747728405266","0.19212747728405266"
"57759","0.19212747728405266","0.19212747728405266","0.19212747728405266"
"57760","0.19212747728405266","0.19212747728405266","0.19212747728405266"
"57761","0.19212747728405266","0.19212747728405266","0.19212747728405266"
"57769","0.19212747728405266","0.19212747728405266","0.19212747728405266"
"57779","0.19212747728405266","0.19212747728405266","0.19212747728405266"
"57790","0.19212747728405266","0.19212747728405266","0.19212747728405266"
"57792","0.19212747728405266","0.19212747728405266","0.19212747728405266"
"57793","0.19212747728405266","0.19212747728405266","0.19212747728405266"
"57796","0.19212747728405266","0.19212747728405266","0.19212747728405266"
"57800","0.19212747728405266","0.19212747728405266","0.19212747728405266"
"57802","0.19212747728405266","0.19212747728405266","0.19212747728405266"
"57822","0.19212747728405266","0.19212747728405266","0.19212747728405266"
"57828","0.19212747728405266","0.19212747728405266","0.19212747728405266"
"57831","0.19212747728405266","0.19212747728405266","0.19212747728405266"
"57856","0.1909274773143672","0.1909274773143672","0.1909274773143672"
"57872","0.1901274773345769","0.1901274773345769","0.1901274773345769"
"57877","0.1901274773345769","0.1901274773345769","0.1901274773345769"
"57888","0.1901274773345769","0.1901274773345769","0.1901274773345769"
"57908","0.1901274773345769","0.1901274773345769","0.1901274773345769"
"57911","0.1901274773345769","0.1901274773345769","0.1901274773345769"
"57916","0.1901274773345769","0.1901274773345769","0.1901274773345769"
"57919","0.1901274773345769","0.1901274773345769","0.1901274773345769"
"57925","0.1901274773345769","0.1901274773345769","0.1901274773345769"
"57934","0.1901274773345769","0.1901274773345769","0.1901274773345769"
"57935","0.1901274773345769","0.1901274773345769","0.1901274773345769"
"57941","0.1901274773345769","0.1901274773345769","0.1901274773345769"
"57942","0.1901274773345769","0.1901274773345769","0.1901274773345769"
"57950","0.1901274773345769","0.1901274773345769","0.1901274773345769"
"57956","0.1901274773345769","0.1901274773345769","0.1901274773345769"
"57983","0.1881732664997664","0.1881732664997664","0.1881732664997664"
"57998","0.1881732664997664","0.1881732664997664","0.1881732664997664"
"58015","0.1881732664997664","0.1881732664997664","0.1881732664997664"
"58020","0.1881732664997664","0.1881732664997664","0.1881732664997664"
"58039","0.1881732664997664","0.1881732664997664","0.1881732664997664"
"58047","0.1881732664997664","0.1881732664997664","0.1881732664997664"
"58048","0.1881732664997664","0.1881732664997664","0.1881732664997664"
"58064","0.1881732664997664","0.1881732664997664","0.1881732664997664"
"58069","0.1881732664997664","0.1881732664997664","0.1881732664997664"
"58084","0.19017326644924215","0.19017326644924215","0.19017326644924215"
"58089","0.19017326644924215","0.19017326644924215","0.19017326644924215"
"58092","0.19017326644924215","0.19017326644924215","0.19017326644924215"
"58096","0.19017326644924215","0.19017326644924215","0.19017326644924215"
"58112","0.19017326644924215","0.19017326644924215","0.19017326644924215"
"58116","0.19017326644924215","0.19017326644924215","0.19017326644924215"
"58121","0.19017326644924215","0.19017326644924215","0.19017326644924215"
"58147","0.19017326644924215","0.19017326644924215","0.19017326644924215"
"58167","0.19017326644924215","0.19017326644924215","0.19017326644924215"
"58175","0.19017326644924215","0.19017326644924215","0.19017326644924215"
"58179","0.19017326644924215","0.19017326644924215","0.19017326644924215"
"58183","0.19077326643408488","0.19077326643408488","0.19077326643408488"
"58186","0.1913732664189276","0.1913732664189276","0.1913732664189276"
"58196","0.1921277399387269","0.1921277399387269","0.1921277399387269"
"58206","0.1921277399387269","0.1921277399387269","0.1921277399387269"
"58209","0.1921277399387269","0.1921277399387269","0.1921277399387269"
"58211","0.1921277399387269","0.1921277399387269","0.1921277399387269"
"58226","0.1921277399387269","0.1921277399387269","0.1921277399387269"
"58229","0.1921277399387269","0.1921277399387269","0.1921277399387269"
"58236","0.1921277399387269","0.1921277399387269","0.1921277399387269"
"58241","0.1921277399387269","0.1921277399387269","0.1921277399387269"
"58249","0.1921277399387269","0.1921277399387269","0.1921277399387269"
"58256","0.1921277399387269","0.1921277399387269","0.1921277399387269"
"58261","0.1921277399387269","0.1921277399387269","0.1921277399387269"
"58264","0.1921277399387269","0.1921277399387269","0.1921277399387269"
"58271","0.1921277399387269","0.1921277399387269","0.1921277399387269"
"58288","0.1921277399387269","0.1921277399387269","0.1921277399387269"
"58289","0.1921277399387269","0.1921277399387269","0.1921277399387269"
"58298","0.1913246149532747","0.1913246149532747","0.1913246149532747"
"58302","0.19112395512689753","0.19112395512689753","0.19112395512689753"
"58308","0.19112395512689753","0.19112395512689753","0.19112395512689753"
"58309","0.19112395512689753","0.19112395512689753","0.19112395512689753"
"58317","0.19112395512689753","0.19112395512689753","0.19112395512689753"
"58321","0.19112395512689753","0.19112395512689753","0.19112395512689753"
"58336","0.19112395512689753","0.19112395512689753","0.19112395512689753"
"58340","0.19112395512689753","0.19112395512689753","0.19112395512689753"
"58345","0.19112395512689753","0.19112395512689753","0.19112395512689753"
"58360","0.19112395512689753","0.19112395512689753","0.19112395512689753"
"58367","0.19112395512689753","0.19112395512689753","0.19112395512689753"
"58370","0.19112395512689753","0.19112395512689753","0.19112395512689753"
"58373","0.19112395512689753","0.19112395512689753","0.19112395512689753"
"58377","0.19112395512689753","0.19112395512689753","0.19112395512689753"
"58382","0.19112395512689753","0.19112395512689753","0.19112395512689753"
"58388","0.19112395512689753","0.19112395512689753","0.19112395512689753"
"58400","0.19112395512689753","0.19112395512689753","0.19112395512689753"
"58401","0.1912239445188836","0.1912239445188836","0.1912239445188836"
"58402","0.19132457616912327","0.19132457616912327","0.19132457616912327"
"58406","0.19166355734199794","0.19166355734199794","0.19166355734199794"
"58407","0.19182624934949657","0.19182624934949657","0.19182624934949657"
"58411","0.19212794607476347","0.19212794607476347","0.19212794607476347"
"58422","0.19212794607476347","0.19212794607476347","0.19212794607476347"
"58423","0.19212794607476347","0.19212794607476347","0.19212794607476347"
"58430","0.19212794607476347","0.19212794607476347","0.19212794607476347"
"58434","0.19212794607476347","0.19212794607476347","0.19212794607476347"
"58444","0.19212794607476347","0.19212794607476347","0.19212794607476347"
"58445","0.19212794607476347","0.19212794607476347","0.19212794607476347"
"58454","0.19212794607476347","0.19212794607476347","0.19212794607476347"
"58455","0.19212794607476347","0.19212794607476347","0.19212794607476347"
"58465","0.19212794607476347","0.19212794607476347","0.19212794607476347"
"58466","0.19212794607476347","0.19212794607476347","0.19212794607476347"
"58472","0.19212794607476347","0.19212794607476347","0.19212794607476347"
"58473","0.19212794607476347","0.19212794607476347","0.19212794607476347"
"58474","0.19212794607476347","0.19212794607476347","0.19212794607476347"
"58481","0.19212794607476347","0.19212794607476347","0.19212794607476347"
"58486","0.19212794607476347","0.19212794607476347","0.19212794607476347"
"58491","0.19212794607476347","0.19212794607476347","0.19212794607476347"
"58494","0.19212794607476347","0.19212794607476347","0.19212794607476347"
"58498","0.19212794607476347","0.19212794607476347","0.19212794607476347"
"58508","0.19212794607476347","0.19212794607476347","0.19212794607476347"
"58511","0.19222855182905632","0.19222855182905632","0.19222855182905632"
"58515","0.19263018780070715","0.19263018780070715","0.19263018780070715"
"58521","0.193132567260054","0.193132567260054","0.193132567260054"
"58522","0.193132567260054","0.193132567260054","0.193132567260054"
"58528","0.193132567260054","0.193132567260054","0.193132567260054"
"58533","0.193132567260054","0.193132567260054","0.193132567260054"
"58536","0.193132567260054","0.193132567260054","0.193132567260054"
"58546","0.193132567260054","0.193132567260054","0.193132567260054"
"58549","0.193132567260054","0.193132567260054","0.193132567260054"
"58550","0.193132567260054","0.193132567260054","0.193132567260054"
"58551","0.193132567260054","0.193132567260054","0.193132567260054"
"58566","0.193132567260054","0.193132567260054","0.193132567260054"
"58568","0.193132567260054","0.193132567260054","0.193132567260054"
"58571","0.193132567260054","0.193132567260054","0.193132567260054"
"58584","0.193132567260054","0.193132567260054","0.193132567260054"
"58590","0.193132567260054","0.193132567260054","0.193132567260054"
"58592","0.193132567260054","0.193132567260054","0.193132567260054"
"58607","0.193132567260054","0.193132567260054","0.193132567260054"
"58613","0.193132567260054","0.193132567260054","0.193132567260054"
"58615","0.193132567260054","0.193132567260054","0.193132567260054"
"58624","0.19353440344418613","0.19353440344418613","0.19353440344418613"
"58636","0.19413633442894587","0.19413633442894587","0.19413633442894587"
"58637","0.19413633442894587","0.19413633442894587","0.19413633442894587"
"58654","0.19413633442894587","0.19413633442894587","0.19413633442894587"
"58660","0.19413633442894587","0.19413633442894587","0.19413633442894587"
"58666","0.19413633442894587","0.19413633442894587","0.19413633442894587"
"58674","0.19413633442894587","0.19413633442894587","0.19413633442894587"
"58676","0.19413633442894587","0.19413633442894587","0.19413633442894587"
"58677","0.19413633442894587","0.19413633442894587","0.19413633442894587"
"58678","0.19413633442894587","0.19413633442894587","0.19413633442894587"
"58679","0.19413633442894587","0.19413633442894587","0.19413633442894587"
"58701","0.19413633442894587","0.19413633442894587","0.19413633442894587"
"58704","0.19413633442894587","0.19413633442894587","0.19413633442894587"
"58718","0.19413633442894587","0.19413633442894587","0.19413633442894587"
"58733","0.19443776236443078","0.19443776236443078","0.19443776236443078"
"58734","0.19453848363962833","0.19453848363962833","0.19453848363962833"
"58742","0.1951399579331529","0.1951399579331529","0.1951399579331529"
"58749","0.1951399579331529","0.1951399579331529","0.1951399579331529"
"58750","0.1951399579331529","0.1951399579331529","0.1951399579331529"
"58751","0.1951399579331529","0.1951399579331529","0.1951399579331529"
"58754","0.1951399579331529","0.1951399579331529","0.1951399579331529"
"58763","0.1951399579331529","0.1951399579331529","0.1951399579331529"
"58766","0.1951399579331529","0.1951399579331529","0.1951399579331529"
"58770","0.1951399579331529","0.1951399579331529","0.1951399579331529"
"58775","0.1951399579331529","0.1951399579331529","0.1951399579331529"
"58781","0.1951399579331529","0.1951399579331529","0.1951399579331529"
"58787","0.1951399579331529","0.1951399579331529","0.1951399579331529"
"58789","0.1951399579331529","0.1951399579331529","0.1951399579331529"
"58791","0.1951399579331529","0.1951399579331529","0.1951399579331529"
"58795","0.1951399579331529","0.1951399579331529","0.1951399579331529"
"58803","0.1951399579331529","0.1951399579331529","0.1951399579331529"
"58805","0.1951399579331529","0.1951399579331529","0.1951399579331529"
"58806","0.1951399579331529","0.1951399579331529","0.1951399579331529"
"58816","0.1951399579331529","0.1951399579331529","0.1951399579331529"
"58827","0.1951399579331529","0.1951399579331529","0.1951399579331529"
"58829","0.1951399579331529","0.1951399579331529","0.1951399579331529"
"58845","0.1956417076988589","0.1956417076988589","0.1956417076988589"
"58851","0.19614361406016356","0.19614361406016356","0.19614361406016356"
"58857","0.19614361406016356","0.19614361406016356","0.19614361406016356"
"58862","0.19614361406016356","0.19614361406016356","0.19614361406016356"
"58863","0.19614361406016356","0.19614361406016356","0.19614361406016356"
"58865","0.19614361406016356","0.19614361406016356","0.19614361406016356"
"58870","0.19614361406016356","0.19614361406016356","0.19614361406016356"
"58871","0.19614361406016356","0.19614361406016356","0.19614361406016356"
"58872","0.19614361406016356","0.19614361406016356","0.19614361406016356"
"58875","0.19614361406016356","0.19614361406016356","0.19614361406016356"
"58884","0.19614361406016356","0.19614361406016356","0.19614361406016356"
"58887","0.19614361406016356","0.19614361406016356","0.19614361406016356"
"58899","0.19614361406016356","0.19614361406016356","0.19614361406016356"
"58903","0.19614361406016356","0.19614361406016356","0.19614361406016356"
"58906","0.19614361406016356","0.19614361406016356","0.19614361406016356"
"58914","0.19614361406016356","0.19614361406016356","0.19614361406016356"
"58922","0.19614361406016356","0.19614361406016356","0.19614361406016356"
"58923","0.19614361406016356","0.19614361406016356","0.19614361406016356"
"58924","0.19614361406016356","0.19614361406016356","0.19614361406016356"
"58925","0.19614361406016356","0.19614361406016356","0.19614361406016356"
"58935","0.19614361406016356","0.19614361406016356","0.19614361406016356"
"58937","0.19614361406016356","0.19614361406016356","0.19614361406016356"
"58957","0.1953414233300936","0.1953414233300936","0.1953414233300936"
"58966","0.19513937508987683","0.19513937508987683","0.19513937508987683"
"58976","0.19513937508987683","0.19513937508987683","0.19513937508987683"
"58984","0.19513937508987683","0.19513937508987683","0.19513937508987683"
"58985","0.19513937508987683","0.19513937508987683","0.19513937508987683"
"58988","0.19513937508987683","0.19513937508987683","0.19513937508987683"
"58994","0.19513937508987683","0.19513937508987683","0.19513937508987683"
"59002","0.19513937508987683","0.19513937508987683","0.19513937508987683"
"59006","0.19513937508987683","0.19513937508987683","0.19513937508987683"
"59007","0.19513937508987683","0.19513937508987683","0.19513937508987683"
"59008","0.19513937508987683","0.19513937508987683","0.19513937508987683"
"59010","0.19513937508987683","0.19513937508987683","0.19513937508987683"
"59011","0.19513937508987683","0.19513937508987683","0.19513937508987683"
"59013","0.19513937508987683","0.19513937508987683","0.19513937508987683"
"59015","0.19513937508987683","0.19513937508987683","0.19513937508987683"
"59019","0.19513937508987683","0.19513937508987683","0.19513937508987683"
"59020","0.19513937508987683","0.19513937508987683","0.19513937508987683"
"59027","0.19513937508987683","0.19513937508987683","0.19513937508987683"
"59039","0.19513937508987683","0.19513937508987683","0.19513937508987683"
"59045","0.19513937508987683","0.19513937508987683","0.19513937508987683"
"59046","0.19513937508987683","0.19513937508987683","0.19513937508987683"
"59061","0.19523961312474536","0.19523961312474536","0.19523961312474536"
"59076","0.1961446255093207","0.1961446255093207","0.1961446255093207"
"59079","0.1961446255093207","0.1961446255093207","0.1961446255093207"
"59081","0.1961446255093207","0.1961446255093207","0.1961446255093207"
"59084","0.1961446255093207","0.1961446255093207","0.1961446255093207"
"59087","0.1961446255093207","0.1961446255093207","0.1961446255093207"
"59117","0.1961446255093207","0.1961446255093207","0.1961446255093207"
"59120","0.1961446255093207","0.1961446255093207","0.1961446255093207"
"59132","0.1961446255093207","0.1961446255093207","0.1961446255093207"
"59137","0.1961446255093207","0.1961446255093207","0.1961446255093207"
"59146","0.1961446255093207","0.1961446255093207","0.1961446255093207"
"59151","0.1961446255093207","0.1961446255093207","0.1961446255093207"
"59162","0.1961446255093207","0.1961446255093207","0.1961446255093207"
"59163","0.1961446255093207","0.1961446255093207","0.1961446255093207"
"59167","0.1961446255093207","0.1961446255093207","0.1961446255093207"
"59169","0.1961446255093207","0.1961446255093207","0.1961446255093207"
"59173","0.195544625524478","0.195544625524478","0.195544625524478"
"59176","0.19494462553963526","0.19494462553963526","0.19494462553963526"
"59195","0.19414462555984496","0.19414462555984496","0.19414462555984496"
"59214","0.19414462555984496","0.19414462555984496","0.19414462555984496"
"59217","0.19414462555984496","0.19414462555984496","0.19414462555984496"
"59226","0.19414462555984496","0.19414462555984496","0.19414462555984496"
"59228","0.19414462555984496","0.19414462555984496","0.19414462555984496"
"59233","0.19414462555984496","0.19414462555984496","0.19414462555984496"
"59235","0.19414462555984496","0.19414462555984496","0.19414462555984496"
"59241","0.19414462555984496","0.19414462555984496","0.19414462555984496"
"59243","0.19414462555984496","0.19414462555984496","0.19414462555984496"
"59249","0.19414462555984496","0.19414462555984496","0.19414462555984496"
"59251","0.19414462555984496","0.19414462555984496","0.19414462555984496"
"59271","0.19414462555984496","0.19414462555984496","0.19414462555984496"
"59277","0.19414462555984496","0.19414462555984496","0.19414462555984496"
"59280","0.19414462555984496","0.19414462555984496","0.19414462555984496"
"59289","0.19423890420344947","0.19423890420344947","0.19423890420344947"
"59299","0.19413832471417575","0.19413832471417575","0.19413832471417575"
"59306","0.19413832471417575","0.19413832471417575","0.19413832471417575"
"59307","0.19413832471417575","0.19413832471417575","0.19413832471417575"
"59313","0.19413832471417575","0.19413832471417575","0.19413832471417575"
"59317","0.19413832471417575","0.19413832471417575","0.19413832471417575"
"59326","0.19413832471417575","0.19413832471417575","0.19413832471417575"
"59339","0.19413832471417575","0.19413832471417575","0.19413832471417575"
"59348","0.19413832471417575","0.19413832471417575","0.19413832471417575"
"59350","0.19413832471417575","0.19413832471417575","0.19413832471417575"
"59352","0.19413832471417575","0.19413832471417575","0.19413832471417575"
"59358","0.19413832471417575","0.19413832471417575","0.19413832471417575"
"59363","0.19413832471417575","0.19413832471417575","0.19413832471417575"
"59364","0.19413832471417575","0.19413832471417575","0.19413832471417575"
"59372","0.19413832471417575","0.19413832471417575","0.19413832471417575"
"59373","0.19413832471417575","0.19413832471417575","0.19413832471417575"
"59386","0.19413832471417575","0.19413832471417575","0.19413832471417575"
"59391","0.19423840415839352","0.19423840415839352","0.19423840415839352"
"59396","0.19474057267334785","0.19474057267334785","0.19474057267334785"
"59397","0.19484108834171332","0.19484108834171332","0.19484108834171332"
"59404","0.19514224299875593","0.19514224299875593","0.19514224299875593"
"59406","0.19514224299875593","0.19514224299875593","0.19514224299875593"
"59407","0.19514224299875593","0.19514224299875593","0.19514224299875593"
"59412","0.19514224299875593","0.19514224299875593","0.19514224299875593"
"59415","0.19514224299875593","0.19514224299875593","0.19514224299875593"
"59421","0.19514224299875593","0.19514224299875593","0.19514224299875593"
"59423","0.19514224299875593","0.19514224299875593","0.19514224299875593"
"59425","0.19514224299875593","0.19514224299875593","0.19514224299875593"
"59449","0.19514224299875593","0.19514224299875593","0.19514224299875593"
"59450","0.19514224299875593","0.19514224299875593","0.19514224299875593"
"59453","0.19514224299875593","0.19514224299875593","0.19514224299875593"
"59461","0.19514224299875593","0.19514224299875593","0.19514224299875593"
"59471","0.19514224299875593","0.19514224299875593","0.19514224299875593"
"59479","0.19514224299875593","0.19514224299875593","0.19514224299875593"
"59487","0.19514224299875593","0.19514224299875593","0.19514224299875593"
"59492","0.19514224299875593","0.19514224299875593","0.19514224299875593"
"59495","0.19514224299875593","0.19514224299875593","0.19514224299875593"
"59497","0.19514224299875593","0.19514224299875593","0.19514224299875593"
"59508","0.19594560420846055","0.19594560420846055","0.19594560420846055"
"59511","0.19614661922230717","0.19614661922230717","0.19614661922230717"
"59526","0.19614661922230717","0.19614661922230717","0.19614661922230717"
"59534","0.19614661922230717","0.19614661922230717","0.19614661922230717"
"59543","0.19614661922230717","0.19614661922230717","0.19614661922230717"
"59547","0.19614661922230717","0.19614661922230717","0.19614661922230717"
"59558","0.19614661922230717","0.19614661922230717","0.19614661922230717"
"59566","0.19614661922230717","0.19614661922230717","0.19614661922230717"
"59576","0.19614661922230717","0.19614661922230717","0.19614661922230717"
"59577","0.19614661922230717","0.19614661922230717","0.19614661922230717"
"59579","0.19614661922230717","0.19614661922230717","0.19614661922230717"
"59581","0.19614661922230717","0.19614661922230717","0.19614661922230717"
"59588","0.19614661922230717","0.19614661922230717","0.19614661922230717"
"59590","0.19614661922230717","0.19614661922230717","0.19614661922230717"
"59594","0.19614661922230717","0.19614661922230717","0.19614661922230717"
"59595","0.19614661922230717","0.19614661922230717","0.19614661922230717"
"59596","0.19614661922230717","0.19614661922230717","0.19614661922230717"
"59597","0.19614661922230717","0.19614661922230717","0.19614661922230717"
"59599","0.19614661922230717","0.19614661922230717","0.19614661922230717"
"59601","0.19614661922230717","0.19614661922230717","0.19614661922230717"
"59602","0.19614661922230717","0.19614661922230717","0.19614661922230717"
"59606","0.19614661922230717","0.19614661922230717","0.19614661922230717"
"59609","0.19614661922230717","0.19614661922230717","0.19614661922230717"
"59611","0.1959466192273596","0.1959466192273596","0.1959466192273596"
"59613","0.19554661923746444","0.19554661923746444","0.19554661923746444"
"59614","0.19534661924251687","0.19534661924251687","0.19534661924251687"
"59620","0.19414661927283142","0.19414661927283142","0.19414661927283142"
"59636","0.19414661927283142","0.19414661927283142","0.19414661927283142"
"59637","0.19414661927283142","0.19414661927283142","0.19414661927283142"
"59638","0.19414661927283142","0.19414661927283142","0.19414661927283142"
"59656","0.19414661927283142","0.19414661927283142","0.19414661927283142"
"59664","0.19414661927283142","0.19414661927283142","0.19414661927283142"
"59667","0.19414661927283142","0.19414661927283142","0.19414661927283142"
"59668","0.19414661927283142","0.19414661927283142","0.19414661927283142"
"59673","0.19414661927283142","0.19414661927283142","0.19414661927283142"
"59676","0.19414661927283142","0.19414661927283142","0.19414661927283142"
"59682","0.19414661927283142","0.19414661927283142","0.19414661927283142"
"59691","0.19414661927283142","0.19414661927283142","0.19414661927283142"
"59695","0.19414661927283142","0.19414661927283142","0.19414661927283142"
"59701","0.19414661927283142","0.19414661927283142","0.19414661927283142"
"59702","0.19414661927283142","0.19414661927283142","0.19414661927283142"
"59706","0.19414661927283142","0.19414661927283142","0.19414661927283142"
"59707","0.19414661927283142","0.19414661927283142","0.19414661927283142"
"59709","0.19414661927283142","0.19414661927283142","0.19414661927283142"
"59712","0.19414661927283142","0.19414661927283142","0.19414661927283142"
"59714","0.19414661927283142","0.19414661927283142","0.19414661927283142"
"59715","0.19414661927283142","0.19414661927283142","0.19414661927283142"
"59720","0.19414661927283142","0.19414661927283142","0.19414661927283142"
"59730","0.19214661932335567","0.19214661932335567","0.19214661932335567"
"59747","0.19214661932335567","0.19214661932335567","0.19214661932335567"
"59753","0.19214661932335567","0.19214661932335567","0.19214661932335567"
"59755","0.19214661932335567","0.19214661932335567","0.19214661932335567"
"59767","0.19214661932335567","0.19214661932335567","0.19214661932335567"
"59772","0.19214661932335567","0.19214661932335567","0.19214661932335567"
"59785","0.19214661932335567","0.19214661932335567","0.19214661932335567"
"59800","0.19214661932335567","0.19214661932335567","0.19214661932335567"
"59802","0.19214661932335567","0.19214661932335567","0.19214661932335567"
"59805","0.19214661932335567","0.19214661932335567","0.19214661932335567"
"59816","0.19214661932335567","0.19214661932335567","0.19214661932335567"
"59824","0.19214661932335567","0.19214661932335567","0.19214661932335567"
"59827","0.19214661932335567","0.19214661932335567","0.19214661932335567"
"59841","0.19414661927283142","0.19414661927283142","0.19414661927283142"
"59842","0.19414661927283142","0.19414661927283142","0.19414661927283142"
"59861","0.19414661927283142","0.19414661927283142","0.19414661927283142"
"59872","0.19414661927283142","0.19414661927283142","0.19414661927283142"
"59874","0.19414661927283142","0.19414661927283142","0.19414661927283142"
"59886","0.19414661927283142","0.19414661927283142","0.19414661927283142"
"59887","0.19414661927283142","0.19414661927283142","0.19414661927283142"
"59889","0.19414661927283142","0.19414661927283142","0.19414661927283142"
"59906","0.19414661927283142","0.19414661927283142","0.19414661927283142"
"59918","0.19414661927283142","0.19414661927283142","0.19414661927283142"
"59921","0.19414661927283142","0.19414661927283142","0.19414661927283142"
"59934","0.19414661927283142","0.19414661927283142","0.19414661927283142"
"59938","0.19414661927283142","0.19414661927283142","0.19414661927283142"
"59947","0.19554661923746444","0.19554661923746444","0.19554661923746444"
"59955","0.19614661922230717","0.19614661922230717","0.19614661922230717"
"59965","0.19614661922230717","0.19614661922230717","0.19614661922230717"
"59966","0.19614661922230717","0.19614661922230717","0.19614661922230717"
"59968","0.19614661922230717","0.19614661922230717","0.19614661922230717"
"59977","0.19614661922230717","0.19614661922230717","0.19614661922230717"
"59982","0.19614661922230717","0.19614661922230717","0.19614661922230717"
"59989","0.19614661922230717","0.19614661922230717","0.19614661922230717"
"59996","0.19614661922230717","0.19614661922230717","0.19614661922230717"
"59998","0.19614661922230717","0.19614661922230717","0.19614661922230717"
"60003","0.19614661922230717","0.19614661922230717","0.19614661922230717"
"60030","0.19614661922230717","0.19614661922230717","0.19614661922230717"
"60038","0.19614661922230717","0.19614661922230717","0.19614661922230717"
"60041","0.19614661922230717","0.19614661922230717","0.19614661922230717"
"60042","0.19614661922230717","0.19614661922230717","0.19614661922230717"
"60043","0.19614661922230717","0.19614661922230717","0.19614661922230717"
"60050","0.19614661922230717","0.19614661922230717","0.19614661922230717"
"60072","0.1971530976968668","0.1971530976968668","0.1971530976968668"
"60095","0.1971530976968668","0.1971530976968668","0.1971530976968668"
"60100","0.1971530976968668","0.1971530976968668","0.1971530976968668"
"60101","0.1971530976968668","0.1971530976968668","0.1971530976968668"
"60102","0.1971530976968668","0.1971530976968668","0.1971530976968668"
"60109","0.1971530976968668","0.1971530976968668","0.1971530976968668"
"60111","0.1971530976968668","0.1971530976968668","0.1971530976968668"
"60131","0.1971530976968668","0.1971530976968668","0.1971530976968668"
"60135","0.1971530976968668","0.1971530976968668","0.1971530976968668"
"60136","0.1971530976968668","0.1971530976968668","0.1971530976968668"
"60141","0.1971530976968668","0.1971530976968668","0.1971530976968668"
"60143","0.1971530976968668","0.1971530976968668","0.1971530976968668"
"60145","0.1971530976968668","0.1971530976968668","0.1971530976968668"
"60166","0.19775532456948772","0.19775532456948772","0.19775532456948772"
"60174","0.19815674950046824","0.19815674950046824","0.19815674950046824"
"60182","0.19815674950046824","0.19815674950046824","0.19815674950046824"
"60191","0.19815674950046824","0.19815674950046824","0.19815674950046824"
"60196","0.19815674950046824","0.19815674950046824","0.19815674950046824"
"60197","0.19815674950046824","0.19815674950046824","0.19815674950046824"
"60203","0.19815674950046824","0.19815674950046824","0.19815674950046824"
"60211","0.19815674950046824","0.19815674950046824","0.19815674950046824"
"60212","0.19815674950046824","0.19815674950046824","0.19815674950046824"
"60218","0.19815674950046824","0.19815674950046824","0.19815674950046824"
"60219","0.19815674950046824","0.19815674950046824","0.19815674950046824"
"60252","0.19815674950046824","0.19815674950046824","0.19815674950046824"
"60253","0.19815674950046824","0.19815674950046824","0.19815674950046824"
"60255","0.19815674950046824","0.19815674950046824","0.19815674950046824"
"60256","0.19815674950046824","0.19815674950046824","0.19815674950046824"
"60272","0.19835731958447136","0.19835731958447136","0.19835731958447136"
"60275","0.1986582909654302","0.1986582909654302","0.1986582909654302"
"60285","0.1991599482080687","0.1991599482080687","0.1991599482080687"
"60287","0.1991599482080687","0.1991599482080687","0.1991599482080687"
"60294","0.1991599482080687","0.1991599482080687","0.1991599482080687"
"60295","0.1991599482080687","0.1991599482080687","0.1991599482080687"
"60297","0.1991599482080687","0.1991599482080687","0.1991599482080687"
"60299","0.1991599482080687","0.1991599482080687","0.1991599482080687"
"60300","0.1991599482080687","0.1991599482080687","0.1991599482080687"
"60303","0.1991599482080687","0.1991599482080687","0.1991599482080687"
"60308","0.1991599482080687","0.1991599482080687","0.1991599482080687"
"60309","0.1991599482080687","0.1991599482080687","0.1991599482080687"
"60311","0.1991599482080687","0.1991599482080687","0.1991599482080687"
"60313","0.1991599482080687","0.1991599482080687","0.1991599482080687"
"60314","0.1991599482080687","0.1991599482080687","0.1991599482080687"
"60316","0.1991599482080687","0.1991599482080687","0.1991599482080687"
"60321","0.1991599482080687","0.1991599482080687","0.1991599482080687"
"60326","0.1991599482080687","0.1991599482080687","0.1991599482080687"
"60342","0.1991599482080687","0.1991599482080687","0.1991599482080687"
"60347","0.1991599482080687","0.1991599482080687","0.1991599482080687"
"60349","0.1991599482080687","0.1991599482080687","0.1991599482080687"
"60351","0.1991599482080687","0.1991599482080687","0.1991599482080687"
"60353","0.1991599482080687","0.1991599482080687","0.1991599482080687"
"60356","0.1991599482080687","0.1991599482080687","0.1991599482080687"
"60363","0.1991599482080687","0.1991599482080687","0.1991599482080687"
"60375","0.1991599482080687","0.1991599482080687","0.1991599482080687"
"60377","0.1991599482080687","0.1991599482080687","0.1991599482080687"
"60379","0.1991599482080687","0.1991599482080687","0.1991599482080687"
"60395","0.19715994825859295","0.19715994825859295","0.19715994825859295"
"60398","0.19715994825859295","0.19715994825859295","0.19715994825859295"
"60404","0.19715994825859295","0.19715994825859295","0.19715994825859295"
"60412","0.19715994825859295","0.19715994825859295","0.19715994825859295"
"60416","0.19715994825859295","0.19715994825859295","0.19715994825859295"
"60429","0.19715994825859295","0.19715994825859295","0.19715994825859295"
"60436","0.19715994825859295","0.19715994825859295","0.19715994825859295"
"60438","0.19715994825859295","0.19715994825859295","0.19715994825859295"
"60447","0.19715994825859295","0.19715994825859295","0.19715994825859295"
"60449","0.19715994825859295","0.19715994825859295","0.19715994825859295"
"60454","0.19715994825859295","0.19715994825859295","0.19715994825859295"
"60456","0.19715994825859295","0.19715994825859295","0.19715994825859295"
"60462","0.19715994825859295","0.19715994825859295","0.19715994825859295"
"60465","0.19715994825859295","0.19715994825859295","0.19715994825859295"
"60466","0.19715994825859295","0.19715994825859295","0.19715994825859295"
"60475","0.19715994825859295","0.19715994825859295","0.19715994825859295"
"60482","0.19715994825859295","0.19715994825859295","0.19715994825859295"
"60486","0.19715994825859295","0.19715994825859295","0.19715994825859295"
"60496","0.1959599482889075","0.1959599482889075","0.1959599482889075"
"60500","0.1951599483091172","0.1951599483091172","0.1951599483091172"
"60501","0.1951599483091172","0.1951599483091172","0.1951599483091172"
"60515","0.1951599483091172","0.1951599483091172","0.1951599483091172"
"60525","0.1951599483091172","0.1951599483091172","0.1951599483091172"
"60526","0.1951599483091172","0.1951599483091172","0.1951599483091172"
"60528","0.1951599483091172","0.1951599483091172","0.1951599483091172"
"60534","0.1951599483091172","0.1951599483091172","0.1951599483091172"
"60537","0.1951599483091172","0.1951599483091172","0.1951599483091172"
"60542","0.1951599483091172","0.1951599483091172","0.1951599483091172"
"60543","0.1951599483091172","0.1951599483091172","0.1951599483091172"
"60544","0.1951599483091172","0.1951599483091172","0.1951599483091172"
"60550","0.1951599483091172","0.1951599483091172","0.1951599483091172"
"60551","0.1951599483091172","0.1951599483091172","0.1951599483091172"
"60575","0.1951599483091172","0.1951599483091172","0.1951599483091172"
"60577","0.1951599483091172","0.1951599483091172","0.1951599483091172"
"60584","0.1951599483091172","0.1951599483091172","0.1951599483091172"
"60588","0.1951599483091172","0.1951599483091172","0.1951599483091172"
"60590","0.1951599483091172","0.1951599483091172","0.1951599483091172"
"60603","0.19455994832427448","0.19455994832427448","0.19455994832427448"
"60622","0.19315994835964145","0.19315994835964145","0.19315994835964145"
"60624","0.19315994835964145","0.19315994835964145","0.19315994835964145"
"60626","0.19315994835964145","0.19315994835964145","0.19315994835964145"
"60630","0.19315994835964145","0.19315994835964145","0.19315994835964145"
"60640","0.19315994835964145","0.19315994835964145","0.19315994835964145"
"60643","0.19315994835964145","0.19315994835964145","0.19315994835964145"
"60650","0.19315994835964145","0.19315994835964145","0.19315994835964145"
"60651","0.19315994835964145","0.19315994835964145","0.19315994835964145"
"60652","0.19315994835964145","0.19315994835964145","0.19315994835964145"
"60656","0.19315994835964145","0.19315994835964145","0.19315994835964145"
"60664","0.19315994835964145","0.19315994835964145","0.19315994835964145"
"60669","0.19315994835964145","0.19315994835964145","0.19315994835964145"
"60673","0.19315994835964145","0.19315994835964145","0.19315994835964145"
"60674","0.19315994835964145","0.19315994835964145","0.19315994835964145"
"60675","0.19315994835964145","0.19315994835964145","0.19315994835964145"
"60679","0.19315994835964145","0.19315994835964145","0.19315994835964145"
"60680","0.19315994835964145","0.19315994835964145","0.19315994835964145"
"60683","0.19315994835964145","0.19315994835964145","0.19315994835964145"
"60694","0.19315994835964145","0.19315994835964145","0.19315994835964145"
"60698","0.19315994835964145","0.19315994835964145","0.19315994835964145"
"60704","0.19315994835964145","0.19315994835964145","0.19315994835964145"
"60707","0.19315994835964145","0.19315994835964145","0.19315994835964145"
"60711","0.1929866753580768","0.1929866753580768","0.1929866753580768"
"60712","0.19294897349212758","0.19294897349212758","0.19294897349212758"
"60718","0.19186589491622497","0.19186589491622497","0.19186589491622497"
"60720","0.19183566436007593","0.19183566436007593","0.19183566436007593"
"60735","0.19183566436007593","0.19183566436007593","0.19183566436007593"
"60743","0.19183566436007593","0.19183566436007593","0.19183566436007593"
"60759","0.19183566436007593","0.19183566436007593","0.19183566436007593"
"60764","0.19183566436007593","0.19183566436007593","0.19183566436007593"
"60766","0.19183566436007593","0.19183566436007593","0.19183566436007593"
"60772","0.19183566436007593","0.19183566436007593","0.19183566436007593"
"60776","0.19183566436007593","0.19183566436007593","0.19183566436007593"
"60778","0.19183566436007593","0.19183566436007593","0.19183566436007593"
"60780","0.19183566436007593","0.19183566436007593","0.19183566436007593"
"60785","0.19183566436007593","0.19183566436007593","0.19183566436007593"
"60797","0.19183566436007593","0.19183566436007593","0.19183566436007593"
"60798","0.19183566436007593","0.19183566436007593","0.19183566436007593"
"60806","0.19183566436007593","0.19183566436007593","0.19183566436007593"
"60808","0.19183566436007593","0.19183566436007593","0.19183566436007593"
"60813","0.19183566436007593","0.19183566436007593","0.19183566436007593"
"60856","0.19383566430955168","0.19383566430955168","0.19383566430955168"
"60860","0.19383566430955168","0.19383566430955168","0.19383566430955168"
"60865","0.19383566430955168","0.19383566430955168","0.19383566430955168"
"60868","0.19383566430955168","0.19383566430955168","0.19383566430955168"
"60870","0.19383566430955168","0.19383566430955168","0.19383566430955168"
"60871","0.19383566430955168","0.19383566430955168","0.19383566430955168"
"60879","0.19383566430955168","0.19383566430955168","0.19383566430955168"
"60881","0.19383566430955168","0.19383566430955168","0.19383566430955168"
"60885","0.19383566430955168","0.19383566430955168","0.19383566430955168"
"60908","0.19383566430955168","0.19383566430955168","0.19383566430955168"
"60922","0.19383566430955168","0.19383566430955168","0.19383566430955168"
"60924","0.19383566430955168","0.19383566430955168","0.19383566430955168"
"60928","0.19383566430955168","0.19383566430955168","0.19383566430955168"
"60941","0.19583566425902743","0.19583566425902743","0.19583566425902743"
"60942","0.19583566425902743","0.19583566425902743","0.19583566425902743"
"60946","0.19583566425902743","0.19583566425902743","0.19583566425902743"
"60947","0.19583566425902743","0.19583566425902743","0.19583566425902743"
"60962","0.19583566425902743","0.19583566425902743","0.19583566425902743"
"60963","0.19583566425902743","0.19583566425902743","0.19583566425902743"
"60966","0.19583566425902743","0.19583566425902743","0.19583566425902743"
"60981","0.19583566425902743","0.19583566425902743","0.19583566425902743"
"60988","0.19583566425902743","0.19583566425902743","0.19583566425902743"
"60989","0.19583566425902743","0.19583566425902743","0.19583566425902743"
"60993","0.19583566425902743","0.19583566425902743","0.19583566425902743"
"60994","0.19583566425902743","0.19583566425902743","0.19583566425902743"
"61005","0.19583566425902743","0.19583566425902743","0.19583566425902743"
"61012","0.19583566425902743","0.19583566425902743","0.19583566425902743"
"61016","0.19583566425902743","0.19583566425902743","0.19583566425902743"
"61017","0.19583566425902743","0.19583566425902743","0.19583566425902743"
"61018","0.19583566425902743","0.19583566425902743","0.19583566425902743"
"61023","0.19583566425902743","0.19583566425902743","0.19583566425902743"
"61035","0.19583566425902743","0.19583566425902743","0.19583566425902743"
"61038","0.19583566425902743","0.19583566425902743","0.19583566425902743"
"61046","0.19655743203165238","0.19655743203165238","0.19655743203165238"
"61058","0.1961562338030519","0.1961562338030519","0.1961562338030519"
"61059","0.1961562338030519","0.1961562338030519","0.1961562338030519"
"61061","0.1961562338030519","0.1961562338030519","0.1961562338030519"
"61077","0.1961562338030519","0.1961562338030519","0.1961562338030519"
"61078","0.1961562338030519","0.1961562338030519","0.1961562338030519"
"61081","0.1961562338030519","0.1961562338030519","0.1961562338030519"
"61083","0.1961562338030519","0.1961562338030519","0.1961562338030519"
"61086","0.1961562338030519","0.1961562338030519","0.1961562338030519"
"61089","0.1961562338030519","0.1961562338030519","0.1961562338030519"
"61090","0.1961562338030519","0.1961562338030519","0.1961562338030519"
"61098","0.1961562338030519","0.1961562338030519","0.1961562338030519"
"61108","0.1961562338030519","0.1961562338030519","0.1961562338030519"
"61122","0.1961562338030519","0.1961562338030519","0.1961562338030519"
"61126","0.1961562338030519","0.1961562338030519","0.1961562338030519"
"61129","0.1961562338030519","0.1961562338030519","0.1961562338030519"
"61133","0.1961562338030519","0.1961562338030519","0.1961562338030519"
"61156","0.19495623383336644","0.19495623383336644","0.19495623383336644"
"61162","0.19415623385357614","0.19415623385357614","0.19415623385357614"
"61163","0.19415623385357614","0.19415623385357614","0.19415623385357614"
"61166","0.19415623385357614","0.19415623385357614","0.19415623385357614"
"61171","0.19415623385357614","0.19415623385357614","0.19415623385357614"
"61191","0.19415623385357614","0.19415623385357614","0.19415623385357614"
"61199","0.19415623385357614","0.19415623385357614","0.19415623385357614"
"61208","0.19415623385357614","0.19415623385357614","0.19415623385357614"
"61209","0.19415623385357614","0.19415623385357614","0.19415623385357614"
"61212","0.19415623385357614","0.19415623385357614","0.19415623385357614"
"61213","0.19415623385357614","0.19415623385357614","0.19415623385357614"
"61217","0.19415623385357614","0.19415623385357614","0.19415623385357614"
"61238","0.19415623385357614","0.19415623385357614","0.19415623385357614"
"61241","0.19415623385357614","0.19415623385357614","0.19415623385357614"
"61244","0.19415623385357614","0.19415623385357614","0.19415623385357614"
"61254","0.19415623385357614","0.19415623385357614","0.19415623385357614"
"61255","0.19415623385357614","0.19415623385357614","0.19415623385357614"
"61256","0.19415623385357614","0.19415623385357614","0.19415623385357614"
"61257","0.19415623385357614","0.19415623385357614","0.19415623385357614"
"61258","0.19415623385357614","0.19415623385357614","0.19415623385357614"
"61271","0.1961562338030519","0.1961562338030519","0.1961562338030519"
"61272","0.1961562338030519","0.1961562338030519","0.1961562338030519"
"61288","0.1961562338030519","0.1961562338030519","0.1961562338030519"
"61305","0.1961562338030519","0.1961562338030519","0.1961562338030519"
"61308","0.1961562338030519","0.1961562338030519","0.1961562338030519"
"61315","0.1961562338030519","0.1961562338030519","0.1961562338030519"
"61323","0.1961562338030519","0.1961562338030519","0.1961562338030519"
"61325","0.1961562338030519","0.1961562338030519","0.1961562338030519"
"61331","0.1961562338030519","0.1961562338030519","0.1961562338030519"
"61348","0.1961562338030519","0.1961562338030519","0.1961562338030519"
"61351","0.1961562338030519","0.1961562338030519","0.1961562338030519"
"61364","0.1961562338030519","0.1961562338030519","0.1961562338030519"
"61388","0.19716241882195198","0.19716241882195198","0.19716241882195198"
"61390","0.19716241882195198","0.19716241882195198","0.19716241882195198"
"61392","0.19716241882195198","0.19716241882195198","0.19716241882195198"
"61399","0.19716241882195198","0.19716241882195198","0.19716241882195198"
"61404","0.19716241882195198","0.19716241882195198","0.19716241882195198"
"61405","0.19716241882195198","0.19716241882195198","0.19716241882195198"
"61420","0.19716241882195198","0.19716241882195198","0.19716241882195198"
"61431","0.19716241882195198","0.19716241882195198","0.19716241882195198"
"61440","0.19716241882195198","0.19716241882195198","0.19716241882195198"
"61441","0.19716241882195198","0.19716241882195198","0.19716241882195198"
"61443","0.19716241882195198","0.19716241882195198","0.19716241882195198"
"61459","0.19716241882195198","0.19716241882195198","0.19716241882195198"
"61462","0.19716241882195198","0.19716241882195198","0.19716241882195198"
"61478","0.19716241882195198","0.19716241882195198","0.19716241882195198"
"61482","0.19736369360641293","0.19736369360641293","0.19736369360641293"
"61488","0.19796524797618278","0.19796524797618278","0.19796524797618278"
"61489","0.19806584780570838","0.19806584780570838","0.19806584780570838"
"61501","0.19816615987731556","0.19816615987731556","0.19816615987731556"
"61516","0.19816615987731556","0.19816615987731556","0.19816615987731556"
"61525","0.19816615987731556","0.19816615987731556","0.19816615987731556"
"61536","0.19816615987731556","0.19816615987731556","0.19816615987731556"
"61548","0.19816615987731556","0.19816615987731556","0.19816615987731556"
"61555","0.19816615987731556","0.19816615987731556","0.19816615987731556"
"61560","0.19816615987731556","0.19816615987731556","0.19816615987731556"
"61564","0.19816615987731556","0.19816615987731556","0.19816615987731556"
"61580","0.19816615987731556","0.19816615987731556","0.19816615987731556"
"61585","0.19816615987731556","0.19816615987731556","0.19816615987731556"
"61590","0.19816615987731556","0.19816615987731556","0.19816615987731556"
"61604","0.19716296755454712","0.19716296755454712","0.19716296755454712"
"61608","0.19716296755454712","0.19716296755454712","0.19716296755454712"
"61620","0.19716296755454712","0.19716296755454712","0.19716296755454712"
"61624","0.19716296755454712","0.19716296755454712","0.19716296755454712"
"61629","0.19716296755454712","0.19716296755454712","0.19716296755454712"
"61635","0.19716296755454712","0.19716296755454712","0.19716296755454712"
"61651","0.19716296755454712","0.19716296755454712","0.19716296755454712"
"61662","0.19716296755454712","0.19716296755454712","0.19716296755454712"
"61676","0.19716296755454712","0.19716296755454712","0.19716296755454712"
"61682","0.19716296755454712","0.19716296755454712","0.19716296755454712"
"61690","0.19716296755454712","0.19716296755454712","0.19716296755454712"
"61694","0.19716296755454712","0.19716296755454712","0.19716296755454712"
"61700","0.19716296755454712","0.19716296755454712","0.19716296755454712"
"61701","0.19706260932066832","0.19706260932066832","0.19706260932066832"
"61705","0.1966609877459661","0.1966609877459661","0.1966609877459661"
"61706","0.1965608061457734","0.1965608061457734","0.1965608061457734"
"61710","0.19615914096031858","0.19615914096031858","0.19615914096031858"